{
	"format_version": "1.9.0",
	"texture_size": [128, 128],
	"textures": {
		"0": "item/mondeo_legende",
		"particle": "item/mondeo_legende"
	},
	"elements": [
		{
			"from": [1.5, 3.125, -7],
			"to": [14.5, 5.125, 25],
			"rotation": {"angle": 0, "axis": "y", "origin": [6.5, 3.125, 0]},
			"faces": {
				"north": {"uv": [0, 8.75, 1.625, 9], "texture": "#0"},
				"east": {"uv": [6.625, 6, 10.625, 6.25], "texture": "#0"},
				"south": {"uv": [1.625, 8.75, 3.25, 9], "texture": "#0"},
				"west": {"uv": [6.625, 6.25, 10.625, 6.5], "texture": "#0"},
				"up": {"uv": [1.625, 4, 0, 0], "texture": "#0"},
				"down": {"uv": [3.25, 0, 1.625, 4], "texture": "#0"}
			}
		},
		{
			"from": [1.25, 1.125, 0.0625],
			"to": [14.75, 3.875, 15.9375],
			"rotation": {"angle": 0, "axis": "y", "origin": [6.5, 3.125, 0]},
			"faces": {
				"north": {"uv": [8.125, 7.75, 9.8125, 8.125], "texture": "#0"},
				"east": {"uv": [0, 7.75, 2, 8.125], "texture": "#0"},
				"south": {"uv": [8.25, 1.5, 9.9375, 1.875], "texture": "#0"},
				"west": {"uv": [8.125, 7.375, 10.125, 7.75], "texture": "#0"},
				"up": {"uv": [6.5625, 6.5, 4.875, 4.5], "texture": "#0"},
				"down": {"uv": [8.1875, 0, 6.5, 2], "texture": "#0"}
			}
		},
		{
			"from": [1.75, 1.125, 20.875],
			"to": [14.25, 3.9375, 25.75],
			"rotation": {"angle": 0, "axis": "y", "origin": [6.5, 3.125, 23]},
			"faces": {
				"north": {"uv": [8.25, 5.25, 9.8125, 5.625], "texture": "#0"},
				"east": {"uv": [2, 7.75, 2.625, 8.125], "texture": "#0"},
				"south": {"uv": [8.25, 5.625, 9.8125, 6], "texture": "#0"},
				"west": {"uv": [6.125, 9.125, 6.75, 9.5], "texture": "#0"},
				"up": {"uv": [4.3125, 8.125, 2.75, 7.5], "texture": "#0"},
				"down": {"uv": [8.0625, 7.5, 6.5, 8.125], "texture": "#0"}
			}
		},
		{
			"from": [1.25, 1.125, -6.8125],
			"to": [14.75, 3.9375, -4.75],
			"rotation": {"angle": 0, "axis": "y", "origin": [6.5, 3.125, -6]},
			"faces": {
				"north": {"uv": [8.25, 4.5, 9.9375, 4.875], "texture": "#0"},
				"east": {"uv": [9.25, 8.5, 9.5, 8.875], "texture": "#0"},
				"south": {"uv": [8.25, 4.875, 9.9375, 5.25], "texture": "#0"},
				"west": {"uv": [0.875, 9.375, 1.125, 9.75], "texture": "#0"},
				"up": {"uv": [7.4375, 8.875, 5.75, 8.625], "texture": "#0"},
				"down": {"uv": [9.1875, 8.625, 7.5, 8.875], "texture": "#0"}
			}
		},
		{
			"from": [1.25, -0.0625, -4.3125],
			"to": [2.25, 3.9375, -0.3125],
			"rotation": {"angle": 0, "axis": "y", "origin": [6.5, 3.125, -3.5]},
			"faces": {
				"north": {"uv": [1.625, 9.375, 1.75, 9.875], "texture": "#0"},
				"east": {"uv": [2.75, 5.75, 3.25, 6.25], "texture": "#0"},
				"south": {"uv": [1.75, 9.375, 1.875, 9.875], "texture": "#0"},
				"west": {"uv": [2.75, 6.25, 3.25, 6.75], "texture": "#0"},
				"up": {"uv": [2, 9.875, 1.875, 9.375], "texture": "#0"},
				"down": {"uv": [2.125, 9.375, 2, 9.875], "texture": "#0"}
			}
		},
		{
			"from": [1.25, -0.0625, 16.3125],
			"to": [2.25, 3.9375, 20.3125],
			"rotation": {"angle": 0, "axis": "y", "origin": [6.5, 3.125, 17.125]},
			"faces": {
				"north": {"uv": [2.125, 9.375, 2.25, 9.875], "texture": "#0"},
				"east": {"uv": [2.75, 6.75, 3.25, 7.25], "texture": "#0"},
				"south": {"uv": [2.25, 9.375, 2.375, 9.875], "texture": "#0"},
				"west": {"uv": [4.375, 7.5, 4.875, 8], "texture": "#0"},
				"up": {"uv": [2.5, 9.875, 2.375, 9.375], "texture": "#0"},
				"down": {"uv": [2.875, 9.375, 2.75, 9.875], "texture": "#0"}
			}
		},
		{
			"from": [13.75, -0.0625, 16.3125],
			"to": [14.75, 3.9375, 20.3125],
			"rotation": {"angle": 0, "axis": "y", "origin": [19, 3.125, 17.125]},
			"faces": {
				"north": {"uv": [3.375, 9.375, 3.5, 9.875], "texture": "#0"},
				"east": {"uv": [9, 8.875, 9.5, 9.375], "texture": "#0"},
				"south": {"uv": [3.5, 9.375, 3.625, 9.875], "texture": "#0"},
				"west": {"uv": [5.625, 9.125, 6.125, 9.625], "texture": "#0"},
				"up": {"uv": [3.75, 9.875, 3.625, 9.375], "texture": "#0"},
				"down": {"uv": [3.875, 9.375, 3.75, 9.875], "texture": "#0"}
			}
		},
		{
			"from": [13.75, -0.0625, -4.3125],
			"to": [14.75, 3.9375, -0.3125],
			"rotation": {"angle": 0, "axis": "y", "origin": [19, 3.125, -3.5]},
			"faces": {
				"north": {"uv": [2.875, 9.375, 3, 9.875], "texture": "#0"},
				"east": {"uv": [4.625, 9, 5.125, 9.5], "texture": "#0"},
				"south": {"uv": [3, 9.375, 3.125, 9.875], "texture": "#0"},
				"west": {"uv": [5.125, 9, 5.625, 9.5], "texture": "#0"},
				"up": {"uv": [3.25, 9.875, 3.125, 9.375], "texture": "#0"},
				"down": {"uv": [3.375, 9.375, 3.25, 9.875], "texture": "#0"}
			}
		},
		{
			"from": [1.6875, 4.8125, 22.375],
			"to": [14.3125, 10.4375, 24.3125],
			"rotation": {"angle": -22.5, "axis": "x", "origin": [6.5, 6.6875, 24.375]},
			"faces": {
				"north": {"uv": [6.625, 4.5, 8.1875, 5.1875], "texture": "#0"},
				"east": {"uv": [6.75, 9.125, 7, 9.8125], "texture": "#0"},
				"south": {"uv": [6.625, 5.25, 8.1875, 5.9375], "texture": "#0"},
				"west": {"uv": [7, 9.125, 7.25, 9.8125], "texture": "#0"},
				"up": {"uv": [10.3125, 3.125, 8.75, 2.875], "texture": "#0"},
				"down": {"uv": [7.3125, 8.875, 5.75, 9.125], "texture": "#0"}
			}
		},
		{
			"from": [1.75, 3.5625, 23.8125],
			"to": [3.25, 10.4375, 24.5625],
			"rotation": {"angle": -22.5, "axis": "x", "origin": [6.5, 6.6875, 24.375]},
			"faces": {
				"north": {"uv": [7.25, 9.125, 7.4375, 10], "texture": "#0"},
				"east": {"uv": [8.75, 9.125, 8.875, 10], "texture": "#0"},
				"south": {"uv": [7.5, 9.125, 7.6875, 10], "texture": "#0"},
				"west": {"uv": [8.875, 9.125, 9, 10], "texture": "#0"},
				"up": {"uv": [2.9375, 7.375, 2.75, 7.25], "texture": "#0"},
				"down": {"uv": [3.1875, 7.25, 3, 7.375], "texture": "#0"}
			}
		},
		{
			"from": [12.75, 3.5625, 23.8125],
			"to": [14.25, 10.4375, 24.5625],
			"rotation": {"angle": -22.5, "axis": "x", "origin": [17.5, 6.6875, 24.375]},
			"faces": {
				"north": {"uv": [7.75, 9.125, 7.9375, 10], "texture": "#0"},
				"east": {"uv": [0, 9.25, 0.125, 10.125], "texture": "#0"},
				"south": {"uv": [8, 9.125, 8.1875, 10], "texture": "#0"},
				"west": {"uv": [0.125, 9.25, 0.25, 10.125], "texture": "#0"},
				"up": {"uv": [2.9375, 7.5, 2.75, 7.375], "texture": "#0"},
				"down": {"uv": [3.1875, 7.375, 3, 7.5], "texture": "#0"}
			}
		},
		{
			"from": [1.75, 5.125, 5],
			"to": [14.25, 10.125, 22.875],
			"rotation": {"angle": 0, "axis": "y", "origin": [6.5, 3.125, 0]},
			"faces": {
				"north": {"uv": [6.5, 6.875, 8.0625, 7.5], "texture": "#0"},
				"east": {"uv": [6.5, 2, 8.75, 2.625], "texture": "#0"},
				"south": {"uv": [4.875, 7.375, 6.4375, 8], "texture": "#0"},
				"west": {"uv": [6.5, 2.625, 8.75, 3.25], "texture": "#0"},
				"up": {"uv": [6.4375, 2.25, 4.875, 0], "texture": "#0"},
				"down": {"uv": [6.4375, 2.25, 4.875, 4.5], "texture": "#0"}
			}
		},
		{
			"from": [2.75, 10.875, 7.25],
			"to": [3, 11.125, 20.9375],
			"rotation": {"angle": 0, "axis": "y", "origin": [6.5, 3.125, 0]},
			"faces": {
				"north": {"uv": [2.625, 8, 2.6875, 8.0625], "texture": "#0"},
				"east": {"uv": [8.75, 3.125, 10.4375, 3.1875], "texture": "#0"},
				"south": {"uv": [4, 8.75, 4.0625, 8.8125], "texture": "#0"},
				"west": {"uv": [0.75, 9.25, 2.4375, 9.3125], "texture": "#0"},
				"up": {"uv": [2.5625, 10.9375, 2.5, 9.25], "texture": "#0"},
				"down": {"uv": [2.6875, 9.25, 2.625, 10.9375], "texture": "#0"}
			}
		},
		{
			"from": [2.75, 11.625, 6.25],
			"to": [3, 11.875, 7.75],
			"rotation": {"angle": -45, "axis": "x", "origin": [6.5, 10.875, 8.5]},
			"faces": {
				"north": {"uv": [4.125, 8.75, 4.1875, 8.8125], "texture": "#0"},
				"east": {"uv": [6, 8, 6.1875, 8.0625], "texture": "#0"},
				"south": {"uv": [4.25, 8.75, 4.3125, 8.8125], "texture": "#0"},
				"west": {"uv": [6.25, 8, 6.4375, 8.0625], "texture": "#0"},
				"up": {"uv": [2.6875, 7.9375, 2.625, 7.75], "texture": "#0"},
				"down": {"uv": [3.8125, 8.125, 3.75, 8.3125], "texture": "#0"}
			}
		},
		{
			"from": [2.75, 9.875, 20],
			"to": [3, 11.4375, 20.25],
			"rotation": {"angle": -45, "axis": "x", "origin": [6.5, 12.125, 21]},
			"faces": {
				"north": {"uv": [3.875, 8.125, 3.9375, 8.3125], "texture": "#0"},
				"east": {"uv": [4, 8.125, 4.0625, 8.3125], "texture": "#0"},
				"south": {"uv": [4.125, 8.125, 4.1875, 8.3125], "texture": "#0"},
				"west": {"uv": [4.25, 8.125, 4.3125, 8.3125], "texture": "#0"},
				"up": {"uv": [4.0625, 8.9375, 4, 8.875], "texture": "#0"},
				"down": {"uv": [4.1875, 8.875, 4.125, 8.9375], "texture": "#0"}
			}
		},
		{
			"from": [13, 10.875, 7.25],
			"to": [13.25, 11.125, 20.9375],
			"rotation": {"angle": 0, "axis": "y", "origin": [16.75, 3.125, 0]},
			"faces": {
				"north": {"uv": [4.375, 9.375, 4.4375, 9.4375], "texture": "#0"},
				"east": {"uv": [2.75, 9.25, 4.4375, 9.3125], "texture": "#0"},
				"south": {"uv": [9, 9.375, 9.0625, 9.4375], "texture": "#0"},
				"west": {"uv": [9.25, 8.125, 10.9375, 8.1875], "texture": "#0"},
				"up": {"uv": [4.5625, 10.9375, 4.5, 9.25], "texture": "#0"},
				"down": {"uv": [0.8125, 9.375, 0.75, 11.0625], "texture": "#0"}
			}
		},
		{
			"from": [13, 11.625, 6.25],
			"to": [13.25, 11.875, 7.75],
			"rotation": {"angle": -45, "axis": "x", "origin": [16.75, 10.875, 8.5]},
			"faces": {
				"north": {"uv": [4.125, 9.375, 4.1875, 9.4375], "texture": "#0"},
				"east": {"uv": [8.25, 1.875, 8.4375, 1.9375], "texture": "#0"},
				"south": {"uv": [4.25, 9.375, 4.3125, 9.4375], "texture": "#0"},
				"west": {"uv": [8.5, 1.875, 8.6875, 1.9375], "texture": "#0"},
				"up": {"uv": [3.8125, 8.9375, 3.75, 8.75], "texture": "#0"},
				"down": {"uv": [3.9375, 8.75, 3.875, 8.9375], "texture": "#0"}
			}
		},
		{
			"from": [13, 9.875, 20],
			"to": [13.25, 11.4375, 20.25],
			"rotation": {"angle": -45, "axis": "x", "origin": [16.75, 12.125, 21]},
			"faces": {
				"north": {"uv": [3.25, 8.75, 3.3125, 8.9375], "texture": "#0"},
				"east": {"uv": [3.375, 8.75, 3.4375, 8.9375], "texture": "#0"},
				"south": {"uv": [3.5, 8.75, 3.5625, 8.9375], "texture": "#0"},
				"west": {"uv": [3.625, 8.75, 3.6875, 8.9375], "texture": "#0"},
				"up": {"uv": [4.3125, 8.9375, 4.25, 8.875], "texture": "#0"},
				"down": {"uv": [5.6875, 9, 5.625, 9.0625], "texture": "#0"}
			}
		},
		{
			"from": [1.8125, 7.75, 0.5625],
			"to": [14.1875, 14.9375, 4],
			"rotation": {"angle": 45, "axis": "x", "origin": [6.5, 7.125, -3]},
			"faces": {
				"north": {"uv": [6.5, 3.25, 8.0625, 4.125], "texture": "#0"},
				"east": {"uv": [2.75, 4, 3.1875, 4.875], "texture": "#0"},
				"south": {"uv": [4.875, 6.5, 6.4375, 7.375], "texture": "#0"},
				"west": {"uv": [2.75, 4.875, 3.1875, 5.75], "texture": "#0"},
				"up": {"uv": [9.8125, 0.9375, 8.25, 0.5], "texture": "#0"},
				"down": {"uv": [9.8125, 1, 8.25, 1.4375], "texture": "#0"}
			}
		},
		{
			"from": [1.5, 1.875, -7.1875],
			"to": [14.5, 5.8125, -5.375],
			"rotation": {"angle": -22.5, "axis": "x", "origin": [6.5, 2.125, -5.25]},
			"faces": {
				"north": {"uv": [6, 8.125, 7.625, 8.625], "texture": "#0"},
				"east": {"uv": [8.25, 9.125, 8.5, 9.625], "texture": "#0"},
				"south": {"uv": [8.125, 6.875, 9.75, 7.375], "texture": "#0"},
				"west": {"uv": [8.5, 9.125, 8.75, 9.625], "texture": "#0"},
				"up": {"uv": [10.375, 2.125, 8.75, 1.875], "texture": "#0"},
				"down": {"uv": [10.375, 2.125, 8.75, 2.375], "texture": "#0"}
			}
		},
		{
			"from": [1.4375, 1.125, -6.75],
			"to": [14.5625, 5.6875, -5.375],
			"rotation": {"angle": 0, "axis": "y", "origin": [6.5, 2, -4.8125]},
			"faces": {
				"north": {"uv": [4.375, 8, 6, 8.5625], "texture": "#0"},
				"east": {"uv": [0.25, 9.25, 0.4375, 9.8125], "texture": "#0"},
				"south": {"uv": [8.125, 3.5, 9.75, 4.0625], "texture": "#0"},
				"west": {"uv": [0.5, 9.25, 0.6875, 9.8125], "texture": "#0"},
				"up": {"uv": [9, 9.0625, 7.375, 8.875], "texture": "#0"},
				"down": {"uv": [1.625, 9, 0, 9.1875], "texture": "#0"}
			}
		},
		{
			"from": [1.4375, 4.125, -5.375],
			"to": [14.5625, 5.875, 23.875],
			"rotation": {"angle": 0, "axis": "y", "origin": [6.5, 2, -4.8125]},
			"faces": {
				"north": {"uv": [8.75, 2.375, 10.375, 2.625], "texture": "#0"},
				"east": {"uv": [0, 8.125, 3.6875, 8.375], "texture": "#0"},
				"south": {"uv": [8.75, 2.625, 10.375, 2.875], "texture": "#0"},
				"west": {"uv": [8.125, 3.25, 11.8125, 3.5], "texture": "#0"},
				"up": {"uv": [4.875, 3.6875, 3.25, 0], "texture": "#0"},
				"down": {"uv": [4.875, 3.75, 3.25, 7.4375], "texture": "#0"}
			}
		},
		{
			"from": [0.8125, 6.125, 1.6875],
			"to": [1.8125, 7, 2.1875],
			"rotation": {"angle": 0, "axis": "y", "origin": [6.875, 4, -4.25]},
			"faces": {
				"north": {"uv": [8.75, 2.375, 10.375, 2.625], "texture": "#0"},
				"east": {"uv": [0, 8.125, 3.6875, 8.375], "texture": "#0"},
				"south": {"uv": [8.75, 2.625, 10.375, 2.875], "texture": "#0"},
				"west": {"uv": [8.125, 3.25, 11.8125, 3.5], "texture": "#0"},
				"up": {"uv": [4.875, 3.6875, 3.25, 0], "texture": "#0"},
				"down": {"uv": [4.875, 3.75, 3.25, 7.4375], "texture": "#0"}
			}
		},
		{
			"from": [14.1875, 6.125, 1.6875],
			"to": [15.1875, 7, 2.1875],
			"rotation": {"angle": 0, "axis": "y", "origin": [20.25, 4, -4.25]},
			"faces": {
				"north": {"uv": [8.75, 2.375, 10.375, 2.625], "texture": "#0"},
				"east": {"uv": [0, 8.125, 3.6875, 8.375], "texture": "#0"},
				"south": {"uv": [8.75, 2.625, 10.375, 2.875], "texture": "#0"},
				"west": {"uv": [8.125, 3.25, 11.8125, 3.5], "texture": "#0"},
				"up": {"uv": [4.875, 3.6875, 3.25, 0], "texture": "#0"},
				"down": {"uv": [4.875, 3.75, 3.25, 7.4375], "texture": "#0"}
			}
		},
		{
			"from": [0.0625, 6.125, 1.75],
			"to": [1.5625, 7.25, 2.25],
			"rotation": {"angle": 0, "axis": "y", "origin": [6.875, 4, -4.25]},
			"faces": {
				"north": {"uv": [8.75, 2.375, 10.375, 2.625], "texture": "#0"},
				"east": {"uv": [0, 8.125, 3.6875, 8.375], "texture": "#0"},
				"south": {"uv": [7.1875, 3.1875, 7.9375, 2.625], "texture": "#0"},
				"west": {"uv": [8.125, 3.25, 11.8125, 3.5], "texture": "#0"},
				"up": {"uv": [4.875, 3.6875, 3.25, 0], "texture": "#0"},
				"down": {"uv": [4.875, 3.75, 3.25, 7.4375], "texture": "#0"}
			}
		},
		{
			"from": [14.4375, 6.125, 1.75],
			"to": [15.9375, 7.25, 2.25],
			"rotation": {"angle": 0, "axis": "y", "origin": [21.25, 4, -4.25]},
			"faces": {
				"north": {"uv": [8.75, 2.375, 10.375, 2.625], "texture": "#0"},
				"east": {"uv": [0, 8.125, 3.6875, 8.375], "texture": "#0"},
				"south": {"uv": [7.9375, 3.1875, 7.1875, 2.625], "texture": "#0"},
				"west": {"uv": [8.125, 3.25, 11.8125, 3.5], "texture": "#0"},
				"up": {"uv": [4.875, 3.6875, 3.25, 0], "texture": "#0"},
				"down": {"uv": [4.875, 3.75, 3.25, 7.4375], "texture": "#0"}
			}
		},
		{
			"from": [1.75, 1.81844, -7.6463],
			"to": [14.25, 5.19344, -7.2713],
			"rotation": {"angle": -22.5, "axis": "x", "origin": [6.5, 2.25, -6.4375]},
			"faces": {
				"north": {"uv": [7.625, 8.125, 9.1875, 8.5625], "texture": "#0"},
				"east": {"uv": [3.875, 9.375, 3.9375, 9.8125], "texture": "#0"},
				"south": {"uv": [8.25, 0, 9.8125, 0.4375], "texture": "#0"},
				"west": {"uv": [4, 9.375, 4.0625, 9.8125], "texture": "#0"},
				"up": {"uv": [10.8125, 8.3125, 9.25, 8.25], "texture": "#0"},
				"down": {"uv": [10.8125, 8.375, 9.25, 8.4375], "texture": "#0"}
			}
		},
		{
			"from": [2, 1.50594, -8.6463],
			"to": [14, 4.31844, -7.0838],
			"rotation": {"angle": 0, "axis": "y", "origin": [6.5, 2.25, -6.4375]},
			"faces": {
				"north": {"uv": [0, 8.375, 1.5, 8.75], "texture": "#0"},
				"east": {"uv": [1.125, 9.375, 1.3125, 9.75], "texture": "#0"},
				"south": {"uv": [1.5, 8.375, 3, 8.75], "texture": "#0"},
				"west": {"uv": [1.375, 9.375, 1.5625, 9.75], "texture": "#0"},
				"up": {"uv": [3.125, 9.1875, 1.625, 9], "texture": "#0"},
				"down": {"uv": [4.625, 9, 3.125, 9.1875], "texture": "#0"}
			}
		},
		{
			"from": [2.5, 0.625, -6],
			"to": [13.5, 3.125, 24],
			"rotation": {"angle": 0, "axis": "y", "origin": [6.5, 1.125, 0]},
			"faces": {
				"north": {"uv": [3, 8.375, 4.375, 8.6875], "texture": "#0"},
				"east": {"uv": [6.5, 4.125, 10.25, 4.4375], "texture": "#0"},
				"south": {"uv": [4.375, 8.625, 5.75, 8.9375], "texture": "#0"},
				"west": {"uv": [6.5, 6.5, 10.25, 6.8125], "texture": "#0"},
				"up": {"uv": [1.375, 7.75, 0, 4], "texture": "#0"},
				"down": {"uv": [2.75, 4, 1.375, 7.75], "texture": "#0"}
			}
		}
	],
	"display": {
		"thirdperson_righthand": {
			"scale": [0.22266, 0.22266, 0.22266]
		},
		"thirdperson_lefthand": {
			"scale": [0.22266, 0.22266, 0.22266]
		},
		"firstperson_righthand": {
			"rotation": [0, 114, 0],
			"translation": [0, 6.5, 2.25],
			"scale": [0.33008, 0.33008, 0.33008]
		},
		"firstperson_lefthand": {
			"rotation": [0, 114, 0],
			"translation": [0, 6.5, 2.25],
			"scale": [0.33008, 0.33008, 0.33008]
		},
		"ground": {
			"translation": [0, 3, 0],
			"scale": [0.43164, 0.43164, 0.43164]
		},
		"gui": {
			"rotation": [35, -35, 0],
			"translation": [0, 1.75, 0],
			"scale": [0.53, 0.53, 0.53]
		},
		"head": {
			"translation": [0, -10.75, -0.75],
			"scale": [4, 4, 4]
		},
		"fixed": {
			"rotation": [-90, 0, 0],
			"translation": [0, 0, -6],
			"scale": [0.75781, 0.75781, 0.75781]
		}
	}
}