{
	"credit": "Made with Blockbench",
	"texture_size": [64, 64],
	"textures": {
		"0": "item/backofen",
		"particle": "item/backofen"
	},
	"elements": [
		{
			"from": [0, 13, 0],
			"to": [16, 16, 16],
			"faces": {
				"north": {"uv": [8, 6.5, 12, 7.25], "texture": "#0"},
				"east": {"uv": [8, 7.25, 12, 8], "texture": "#0"},
				"south": {"uv": [8, 8, 12, 8.75], "texture": "#0"},
				"west": {"uv": [8, 8.75, 12, 9.5], "texture": "#0"},
				"up": {"uv": [4, 4, 0, 0], "texture": "#0"},
				"down": {"uv": [4, 4, 0, 8], "texture": "#0"}
			}
		},
		{
			"from": [13, 14, -1],
			"to": [14, 15, 0],
			"rotation": {"angle": 0, "axis": "y", "origin": [-2, 1, 0]},
			"faces": {
				"north": {"uv": [3.75, 11.5, 4, 11.75], "texture": "#0"},
				"east": {"uv": [11.75, 2.5, 12, 2.75], "texture": "#0"},
				"south": {"uv": [11.75, 2.75, 12, 3], "texture": "#0"},
				"west": {"uv": [3, 11.75, 3.25, 12], "texture": "#0"},
				"up": {"uv": [12, 3.25, 11.75, 3], "texture": "#0"},
				"down": {"uv": [3.5, 11.75, 3.25, 12], "texture": "#0"}
			}
		},
		{
			"from": [11, 14, -1],
			"to": [12, 15, 0],
			"rotation": {"angle": 0, "axis": "y", "origin": [-4, 1, 0]},
			"faces": {
				"north": {"uv": [11.75, 3.25, 12, 3.5], "texture": "#0"},
				"east": {"uv": [3.5, 11.75, 3.75, 12], "texture": "#0"},
				"south": {"uv": [11.75, 3.5, 12, 3.75], "texture": "#0"},
				"west": {"uv": [3.75, 11.75, 4, 12], "texture": "#0"},
				"up": {"uv": [12, 4, 11.75, 3.75], "texture": "#0"},
				"down": {"uv": [12, 4, 11.75, 4.25], "texture": "#0"}
			}
		},
		{
			"from": [2, 14, -1],
			"to": [3, 15, 0],
			"rotation": {"angle": 0, "axis": "y", "origin": [-13, 1, 0]},
			"faces": {
				"north": {"uv": [11.75, 5.75, 12, 6], "texture": "#0"},
				"east": {"uv": [11.75, 6, 12, 6.25], "texture": "#0"},
				"south": {"uv": [11.75, 6.25, 12, 6.5], "texture": "#0"},
				"west": {"uv": [7.75, 11.75, 8, 12], "texture": "#0"},
				"up": {"uv": [8.25, 12, 8, 11.75], "texture": "#0"},
				"down": {"uv": [8.5, 11.75, 8.25, 12], "texture": "#0"}
			}
		},
		{
			"from": [4, 14, -1],
			"to": [5, 15, 0],
			"rotation": {"angle": 0, "axis": "y", "origin": [-11, 1, 0]},
			"faces": {
				"north": {"uv": [11.75, 4.25, 12, 4.5], "texture": "#0"},
				"east": {"uv": [11.75, 4.5, 12, 4.75], "texture": "#0"},
				"south": {"uv": [11.75, 4.75, 12, 5], "texture": "#0"},
				"west": {"uv": [11.75, 5, 12, 5.25], "texture": "#0"},
				"up": {"uv": [12, 5.5, 11.75, 5.25], "texture": "#0"},
				"down": {"uv": [12, 5.5, 11.75, 5.75], "texture": "#0"}
			}
		},
		{
			"from": [6, 14, -1],
			"to": [7, 15, 0],
			"rotation": {"angle": 0, "axis": "y", "origin": [-9, 1, 0]},
			"faces": {
				"north": {"uv": [9.75, 11.75, 10, 12], "texture": "#0"},
				"east": {"uv": [11.75, 9.75, 12, 10], "texture": "#0"},
				"south": {"uv": [10, 11.75, 10.25, 12], "texture": "#0"},
				"west": {"uv": [11.75, 10, 12, 10.25], "texture": "#0"},
				"up": {"uv": [10.5, 12, 10.25, 11.75], "texture": "#0"},
				"down": {"uv": [12, 10.25, 11.75, 10.5], "texture": "#0"}
			}
		},
		{
			"from": [9, 14, -1],
			"to": [10, 15, 0],
			"rotation": {"angle": 0, "axis": "y", "origin": [-6, 1, 0]},
			"faces": {
				"north": {"uv": [8.5, 11.75, 8.75, 12], "texture": "#0"},
				"east": {"uv": [8.75, 11.75, 9, 12], "texture": "#0"},
				"south": {"uv": [9, 11.75, 9.25, 12], "texture": "#0"},
				"west": {"uv": [9.25, 11.75, 9.5, 12], "texture": "#0"},
				"up": {"uv": [9.75, 12, 9.5, 11.75], "texture": "#0"},
				"down": {"uv": [12, 9.5, 11.75, 9.75], "texture": "#0"}
			}
		},
		{
			"from": [9, 16, 2],
			"to": [14, 16.375, 7],
			"rotation": {"angle": 0, "axis": "y", "origin": [-2, 3, 2]},
			"faces": {
				"north": {"uv": [2, 11.5, 3.25, 11.59375], "texture": "#0"},
				"east": {"uv": [7.75, 11.5, 9, 11.59375], "texture": "#0"},
				"south": {"uv": [9, 11.5, 10.25, 11.59375], "texture": "#0"},
				"west": {"uv": [10.25, 11.5, 11.5, 11.59375], "texture": "#0"},
				"up": {"uv": [9.25, 10.75, 8, 9.5], "texture": "#0"},
				"down": {"uv": [10.5, 9.5, 9.25, 10.75], "texture": "#0"}
			}
		},
		{
			"from": [2, 16, 2],
			"to": [7, 16.375, 7],
			"rotation": {"angle": 0, "axis": "y", "origin": [-9, 3, 2]},
			"faces": {
				"north": {"uv": [11.5, 11.5, 12.75, 11.59375], "texture": "#0"},
				"east": {"uv": [11.75, 0, 13, 0.09375], "texture": "#0"},
				"south": {"uv": [11.75, 0.25, 13, 0.34375], "texture": "#0"},
				"west": {"uv": [11.75, 0.5, 13, 0.59375], "texture": "#0"},
				"up": {"uv": [11.75, 10.75, 10.5, 9.5], "texture": "#0"},
				"down": {"uv": [5.25, 10.75, 4, 12], "texture": "#0"}
			}
		},
		{
			"from": [2.25, 16, 9.25],
			"to": [6.75, 16.375, 13.75],
			"rotation": {"angle": 0, "axis": "y", "origin": [-9, 3, 9]},
			"faces": {
				"north": {"uv": [11.75, 0.75, 12.875, 0.84375], "texture": "#0"},
				"east": {"uv": [11.75, 1, 12.875, 1.09375], "texture": "#0"},
				"south": {"uv": [11.75, 1.25, 12.875, 1.34375], "texture": "#0"},
				"west": {"uv": [11.75, 1.5, 12.875, 1.59375], "texture": "#0"},
				"up": {"uv": [6.375, 11.875, 5.25, 10.75], "texture": "#0"},
				"down": {"uv": [7.625, 10.75, 6.5, 11.875], "texture": "#0"}
			}
		},
		{
			"from": [9.5, 16, 9.5],
			"to": [13.5, 16.375, 13.5],
			"rotation": {"angle": 0, "axis": "y", "origin": [-2, 3, 9]},
			"faces": {
				"north": {"uv": [11.75, 1.75, 12.75, 1.84375], "texture": "#0"},
				"east": {"uv": [2, 11.75, 3, 11.84375], "texture": "#0"},
				"south": {"uv": [11.75, 2, 12.75, 2.09375], "texture": "#0"},
				"west": {"uv": [11.75, 2.25, 12.75, 2.34375], "texture": "#0"},
				"up": {"uv": [1, 12.5, 0, 11.5], "texture": "#0"},
				"down": {"uv": [2, 11.5, 1, 12.5], "texture": "#0"}
			}
		},
		{
			"from": [0, 0, 1],
			"to": [16, 13, 16],
			"rotation": {"angle": 0, "axis": "y", "origin": [0, -3, 0]},
			"faces": {
				"north": {"uv": [4, 7.5, 8, 10.75], "texture": "#0"},
				"east": {"uv": [8, 0, 11.75, 3.25], "texture": "#0"},
				"south": {"uv": [0, 8, 4, 11.25], "texture": "#0"},
				"west": {"uv": [8, 3.25, 11.75, 6.5], "texture": "#0"},
				"up": {"uv": [8, 3.75, 4, 0], "texture": "#0"},
				"down": {"uv": [8, 3.75, 4, 7.5], "texture": "#0"}
			}
		},
		{
			"from": [14, 11, 0],
			"to": [15, 12, 1],
			"rotation": {"angle": 0, "axis": "y", "origin": [-1, -4, 0]},
			"faces": {
				"north": {"uv": [10.5, 11.75, 10.75, 12], "texture": "#0"},
				"east": {"uv": [11.75, 10.5, 12, 10.75], "texture": "#0"},
				"south": {"uv": [10.75, 11.75, 11, 12], "texture": "#0"},
				"west": {"uv": [11.75, 10.75, 12, 11], "texture": "#0"},
				"up": {"uv": [11.25, 12, 11, 11.75], "texture": "#0"},
				"down": {"uv": [12, 11, 11.75, 11.25], "texture": "#0"}
			}
		},
		{
			"from": [1, 11, 0],
			"to": [2, 12, 1],
			"rotation": {"angle": 0, "axis": "y", "origin": [-14, -4, 0]},
			"faces": {
				"north": {"uv": [11.25, 11.75, 11.5, 12], "texture": "#0"},
				"east": {"uv": [11.75, 11.25, 12, 11.5], "texture": "#0"},
				"south": {"uv": [11.5, 11.75, 11.75, 12], "texture": "#0"},
				"west": {"uv": [11.75, 11.75, 12, 12], "texture": "#0"},
				"up": {"uv": [2.25, 12.25, 2, 12], "texture": "#0"},
				"down": {"uv": [2.5, 12, 2.25, 12.25], "texture": "#0"}
			}
		},
		{
			"from": [0, 11, -1],
			"to": [16, 12, 0],
			"rotation": {"angle": 0, "axis": "y", "origin": [-14, -4, -1]},
			"faces": {
				"north": {"uv": [7.75, 10.75, 11.75, 11], "texture": "#0"},
				"east": {"uv": [3.25, 11.5, 3.5, 11.75], "texture": "#0"},
				"south": {"uv": [7.75, 11, 11.75, 11.25], "texture": "#0"},
				"west": {"uv": [3.5, 11.5, 3.75, 11.75], "texture": "#0"},
				"up": {"uv": [4, 11.5, 0, 11.25], "texture": "#0"},
				"down": {"uv": [11.75, 11.25, 7.75, 11.5], "texture": "#0"}
			}
		}
	],
	"display": {
		"thirdperson_righthand": {
			"rotation": [69.25, 0, 0],
			"scale": [0.35547, 0.3457, 0.36523]
		},
		"thirdperson_lefthand": {
			"rotation": [69.25, 0, 0],
			"scale": [0.35547, 0.3457, 0.36523]
		},
		"firstperson_righthand": {
			"rotation": [0, 132, 0],
			"scale": [0.54, 0.51, 0.5]
		},
		"firstperson_lefthand": {
			"rotation": [0, 132, 0],
			"scale": [0.54, 0.51, 0.5]
		},
		"ground": {
			"translation": [0, 1.25, 0],
			"scale": [0.36, 0.34, 0.34]
		},
		"gui": {
			"rotation": [-154.5, -23.25, 180],
			"scale": [0.69336, 0.70508, 0.68945]
		},
		"fixed": {
			"rotation": [-90, 0, 0],
			"translation": [0, -1.25, 17.25],
			"scale": [2.06055, 2.16211, 2.19531]
		}
	}
}