{
	"credit": "Made with Blockbench",
	"texture_size": [32, 32],
	"textures": {
		"0": "item/oicw",
		"particle": "item/oicw"
	},
	"elements": [
		{
			"from": [5, 0, 6.5625],
			"to": [11, 1, 9],
			"rotation": {"angle": 0, "axis": "y", "origin": [7, 0, 7]},
			"faces": {
				"north": {"uv": [3, 6, 6, 6.5], "texture": "#0"},
				"east": {"uv": [8.5, 3, 9.71875, 3.5], "texture": "#0"},
				"south": {"uv": [6, 6, 9, 6.5], "texture": "#0"},
				"west": {"uv": [8.5, 3.5, 9.71875, 4], "texture": "#0"},
				"up": {"uv": [3, 1.21875, 0, 0], "texture": "#0"},
				"down": {"uv": [3, 1.5, 0, 2.71875], "texture": "#0"}
			}
		},
		{
			"from": [7.9375, 0.25, 3.375],
			"to": [10.375, 0.75, 7],
			"rotation": {"angle": 0, "axis": "y", "origin": [8.375, 0, 7]},
			"faces": {
				"north": {"uv": [9.5, 5, 10.71875, 5.25], "texture": "#0"},
				"east": {"uv": [6, 9, 7.8125, 9.25], "texture": "#0"},
				"south": {"uv": [5.5, 9.5, 6.71875, 9.75], "texture": "#0"},
				"west": {"uv": [9, 6, 10.8125, 6.25], "texture": "#0"},
				"up": {"uv": [1.21875, 4.8125, 0, 3], "texture": "#0"},
				"down": {"uv": [4.21875, 0, 3, 1.8125], "texture": "#0"}
			}
		},
		{
			"from": [1.375, 0.0625, 4],
			"to": [3.375, 0.9375, 7],
			"rotation": {"angle": 0, "axis": "y", "origin": [1.375, 0, 7]},
			"faces": {
				"north": {"uv": [9, 7.5, 10, 7.9375], "texture": "#0"},
				"east": {"uv": [4, 8, 5.5, 8.4375], "texture": "#0"},
				"south": {"uv": [8, 9, 9, 9.4375], "texture": "#0"},
				"west": {"uv": [8, 5, 9.5, 5.4375], "texture": "#0"},
				"up": {"uv": [1, 8, 0, 6.5], "texture": "#0"},
				"down": {"uv": [2, 6.5, 1, 8], "texture": "#0"}
			}
		},
		{
			"from": [11, 0, 6.6875],
			"to": [13, 1, 8],
			"rotation": {"angle": 0, "axis": "y", "origin": [11, 0, 7]},
			"faces": {
				"north": {"uv": [6, 8.5, 7, 9], "texture": "#0"},
				"east": {"uv": [3, 9.5, 3.65625, 10], "texture": "#0"},
				"south": {"uv": [7, 8.5, 8, 9], "texture": "#0"},
				"west": {"uv": [9.5, 4, 10.15625, 4.5], "texture": "#0"},
				"up": {"uv": [9, 0.65625, 8, 0], "texture": "#0"},
				"down": {"uv": [9, 1, 8, 1.65625], "texture": "#0"}
			}
		},
		{
			"from": [13, 0, 7.75],
			"to": [15.5625, 1, 8.875],
			"rotation": {"angle": 0, "axis": "y", "origin": [13, 0, 7.5]},
			"faces": {
				"north": {"uv": [8, 5.5, 9.28125, 6], "texture": "#0"},
				"east": {"uv": [10, 0.5, 10.5625, 1], "texture": "#0"},
				"south": {"uv": [1.5, 8.5, 2.78125, 9], "texture": "#0"},
				"west": {"uv": [10, 1, 10.5625, 1.5], "texture": "#0"},
				"up": {"uv": [7.28125, 7.0625, 6, 6.5], "texture": "#0"},
				"down": {"uv": [7.28125, 7.5, 6, 8.0625], "texture": "#0"}
			}
		},
		{
			"from": [15.5625, 0.0625, 7.875],
			"to": [17.375, 0.9375, 8.75],
			"rotation": {"angle": 0, "axis": "y", "origin": [14.8125, 0, 7.5]},
			"faces": {
				"north": {"uv": [9, 8, 9.90625, 8.4375], "texture": "#0"},
				"east": {"uv": [7, 10.5, 7.4375, 10.9375], "texture": "#0"},
				"south": {"uv": [9, 8.5, 9.90625, 8.9375], "texture": "#0"},
				"west": {"uv": [7.5, 10.5, 7.9375, 10.9375], "texture": "#0"},
				"up": {"uv": [9.90625, 9.4375, 9, 9], "texture": "#0"},
				"down": {"uv": [0.90625, 9.5, 0, 9.9375], "texture": "#0"}
			}
		},
		{
			"from": [15, 0.25, 7.25],
			"to": [17, 0.75, 7.75],
			"rotation": {"angle": 0, "axis": "y", "origin": [15, 0, 6]},
			"faces": {
				"north": {"uv": [10, 6.5, 11, 6.75], "texture": "#0"},
				"east": {"uv": [9, 11, 9.25, 11.25], "texture": "#0"},
				"south": {"uv": [7, 10, 8, 10.25], "texture": "#0"},
				"west": {"uv": [9.5, 11, 9.75, 11.25], "texture": "#0"},
				"up": {"uv": [11, 7.25, 10, 7], "texture": "#0"},
				"down": {"uv": [11, 7.5, 10, 7.75], "texture": "#0"}
			}
		},
		{
			"from": [17.375, 0.25, 8],
			"to": [18.375, 0.75, 8.5625],
			"rotation": {"angle": 0, "axis": "y", "origin": [17.6875, 0, 6.75]},
			"faces": {
				"north": {"uv": [3, 11, 3.5, 11.25], "texture": "#0"},
				"east": {"uv": [11, 7.5, 11.28125, 7.75], "texture": "#0"},
				"south": {"uv": [3.5, 11, 4, 11.25], "texture": "#0"},
				"west": {"uv": [8, 11, 8.28125, 11.25], "texture": "#0"},
				"up": {"uv": [11.5, 0.78125, 11, 0.5], "texture": "#0"},
				"down": {"uv": [1.5, 11, 1, 11.28125], "texture": "#0"}
			}
		},
		{
			"from": [17, 0.3125, 7.3125],
			"to": [19, 0.6875, 7.6875],
			"rotation": {"angle": 0, "axis": "y", "origin": [17, 0, 6]},
			"faces": {
				"north": {"uv": [8, 10.5, 9, 10.6875], "texture": "#0"},
				"east": {"uv": [11.5, 1.5, 11.6875, 1.6875], "texture": "#0"},
				"south": {"uv": [10.5, 8.5, 11.5, 8.6875], "texture": "#0"},
				"west": {"uv": [2.5, 11.5, 2.6875, 11.6875], "texture": "#0"},
				"up": {"uv": [10, 10.6875, 9, 10.5], "texture": "#0"},
				"down": {"uv": [11.5, 9, 10.5, 9.1875], "texture": "#0"}
			}
		},
		{
			"from": [5.25, 0.625, 9],
			"to": [6, 1, 9.1875],
			"rotation": {"angle": 0, "axis": "y", "origin": [4, 0.3125, 7.6875]},
			"faces": {
				"north": {"uv": [5.5, 11, 5.875, 11.1875], "texture": "#0"},
				"east": {"uv": [7, 11.5, 7.09375, 11.6875], "texture": "#0"},
				"south": {"uv": [6, 11, 6.375, 11.1875], "texture": "#0"},
				"west": {"uv": [11.5, 7, 11.59375, 7.1875], "texture": "#0"},
				"up": {"uv": [3.375, 11.59375, 3, 11.5], "texture": "#0"},
				"down": {"uv": [11.875, 3, 11.5, 3.09375], "texture": "#0"}
			}
		},
		{
			"from": [5.25, 0, 9],
			"to": [6, 0.375, 9.1875],
			"rotation": {"angle": 0, "axis": "y", "origin": [4, -0.3125, 7.6875]},
			"faces": {
				"north": {"uv": [11, 6, 11.375, 6.1875], "texture": "#0"},
				"east": {"uv": [7.5, 11.5, 7.59375, 11.6875], "texture": "#0"},
				"south": {"uv": [6.5, 11, 6.875, 11.1875], "texture": "#0"},
				"west": {"uv": [11.5, 7.5, 11.59375, 7.6875], "texture": "#0"},
				"up": {"uv": [3.875, 11.59375, 3.5, 11.5], "texture": "#0"},
				"down": {"uv": [11.875, 3.5, 11.5, 3.59375], "texture": "#0"}
			}
		},
		{
			"from": [5, -0.125, 9.375],
			"to": [11.375, 0, 10.6875],
			"rotation": {"angle": 0, "axis": "y", "origin": [4, -0.3125, 8.1875]},
			"faces": {
				"north": {"uv": [2, 10.5, 5.1875, 10.5625], "texture": "#0"},
				"east": {"uv": [0.5, 11.5, 1.15625, 11.5625], "texture": "#0"},
				"south": {"uv": [10.5, 2, 13.6875, 2.0625], "texture": "#0"},
				"west": {"uv": [11.5, 0.5, 12.15625, 0.5625], "texture": "#0"},
				"up": {"uv": [4.6875, 3.65625, 1.5, 3], "texture": "#0"},
				"down": {"uv": [6.1875, 2, 3, 2.65625], "texture": "#0"}
			}
		},
		{
			"from": [5, 1, 9.375],
			"to": [11.375, 1.125, 10.6875],
			"rotation": {"angle": 0, "axis": "y", "origin": [4, 0.8125, 8.1875]},
			"faces": {
				"north": {"uv": [10.5, 2.5, 13.6875, 2.5625], "texture": "#0"},
				"east": {"uv": [11.5, 1, 12.15625, 1.0625], "texture": "#0"},
				"south": {"uv": [10.5, 4, 13.6875, 4.0625], "texture": "#0"},
				"west": {"uv": [1.5, 11.5, 2.15625, 11.5625], "texture": "#0"},
				"up": {"uv": [4.6875, 4.65625, 1.5, 4], "texture": "#0"},
				"down": {"uv": [7.6875, 0, 4.5, 0.65625], "texture": "#0"}
			}
		},
		{
			"from": [10.25, 0.625, 9],
			"to": [11, 1, 9.1875],
			"rotation": {"angle": 0, "axis": "y", "origin": [9, 0.3125, 7.6875]},
			"faces": {
				"north": {"uv": [11, 7, 11.375, 7.1875], "texture": "#0"},
				"east": {"uv": [8.5, 11.5, 8.59375, 11.6875], "texture": "#0"},
				"south": {"uv": [7.5, 11, 7.875, 11.1875], "texture": "#0"},
				"west": {"uv": [11.5, 8.5, 11.59375, 8.6875], "texture": "#0"},
				"up": {"uv": [5.375, 11.59375, 5, 11.5], "texture": "#0"},
				"down": {"uv": [11.875, 5, 11.5, 5.09375], "texture": "#0"}
			}
		},
		{
			"from": [10.25, 0, 9],
			"to": [11, 0.375, 9.1875],
			"rotation": {"angle": 0, "axis": "y", "origin": [9, -0.3125, 7.6875]},
			"faces": {
				"north": {"uv": [11, 6.5, 11.375, 6.6875], "texture": "#0"},
				"east": {"uv": [8, 11.5, 8.09375, 11.6875], "texture": "#0"},
				"south": {"uv": [7, 11, 7.375, 11.1875], "texture": "#0"},
				"west": {"uv": [11.5, 8, 11.59375, 8.1875], "texture": "#0"},
				"up": {"uv": [4.375, 11.59375, 4, 11.5], "texture": "#0"},
				"down": {"uv": [4.875, 11.5, 4.5, 11.59375], "texture": "#0"}
			}
		},
		{
			"from": [5, -0.125, 9.1875],
			"to": [11.375, 1.125, 9.375],
			"rotation": {"angle": 0, "axis": "y", "origin": [4, 0.3125, 7.875]},
			"faces": {
				"north": {"uv": [4.5, 1, 7.6875, 1.625], "texture": "#0"},
				"east": {"uv": [10, 11, 10.09375, 11.625], "texture": "#0"},
				"south": {"uv": [3, 5, 6.1875, 5.625], "texture": "#0"},
				"west": {"uv": [10.5, 11, 10.59375, 11.625], "texture": "#0"},
				"up": {"uv": [12.6875, 5.59375, 9.5, 5.5], "texture": "#0"},
				"down": {"uv": [10.1875, 9.5, 7, 9.59375], "texture": "#0"}
			}
		},
		{
			"from": [5, -0.125, 10.6875],
			"to": [11.375, 1.125, 10.875],
			"rotation": {"angle": 0, "axis": "y", "origin": [4, 0.3125, 9.375]},
			"faces": {
				"north": {"uv": [5, 3, 8.1875, 3.625], "texture": "#0"},
				"east": {"uv": [11, 10.5, 11.09375, 11.125], "texture": "#0"},
				"south": {"uv": [5, 4, 8.1875, 4.625], "texture": "#0"},
				"west": {"uv": [0, 11.5, 0.09375, 12.125], "texture": "#0"},
				"up": {"uv": [3.1875, 10.09375, 0, 10], "texture": "#0"},
				"down": {"uv": [13.1875, 0, 10, 0.09375], "texture": "#0"}
			}
		},
		{
			"from": [4.9375, -0.125, 9.1875],
			"to": [5, 1.125, 10.875],
			"rotation": {"angle": 0, "axis": "y", "origin": [4, 0.3125, 9.375]},
			"faces": {
				"north": {"uv": [11.5, 6, 11.53125, 6.625], "texture": "#0"},
				"east": {"uv": [8.5, 4, 9.34375, 4.625], "texture": "#0"},
				"south": {"uv": [6.5, 11.5, 6.53125, 12.125], "texture": "#0"},
				"west": {"uv": [4.5, 8.5, 5.34375, 9.125], "texture": "#0"},
				"up": {"uv": [5.53125, 12.34375, 5.5, 11.5], "texture": "#0"},
				"down": {"uv": [6.03125, 11.5, 6, 12.34375], "texture": "#0"}
			}
		},
		{
			"from": [4.4375, 0, 9.625],
			"to": [5, 1, 10.625],
			"rotation": {"angle": 0, "axis": "y", "origin": [4, 0.3125, 9.375]},
			"faces": {
				"north": {"uv": [11, 1, 11.28125, 1.5], "texture": "#0"},
				"east": {"uv": [1.5, 8, 2, 8.5], "texture": "#0"},
				"south": {"uv": [1.5, 11, 1.78125, 11.5], "texture": "#0"},
				"west": {"uv": [10, 8.5, 10.5, 9], "texture": "#0"},
				"up": {"uv": [2.28125, 11.5, 2, 11], "texture": "#0"},
				"down": {"uv": [2.78125, 11, 2.5, 11.5], "texture": "#0"}
			}
		},
		{
			"from": [10.8125, -0.0625, 9.375],
			"to": [11.3125, 1.0625, 10.6875],
			"rotation": {"angle": 0, "axis": "y", "origin": [11.8125, 0.3125, 10.9375]},
			"faces": {
				"north": {"uv": [1.5, 11, 1.78125, 11.5], "texture": "#0"},
				"east": {"uv": [10, 8.5, 10.5, 9], "texture": "#0"},
				"south": {"uv": [11, 1, 11.28125, 1.5], "texture": "#0"},
				"west": {"uv": [1.5, 8, 2, 8.5], "texture": "#0"},
				"up": {"uv": [2.28125, 11.5, 2, 11], "rotation": 180, "texture": "#0"},
				"down": {"uv": [2.78125, 11, 2.5, 11.5], "rotation": 180, "texture": "#0"}
			}
		},
		{
			"from": [13, 0.25, 7],
			"to": [15, 0.75, 7.75],
			"rotation": {"angle": 0, "axis": "y", "origin": [13, 0, 6]},
			"faces": {
				"north": {"uv": [8, 10, 9, 10.25], "texture": "#0"},
				"east": {"uv": [4, 11, 4.375, 11.25], "texture": "#0"},
				"south": {"uv": [10, 8, 11, 8.25], "texture": "#0"},
				"west": {"uv": [4.5, 11, 4.875, 11.25], "texture": "#0"},
				"up": {"uv": [10.5, 2.375, 9.5, 2], "texture": "#0"},
				"down": {"uv": [10.5, 2.5, 9.5, 2.875], "texture": "#0"}
			}
		},
		{
			"from": [11, 0, 8],
			"to": [13, 1, 8.9375],
			"rotation": {"angle": 0, "axis": "y", "origin": [11, 0, 7]},
			"faces": {
				"north": {"uv": [9, 0, 10, 0.5], "texture": "#0"},
				"east": {"uv": [9, 10, 9.46875, 10.5], "texture": "#0"},
				"south": {"uv": [9, 0.5, 10, 1], "texture": "#0"},
				"west": {"uv": [10, 9, 10.46875, 9.5], "texture": "#0"},
				"up": {"uv": [10, 1.96875, 9, 1.5], "texture": "#0"},
				"down": {"uv": [3, 9, 2, 9.46875], "texture": "#0"}
			}
		},
		{
			"from": [5.625, 0.25, 5.75],
			"to": [7.75, 0.75, 7],
			"rotation": {"angle": -22.5, "axis": "y", "origin": [5.6875, 0, 7]},
			"faces": {
				"north": {"uv": [3.5, 10, 4.5625, 10.25], "texture": "#0"},
				"east": {"uv": [10.5, 9.5, 11.125, 9.75], "texture": "#0"},
				"south": {"uv": [10, 3.5, 11.0625, 3.75], "texture": "#0"},
				"west": {"uv": [10, 10.5, 10.625, 10.75], "texture": "#0"},
				"up": {"uv": [8.5625, 8.125, 7.5, 7.5], "texture": "#0"},
				"down": {"uv": [1.0625, 8, 0, 8.625], "texture": "#0"}
			}
		},
		{
			"from": [4.99232, 0.3125, 4.01362],
			"to": [5.74232, 0.6875, 6.95112],
			"rotation": {"angle": 22.5, "axis": "y", "origin": [5.375, 0, 5]},
			"faces": {
				"north": {"uv": [11, 8, 11.375, 8.1875], "texture": "#0"},
				"east": {"uv": [10, 1.5, 11.46875, 1.6875], "texture": "#0"},
				"south": {"uv": [8.5, 11, 8.875, 11.1875], "texture": "#0"},
				"west": {"uv": [10, 3, 11.46875, 3.1875], "texture": "#0"},
				"up": {"uv": [5.875, 9.46875, 5.5, 8], "texture": "#0"},
				"down": {"uv": [4.375, 8.5, 4, 9.96875], "texture": "#0"}
			}
		},
		{
			"from": [6.49232, 0.3125, 4.88862],
			"to": [8.05482, 0.6875, 6.95112],
			"rotation": {"angle": 22.5, "axis": "y", "origin": [6.875, 0, 5]},
			"faces": {
				"north": {"uv": [10.5, 10, 11.28125, 10.1875], "texture": "#0"},
				"east": {"uv": [10.5, 4.5, 11.53125, 4.6875], "texture": "#0"},
				"south": {"uv": [0, 11, 0.78125, 11.1875], "texture": "#0"},
				"west": {"uv": [5.5, 10.5, 6.53125, 10.6875], "texture": "#0"},
				"up": {"uv": [4.78125, 7.53125, 4, 6.5], "texture": "#0"},
				"down": {"uv": [5.78125, 6.5, 5, 7.53125], "texture": "#0"}
			}
		},
		{
			"from": [5.57612, 0.25, 4.75768],
			"to": [7.20112, 0.75, 5.38268],
			"rotation": {"angle": 0, "axis": "y", "origin": [5.6875, 0, 5]},
			"faces": {
				"north": {"uv": [0, 10.5, 0.8125, 10.75], "texture": "#0"},
				"east": {"uv": [5, 11, 5.3125, 11.25], "texture": "#0"},
				"south": {"uv": [1, 10.5, 1.8125, 10.75], "texture": "#0"},
				"west": {"uv": [11, 5, 11.3125, 5.25], "texture": "#0"},
				"up": {"uv": [5.8125, 10.3125, 5, 10], "texture": "#0"},
				"down": {"uv": [6.8125, 10, 6, 10.3125], "texture": "#0"}
			}
		},
		{
			"from": [3.75, 0, 7],
			"to": [5, 1, 9],
			"rotation": {"angle": 0, "axis": "y", "origin": [3, 0, 7]},
			"faces": {
				"north": {"uv": [4.5, 9.5, 5.125, 10], "texture": "#0"},
				"east": {"uv": [8, 8.5, 9, 9], "texture": "#0"},
				"south": {"uv": [9.5, 4.5, 10.125, 5], "texture": "#0"},
				"west": {"uv": [0, 9, 1, 9.5], "texture": "#0"},
				"up": {"uv": [9.125, 3, 8.5, 2], "texture": "#0"},
				"down": {"uv": [3.625, 8.5, 3, 9.5], "texture": "#0"}
			}
		},
		{
			"from": [1, 0, 6],
			"to": [3.75, 1, 8.9375],
			"rotation": {"angle": 0, "axis": "y", "origin": [1, 0, 7]},
			"faces": {
				"north": {"uv": [7.5, 6.5, 8.875, 7], "texture": "#0"},
				"east": {"uv": [6.5, 5, 7.96875, 5.5], "texture": "#0"},
				"south": {"uv": [7.5, 7, 8.875, 7.5], "texture": "#0"},
				"west": {"uv": [6.5, 5.5, 7.96875, 6], "texture": "#0"},
				"up": {"uv": [1.375, 6.46875, 0, 5], "texture": "#0"},
				"down": {"uv": [2.875, 5, 1.5, 6.46875], "texture": "#0"}
			}
		},
		{
			"from": [3.75, 0, 6.1875],
			"to": [5.6875, 1, 7],
			"rotation": {"angle": 0, "axis": "y", "origin": [1, 0, 7]},
			"faces": {
				"north": {"uv": [1, 9, 1.96875, 9.5], "texture": "#0"},
				"east": {"uv": [9.5, 10, 9.90625, 10.5], "texture": "#0"},
				"south": {"uv": [9, 1, 9.96875, 1.5], "texture": "#0"},
				"west": {"uv": [10, 10, 10.40625, 10.5], "texture": "#0"},
				"up": {"uv": [1.96875, 9.90625, 1, 9.5], "texture": "#0"},
				"down": {"uv": [2.96875, 9.5, 2, 9.90625], "texture": "#0"}
			}
		},
		{
			"from": [-0.8125, 0, 5.8125],
			"to": [1, 1, 9],
			"rotation": {"angle": 0, "axis": "y", "origin": [-1, 0, 7]},
			"faces": {
				"north": {"uv": [9, 6.5, 9.90625, 7], "texture": "#0"},
				"east": {"uv": [6.5, 2, 8.09375, 2.5], "texture": "#0"},
				"south": {"uv": [9, 7, 9.90625, 7.5], "texture": "#0"},
				"west": {"uv": [6.5, 2.5, 8.09375, 3], "texture": "#0"},
				"up": {"uv": [2.90625, 8.09375, 2, 6.5], "texture": "#0"},
				"down": {"uv": [3.90625, 6.5, 3, 8.09375], "texture": "#0"}
			}
		}
	],
	"display": {
		"thirdperson_righthand": {
			"rotation": [-89.4, -9.86, 80.75],
			"translation": [-8.25, -0.5, -2.25],
			"scale": [1.3, 1.3, 1.3]
		},
		"thirdperson_lefthand": {
			"rotation": [-88.29, -6.48, -87.14],
			"translation": [11.25, 3.75, -1.75],
			"scale": [1.3, 1.3, 1.3]
		},
		"firstperson_righthand": {
			"rotation": [-87.84, -1.85, 79.91],
			"translation": [-3.25, 3.75, 1.75]
		},
		"firstperson_lefthand": {
			"rotation": [-87.84, 0, -86],
			"translation": [1.75, 5.75, 3.5]
		},
		"gui": {
			"rotation": [-88.75, 36.48, 172.41]
		},
		"head": {
			"rotation": [-90, 0, 90],
			"translation": [-30, 4.75, -6.5],
			"scale": [4, 4, 4]
		},
		"fixed": {
			"rotation": [-90, 0, 0],
			"translation": [0, 0, -20.5],
			"scale": [2.5, 2.5, 2.5]
		}
	}
}