{
	"credit": "Made with Blockbench",
	"textures": {
		"0": "item/poland",
		"particle": "poland"
	},
	"elements": [
		{
			"from": [4.26, 0, 4.26],
			"to": [11.74, 0.935, 11.74],
			"rotation": {"angle": 0, "axis": "y", "origin": [4.26, 0, 4.26]},
			"faces": {
				"north": {"uv": [8, 2, 10, 2.25], "texture": "#0"},
				"east": {"uv": [3, 8, 5, 8.25], "texture": "#0"},
				"south": {"uv": [8, 3, 10, 3.25], "texture": "#0"},
				"west": {"uv": [8, 4, 10, 4.25], "texture": "#0"},
				"up": {"uv": [7, 2, 5, 0], "texture": "#0"},
				"down": {"uv": [7, 2, 5, 4], "texture": "#0"}
			}
		},
		{
			"from": [7.065, 0, 7.065],
			"to": [8.935, 30.15375, 8.935],
			"rotation": {"angle": 0, "axis": "y", "origin": [4.26, 0, 4.26]},
			"faces": {
				"north": {"uv": [5, 4, 5.5, 12], "texture": "#0"},
				"east": {"uv": [6, 4, 6.5, 12], "texture": "#0"},
				"south": {"uv": [7, 0, 7.5, 8], "texture": "#0"},
				"west": {"uv": [0, 8, 0.5, 16], "texture": "#0"},
				"up": {"uv": [8.5, 5.5, 8, 5], "texture": "#0"},
				"down": {"uv": [8.5, 6, 8, 6.5], "texture": "#0"}
			}
		},
		{
			"from": [-10.7, 18.2325, 7.76625],
			"to": [7.065, 30.15375, 8.23375],
			"rotation": {"angle": 0, "axis": "y", "origin": [4.26, 0, 4.26]},
			"faces": {
				"north": {"uv": [0, 0, 4.75, 3.25], "texture": "#0"},
				"east": {"uv": [1, 8, 1.25, 11.25], "texture": "#0"},
				"south": {"uv": [0, 4, 4.75, 7.25], "texture": "#0"},
				"west": {"uv": [2, 8, 2.25, 11.25], "texture": "#0"},
				"up": {"uv": [12.75, 0.25, 8, 0], "texture": "#0"},
				"down": {"uv": [12.75, 1, 8, 1.25], "texture": "#0"}
			}
		}
	],
	"display": {
		"thirdperson_righthand": {
			"rotation": [9.25, 0, 0],
			"translation": [0, 8, 3]
		},
		"thirdperson_lefthand": {
			"rotation": [9.25, 0, 0],
			"translation": [0, 8, 3]
		},
		"firstperson_righthand": {
			"rotation": [0, 122, 0],
			"translation": [-3.5, -8, -7.75]
		},
		"firstperson_lefthand": {
			"rotation": [0, 122, 0],
			"translation": [-3.5, -8, -7.75]
		},
		"ground": {
			"translation": [0, 10.75, 0],
			"scale": [2.75, 2.72, 2.7]
		},
		"gui": {
			"rotation": [0, -180, 30],
			"translation": [-5.25, -1.75, 0],
			"scale": [0.54, 0.52, 0.51]
		},
		"head": {
			"translation": [0, 17.5, 0],
			"scale": [1.58, 1.49, 1.58]
		},
		"fixed": {
			"rotation": [-90, 0, 0],
			"translation": [0, 0, -29.75],
			"scale": [4, 4, 4]
		}
	}
}