{
	"credit": "Made with Blockbench",
	"texture_size": [32, 32],
	"textures": {
		"0": "item/mower",
		"particle": "item/mower"
	},
	"elements": [
		{
			"from": [3, 0.5, 1.125],
			"to": [13, 2.5, 13],
			"rotation": {"angle": 0, "axis": "y", "origin": [7, 0.5, 7]},
			"faces": {
				"north": {"uv": [0, 8.5, 5, 9.5], "texture": "#0"},
				"east": {"uv": [6, 5.5, 11.375, 6.5], "texture": "#0"},
				"south": {"uv": [0, 9.5, 5, 10.5], "texture": "#0"},
				"west": {"uv": [6, 6.5, 11.375, 7.5], "texture": "#0"},
				"up": {"uv": [5, 5.375, 0, 0], "texture": "#0"},
				"down": {"uv": [10, 0, 5, 5.375], "texture": "#0"}
			}
		},
		{
			"from": [13, 0.1875, 1.3125],
			"to": [14, 2.1875, 3.375],
			"rotation": {"angle": 0, "axis": "y", "origin": [8, -0.0625, 6.375]},
			"faces": {
				"north": {"uv": [4.5, 10.5, 5, 11.625], "texture": "#0"},
				"east": {"uv": [2.5, 10.5, 3.5, 11.625], "texture": "#0"},
				"south": {"uv": [10.5, 11.5, 11, 12.625], "texture": "#0"},
				"west": {"uv": [3.5, 10.5, 4.5, 11.625], "texture": "#0"},
				"up": {"uv": [5, 13, 4.5, 12], "texture": "#0"},
				"down": {"uv": [12.5, 10.5, 12, 11.5], "texture": "#0"}
			}
		},
		{
			"from": [13, 0.1875, 10.9375],
			"to": [14, 2.1875, 13],
			"rotation": {"angle": 0, "axis": "y", "origin": [8, -0.0625, 16]},
			"faces": {
				"north": {"uv": [11.5, 10.5, 12, 11.625], "texture": "#0"},
				"east": {"uv": [6, 10.5, 7, 11.625], "texture": "#0"},
				"south": {"uv": [11, 11.5, 11.5, 12.625], "texture": "#0"},
				"west": {"uv": [7, 10.5, 8, 11.625], "texture": "#0"},
				"up": {"uv": [12, 13, 11.5, 12], "texture": "#0"},
				"down": {"uv": [12.5, 11.5, 12, 12.5], "texture": "#0"}
			}
		},
		{
			"from": [2, 0.1875, 10.9375],
			"to": [3, 2.1875, 13],
			"rotation": {"angle": 0, "axis": "y", "origin": [-3, -0.0625, 16]},
			"faces": {
				"north": {"uv": [3.5, 12, 4, 13.125], "texture": "#0"},
				"east": {"uv": [10.5, 10, 11.5, 11.125], "texture": "#0"},
				"south": {"uv": [4, 12, 4.5, 13.125], "texture": "#0"},
				"west": {"uv": [11.5, 5.5, 12.5, 6.625], "texture": "#0"},
				"up": {"uv": [7, 13.5, 6.5, 12.5], "texture": "#0"},
				"down": {"uv": [7.5, 12.5, 7, 13.5], "texture": "#0"}
			}
		},
		{
			"from": [2, 0.1875, 1.3125],
			"to": [3, 2.1875, 3.375],
			"rotation": {"angle": 0, "axis": "y", "origin": [-3, -0.0625, 6.375]},
			"faces": {
				"north": {"uv": [2.5, 12, 3, 13.125], "texture": "#0"},
				"east": {"uv": [8, 10.5, 9, 11.625], "texture": "#0"},
				"south": {"uv": [3, 12, 3.5, 13.125], "texture": "#0"},
				"west": {"uv": [9, 10.5, 10, 11.625], "texture": "#0"},
				"up": {"uv": [13, 6.5, 12.5, 5.5], "texture": "#0"},
				"down": {"uv": [6.5, 12.5, 6, 13.5], "texture": "#0"}
			}
		},
		{
			"from": [12.125, 2.125, 11.9375],
			"to": [12.9375, 12.9375, 12.75],
			"rotation": {"angle": 45, "axis": "x", "origin": [12.9375, 2.1875, 12.25]},
			"faces": {
				"north": {"uv": [5, 8.5, 5.375, 13.875], "texture": "#0"},
				"east": {"uv": [5.5, 8.5, 5.875, 13.875], "texture": "#0"},
				"south": {"uv": [10, 9, 10.375, 14.375], "texture": "#0"},
				"west": {"uv": [0, 10.5, 0.375, 15.875], "texture": "#0"},
				"up": {"uv": [12.875, 6.875, 12.5, 6.5], "texture": "#0"},
				"down": {"uv": [7.875, 12.5, 7.5, 12.875], "texture": "#0"}
			}
		},
		{
			"from": [3.125, 12.125, 11.9375],
			"to": [12.125, 12.9375, 12.75],
			"rotation": {"angle": 45, "axis": "x", "origin": [12.9375, 2.1875, 12.25]},
			"faces": {
				"north": {"uv": [10, 4.5, 14.5, 4.875], "texture": "#0"},
				"east": {"uv": [9, 12.5, 9.375, 12.875], "texture": "#0"},
				"south": {"uv": [10, 5, 14.5, 5.375], "texture": "#0"},
				"west": {"uv": [9.5, 12.5, 9.875, 12.875], "texture": "#0"},
				"up": {"uv": [15, 9.375, 10.5, 9], "texture": "#0"},
				"down": {"uv": [15, 9.5, 10.5, 9.875], "texture": "#0"}
			}
		},
		{
			"from": [3.0625, 2.125, 11.9375],
			"to": [3.875, 12.9375, 12.75],
			"rotation": {"angle": 45, "axis": "x", "origin": [3.875, 2.1875, 12.25]},
			"faces": {
				"north": {"uv": [0.5, 10.5, 0.875, 15.875], "texture": "#0"},
				"east": {"uv": [1, 10.5, 1.375, 15.875], "texture": "#0"},
				"south": {"uv": [1.5, 10.5, 1.875, 15.875], "texture": "#0"},
				"west": {"uv": [2, 10.5, 2.375, 15.875], "texture": "#0"},
				"up": {"uv": [8.375, 12.875, 8, 12.5], "texture": "#0"},
				"down": {"uv": [8.875, 12.5, 8.5, 12.875], "texture": "#0"}
			}
		},
		{
			"from": [5, 2.5, 5],
			"to": [11, 5.5, 11],
			"rotation": {"angle": 0, "axis": "y", "origin": [7, 0.5, 7]},
			"faces": {
				"north": {"uv": [10, 0, 13, 1.5], "texture": "#0"},
				"east": {"uv": [10, 1.5, 13, 3], "texture": "#0"},
				"south": {"uv": [10, 3, 13, 4.5], "texture": "#0"},
				"west": {"uv": [10, 7.5, 13, 9], "texture": "#0"},
				"up": {"uv": [3, 8.5, 0, 5.5], "texture": "#0"},
				"down": {"uv": [6, 5.5, 3, 8.5], "texture": "#0"}
			}
		},
		{
			"from": [6, 5.5, 5.75],
			"to": [10, 5.9375, 11],
			"rotation": {"angle": 0, "axis": "y", "origin": [7, 0.5, 7]},
			"faces": {
				"north": {"uv": [6, 12, 8, 12.25], "texture": "#0"},
				"east": {"uv": [11.5, 7, 14.125, 7.25], "texture": "#0"},
				"south": {"uv": [8, 12, 10, 12.25], "texture": "#0"},
				"west": {"uv": [11.5, 10, 14.125, 10.25], "texture": "#0"},
				"up": {"uv": [8, 10.125, 6, 7.5], "texture": "#0"},
				"down": {"uv": [10, 7.5, 8, 10.125], "texture": "#0"}
			}
		}
	],
	"display": {
		"thirdperson_righthand": {
			"rotation": [68, 0, 0],
			"translation": [-5.5, 11.5, -6.5],
			"scale": [1.19727, 1.57422, 1.25781]
		},
		"thirdperson_lefthand": {
			"rotation": [68, 0, 0],
			"translation": [-5.5, 11.5, -6.5],
			"scale": [1.19727, 1.57422, 1.25781]
		},
		"firstperson_righthand": {
			"translation": [-9, 3.75, 0]
		},
		"firstperson_lefthand": {
			"translation": [-9, 3.75, 0]
		},
		"ground": {
			"translation": [0, 3.25, 0]
		},
		"gui": {
			"rotation": [38, 146, 0],
			"translation": [0, 1.5, 0]
		},
		"head": {
			"translation": [0, 13.75, 0]
		},
		"fixed": {
			"rotation": [-90, 0, 0],
			"translation": [0, 3.5, -26.5],
			"scale": [2.59, 3.51, 2.75]
		}
	}
}