{
	"credit": "Made with Blockbench",
	"texture_size": [128, 128],
	"textures": {
		"0": "item/desert",
		"particle": "item/desert"
	},
	"elements": [
		{
			"from": [5.45625, 1.585, -2.7525],
			"to": [10.37625, 4.17, 18.92625],
			"rotation": {"angle": 0, "axis": "y", "origin": [5.45625, 0.97, 4.6275]},
			"faces": {
				"north": {"uv": [5, 1.125, 5.61328, 1.44922], "texture": "#0"},
				"east": {"uv": [2.5, 2.5, 5.21094, 2.82422], "texture": "#0"},
				"south": {"uv": [2.25, 5.125, 2.86328, 5.44922], "texture": "#0"},
				"west": {"uv": [2.5, 2.875, 5.21094, 3.19922], "texture": "#0"},
				"up": {"uv": [0.61328, 2.71094, 0, 0], "texture": "#0"},
				"down": {"uv": [1.23828, 0, 0.625, 2.71094], "texture": "#0"}
			}
		},
		{
			"from": [2.99625, 1.62618, 1.93511],
			"to": [3.61125, 4.02368, 2.16511],
			"rotation": {"angle": 0, "axis": "x", "origin": [12.22125, 3.07, 1.5175]},
			"faces": {
				"north": {"uv": [0, 7.875, 0.07813, 8.17578], "texture": "#0"},
				"east": {"uv": [0.375, 8.375, 0.40234, 8.67578], "texture": "#0"},
				"south": {"uv": [0.125, 7.875, 0.20313, 8.17578], "texture": "#0"},
				"west": {"uv": [0.5, 8.375, 0.52734, 8.67578], "texture": "#0"},
				"up": {"uv": [8.70313, 8.27734, 8.625, 8.25], "texture": "#0"},
				"down": {"uv": [8.70313, 8.375, 8.625, 8.40234], "texture": "#0"}
			}
		},
		{
			"from": [-12.30125, 4.045, 9.73125],
			"to": [-10.30125, 4.3525, 14.09375],
			"rotation": {"angle": 22.5, "axis": "y", "origin": [-8.8425, 0.97, 6.71375]},
			"faces": {
				"north": {"uv": [6.25, 8.25, 6.5, 8.28906], "texture": "#0"},
				"east": {"uv": [7.875, 5.875, 8.42188, 5.91406], "texture": "#0"},
				"south": {"uv": [8.25, 6.75, 8.5, 6.78906], "texture": "#0"},
				"west": {"uv": [7.875, 6, 8.42188, 6.03906], "texture": "#0"},
				"up": {"uv": [3.875, 6.29688, 3.625, 5.75], "texture": "#0"},
				"down": {"uv": [4.125, 5.75, 3.875, 6.29688], "texture": "#0"}
			}
		},
		{
			"from": [-13.05125, 4.045, 10.23125],
			"to": [-12.30125, 4.3525, 14.09375],
			"rotation": {"angle": 22.5, "axis": "y", "origin": [-8.8425, 0.97, 6.71375]},
			"faces": {
				"north": {"uv": [6.5, 8.5, 6.59375, 8.53906], "texture": "#0"},
				"east": {"uv": [8, 2.75, 8.48438, 2.78906], "texture": "#0"},
				"south": {"uv": [8.5, 6.5, 8.59375, 6.53906], "texture": "#0"},
				"west": {"uv": [8, 2.875, 8.48438, 2.91406], "texture": "#0"},
				"up": {"uv": [1.21875, 5.35938, 1.125, 4.875], "texture": "#0"},
				"down": {"uv": [5.71875, 1.125, 5.625, 1.60938], "texture": "#0"}
			}
		},
		{
			"from": [10.37625, -4.565, 5.14625],
			"to": [12.22125, -1.4175, 5.2325],
			"rotation": {"angle": -45, "axis": "x", "origin": [12.22125, -5.18, -3.9825]},
			"faces": {
				"north": {"uv": [0.75, 6, 0.98047, 6.39453], "texture": "#0"},
				"east": {"uv": [5, 8.5, 5.01172, 8.89453], "texture": "#0"},
				"south": {"uv": [0.75, 6.5, 0.98047, 6.89453], "texture": "#0"},
				"west": {"uv": [5.125, 8.5, 5.13672, 8.89453], "texture": "#0"},
				"up": {"uv": [8.85547, 3.51172, 8.625, 3.5], "texture": "#0"},
				"down": {"uv": [3.85547, 8.625, 3.625, 8.63672], "texture": "#0"}
			}
		},
		{
			"from": [6.85375, 3.1225, -3.05625],
			"to": [9.055, 5.5825, 3.09],
			"rotation": {"angle": 0, "axis": "x", "origin": [4.6875, 2.5075, 2.32125]},
			"faces": {
				"north": {"uv": [6.25, 6.625, 6.52344, 6.93359], "texture": "#0"},
				"east": {"uv": [4, 0, 4.76953, 0.30859], "texture": "#0"},
				"south": {"uv": [6.75, 0, 7.02344, 0.30859], "texture": "#0"},
				"west": {"uv": [4.375, 0.375, 5.14453, 0.68359], "texture": "#0"},
				"up": {"uv": [4.77344, 4.01953, 4.5, 3.25], "texture": "#0"},
				"down": {"uv": [4.89844, 0.75, 4.625, 1.51953], "texture": "#0"}
			}
		},
		{
			"from": [6.225, 1.73875, -7.6725],
			"to": [7.91625, 3.89125, -5.2125],
			"rotation": {"angle": 0, "axis": "y", "origin": [10.37625, 0.97, -3.9825]},
			"faces": {
				"north": {"uv": [7.375, 3.875, 7.58594, 4.14453], "texture": "#0"},
				"east": {"uv": [4.25, 6.875, 4.55859, 7.14453], "texture": "#0"},
				"south": {"uv": [6.125, 7.375, 6.33594, 7.64453], "texture": "#0"},
				"west": {"uv": [6.875, 4.25, 7.18359, 4.51953], "texture": "#0"},
				"up": {"uv": [3.83594, 7.43359, 3.625, 7.125], "texture": "#0"},
				"down": {"uv": [7.33594, 3.875, 7.125, 4.18359], "texture": "#0"}
			}
		},
		{
			"from": [7.91625, 1.73875, -7.6725],
			"to": [9.6075, 3.89125, -5.2125],
			"rotation": {"angle": 0, "axis": "y", "origin": [5.45625, 0.97, -3.9825]},
			"faces": {
				"north": {"uv": [7.375, 6.25, 7.58594, 6.51953], "texture": "#0"},
				"east": {"uv": [4.625, 6.875, 4.93359, 7.14453], "texture": "#0"},
				"south": {"uv": [6.375, 7.375, 6.58594, 7.64453], "texture": "#0"},
				"west": {"uv": [5.875, 6.875, 6.18359, 7.14453], "texture": "#0"},
				"up": {"uv": [7.33594, 7.30859, 7.125, 7], "texture": "#0"},
				"down": {"uv": [4.46094, 7.25, 4.25, 7.55859], "texture": "#0"}
			}
		},
		{
			"from": [6.66625, 1.8925, 1.615],
			"to": [9.2425, 4.3525, 5.39625],
			"rotation": {"angle": 22.5, "axis": "x", "origin": [3.6875, 1.2775, 5.2425]},
			"faces": {
				"north": {"uv": [6.375, 1.875, 6.69531, 2.18359], "texture": "#0"},
				"east": {"uv": [0, 5.625, 0.47266, 5.93359], "texture": "#0"},
				"south": {"uv": [2, 6.375, 2.32031, 6.68359], "texture": "#0"},
				"west": {"uv": [0.5, 5.625, 0.97266, 5.93359], "texture": "#0"},
				"up": {"uv": [4.69531, 5.97266, 4.375, 5.5], "texture": "#0"},
				"down": {"uv": [5.07031, 5.5, 4.75, 5.97266], "texture": "#0"}
			}
		},
		{
			"from": [6.66625, 3.07757, -3.17725],
			"to": [9.2425, 5.60007, -2.9585],
			"rotation": {"angle": 0, "axis": "x", "origin": [3.6875, 4.2775, -3.2575]},
			"faces": {
				"north": {"uv": [6.375, 0, 6.69531, 0.31641], "texture": "#0"},
				"east": {"uv": [8.25, 7.25, 8.27734, 7.56641], "texture": "#0"},
				"south": {"uv": [0.375, 6.375, 0.69531, 6.69141], "texture": "#0"},
				"west": {"uv": [7.625, 8.25, 7.65234, 8.56641], "texture": "#0"},
				"up": {"uv": [8.57031, 7.15234, 8.25, 7.125], "texture": "#0"},
				"down": {"uv": [7.57031, 8.25, 7.25, 8.27734], "texture": "#0"}
			}
		},
		{
			"from": [7.41625, 3.07757, -4.80225],
			"to": [8.4925, 4.91257, -4.5835],
			"rotation": {"angle": 0, "axis": "x", "origin": [3.6875, 4.2775, -4.8825]},
			"faces": {
				"north": {"uv": [7.25, 7.625, 7.38281, 7.85547], "texture": "#0"},
				"east": {"uv": [7.125, 8.375, 7.15234, 8.60547], "texture": "#0"},
				"south": {"uv": [7.625, 7.375, 7.75781, 7.60547], "texture": "#0"},
				"west": {"uv": [7.25, 8.375, 7.27734, 8.60547], "texture": "#0"},
				"up": {"uv": [8.63281, 7.52734, 8.5, 7.5], "texture": "#0"},
				"down": {"uv": [8.63281, 7.625, 8.5, 7.65234], "texture": "#0"}
			}
		},
		{
			"from": [6.66625, 3.07757, 0.57275],
			"to": [9.2425, 5.66257, 0.854],
			"rotation": {"angle": 0, "axis": "x", "origin": [3.6875, 4.2775, 0.7425]},
			"faces": {
				"north": {"uv": [6.25, 4.375, 6.57031, 4.69922], "texture": "#0"},
				"east": {"uv": [4, 8.25, 4.03516, 8.57422], "texture": "#0"},
				"south": {"uv": [6.25, 5.125, 6.57031, 5.44922], "texture": "#0"},
				"west": {"uv": [4.125, 8.25, 4.16016, 8.57422], "texture": "#0"},
				"up": {"uv": [4.94531, 8.28516, 4.625, 8.25], "texture": "#0"},
				"down": {"uv": [8.57031, 4.75, 8.25, 4.78516], "texture": "#0"}
			}
		},
		{
			"from": [7.41625, 3.9785, -7.45743],
			"to": [7.4925, 4.25975, -4.55993],
			"rotation": {"angle": -22.5, "axis": "x", "origin": [4.4375, 4.09, -6.2575]},
			"faces": {
				"north": {"uv": [4.875, 8.75, 4.88281, 8.78516], "texture": "#0"},
				"east": {"uv": [8.25, 2.25, 8.61328, 2.28516], "texture": "#0"},
				"south": {"uv": [8.75, 4.875, 8.75781, 4.91016], "texture": "#0"},
				"west": {"uv": [2.75, 8.25, 3.11328, 8.28516], "texture": "#0"},
				"up": {"uv": [0.88281, 8.98828, 0.875, 8.625], "texture": "#0"},
				"down": {"uv": [1.00781, 8.625, 1, 8.98828], "texture": "#0"}
			}
		},
		{
			"from": [8.41625, 3.9785, -7.45743],
			"to": [8.4925, 4.25975, -4.55993],
			"rotation": {"angle": -22.5, "axis": "x", "origin": [5.4375, 4.09, -6.2575]},
			"faces": {
				"north": {"uv": [8.75, 5, 8.75781, 5.03516], "texture": "#0"},
				"east": {"uv": [3.125, 8.25, 3.48828, 8.28516], "texture": "#0"},
				"south": {"uv": [8.75, 5.125, 8.75781, 5.16016], "texture": "#0"},
				"west": {"uv": [3.5, 8.25, 3.86328, 8.28516], "texture": "#0"},
				"up": {"uv": [1.13281, 8.98828, 1.125, 8.625], "texture": "#0"},
				"down": {"uv": [1.38281, 8.625, 1.375, 8.98828], "texture": "#0"}
			}
		},
		{
			"from": [7.58475, 9.58, 17.235],
			"to": [8.29875, 12.95125, 19.685],
			"rotation": {"angle": 22.5, "axis": "x", "origin": [11.145, 8.19625, 6.62625]},
			"faces": {
				"north": {"uv": [6.875, 7.5, 6.96484, 7.92188], "texture": "#0"},
				"east": {"uv": [2, 5.875, 2.30469, 6.29688], "texture": "#0"},
				"south": {"uv": [0.875, 7.625, 0.96484, 8.04688], "texture": "#0"},
				"west": {"uv": [2.375, 5.875, 2.67969, 6.29688], "texture": "#0"},
				"up": {"uv": [4.08984, 8.05469, 4, 7.75], "texture": "#0"},
				"down": {"uv": [7.83984, 5.25, 7.75, 5.55469], "texture": "#0"}
			}
		},
		{
			"from": [26.13375, 4.045, 9.73125],
			"to": [28.13375, 4.3525, 14.09375],
			"rotation": {"angle": -22.5, "axis": "y", "origin": [24.675, 0.97, 6.71375]},
			"faces": {
				"north": {"uv": [7, 8.25, 7.25, 8.28906], "texture": "#0"},
				"east": {"uv": [7.875, 6.125, 8.42188, 6.16406], "texture": "#0"},
				"south": {"uv": [8.25, 7, 8.5, 7.03906], "texture": "#0"},
				"west": {"uv": [7.875, 6.25, 8.42188, 6.28906], "texture": "#0"},
				"up": {"uv": [4.375, 6.29688, 4.125, 5.75], "texture": "#0"},
				"down": {"uv": [2, 5.875, 1.75, 6.42188], "texture": "#0"}
			}
		},
		{
			"from": [28.13375, 4.045, 10.23125],
			"to": [28.88375, 4.3525, 14.09375],
			"rotation": {"angle": -22.5, "axis": "y", "origin": [24.675, 0.97, 6.71375]},
			"faces": {
				"north": {"uv": [8.5, 6.75, 8.59375, 6.78906], "texture": "#0"},
				"east": {"uv": [3, 8, 3.48438, 8.03906], "texture": "#0"},
				"south": {"uv": [8.5, 6.875, 8.59375, 6.91406], "texture": "#0"},
				"west": {"uv": [8, 3, 8.48438, 3.03906], "texture": "#0"},
				"up": {"uv": [2.84375, 6.35938, 2.75, 5.875], "texture": "#0"},
				"down": {"uv": [5.59375, 5.875, 5.5, 6.35938], "texture": "#0"}
			}
		},
		{
			"from": [12.52875, 4.045, 9.48125],
			"to": [26.13375, 4.3525, 14.09375],
			"rotation": {"angle": -22.5, "axis": "y", "origin": [24.675, 0.97, 6.71375]},
			"faces": {
				"north": {"uv": [6.875, 1.25, 8.57422, 1.28906], "texture": "#0"},
				"east": {"uv": [7.875, 0, 8.45313, 0.03906], "texture": "#0"},
				"south": {"uv": [6.875, 4.625, 8.57422, 4.66406], "texture": "#0"},
				"west": {"uv": [7.875, 0.125, 8.45313, 0.16406], "texture": "#0"},
				"up": {"uv": [2.94922, 0.57813, 1.25, 0], "texture": "#0"},
				"down": {"uv": [2.94922, 0.625, 1.25, 1.20313], "texture": "#0"}
			}
		},
		{
			"from": [-10.30125, 4.045, 9.48125],
			"to": [3.30375, 4.3525, 14.09375],
			"rotation": {"angle": 22.5, "axis": "y", "origin": [-8.8425, 0.97, 6.71375]},
			"faces": {
				"north": {"uv": [7.125, 0.25, 8.82422, 0.28906], "texture": "#0"},
				"east": {"uv": [7.875, 3.875, 8.45313, 3.91406], "texture": "#0"},
				"south": {"uv": [7.125, 2.625, 8.82422, 2.66406], "texture": "#0"},
				"west": {"uv": [7.875, 4, 8.45313, 4.03906], "texture": "#0"},
				"up": {"uv": [2.94922, 1.82813, 1.25, 1.25], "texture": "#0"},
				"down": {"uv": [2.94922, 1.875, 1.25, 2.45313], "texture": "#0"}
			}
		},
		{
			"from": [7.54725, 4.0247, 15.5872],
			"to": [8.32, 9.68095, 19.2822],
			"rotation": {"angle": 0, "axis": "x", "origin": [11.145, 6.35125, 17.08875]},
			"faces": {
				"north": {"uv": [3.5, 6.875, 3.59766, 7.58203], "texture": "#0"},
				"east": {"uv": [3.5, 3.625, 3.96094, 4.33203], "texture": "#0"},
				"south": {"uv": [5, 6.875, 5.09766, 7.58203], "texture": "#0"},
				"west": {"uv": [3.875, 0.5, 4.33594, 1.20703], "texture": "#0"},
				"up": {"uv": [0.47266, 7.46094, 0.375, 7], "texture": "#0"},
				"down": {"uv": [0.47266, 7.5, 0.375, 7.96094], "texture": "#0"}
			}
		},
		{
			"from": [17.44875, 1.585, 5.85375],
			"to": [19.4475, 3.43, 13.08],
			"rotation": {"angle": 0, "axis": "y", "origin": [16.065, 0.355, 6.315]},
			"faces": {
				"north": {"uv": [3.25, 4.875, 3.5, 5.10547], "texture": "#0"},
				"east": {"uv": [4.5, 4.125, 5.40234, 4.35547], "texture": "#0"},
				"south": {"uv": [0.75, 7.375, 1, 7.60547], "texture": "#0"},
				"west": {"uv": [4.625, 4.375, 5.52734, 4.60547], "texture": "#0"},
				"up": {"uv": [0.25, 5.15234, 0, 4.25], "texture": "#0"},
				"down": {"uv": [0.5, 4.25, 0.25, 5.15234], "texture": "#0"}
			}
		},
		{
			"from": [-3.76875, 2.5075, 13.54125],
			"to": [-1.4625, 2.66125, 14.15625],
			"rotation": {"angle": 0, "axis": "y", "origin": [-0.2325, 0.355, 6.315]},
			"faces": {
				"north": {"uv": [8.375, 8, 8.66406, 8.01953], "texture": "#0"},
				"east": {"uv": [3, 8.75, 3.07813, 8.76953], "texture": "#0"},
				"south": {"uv": [8.25, 8.375, 8.53906, 8.39453], "texture": "#0"},
				"west": {"uv": [8.75, 3, 8.82813, 3.01953], "texture": "#0"},
				"up": {"uv": [1.28906, 7.95313, 1, 7.875], "texture": "#0"},
				"down": {"uv": [4.53906, 7.875, 4.25, 7.95313], "texture": "#0"}
			}
		},
		{
			"from": [17.91, 1.8925, 5.085],
			"to": [18.98625, 3.1225, 13.84875],
			"rotation": {"angle": 0, "axis": "y", "origin": [16.065, 0.355, 6.315]},
			"faces": {
				"north": {"uv": [5.5, 7.875, 5.63281, 8.02734], "texture": "#0"},
				"east": {"uv": [3.25, 5.125, 4.34375, 5.27734], "texture": "#0"},
				"south": {"uv": [1, 8, 1.13281, 8.15234], "texture": "#0"},
				"west": {"uv": [5.25, 0.25, 6.34375, 0.40234], "texture": "#0"},
				"up": {"uv": [3.00781, 6.71875, 2.875, 5.625], "texture": "#0"},
				"down": {"uv": [5.75781, 5.25, 5.625, 6.34375], "texture": "#0"}
			}
		},
		{
			"from": [-10.22625, 3.43, 10.77375],
			"to": [-9.4575, 4.045, 13.54125],
			"rotation": {"angle": 0, "axis": "y", "origin": [-7.45875, 0.97, 9.0825]},
			"faces": {
				"north": {"uv": [1.875, 8.375, 1.97266, 8.45313], "texture": "#0"},
				"east": {"uv": [3.875, 1.25, 4.22266, 1.32813], "texture": "#0"},
				"south": {"uv": [3.375, 8.375, 3.47266, 8.45313], "texture": "#0"},
				"west": {"uv": [4, 0.375, 4.34766, 0.45313], "texture": "#0"},
				"up": {"uv": [2.97266, 7.47266, 2.875, 7.125], "texture": "#0"},
				"down": {"uv": [3.97266, 7.125, 3.875, 7.47266], "texture": "#0"}
			}
		},
		{
			"from": [17.295, 2.5075, 13.54125],
			"to": [19.60125, 2.66125, 14.15625],
			"rotation": {"angle": 0, "axis": "y", "origin": [16.065, 0.355, 6.315]},
			"faces": {
				"north": {"uv": [8.5, 0, 8.78906, 0.01953], "texture": "#0"},
				"east": {"uv": [3.125, 8.75, 3.20313, 8.76953], "texture": "#0"},
				"south": {"uv": [8.5, 0.125, 8.78906, 0.14453], "texture": "#0"},
				"west": {"uv": [8.75, 3.125, 8.82813, 3.14453], "texture": "#0"},
				"up": {"uv": [8.16406, 4.32813, 7.875, 4.25], "texture": "#0"},
				"down": {"uv": [8.16406, 4.375, 7.875, 4.45313], "texture": "#0"}
			}
		},
		{
			"from": [-3.15375, 1.8925, 5.085],
			"to": [-2.0775, 3.1225, 13.84875],
			"rotation": {"angle": 0, "axis": "y", "origin": [-0.2325, 0.355, 6.315]},
			"faces": {
				"north": {"uv": [8, 1.375, 8.13281, 1.52734], "texture": "#0"},
				"east": {"uv": [5.25, 0.5, 6.34375, 0.65234], "texture": "#0"},
				"south": {"uv": [1.5, 8, 1.63281, 8.15234], "texture": "#0"},
				"west": {"uv": [5.25, 2.375, 6.34375, 2.52734], "texture": "#0"},
				"up": {"uv": [5.88281, 1.84375, 5.75, 0.75], "texture": "#0"},
				"down": {"uv": [1.13281, 5.75, 1, 6.84375], "texture": "#0"}
			}
		},
		{
			"from": [18.06375, 3.43, 8.00625],
			"to": [18.8325, 4.045, 10.77375],
			"rotation": {"angle": 0, "axis": "y", "origin": [16.065, 0.97, 6.315]},
			"faces": {
				"north": {"uv": [3.5, 8.375, 3.59766, 8.45313], "texture": "#0"},
				"east": {"uv": [4.75, 2.375, 5.09766, 2.45313], "texture": "#0"},
				"south": {"uv": [3.625, 8.375, 3.72266, 8.45313], "texture": "#0"},
				"west": {"uv": [4.875, 0.25, 5.22266, 0.32813], "texture": "#0"},
				"up": {"uv": [7.72266, 2.22266, 7.625, 1.875], "texture": "#0"},
				"down": {"uv": [2.09766, 7.625, 2, 7.97266], "texture": "#0"}
			}
		},
		{
			"from": [-9.91875, 2.04625, 14.6175],
			"to": [-9.765, 3.7375, 15.69375],
			"rotation": {"angle": 0, "axis": "y", "origin": [-7.6125, 0.355, 8.775]},
			"faces": {
				"north": {"uv": [8.5, 5.375, 8.51953, 5.58594], "texture": "#0"},
				"east": {"uv": [2.625, 7.75, 2.75781, 7.96094], "texture": "#0"},
				"south": {"uv": [5.5, 8.5, 5.51953, 8.71094], "texture": "#0"},
				"west": {"uv": [7.75, 2.75, 7.88281, 2.96094], "texture": "#0"},
				"up": {"uv": [8.64453, 5.50781, 8.625, 5.375], "texture": "#0"},
				"down": {"uv": [8.64453, 5.625, 8.625, 5.75781], "texture": "#0"}
			}
		},
		{
			"from": [25.29, 3.43, 10.77375],
			"to": [26.05875, 4.045, 13.54125],
			"rotation": {"angle": 0, "axis": "y", "origin": [23.29125, 0.97, 9.0825]},
			"faces": {
				"north": {"uv": [3.75, 8.375, 3.84766, 8.45313], "texture": "#0"},
				"east": {"uv": [4.875, 4, 5.22266, 4.07813], "texture": "#0"},
				"south": {"uv": [8.375, 3.75, 8.47266, 3.82813], "texture": "#0"},
				"west": {"uv": [5, 1.5, 5.34766, 1.57813], "texture": "#0"},
				"up": {"uv": [2.22266, 7.97266, 2.125, 7.625], "texture": "#0"},
				"down": {"uv": [2.34766, 7.625, 2.25, 7.97266], "texture": "#0"}
			}
		},
		{
			"from": [-3, 3.43, 8.00625],
			"to": [-2.23125, 4.045, 10.77375],
			"rotation": {"angle": 0, "axis": "y", "origin": [-0.2325, 0.97, 6.315]},
			"faces": {
				"north": {"uv": [8.375, 4.125, 8.47266, 4.20313], "texture": "#0"},
				"east": {"uv": [5.25, 3.125, 5.59766, 3.20313], "texture": "#0"},
				"south": {"uv": [8.375, 4.25, 8.47266, 4.32813], "texture": "#0"},
				"west": {"uv": [1.75, 5.375, 2.09766, 5.45313], "texture": "#0"},
				"up": {"uv": [7.72266, 2.59766, 7.625, 2.25], "texture": "#0"},
				"down": {"uv": [2.47266, 7.625, 2.375, 7.97266], "texture": "#0"}
			}
		},
		{
			"from": [25.13625, 2.35375, 9.54375],
			"to": [26.2125, 3.43, 14.6175],
			"rotation": {"angle": 0, "axis": "y", "origin": [23.445, 0.355, 8.775]},
			"faces": {
				"north": {"uv": [6.625, 8, 6.75781, 8.13281], "texture": "#0"},
				"east": {"uv": [6.75, 4.75, 7.38281, 4.88281], "texture": "#0"},
				"south": {"uv": [8, 6.625, 8.13281, 6.75781], "texture": "#0"},
				"west": {"uv": [6.75, 5, 7.38281, 5.13281], "texture": "#0"},
				"up": {"uv": [4.13281, 7.38281, 4, 6.75], "texture": "#0"},
				"down": {"uv": [5.25781, 6.75, 5.125, 7.38281], "texture": "#0"}
			}
		},
		{
			"from": [-3.615, 1.585, 5.85375],
			"to": [-1.61625, 3.43, 13.08],
			"rotation": {"angle": 0, "axis": "y", "origin": [-0.2325, 0.355, 6.315]},
			"faces": {
				"north": {"uv": [7.375, 0.75, 7.625, 0.98047], "texture": "#0"},
				"east": {"uv": [4.625, 4.625, 5.52734, 4.85547], "texture": "#0"},
				"south": {"uv": [7.375, 1, 7.625, 1.23047], "texture": "#0"},
				"west": {"uv": [4.75, 1.625, 5.65234, 1.85547], "texture": "#0"},
				"up": {"uv": [0.75, 5.15234, 0.5, 4.25], "texture": "#0"},
				"down": {"uv": [4.625, 0.75, 4.375, 1.65234], "texture": "#0"}
			}
		},
		{
			"from": [25.29, 2.5075, 8.775],
			"to": [26.05875, 3.27625, 15.69375],
			"rotation": {"angle": 0, "axis": "y", "origin": [23.445, 0.355, 8.775]},
			"faces": {
				"north": {"uv": [4.25, 1.25, 4.34766, 1.34766], "texture": "#0"},
				"east": {"uv": [6.625, 3.75, 7.48828, 3.84766], "texture": "#0"},
				"south": {"uv": [4.625, 1.625, 4.72266, 1.72266], "texture": "#0"},
				"west": {"uv": [6.75, 0.375, 7.61328, 0.47266], "texture": "#0"},
				"up": {"uv": [0.59766, 7.61328, 0.5, 6.75], "texture": "#0"},
				"down": {"uv": [6.84766, 0.5, 6.75, 1.36328], "texture": "#0"}
			}
		},
		{
			"from": [-10.38, 2.35375, 9.54375],
			"to": [-9.30375, 3.43, 14.6175],
			"rotation": {"angle": 0, "axis": "y", "origin": [-7.6125, 0.355, 8.775]},
			"faces": {
				"north": {"uv": [6.875, 8, 7.00781, 8.13281], "texture": "#0"},
				"east": {"uv": [6.75, 5.25, 7.38281, 5.38281], "texture": "#0"},
				"south": {"uv": [8, 7, 8.13281, 7.13281], "texture": "#0"},
				"west": {"uv": [6.75, 5.5, 7.38281, 5.63281], "texture": "#0"},
				"up": {"uv": [5.50781, 7.38281, 5.375, 6.75], "texture": "#0"},
				"down": {"uv": [5.75781, 6.75, 5.625, 7.38281], "texture": "#0"}
			}
		},
		{
			"from": [24.675, 2.815, 14.6175],
			"to": [26.67375, 2.96875, 15.69375],
			"rotation": {"angle": 0, "axis": "y", "origin": [23.445, 0.355, 8.775]},
			"faces": {
				"north": {"uv": [8.5, 2.125, 8.75, 2.14453], "texture": "#0"},
				"east": {"uv": [8.625, 5.875, 8.75781, 5.89453], "texture": "#0"},
				"south": {"uv": [8.5, 2.375, 8.75, 2.39453], "texture": "#0"},
				"west": {"uv": [8.625, 6, 8.75781, 6.01953], "texture": "#0"},
				"up": {"uv": [7.875, 4.00781, 7.625, 3.875], "texture": "#0"},
				"down": {"uv": [4.5, 7.625, 4.25, 7.75781], "texture": "#0"}
			}
		},
		{
			"from": [-10.22625, 2.5075, 8.775],
			"to": [-9.4575, 3.27625, 15.69375],
			"rotation": {"angle": 0, "axis": "y", "origin": [-7.6125, 0.355, 8.775]},
			"faces": {
				"north": {"uv": [5.125, 2.375, 5.22266, 2.47266], "texture": "#0"},
				"east": {"uv": [6.75, 1.375, 7.61328, 1.47266], "texture": "#0"},
				"south": {"uv": [2.125, 5.375, 2.22266, 5.47266], "texture": "#0"},
				"west": {"uv": [6.75, 1.5, 7.61328, 1.59766], "texture": "#0"},
				"up": {"uv": [0.72266, 7.61328, 0.625, 6.75], "texture": "#0"},
				"down": {"uv": [2.09766, 6.75, 2, 7.61328], "texture": "#0"}
			}
		},
		{
			"from": [25.5975, 2.04625, 14.6175],
			"to": [25.75125, 3.7375, 15.69375],
			"rotation": {"angle": 0, "axis": "y", "origin": [23.445, 0.355, 8.775]},
			"faces": {
				"north": {"uv": [5.625, 8.5, 5.64453, 8.71094], "texture": "#0"},
				"east": {"uv": [7.75, 3, 7.88281, 3.21094], "texture": "#0"},
				"south": {"uv": [5.75, 8.5, 5.76953, 8.71094], "texture": "#0"},
				"west": {"uv": [7.75, 3.25, 7.88281, 3.46094], "texture": "#0"},
				"up": {"uv": [5.89453, 8.75781, 5.875, 8.625], "texture": "#0"},
				"down": {"uv": [8.64453, 6.125, 8.625, 6.25781], "texture": "#0"}
			}
		},
		{
			"from": [-10.84125, 2.815, 14.6175],
			"to": [-8.8425, 2.96875, 15.69375],
			"rotation": {"angle": 0, "axis": "y", "origin": [-7.6125, 0.355, 8.775]},
			"faces": {
				"north": {"uv": [2.875, 8.5, 3.125, 8.51953], "texture": "#0"},
				"east": {"uv": [6.25, 8.625, 6.38281, 8.64453], "texture": "#0"},
				"south": {"uv": [3.125, 8.5, 3.375, 8.51953], "texture": "#0"},
				"west": {"uv": [8.625, 6.375, 8.75781, 6.39453], "texture": "#0"},
				"up": {"uv": [4.75, 7.75781, 4.5, 7.625], "texture": "#0"},
				"down": {"uv": [5, 7.625, 4.75, 7.75781], "texture": "#0"}
			}
		},
		{
			"from": [2.99625, 1.6475, 2.1675],
			"to": [5.86125, 4.42, 9.67625],
			"rotation": {"angle": 0, "axis": "y", "origin": [3.61125, 0.97, 4.6275]},
			"faces": {
				"north": {"uv": [5.875, 5.75, 6.23438, 6.09766], "texture": "#0"},
				"east": {"uv": [3.375, 1.375, 4.3125, 1.72266], "texture": "#0"},
				"south": {"uv": [0, 6, 0.35938, 6.34766], "texture": "#0"},
				"west": {"uv": [3.375, 1.75, 4.3125, 2.09766], "texture": "#0"},
				"up": {"uv": [3.35938, 1.4375, 3, 0.5], "texture": "#0"},
				"down": {"uv": [3.35938, 1.5, 3, 2.4375], "texture": "#0"}
			}
		},
		{
			"from": [2.99625, 1.85118, 1.86011],
			"to": [3.61125, 4.02368, 1.94011],
			"rotation": {"angle": 0, "axis": "x", "origin": [12.22125, 3.07, 1.2675]},
			"faces": {
				"north": {"uv": [0.625, 7.875, 0.70313, 8.14844], "texture": "#0"},
				"east": {"uv": [8.25, 8.5, 8.26172, 8.77344], "texture": "#0"},
				"south": {"uv": [0.75, 7.875, 0.82813, 8.14844], "texture": "#0"},
				"west": {"uv": [8.375, 8.5, 8.38672, 8.77344], "texture": "#0"},
				"up": {"uv": [4.20313, 8.76172, 4.125, 8.75], "texture": "#0"},
				"down": {"uv": [8.82813, 4.125, 8.75, 4.13672], "texture": "#0"}
			}
		},
		{
			"from": [2.99625, 2.00118, 1.71011],
			"to": [3.61125, 4.02368, 1.86511],
			"rotation": {"angle": 0, "axis": "x", "origin": [12.22125, 3.07, 1.0175]},
			"faces": {
				"north": {"uv": [6.375, 7.875, 6.45313, 8.12891], "texture": "#0"},
				"east": {"uv": [2.5, 8.5, 2.51953, 8.75391], "texture": "#0"},
				"south": {"uv": [0.375, 8, 0.45313, 8.25391], "texture": "#0"},
				"west": {"uv": [2.625, 8.5, 2.64453, 8.75391], "texture": "#0"},
				"up": {"uv": [3.32813, 8.76953, 3.25, 8.75], "texture": "#0"},
				"down": {"uv": [8.82813, 3.25, 8.75, 3.26953], "texture": "#0"}
			}
		},
		{
			"from": [2.99625, 2.12618, 1.61011],
			"to": [3.61125, 4.02368, 1.71511],
			"rotation": {"angle": 0, "axis": "x", "origin": [12.22125, 3.07, 0.7675]},
			"faces": {
				"north": {"uv": [5.5, 5.25, 5.57813, 5.48828], "texture": "#0"},
				"east": {"uv": [8.625, 1.125, 8.63672, 1.36328], "texture": "#0"},
				"south": {"uv": [2.75, 8, 2.82813, 8.23828], "texture": "#0"},
				"west": {"uv": [1.5, 8.625, 1.51172, 8.86328], "texture": "#0"},
				"up": {"uv": [4.32813, 8.76172, 4.25, 8.75], "texture": "#0"},
				"down": {"uv": [8.82813, 4.25, 8.75, 4.26172], "texture": "#0"}
			}
		},
		{
			"from": [2.99625, 2.20118, 1.51011],
			"to": [3.61125, 4.02368, 1.61511],
			"rotation": {"angle": 0, "axis": "x", "origin": [12.22125, 3.07, 0.5175]},
			"faces": {
				"north": {"uv": [3.5, 8, 3.57813, 8.22656], "texture": "#0"},
				"east": {"uv": [8.625, 4.375, 8.63672, 4.60156], "texture": "#0"},
				"south": {"uv": [3.75, 8, 3.82813, 8.22656], "texture": "#0"},
				"west": {"uv": [8.625, 4.625, 8.63672, 4.85156], "texture": "#0"},
				"up": {"uv": [4.45313, 8.76172, 4.375, 8.75], "texture": "#0"},
				"down": {"uv": [8.82813, 4.375, 8.75, 4.38672], "texture": "#0"}
			}
		},
		{
			"from": [2.99625, 2.32618, 1.31011],
			"to": [3.61125, 4.02368, 1.51511],
			"rotation": {"angle": 0, "axis": "x", "origin": [12.22125, 3.07, 0.2675]},
			"faces": {
				"north": {"uv": [1.875, 8.125, 1.95313, 8.33594], "texture": "#0"},
				"east": {"uv": [7.5, 8.375, 7.52734, 8.58594], "texture": "#0"},
				"south": {"uv": [2.375, 8.125, 2.45313, 8.33594], "texture": "#0"},
				"west": {"uv": [8.375, 7.5, 8.40234, 7.71094], "texture": "#0"},
				"up": {"uv": [8.70313, 8.52734, 8.625, 8.5], "texture": "#0"},
				"down": {"uv": [8.70313, 8.625, 8.625, 8.65234], "texture": "#0"}
			}
		},
		{
			"from": [2.99625, 2.46368, 1.08511],
			"to": [3.61125, 4.02368, 1.31511],
			"rotation": {"angle": 0, "axis": "x", "origin": [12.22125, 3.07, -0.2325]},
			"faces": {
				"north": {"uv": [5.875, 8.125, 5.95313, 8.32031], "texture": "#0"},
				"east": {"uv": [8, 8.375, 8.02734, 8.57031], "texture": "#0"},
				"south": {"uv": [6, 8.125, 6.07813, 8.32031], "texture": "#0"},
				"west": {"uv": [0.125, 8.5, 0.15234, 8.69531], "texture": "#0"},
				"up": {"uv": [0.20313, 8.77734, 0.125, 8.75], "texture": "#0"},
				"down": {"uv": [0.32813, 8.75, 0.25, 8.77734], "texture": "#0"}
			}
		},
		{
			"from": [2.99625, 2.65118, 0.88511],
			"to": [3.61125, 4.02368, 1.09011],
			"rotation": {"angle": 0, "axis": "x", "origin": [12.22125, 3.07, -0.7325]},
			"faces": {
				"north": {"uv": [1, 8.25, 1.07813, 8.42188], "texture": "#0"},
				"east": {"uv": [8.5, 4.125, 8.52734, 4.29688], "texture": "#0"},
				"south": {"uv": [1.125, 8.25, 1.20313, 8.42188], "texture": "#0"},
				"west": {"uv": [4.25, 8.5, 4.27734, 8.67188], "texture": "#0"},
				"up": {"uv": [0.45313, 8.77734, 0.375, 8.75], "texture": "#0"},
				"down": {"uv": [0.57813, 8.75, 0.5, 8.77734], "texture": "#0"}
			}
		},
		{
			"from": [2.99625, 2.87618, 0.71011],
			"to": [3.61125, 4.02368, 0.88511],
			"rotation": {"angle": 0, "axis": "x", "origin": [12.22125, 3.07, -0.7325]},
			"faces": {
				"north": {"uv": [4.25, 8.25, 4.32813, 8.39453], "texture": "#0"},
				"east": {"uv": [7.75, 8.5, 7.77344, 8.64453], "texture": "#0"},
				"south": {"uv": [8.25, 4.25, 8.32813, 4.39453], "texture": "#0"},
				"west": {"uv": [8.5, 7.75, 8.52344, 7.89453], "texture": "#0"},
				"up": {"uv": [8.82813, 2.02344, 8.75, 2], "texture": "#0"},
				"down": {"uv": [2.20313, 8.75, 2.125, 8.77344], "texture": "#0"}
			}
		},
		{
			"from": [2.99625, 3.07618, 0.43511],
			"to": [3.61125, 4.02368, 0.71011],
			"rotation": {"angle": 0, "axis": "x", "origin": [12.22125, 3.07, -0.7325]},
			"faces": {
				"north": {"uv": [4.25, 6.75, 4.32813, 6.86719], "texture": "#0"},
				"east": {"uv": [8.5, 5.625, 8.53516, 5.74219], "texture": "#0"},
				"south": {"uv": [6.625, 7.125, 6.70313, 7.24219], "texture": "#0"},
				"west": {"uv": [5.875, 8.5, 5.91016, 8.61719], "texture": "#0"},
				"up": {"uv": [1.95313, 8.66016, 1.875, 8.625], "texture": "#0"},
				"down": {"uv": [8.70313, 1.875, 8.625, 1.91016], "texture": "#0"}
			}
		},
		{
			"from": [2.99625, 3.25118, 0.21011],
			"to": [3.61125, 4.02368, 0.43511],
			"rotation": {"angle": 0, "axis": "x", "origin": [12.22125, 3.07, -0.7325]},
			"faces": {
				"north": {"uv": [8.375, 4.375, 8.45313, 4.47266], "texture": "#0"},
				"east": {"uv": [8.625, 4, 8.65234, 4.09766], "texture": "#0"},
				"south": {"uv": [8.375, 4.5, 8.45313, 4.59766], "texture": "#0"},
				"west": {"uv": [4.125, 8.625, 4.15234, 8.72266], "texture": "#0"},
				"up": {"uv": [0.70313, 8.77734, 0.625, 8.75], "texture": "#0"},
				"down": {"uv": [0.82813, 8.75, 0.75, 8.77734], "texture": "#0"}
			}
		},
		{
			"from": [2.99625, 3.40118, -0.06489],
			"to": [3.61125, 4.02368, 0.21011],
			"rotation": {"angle": 0, "axis": "x", "origin": [12.22125, 3.07, -0.7325]},
			"faces": {
				"north": {"uv": [8.375, 6.875, 8.45313, 6.95313], "texture": "#0"},
				"east": {"uv": [2, 8.625, 2.03516, 8.70313], "texture": "#0"},
				"south": {"uv": [8.375, 7.25, 8.45313, 7.32813], "texture": "#0"},
				"west": {"uv": [2.125, 8.625, 2.16016, 8.70313], "texture": "#0"},
				"up": {"uv": [2.32813, 8.66016, 2.25, 8.625], "texture": "#0"},
				"down": {"uv": [8.70313, 2.25, 8.625, 2.28516], "texture": "#0"}
			}
		},
		{
			"from": [2.99625, 3.65118, -0.33989],
			"to": [3.61125, 4.02368, -0.06489],
			"rotation": {"angle": 0, "axis": "x", "origin": [12.22125, 3.07, -0.7325]},
			"faces": {
				"north": {"uv": [8.5, 7, 8.57813, 7.04688], "texture": "#0"},
				"east": {"uv": [8.75, 2.25, 8.78516, 2.29688], "texture": "#0"},
				"south": {"uv": [8.5, 7.25, 8.57813, 7.29688], "texture": "#0"},
				"west": {"uv": [2.375, 8.75, 2.41016, 8.79688], "texture": "#0"},
				"up": {"uv": [2.45313, 8.66016, 2.375, 8.625], "texture": "#0"},
				"down": {"uv": [8.70313, 2.75, 8.625, 2.78516], "texture": "#0"}
			}
		},
		{
			"from": [2.99625, 3.77618, -0.58989],
			"to": [3.61125, 4.02368, -0.33989],
			"rotation": {"angle": 0, "axis": "x", "origin": [12.22125, 3.07, -0.7325]},
			"faces": {
				"north": {"uv": [8.625, 7.375, 8.70313, 7.40625], "texture": "#0"},
				"east": {"uv": [3.875, 8.75, 3.90625, 8.78125], "texture": "#0"},
				"south": {"uv": [7.5, 8.625, 7.57813, 8.65625], "texture": "#0"},
				"west": {"uv": [8.75, 3.875, 8.78125, 3.90625], "texture": "#0"},
				"up": {"uv": [7.70313, 8.65625, 7.625, 8.625], "texture": "#0"},
				"down": {"uv": [8.70313, 7.75, 8.625, 7.78125], "texture": "#0"}
			}
		},
		{
			"from": [3.29625, 4.02368, -0.58989],
			"to": [5.61125, 4.29868, 2.66011],
			"rotation": {"angle": 0, "axis": "x", "origin": [12.22125, 3.07, -0.7325]},
			"faces": {
				"north": {"uv": [8.25, 5.25, 8.53906, 5.28516], "texture": "#0"},
				"east": {"uv": [8.25, 1.375, 8.65625, 1.41016], "texture": "#0"},
				"south": {"uv": [8.25, 6.375, 8.53906, 6.41016], "texture": "#0"},
				"west": {"uv": [8.25, 1.5, 8.65625, 1.53516], "texture": "#0"},
				"up": {"uv": [6.28906, 1.53125, 6, 1.125], "texture": "#0"},
				"down": {"uv": [6.28906, 3.875, 6, 4.28125], "texture": "#0"}
			}
		},
		{
			"from": [5.82125, 1.585, -5.2125],
			"to": [10.04125, 3.9825, -2.7525],
			"rotation": {"angle": 0, "axis": "y", "origin": [10.37625, 0.97, -0.2925]},
			"faces": {
				"north": {"uv": [5.375, 4.875, 5.90234, 5.17578], "texture": "#0"},
				"east": {"uv": [6.375, 4.75, 6.68359, 5.05078], "texture": "#0"},
				"south": {"uv": [1.75, 5.5, 2.27734, 5.80078], "texture": "#0"},
				"west": {"uv": [5.125, 6.375, 5.43359, 6.67578], "texture": "#0"},
				"up": {"uv": [1.65234, 5.68359, 1.125, 5.375], "texture": "#0"},
				"down": {"uv": [3.77734, 5.375, 3.25, 5.68359], "texture": "#0"}
			}
		},
		{
			"from": [7.91625, 1.73875, -7.6725],
			"to": [9.6075, 3.89125, -5.2125],
			"rotation": {"angle": 0, "axis": "y", "origin": [5.45625, 0.97, -3.9825]},
			"faces": {
				"north": {"uv": [7.375, 6.625, 7.58594, 6.89453], "texture": "#0"},
				"east": {"uv": [0, 7, 0.30859, 7.26953], "texture": "#0"},
				"south": {"uv": [7, 7.375, 7.21094, 7.64453], "texture": "#0"},
				"west": {"uv": [7, 3, 7.30859, 3.26953], "texture": "#0"},
				"up": {"uv": [7.46094, 4.55859, 7.25, 4.25], "texture": "#0"},
				"down": {"uv": [4.71094, 7.25, 4.5, 7.55859], "texture": "#0"}
			}
		},
		{
			"from": [6.37875, 1.7675, -8.1525],
			"to": [9.41625, 3.83375, -7.6725],
			"rotation": {"angle": 0, "axis": "y", "origin": [10.37625, 0.97, -5.2125]},
			"faces": {
				"north": {"uv": [6.375, 2.25, 6.75391, 2.50781], "texture": "#0"},
				"east": {"uv": [8.125, 7.875, 8.18359, 8.13281], "texture": "#0"},
				"south": {"uv": [2.375, 6.375, 2.75391, 6.63281], "texture": "#0"},
				"west": {"uv": [0, 8.25, 0.05859, 8.50781], "texture": "#0"},
				"up": {"uv": [8.25391, 5.43359, 7.875, 5.375], "texture": "#0"},
				"down": {"uv": [8.25391, 5.5, 7.875, 5.55859], "texture": "#0"}
			}
		},
		{
			"from": [6.37875, 1.83, -8.59],
			"to": [9.41625, 3.70875, -8.11],
			"rotation": {"angle": 0, "axis": "y", "origin": [10.37625, 0.97, -5.65]},
			"faces": {
				"north": {"uv": [5.875, 0, 6.25391, 0.23438], "texture": "#0"},
				"east": {"uv": [0.125, 8.25, 0.18359, 8.48438], "texture": "#0"},
				"south": {"uv": [0, 6.75, 0.37891, 6.98438], "texture": "#0"},
				"west": {"uv": [0.25, 8.25, 0.30859, 8.48438], "texture": "#0"},
				"up": {"uv": [8.25391, 5.80859, 7.875, 5.75], "texture": "#0"},
				"down": {"uv": [6.25391, 7.875, 5.875, 7.93359], "texture": "#0"}
			}
		},
		{
			"from": [6.50375, 1.8925, -9.0275],
			"to": [9.29125, 3.58375, -8.59],
			"rotation": {"angle": 0, "axis": "y", "origin": [10.37625, 0.97, -5.65]},
			"faces": {
				"north": {"uv": [6.75, 7, 7.09766, 7.21094], "texture": "#0"},
				"east": {"uv": [2.125, 8.25, 2.17969, 8.46094], "texture": "#0"},
				"south": {"uv": [7.125, 0, 7.47266, 0.21094], "texture": "#0"},
				"west": {"uv": [3.875, 8.25, 3.92969, 8.46094], "texture": "#0"},
				"up": {"uv": [8.34766, 1.17969, 8, 1.125], "texture": "#0"},
				"down": {"uv": [2.72266, 8, 2.375, 8.05469], "texture": "#0"}
			}
		},
		{
			"from": [6.62875, 2.0175, -9.4025],
			"to": [9.16625, 3.45875, -9.0275],
			"rotation": {"angle": 0, "axis": "y", "origin": [10.37625, 0.97, -5.65]},
			"faces": {
				"north": {"uv": [7.375, 7, 7.69141, 7.17969], "texture": "#0"},
				"east": {"uv": [8.25, 7.875, 8.29688, 8.05469], "texture": "#0"},
				"south": {"uv": [7.25, 7.375, 7.56641, 7.55469], "texture": "#0"},
				"west": {"uv": [8.125, 8.25, 8.17188, 8.42969], "texture": "#0"},
				"up": {"uv": [8.44141, 5.67188, 8.125, 5.625], "texture": "#0"},
				"down": {"uv": [8.44141, 6.5, 8.125, 6.54688], "texture": "#0"}
			}
		},
		{
			"from": [6.87875, 2.08, -9.84],
			"to": [8.91625, 3.33375, -9.4025],
			"rotation": {"angle": 0, "axis": "y", "origin": [10.37625, 0.97, -5.65]},
			"faces": {
				"north": {"uv": [7.625, 0.75, 7.87891, 0.90625], "texture": "#0"},
				"east": {"uv": [8.25, 7.625, 8.30469, 7.78125], "texture": "#0"},
				"south": {"uv": [7.625, 1, 7.87891, 1.15625], "texture": "#0"},
				"west": {"uv": [7.75, 8.25, 7.80469, 8.40625], "texture": "#0"},
				"up": {"uv": [0.75391, 8.30469, 0.5, 8.25], "texture": "#0"},
				"down": {"uv": [1.62891, 8.25, 1.375, 8.30469], "texture": "#0"}
			}
		},
		{
			"from": [7.12875, 2.205, -10.1525],
			"to": [8.66625, 3.14625, -9.84],
			"rotation": {"angle": 0, "axis": "y", "origin": [10.37625, 0.97, -5.65]},
			"faces": {
				"north": {"uv": [4.375, 5.125, 4.56641, 5.24219], "texture": "#0"},
				"east": {"uv": [8.5, 5, 8.53906, 5.11719], "texture": "#0"},
				"south": {"uv": [5.25, 4, 5.44141, 4.11719], "texture": "#0"},
				"west": {"uv": [8.5, 5.125, 8.53906, 5.24219], "texture": "#0"},
				"up": {"uv": [8.56641, 5.78906, 8.375, 5.75], "texture": "#0"},
				"down": {"uv": [6.06641, 8.375, 5.875, 8.41406], "texture": "#0"}
			}
		},
		{
			"from": [7.19125, 2.2675, -10.5275],
			"to": [8.60375, 3.08375, -10.1525],
			"rotation": {"angle": 0, "axis": "y", "origin": [10.37625, 0.97, -5.65]},
			"faces": {
				"north": {"uv": [6.125, 2.25, 6.30078, 2.35156], "texture": "#0"},
				"east": {"uv": [3.875, 8.5, 3.92188, 8.60156], "texture": "#0"},
				"south": {"uv": [6.375, 3, 6.55078, 3.10156], "texture": "#0"},
				"west": {"uv": [8.5, 4, 8.54688, 4.10156], "texture": "#0"},
				"up": {"uv": [8.42578, 8.17188, 8.25, 8.125], "texture": "#0"},
				"down": {"uv": [8.42578, 8.25, 8.25, 8.29688], "texture": "#0"}
			}
		},
		{
			"from": [6.225, 1.73875, -7.6725],
			"to": [7.91625, 3.89125, -5.2125],
			"rotation": {"angle": 0, "axis": "y", "origin": [10.37625, 0.97, -3.9825]},
			"faces": {
				"north": {"uv": [1, 7.5, 1.21094, 7.76953], "texture": "#0"},
				"east": {"uv": [7, 3.375, 7.30859, 3.64453], "texture": "#0"},
				"south": {"uv": [1.25, 7.5, 1.46094, 7.76953], "texture": "#0"},
				"west": {"uv": [6.25, 7, 6.55859, 7.26953], "texture": "#0"},
				"up": {"uv": [4.96094, 7.55859, 4.75, 7.25], "texture": "#0"},
				"down": {"uv": [6.08594, 7.25, 5.875, 7.55859], "texture": "#0"}
			}
		},
		{
			"from": [9.97125, 1.6475, 2.1675],
			"to": [12.83625, 4.42, 9.67625],
			"rotation": {"angle": 0, "axis": "y", "origin": [12.22125, 0.97, 4.6275]},
			"faces": {
				"north": {"uv": [0.375, 6, 0.73438, 6.34766], "texture": "#0"},
				"east": {"uv": [3.375, 2.125, 4.3125, 2.47266], "texture": "#0"},
				"south": {"uv": [6, 0.75, 6.35938, 1.09766], "texture": "#0"},
				"west": {"uv": [3.5, 3.25, 4.4375, 3.59766], "texture": "#0"},
				"up": {"uv": [0.35938, 4.1875, 0, 3.25], "texture": "#0"},
				"down": {"uv": [0.73438, 3.25, 0.375, 4.1875], "texture": "#0"}
			}
		},
		{
			"from": [9.97125, 1.7475, 9.67625],
			"to": [12.58625, 4.2325, 14.92625],
			"rotation": {"angle": 0, "axis": "y", "origin": [12.22125, 0.97, 4.6275]},
			"faces": {
				"north": {"uv": [6.25, 5.5, 6.57813, 5.8125], "texture": "#0"},
				"east": {"uv": [4.875, 3.25, 5.53125, 3.5625], "texture": "#0"},
				"south": {"uv": [6.25, 5.875, 6.57813, 6.1875], "texture": "#0"},
				"west": {"uv": [4.875, 3.625, 5.53125, 3.9375], "texture": "#0"},
				"up": {"uv": [4.70313, 2.40625, 4.375, 1.75], "texture": "#0"},
				"down": {"uv": [3.82813, 4.375, 3.5, 5.03125], "texture": "#0"}
			}
		},
		{
			"from": [3.24625, 1.7475, 9.67625],
			"to": [5.86125, 4.2325, 14.92625],
			"rotation": {"angle": 0, "axis": "y", "origin": [3.61125, 0.97, 4.6275]},
			"faces": {
				"north": {"uv": [6.25, 6.25, 6.57813, 6.5625], "texture": "#0"},
				"east": {"uv": [4.625, 4.875, 5.28125, 5.1875], "texture": "#0"},
				"south": {"uv": [0, 6.375, 0.32813, 6.6875], "texture": "#0"},
				"west": {"uv": [5, 0.75, 5.65625, 1.0625], "texture": "#0"},
				"up": {"uv": [4.20313, 5.03125, 3.875, 4.375], "texture": "#0"},
				"down": {"uv": [4.57813, 4.375, 4.25, 5.03125], "texture": "#0"}
			}
		},
		{
			"from": [3.49625, 1.7475, 14.92625],
			"to": [5.86125, 4.2325, 17.48875],
			"rotation": {"angle": 0, "axis": "y", "origin": [3.61125, 0.97, 9.8775]},
			"faces": {
				"north": {"uv": [5.5, 6.375, 5.79688, 6.6875], "texture": "#0"},
				"east": {"uv": [6.375, 0.375, 6.69531, 0.6875], "texture": "#0"},
				"south": {"uv": [4.375, 6.5, 4.67188, 6.8125], "texture": "#0"},
				"west": {"uv": [6.375, 0.75, 6.69531, 1.0625], "texture": "#0"},
				"up": {"uv": [6.67188, 2.94531, 6.375, 2.625], "texture": "#0"},
				"down": {"uv": [3.92188, 6.375, 3.625, 6.69531], "texture": "#0"}
			}
		},
		{
			"from": [9.97125, 1.7475, 14.92625],
			"to": [12.33625, 4.2325, 17.48875],
			"rotation": {"angle": 0, "axis": "y", "origin": [12.22125, 0.97, 9.8775]},
			"faces": {
				"north": {"uv": [4.75, 6.5, 5.04688, 6.8125], "texture": "#0"},
				"east": {"uv": [6.375, 1.125, 6.69531, 1.4375], "texture": "#0"},
				"south": {"uv": [5.875, 6.5, 6.17188, 6.8125], "texture": "#0"},
				"west": {"uv": [6.375, 1.5, 6.69531, 1.8125], "texture": "#0"},
				"up": {"uv": [6.67188, 4.19531, 6.375, 3.875], "texture": "#0"},
				"down": {"uv": [4.29688, 6.375, 4, 6.69531], "texture": "#0"}
			}
		},
		{
			"from": [9.97125, 1.7725, 17.48875],
			"to": [11.83625, 4.2325, 19.23875],
			"rotation": {"angle": 0, "axis": "y", "origin": [12.22125, 0.97, 12.44]},
			"faces": {
				"north": {"uv": [0.75, 7, 0.98438, 7.30859], "texture": "#0"},
				"east": {"uv": [1, 7.125, 1.21875, 7.43359], "texture": "#0"},
				"south": {"uv": [1.75, 7, 1.98438, 7.30859], "texture": "#0"},
				"west": {"uv": [1.25, 7.125, 1.46875, 7.43359], "texture": "#0"},
				"up": {"uv": [1.73438, 7.71875, 1.5, 7.5], "texture": "#0"},
				"down": {"uv": [7.73438, 2.75, 7.5, 2.96875], "texture": "#0"}
			}
		},
		{
			"from": [3.99625, 1.7725, 17.48875],
			"to": [5.86125, 4.2325, 19.23875],
			"rotation": {"angle": 0, "axis": "y", "origin": [3.61125, 0.97, 12.44]},
			"faces": {
				"north": {"uv": [7.125, 0.5, 7.35938, 0.80859], "texture": "#0"},
				"east": {"uv": [1.5, 7.125, 1.71875, 7.43359], "texture": "#0"},
				"south": {"uv": [7.125, 0.875, 7.35938, 1.18359], "texture": "#0"},
				"west": {"uv": [2.625, 7.125, 2.84375, 7.43359], "texture": "#0"},
				"up": {"uv": [3.85938, 7.71875, 3.625, 7.5], "texture": "#0"},
				"down": {"uv": [4.10938, 7.5, 3.875, 7.71875], "texture": "#0"}
			}
		},
		{
			"from": [6.91625, 3.27625, -5.795],
			"to": [8.9925, 5.73625, -1.82625],
			"rotation": {"angle": -22.5, "axis": "x", "origin": [4.6875, 2.66125, -1.98]},
			"faces": {
				"north": {"uv": [7, 6.25, 7.25781, 6.55859], "texture": "#0"},
				"east": {"uv": [3.875, 5.375, 4.37109, 5.68359], "texture": "#0"},
				"south": {"uv": [7, 6.625, 7.25781, 6.93359], "texture": "#0"},
				"west": {"uv": [2.375, 5.5, 2.87109, 5.80859], "texture": "#0"},
				"up": {"uv": [5.38281, 6.37109, 5.125, 5.875], "texture": "#0"},
				"down": {"uv": [6.13281, 5.25, 5.875, 5.74609], "texture": "#0"}
			}
		},
		{
			"from": [5.7785, 4.045, 4.6275],
			"to": [10.0075, 4.31375, 19.17625],
			"rotation": {"angle": 0, "axis": "y", "origin": [11.145, 1.73875, 8.3175]},
			"faces": {
				"north": {"uv": [8, 3.625, 8.52734, 3.66016], "texture": "#0"},
				"east": {"uv": [7.375, 0.5, 9.19531, 0.53516], "texture": "#0"},
				"south": {"uv": [4.125, 8, 4.65234, 8.03516], "texture": "#0"},
				"west": {"uv": [7.375, 0.625, 9.19531, 0.66016], "texture": "#0"},
				"up": {"uv": [1.77734, 4.32031, 1.25, 2.5], "texture": "#0"},
				"down": {"uv": [2.40234, 2.5, 1.875, 4.32031], "texture": "#0"}
			}
		},
		{
			"from": [6.95, 4.045, 5.94],
			"to": [9.054, 5.18875, 7.42625],
			"rotation": {"angle": 0, "axis": "y", "origin": [4.6875, 1.73875, 8.3175]},
			"faces": {
				"north": {"uv": [7.625, 1.375, 7.88672, 1.51953], "texture": "#0"},
				"east": {"uv": [7.75, 6.625, 7.9375, 6.76953], "texture": "#0"},
				"south": {"uv": [7.625, 1.625, 7.88672, 1.76953], "texture": "#0"},
				"west": {"uv": [7, 7.75, 7.1875, 7.89453], "texture": "#0"},
				"up": {"uv": [7.76172, 4.4375, 7.5, 4.25], "texture": "#0"},
				"down": {"uv": [7.76172, 4.75, 7.5, 4.9375], "texture": "#0"}
			}
		},
		{
			"from": [6.95, 4.045, 3.1275],
			"to": [9.054, 5.31375, 5.92625],
			"rotation": {"angle": 0, "axis": "y", "origin": [4.6875, 1.73875, 6.8175]},
			"faces": {
				"north": {"uv": [0, 7.625, 0.26172, 7.78516], "texture": "#0"},
				"east": {"uv": [7.5, 0, 7.85156, 0.16016], "texture": "#0"},
				"south": {"uv": [0.5, 7.625, 0.76172, 7.78516], "texture": "#0"},
				"west": {"uv": [2.625, 7.5, 2.97656, 7.66016], "texture": "#0"},
				"up": {"uv": [6.88672, 3.35156, 6.625, 3], "texture": "#0"},
				"down": {"uv": [6.88672, 3.375, 6.625, 3.72656], "texture": "#0"}
			}
		},
		{
			"from": [7.2, 4.045, 7.42625],
			"to": [8.804, 5.06375, 9.17625],
			"rotation": {"angle": 0, "axis": "y", "origin": [4.6875, 1.73875, 8.3175]},
			"faces": {
				"north": {"uv": [7.75, 7, 7.94922, 7.12891], "texture": "#0"},
				"east": {"uv": [7.75, 1.875, 7.96875, 2.00391], "texture": "#0"},
				"south": {"uv": [7.75, 7.625, 7.94922, 7.75391], "texture": "#0"},
				"west": {"uv": [7.75, 2.125, 7.96875, 2.25391], "texture": "#0"},
				"up": {"uv": [7.69922, 5.71875, 7.5, 5.5], "texture": "#0"},
				"down": {"uv": [5.82422, 7.5, 5.625, 7.71875], "texture": "#0"}
			}
		},
		{
			"from": [7.45, 4.045, 9.17625],
			"to": [8.554, 4.81375, 10.92625],
			"rotation": {"angle": 0, "axis": "y", "origin": [4.6875, 1.73875, 10.0675]},
			"faces": {
				"north": {"uv": [6.375, 4.25, 6.51172, 4.34766], "texture": "#0"},
				"east": {"uv": [5.375, 1.5, 5.59375, 1.59766], "texture": "#0"},
				"south": {"uv": [8.25, 2.125, 8.38672, 2.22266], "texture": "#0"},
				"west": {"uv": [6, 5.125, 6.21875, 5.22266], "texture": "#0"},
				"up": {"uv": [7.63672, 7.84375, 7.5, 7.625], "texture": "#0"},
				"down": {"uv": [1.63672, 7.75, 1.5, 7.96875], "texture": "#0"}
			}
		},
		{
			"from": [8.32, 1.7475, 18.92625],
			"to": [11.21625, 4.045, 19.3875],
			"rotation": {"angle": 0, "axis": "y", "origin": [10.12625, 0.97, 9.5475]},
			"faces": {
				"north": {"uv": [6, 4.75, 6.36328, 5.03906], "texture": "#0"},
				"east": {"uv": [7.875, 8, 7.93359, 8.28906], "texture": "#0"},
				"south": {"uv": [5.875, 6.125, 6.23828, 6.41406], "texture": "#0"},
				"west": {"uv": [8, 8, 8.05859, 8.28906], "texture": "#0"},
				"up": {"uv": [8.23828, 6.43359, 7.875, 6.375], "texture": "#0"},
				"down": {"uv": [7.61328, 7.875, 7.25, 7.93359], "texture": "#0"}
			}
		},
		{
			"from": [5.1875, 2.10875, 19.7475],
			"to": [7.2825, 3.70875, 20.02125],
			"rotation": {"angle": 0, "axis": "y", "origin": [5.95625, 1.0325, 10.61875]},
			"faces": {
				"north": {"uv": [7.5, 5, 7.73047, 5.19922], "texture": "#0"},
				"east": {"uv": [6.625, 8.375, 6.66016, 8.57422], "texture": "#0"},
				"south": {"uv": [5.125, 7.5, 5.35547, 7.69922], "texture": "#0"},
				"west": {"uv": [6.75, 8.375, 6.78516, 8.57422], "texture": "#0"},
				"up": {"uv": [8.60547, 1.16016, 8.375, 1.125], "texture": "#0"},
				"down": {"uv": [1.48047, 8.375, 1.25, 8.41016], "texture": "#0"}
			}
		},
		{
			"from": [8.6875, 2.10875, 19.7475],
			"to": [10.7825, 3.70875, 20.02125],
			"rotation": {"angle": 0, "axis": "y", "origin": [9.70625, 1.0325, 10.61875]},
			"faces": {
				"north": {"uv": [7.5, 5, 7.73047, 5.19922], "texture": "#0"},
				"east": {"uv": [6.625, 8.375, 6.66016, 8.57422], "texture": "#0"},
				"south": {"uv": [5.125, 7.5, 5.35547, 7.69922], "texture": "#0"},
				"west": {"uv": [6.75, 8.375, 6.78516, 8.57422], "texture": "#0"},
				"up": {"uv": [8.60547, 1.16016, 8.375, 1.125], "texture": "#0"},
				"down": {"uv": [1.48047, 8.375, 1.25, 8.41016], "texture": "#0"}
			}
		},
		{
			"from": [4.61625, 1.7475, 18.92625],
			"to": [7.5125, 4.045, 19.3875],
			"rotation": {"angle": 0, "axis": "y", "origin": [5.70625, 0.97, 9.5475]},
			"faces": {
				"north": {"uv": [6.25, 3.125, 6.61328, 3.41406], "texture": "#0"},
				"east": {"uv": [0.875, 8.125, 0.93359, 8.41406], "texture": "#0"},
				"south": {"uv": [6.25, 3.5, 6.61328, 3.78906], "texture": "#0"},
				"west": {"uv": [1.75, 8.125, 1.80859, 8.41406], "texture": "#0"},
				"up": {"uv": [8.23828, 7.43359, 7.875, 7.375], "texture": "#0"},
				"down": {"uv": [8.23828, 7.5, 7.875, 7.55859], "texture": "#0"}
			}
		},
		{
			"from": [4.8225, 1.80125, 19.3875],
			"to": [7.335, 3.95375, 19.84875],
			"rotation": {"angle": 0, "axis": "y", "origin": [5.95625, 1.0325, 10.00875]},
			"faces": {
				"north": {"uv": [2.625, 6.75, 2.9375, 7.01953], "texture": "#0"},
				"east": {"uv": [5, 8.125, 5.05859, 8.39453], "texture": "#0"},
				"south": {"uv": [6.75, 2.625, 7.0625, 2.89453], "texture": "#0"},
				"west": {"uv": [5.5, 8.125, 5.55859, 8.39453], "texture": "#0"},
				"up": {"uv": [5.0625, 8.05859, 4.75, 8], "texture": "#0"},
				"down": {"uv": [8.3125, 5, 8, 5.05859], "texture": "#0"}
			}
		},
		{
			"from": [5.03375, 1.955, 19.84875],
			"to": [7.18625, 3.8625, 19.9975],
			"rotation": {"angle": 0, "axis": "y", "origin": [5.95625, 1.0325, 10.47]},
			"faces": {
				"north": {"uv": [7.125, 2.75, 7.39453, 2.98828], "texture": "#0"},
				"east": {"uv": [4.5, 8.5, 4.51953, 8.73828], "texture": "#0"},
				"south": {"uv": [7.25, 2.375, 7.51953, 2.61328], "texture": "#0"},
				"west": {"uv": [4.625, 8.5, 4.64453, 8.73828], "texture": "#0"},
				"up": {"uv": [8.76953, 1.01953, 8.5, 1], "texture": "#0"},
				"down": {"uv": [1.64453, 8.5, 1.375, 8.51953], "texture": "#0"}
			}
		},
		{
			"from": [9.46875, 2.96875, -1.4275],
			"to": [12.0775, 3.27625, 5.01125],
			"rotation": {"angle": -45, "axis": "y", "origin": [-12.29625, -0.10625, -1.4275]},
			"faces": {
				"north": {"uv": [3, 8.125, 3.41016, 8.16406], "texture": "#0"},
				"east": {"uv": [0, 5.25, 0.71875, 5.28906], "texture": "#0"},
				"south": {"uv": [8.125, 3.5, 8.53516, 3.53906], "texture": "#0"},
				"west": {"uv": [7.625, 4.125, 8.34375, 4.16406], "texture": "#0"},
				"up": {"uv": [4.41016, 4.34375, 4, 3.625], "texture": "#0"},
				"down": {"uv": [1.16016, 4.125, 0.75, 4.84375], "texture": "#0"}
			}
		},
		{
			"from": [8.96875, 2.96875, 5.01125],
			"to": [10.8275, 3.27625, 6.32375],
			"rotation": {"angle": -45, "axis": "y", "origin": [-12.29625, -0.10625, -0.4275]},
			"faces": {
				"north": {"uv": [3, 8.125, 3.41016, 8.16406], "texture": "#0"},
				"east": {"uv": [0, 5.25, 0.71875, 5.28906], "texture": "#0"},
				"south": {"uv": [8.125, 3.5, 8.53516, 3.53906], "texture": "#0"},
				"west": {"uv": [7.625, 4.125, 8.34375, 4.16406], "texture": "#0"},
				"up": {"uv": [4.41016, 4.34375, 4, 3.625], "texture": "#0"},
				"down": {"uv": [1.16016, 4.125, 0.75, 4.84375], "texture": "#0"}
			}
		},
		{
			"from": [-1.96907, 2.94375, 18.08508],
			"to": [4.53218, 3.33875, 19.75633],
			"rotation": {"angle": 22.5, "axis": "y", "origin": [1.70375, -0.10625, 18.9475]},
			"faces": {
				"north": {"uv": [7.5, 3.75, 8.3125, 3.80078], "texture": "#0"},
				"east": {"uv": [7.625, 7.875, 8.03516, 7.92578], "texture": "#0"},
				"south": {"uv": [7.375, 7.25, 8.1875, 7.30078], "texture": "#0"},
				"west": {"uv": [8, 0.75, 8.41016, 0.80078], "texture": "#0"},
				"up": {"uv": [1.16016, 4.0625, 0.75, 3.25], "rotation": 90, "texture": "#0"},
				"down": {"uv": [2.91016, 3.25, 2.5, 4.0625], "rotation": 270, "texture": "#0"}
			}
		},
		{
			"from": [7.60875, 2.2, 15.67375],
			"to": [8.32275, 5.9525, 18.61875],
			"rotation": {"angle": -22.5, "axis": "x", "origin": [4.6875, 9.11875, 5.08875]},
			"faces": {
				"north": {"uv": [6.625, 7.5, 6.71484, 7.96875], "texture": "#0"},
				"east": {"uv": [0.75, 4.875, 1.11719, 5.34375], "texture": "#0"},
				"south": {"uv": [6.75, 7.5, 6.83984, 7.96875], "texture": "#0"},
				"west": {"uv": [2.875, 5.125, 3.24219, 5.59375], "texture": "#0"},
				"up": {"uv": [5.08984, 7.99219, 5, 7.625], "texture": "#0"},
				"down": {"uv": [7.71484, 6.5, 7.625, 6.86719], "texture": "#0"}
			}
		},
		{
			"from": [7.60975, -5.4875, 10.46],
			"to": [8.32, -1.64375, 18.465],
			"rotation": {"angle": -45, "axis": "x", "origin": [11.145, 1.43125, 2.93625]},
			"faces": {
				"north": {"uv": [4.125, 7.5, 4.21484, 7.98047], "texture": "#0"},
				"east": {"uv": [0, 2.75, 1, 3.23047], "texture": "#0"},
				"south": {"uv": [7.5, 5.75, 7.58984, 6.23047], "texture": "#0"},
				"west": {"uv": [3, 0, 4, 0.48047], "texture": "#0"},
				"up": {"uv": [6.71484, 6.125, 6.625, 5.125], "texture": "#0"},
				"down": {"uv": [6.71484, 6.125, 6.625, 7.125], "texture": "#0"}
			}
		},
		{
			"from": [7.7625, 0.4325, 15.23625],
			"to": [8.28525, 3.27625, 18.61875],
			"rotation": {"angle": -22.5, "axis": "x", "origin": [4.6875, 6.35125, 5.08875]},
			"faces": {
				"north": {"uv": [5.75, 7.75, 5.81641, 8.10547], "texture": "#0"},
				"east": {"uv": [5.5, 4, 5.92188, 4.35547], "texture": "#0"},
				"south": {"uv": [6.5, 7.75, 6.56641, 8.10547], "texture": "#0"},
				"west": {"uv": [5.125, 5.5, 5.54688, 5.85547], "texture": "#0"},
				"up": {"uv": [2.94141, 8.17188, 2.875, 7.75], "texture": "#0"},
				"down": {"uv": [3.69141, 7.75, 3.625, 8.17188], "texture": "#0"}
			}
		},
		{
			"from": [-3.615, 1.585, 5.85375],
			"to": [-1.61625, 3.43, 13.08],
			"rotation": {"angle": 0, "axis": "y", "origin": [-0.2325, 0.355, 6.315]},
			"faces": {
				"north": {"uv": [1.75, 7.375, 2, 7.60547], "texture": "#0"},
				"east": {"uv": [4.75, 1.875, 5.65234, 2.10547], "texture": "#0"},
				"south": {"uv": [7.375, 3, 7.625, 3.23047], "texture": "#0"},
				"west": {"uv": [4.75, 2.125, 5.65234, 2.35547], "texture": "#0"},
				"up": {"uv": [1.5, 5.27734, 1.25, 4.375], "texture": "#0"},
				"down": {"uv": [1.75, 4.375, 1.5, 5.27734], "texture": "#0"}
			}
		},
		{
			"from": [17.295, 2.5075, 13.54125],
			"to": [19.60125, 2.66125, 14.15625],
			"rotation": {"angle": 0, "axis": "y", "origin": [16.065, 0.355, 6.315]},
			"faces": {
				"north": {"uv": [8.5, 0.375, 8.78906, 0.39453], "texture": "#0"},
				"east": {"uv": [3.375, 8.75, 3.45313, 8.76953], "texture": "#0"},
				"south": {"uv": [8.5, 0.75, 8.78906, 0.76953], "texture": "#0"},
				"west": {"uv": [8.75, 3.375, 8.82813, 3.39453], "texture": "#0"},
				"up": {"uv": [4.91406, 7.95313, 4.625, 7.875], "texture": "#0"},
				"down": {"uv": [8.16406, 4.75, 7.875, 4.82813], "texture": "#0"}
			}
		},
		{
			"from": [-3.15375, 1.8925, 5.085],
			"to": [-2.0775, 3.1225, 13.84875],
			"rotation": {"angle": 0, "axis": "y", "origin": [-0.2325, 0.355, 6.315]},
			"faces": {
				"north": {"uv": [8, 1.625, 8.13281, 1.77734], "texture": "#0"},
				"east": {"uv": [5.25, 2.625, 6.34375, 2.77734], "texture": "#0"},
				"south": {"uv": [8, 1.875, 8.13281, 2.02734], "texture": "#0"},
				"west": {"uv": [5.25, 2.875, 6.34375, 3.02734], "texture": "#0"},
				"up": {"uv": [1.38281, 6.84375, 1.25, 5.75], "texture": "#0"},
				"down": {"uv": [1.63281, 5.75, 1.5, 6.84375], "texture": "#0"}
			}
		},
		{
			"from": [25.29, 3.43, 10.77375],
			"to": [26.05875, 4.045, 13.54125],
			"rotation": {"angle": 0, "axis": "y", "origin": [23.29125, 0.97, 9.0825]},
			"faces": {
				"north": {"uv": [4.625, 8.375, 4.72266, 8.45313], "texture": "#0"},
				"east": {"uv": [5.625, 3.875, 5.97266, 3.95313], "texture": "#0"},
				"south": {"uv": [4.75, 8.375, 4.84766, 8.45313], "texture": "#0"},
				"west": {"uv": [5.625, 4.75, 5.97266, 4.82813], "texture": "#0"},
				"up": {"uv": [2.59766, 7.97266, 2.5, 7.625], "texture": "#0"},
				"down": {"uv": [3.09766, 7.625, 3, 7.97266], "texture": "#0"}
			}
		},
		{
			"from": [-3.76875, 2.5075, 13.54125],
			"to": [-1.4625, 2.66125, 14.15625],
			"rotation": {"angle": 0, "axis": "y", "origin": [-0.2325, 0.355, 6.315]},
			"faces": {
				"north": {"uv": [0.875, 8.5, 1.16406, 8.51953], "texture": "#0"},
				"east": {"uv": [3.5, 8.75, 3.57813, 8.76953], "texture": "#0"},
				"south": {"uv": [8.5, 0.875, 8.78906, 0.89453], "texture": "#0"},
				"west": {"uv": [3.625, 8.75, 3.70313, 8.76953], "texture": "#0"},
				"up": {"uv": [8.16406, 4.95313, 7.875, 4.875], "texture": "#0"},
				"down": {"uv": [8.16406, 5.25, 7.875, 5.32813], "texture": "#0"}
			}
		},
		{
			"from": [17.91, 1.8925, 5.085],
			"to": [18.98625, 3.1225, 13.84875],
			"rotation": {"angle": 0, "axis": "y", "origin": [16.065, 0.355, 6.315]},
			"faces": {
				"north": {"uv": [2, 8, 2.13281, 8.15234], "texture": "#0"},
				"east": {"uv": [4.375, 5.25, 5.46875, 5.40234], "texture": "#0"},
				"south": {"uv": [8, 2.125, 8.13281, 2.27734], "texture": "#0"},
				"west": {"uv": [0, 5.375, 1.09375, 5.52734], "texture": "#0"},
				"up": {"uv": [3.25781, 6.84375, 3.125, 5.75], "texture": "#0"},
				"down": {"uv": [3.50781, 5.75, 3.375, 6.84375], "texture": "#0"}
			}
		},
		{
			"from": [-3, 3.43, 8.00625],
			"to": [-2.23125, 4.045, 10.77375],
			"rotation": {"angle": 0, "axis": "y", "origin": [-0.2325, 0.97, 6.315]},
			"faces": {
				"north": {"uv": [4.875, 8.375, 4.97266, 8.45313], "texture": "#0"},
				"east": {"uv": [5.75, 2.25, 6.09766, 2.32813], "texture": "#0"},
				"south": {"uv": [8.375, 5, 8.47266, 5.07813], "texture": "#0"},
				"west": {"uv": [7.75, 2.5, 8.09766, 2.57813], "texture": "#0"},
				"up": {"uv": [7.72266, 3.34766, 7.625, 3], "texture": "#0"},
				"down": {"uv": [3.22266, 7.625, 3.125, 7.97266], "texture": "#0"}
			}
		},
		{
			"from": [25.5975, 2.04625, 14.6175],
			"to": [25.75125, 3.7375, 15.69375],
			"rotation": {"angle": 0, "axis": "y", "origin": [23.445, 0.355, 8.775]},
			"faces": {
				"north": {"uv": [8.5, 5.875, 8.51953, 6.08594], "texture": "#0"},
				"east": {"uv": [7.75, 3.5, 7.88281, 3.71094], "texture": "#0"},
				"south": {"uv": [6, 8.5, 6.01953, 8.71094], "texture": "#0"},
				"west": {"uv": [3.75, 7.75, 3.88281, 7.96094], "texture": "#0"},
				"up": {"uv": [6.51953, 8.75781, 6.5, 8.625], "texture": "#0"},
				"down": {"uv": [8.64453, 6.5, 8.625, 6.63281], "texture": "#0"}
			}
		},
		{
			"from": [-10.22625, 3.43, 10.77375],
			"to": [-9.4575, 4.045, 13.54125],
			"rotation": {"angle": 0, "axis": "y", "origin": [-7.45875, 0.97, 9.0825]},
			"faces": {
				"north": {"uv": [5.125, 8.375, 5.22266, 8.45313], "texture": "#0"},
				"east": {"uv": [5.375, 7.75, 5.72266, 7.82813], "texture": "#0"},
				"south": {"uv": [8.375, 5.125, 8.47266, 5.20313], "texture": "#0"},
				"west": {"uv": [7.75, 5.625, 8.09766, 5.70313], "texture": "#0"},
				"up": {"uv": [3.34766, 7.97266, 3.25, 7.625], "texture": "#0"},
				"down": {"uv": [3.47266, 7.625, 3.375, 7.97266], "texture": "#0"}
			}
		},
		{
			"from": [18.06375, 3.43, 8.00625],
			"to": [18.8325, 4.045, 10.77375],
			"rotation": {"angle": 0, "axis": "y", "origin": [16.065, 0.97, 6.315]},
			"faces": {
				"north": {"uv": [5.25, 8.375, 5.34766, 8.45313], "texture": "#0"},
				"east": {"uv": [6.125, 7.75, 6.47266, 7.82813], "texture": "#0"},
				"south": {"uv": [5.375, 8.375, 5.47266, 8.45313], "texture": "#0"},
				"west": {"uv": [7.75, 6.5, 8.09766, 6.57813], "texture": "#0"},
				"up": {"uv": [7.72266, 3.72266, 7.625, 3.375], "texture": "#0"},
				"down": {"uv": [3.59766, 7.625, 3.5, 7.97266], "texture": "#0"}
			}
		},
		{
			"from": [-10.38, 2.35375, 9.54375],
			"to": [-9.30375, 3.43, 14.6175],
			"rotation": {"angle": 0, "axis": "y", "origin": [-7.6125, 0.355, 8.775]},
			"faces": {
				"north": {"uv": [7.125, 8, 7.25781, 8.13281], "texture": "#0"},
				"east": {"uv": [6.75, 5.75, 7.38281, 5.88281], "texture": "#0"},
				"south": {"uv": [7.375, 8, 7.50781, 8.13281], "texture": "#0"},
				"west": {"uv": [6.75, 6, 7.38281, 6.13281], "texture": "#0"},
				"up": {"uv": [6.88281, 6.88281, 6.75, 6.25], "texture": "#0"},
				"down": {"uv": [7.00781, 0.5, 6.875, 1.13281], "texture": "#0"}
			}
		},
		{
			"from": [17.44875, 1.585, 5.85375],
			"to": [19.4475, 3.43, 13.08],
			"rotation": {"angle": 0, "axis": "y", "origin": [16.065, 0.355, 6.315]},
			"faces": {
				"north": {"uv": [7.375, 3.25, 7.625, 3.48047], "texture": "#0"},
				"east": {"uv": [4.875, 0, 5.77734, 0.23047], "texture": "#0"},
				"south": {"uv": [7.375, 3.5, 7.625, 3.73047], "texture": "#0"},
				"west": {"uv": [2.25, 4.875, 3.15234, 5.10547], "texture": "#0"},
				"up": {"uv": [2, 5.27734, 1.75, 4.375], "texture": "#0"},
				"down": {"uv": [2.25, 4.375, 2, 5.27734], "texture": "#0"}
			}
		},
		{
			"from": [-10.22625, 2.5075, 8.775],
			"to": [-9.4575, 3.27625, 15.69375],
			"rotation": {"angle": 0, "axis": "y", "origin": [-7.6125, 0.355, 8.775]},
			"faces": {
				"north": {"uv": [1, 5.625, 1.09766, 5.72266], "texture": "#0"},
				"east": {"uv": [6.75, 1.625, 7.61328, 1.72266], "texture": "#0"},
				"south": {"uv": [3.125, 5.625, 3.22266, 5.72266], "texture": "#0"},
				"west": {"uv": [6.75, 1.75, 7.61328, 1.84766], "texture": "#0"},
				"up": {"uv": [2.22266, 7.61328, 2.125, 6.75], "texture": "#0"},
				"down": {"uv": [2.34766, 6.75, 2.25, 7.61328], "texture": "#0"}
			}
		},
		{
			"from": [25.13625, 2.35375, 9.54375],
			"to": [26.2125, 3.43, 14.6175],
			"rotation": {"angle": 0, "axis": "y", "origin": [23.445, 0.355, 8.775]},
			"faces": {
				"north": {"uv": [7.625, 8, 7.75781, 8.13281], "texture": "#0"},
				"east": {"uv": [1, 6.875, 1.63281, 7.00781], "texture": "#0"},
				"south": {"uv": [8, 7.625, 8.13281, 7.75781], "texture": "#0"},
				"west": {"uv": [6.875, 2.125, 7.50781, 2.25781], "texture": "#0"},
				"up": {"uv": [3.13281, 7.50781, 3, 6.875], "texture": "#0"},
				"down": {"uv": [3.38281, 6.875, 3.25, 7.50781], "texture": "#0"}
			}
		},
		{
			"from": [-10.84125, 2.815, 14.6175],
			"to": [-8.8425, 2.96875, 15.69375],
			"rotation": {"angle": 0, "axis": "y", "origin": [-7.6125, 0.355, 8.775]},
			"faces": {
				"north": {"uv": [3.375, 8.5, 3.625, 8.51953], "texture": "#0"},
				"east": {"uv": [6.625, 8.625, 6.75781, 8.64453], "texture": "#0"},
				"south": {"uv": [3.625, 8.5, 3.875, 8.51953], "texture": "#0"},
				"west": {"uv": [8.625, 6.75, 8.75781, 6.76953], "texture": "#0"},
				"up": {"uv": [7.875, 5.88281, 7.625, 5.75], "texture": "#0"},
				"down": {"uv": [6.125, 7.625, 5.875, 7.75781], "texture": "#0"}
			}
		},
		{
			"from": [25.29, 2.5075, 8.775],
			"to": [26.05875, 3.27625, 15.69375],
			"rotation": {"angle": 0, "axis": "y", "origin": [23.445, 0.355, 8.775]},
			"faces": {
				"north": {"uv": [6.75, 2.125, 6.84766, 2.22266], "texture": "#0"},
				"east": {"uv": [6.75, 1.875, 7.61328, 1.97266], "texture": "#0"},
				"south": {"uv": [3, 6.75, 3.09766, 6.84766], "texture": "#0"},
				"west": {"uv": [6.75, 2, 7.61328, 2.09766], "texture": "#0"},
				"up": {"uv": [2.47266, 7.61328, 2.375, 6.75], "texture": "#0"},
				"down": {"uv": [2.59766, 6.75, 2.5, 7.61328], "texture": "#0"}
			}
		},
		{
			"from": [-9.91875, 2.04625, 14.6175],
			"to": [-9.765, 3.7375, 15.69375],
			"rotation": {"angle": 0, "axis": "y", "origin": [-7.6125, 0.355, 8.775]},
			"faces": {
				"north": {"uv": [6.125, 8.5, 6.14453, 8.71094], "texture": "#0"},
				"east": {"uv": [7.75, 5, 7.88281, 5.21094], "texture": "#0"},
				"south": {"uv": [8.5, 6.125, 8.51953, 6.33594], "texture": "#0"},
				"west": {"uv": [5.125, 7.75, 5.25781, 7.96094], "texture": "#0"},
				"up": {"uv": [6.89453, 8.75781, 6.875, 8.625], "texture": "#0"},
				"down": {"uv": [8.64453, 6.875, 8.625, 7.00781], "texture": "#0"}
			}
		},
		{
			"from": [24.675, 2.815, 14.6175],
			"to": [26.67375, 2.96875, 15.69375],
			"rotation": {"angle": 0, "axis": "y", "origin": [23.445, 0.355, 8.775]},
			"faces": {
				"north": {"uv": [8.5, 3.75, 8.75, 3.76953], "texture": "#0"},
				"east": {"uv": [7, 8.625, 7.13281, 8.64453], "texture": "#0"},
				"south": {"uv": [8.5, 3.875, 8.75, 3.89453], "texture": "#0"},
				"west": {"uv": [8.625, 7.125, 8.75781, 7.14453], "texture": "#0"},
				"up": {"uv": [7.875, 6.13281, 7.625, 6], "texture": "#0"},
				"down": {"uv": [7.875, 6.25, 7.625, 6.38281], "texture": "#0"}
			}
		},
		{
			"from": [3.61125, -4.565, 5.14625],
			"to": [5.45625, -1.4175, 5.2325],
			"rotation": {"angle": -45, "axis": "x", "origin": [3.61125, -5.18, -3.9825]},
			"faces": {
				"north": {"uv": [1.75, 6.5, 1.98047, 6.89453], "texture": "#0"},
				"east": {"uv": [5.25, 8.5, 5.26172, 8.89453], "texture": "#0"},
				"south": {"uv": [6.625, 4.25, 6.85547, 4.64453], "texture": "#0"},
				"west": {"uv": [5.375, 8.5, 5.38672, 8.89453], "texture": "#0"},
				"up": {"uv": [8.85547, 3.63672, 8.625, 3.625], "texture": "#0"},
				"down": {"uv": [4.10547, 8.625, 3.875, 8.63672], "texture": "#0"}
			}
		},
		{
			"from": [12.22125, 2.12618, 1.61011],
			"to": [12.83625, 4.02368, 1.71511],
			"rotation": {"angle": 0, "axis": "x", "origin": [21.44625, 3.07, 0.7675]},
			"faces": {
				"north": {"uv": [8, 3.125, 8.07813, 3.36328], "texture": "#0"},
				"east": {"uv": [1.625, 8.625, 1.63672, 8.86328], "texture": "#0"},
				"south": {"uv": [8, 3.375, 8.07813, 3.61328], "texture": "#0"},
				"west": {"uv": [1.75, 8.625, 1.76172, 8.86328], "texture": "#0"},
				"up": {"uv": [4.57813, 8.76172, 4.5, 8.75], "texture": "#0"},
				"down": {"uv": [8.82813, 4.5, 8.75, 4.51172], "texture": "#0"}
			}
		},
		{
			"from": [12.22125, 2.20118, 1.51011],
			"to": [12.83625, 4.02368, 1.61511],
			"rotation": {"angle": 0, "axis": "x", "origin": [21.44625, 3.07, 0.5175]},
			"faces": {
				"north": {"uv": [3.875, 8, 3.95313, 8.22656], "texture": "#0"},
				"east": {"uv": [8.625, 4.875, 8.63672, 5.10156], "texture": "#0"},
				"south": {"uv": [5.125, 8, 5.20313, 8.22656], "texture": "#0"},
				"west": {"uv": [8.625, 5.125, 8.63672, 5.35156], "texture": "#0"},
				"up": {"uv": [4.70313, 8.76172, 4.625, 8.75], "texture": "#0"},
				"down": {"uv": [8.82813, 4.625, 8.75, 4.63672], "texture": "#0"}
			}
		},
		{
			"from": [12.22125, 2.32618, 1.31011],
			"to": [12.83625, 4.02368, 1.51511],
			"rotation": {"angle": 0, "axis": "x", "origin": [21.44625, 3.07, 0.2675]},
			"faces": {
				"north": {"uv": [2.5, 8.125, 2.57813, 8.33594], "texture": "#0"},
				"east": {"uv": [8.375, 7.75, 8.40234, 7.96094], "texture": "#0"},
				"south": {"uv": [2.625, 8.125, 2.70313, 8.33594], "texture": "#0"},
				"west": {"uv": [7.875, 8.375, 7.90234, 8.58594], "texture": "#0"},
				"up": {"uv": [8.82813, 1.15234, 8.75, 1.125], "texture": "#0"},
				"down": {"uv": [1.32813, 8.75, 1.25, 8.77734], "texture": "#0"}
			}
		},
		{
			"from": [12.22125, 2.46368, 1.08511],
			"to": [12.83625, 4.02368, 1.31511],
			"rotation": {"angle": 0, "axis": "x", "origin": [21.44625, 3.07, -0.2325]},
			"faces": {
				"north": {"uv": [6.125, 8.125, 6.20313, 8.32031], "texture": "#0"},
				"east": {"uv": [0.25, 8.5, 0.27734, 8.69531], "texture": "#0"},
				"south": {"uv": [6.5, 8.125, 6.57813, 8.32031], "texture": "#0"},
				"west": {"uv": [1.25, 8.5, 1.27734, 8.69531], "texture": "#0"},
				"up": {"uv": [8.82813, 1.27734, 8.75, 1.25], "texture": "#0"},
				"down": {"uv": [8.82813, 1.375, 8.75, 1.40234], "texture": "#0"}
			}
		},
		{
			"from": [12.22125, 2.65118, 0.88511],
			"to": [12.83625, 4.02368, 1.09011],
			"rotation": {"angle": 0, "axis": "x", "origin": [21.44625, 3.07, -0.7325]},
			"faces": {
				"north": {"uv": [8.25, 1.875, 8.32813, 2.04688], "texture": "#0"},
				"east": {"uv": [4.375, 8.5, 4.40234, 8.67188], "texture": "#0"},
				"south": {"uv": [2, 8.25, 2.07813, 8.42188], "texture": "#0"},
				"west": {"uv": [8.5, 4.375, 8.52734, 4.54688], "texture": "#0"},
				"up": {"uv": [8.82813, 1.52734, 8.75, 1.5], "texture": "#0"},
				"down": {"uv": [8.82813, 1.625, 8.75, 1.65234], "texture": "#0"}
			}
		},
		{
			"from": [12.22125, 2.87618, 0.71011],
			"to": [12.83625, 4.02368, 0.88511],
			"rotation": {"angle": 0, "axis": "x", "origin": [21.44625, 3.07, -0.7325]},
			"faces": {
				"north": {"uv": [4.375, 8.25, 4.45313, 8.39453], "texture": "#0"},
				"east": {"uv": [8.125, 8.5, 8.14844, 8.64453], "texture": "#0"},
				"south": {"uv": [4.5, 8.25, 4.57813, 8.39453], "texture": "#0"},
				"west": {"uv": [8.5, 8.125, 8.52344, 8.26953], "texture": "#0"},
				"up": {"uv": [8.82813, 2.14844, 8.75, 2.125], "texture": "#0"},
				"down": {"uv": [2.32813, 8.75, 2.25, 8.77344], "texture": "#0"}
			}
		},
		{
			"from": [12.22125, 3.07618, 0.43511],
			"to": [12.83625, 4.02368, 0.71011],
			"rotation": {"angle": 0, "axis": "x", "origin": [21.44625, 3.07, -0.7325]},
			"faces": {
				"north": {"uv": [6.125, 7.25, 6.20313, 7.36719], "texture": "#0"},
				"east": {"uv": [6.25, 8.5, 6.28516, 8.61719], "texture": "#0"},
				"south": {"uv": [7, 7.25, 7.07813, 7.36719], "texture": "#0"},
				"west": {"uv": [6.375, 8.5, 6.41016, 8.61719], "texture": "#0"},
				"up": {"uv": [2.95313, 8.66016, 2.875, 8.625], "texture": "#0"},
				"down": {"uv": [8.70313, 2.875, 8.625, 2.91016], "texture": "#0"}
			}
		},
		{
			"from": [12.22125, 3.25118, 0.21011],
			"to": [12.83625, 4.02368, 0.43511],
			"rotation": {"angle": 0, "axis": "x", "origin": [21.44625, 3.07, -0.7325]},
			"faces": {
				"north": {"uv": [8.375, 5.375, 8.45313, 5.47266], "texture": "#0"},
				"east": {"uv": [8.625, 4.125, 8.65234, 4.22266], "texture": "#0"},
				"south": {"uv": [8.375, 5.5, 8.45313, 5.59766], "texture": "#0"},
				"west": {"uv": [8.625, 4.25, 8.65234, 4.34766], "texture": "#0"},
				"up": {"uv": [8.82813, 1.77734, 8.75, 1.75], "texture": "#0"},
				"down": {"uv": [1.95313, 8.75, 1.875, 8.77734], "texture": "#0"}
			}
		},
		{
			"from": [12.22125, 3.40118, -0.06489],
			"to": [12.83625, 4.02368, 0.21011],
			"rotation": {"angle": 0, "axis": "x", "origin": [21.44625, 3.07, -0.7325]},
			"faces": {
				"north": {"uv": [7.375, 8.375, 7.45313, 8.45313], "texture": "#0"},
				"east": {"uv": [3, 8.625, 3.03516, 8.70313], "texture": "#0"},
				"south": {"uv": [8.375, 7.375, 8.45313, 7.45313], "texture": "#0"},
				"west": {"uv": [8.625, 3, 8.66016, 3.07813], "texture": "#0"},
				"up": {"uv": [3.20313, 8.66016, 3.125, 8.625], "texture": "#0"},
				"down": {"uv": [3.32813, 8.625, 3.25, 8.66016], "texture": "#0"}
			}
		},
		{
			"from": [12.22125, 3.65118, -0.33989],
			"to": [12.83625, 4.02368, -0.06489],
			"rotation": {"angle": 0, "axis": "x", "origin": [21.44625, 3.07, -0.7325]},
			"faces": {
				"north": {"uv": [7.375, 8.5, 7.45313, 8.54688], "texture": "#0"},
				"east": {"uv": [8.75, 2.375, 8.78516, 2.42188], "texture": "#0"},
				"south": {"uv": [8.5, 7.375, 8.57813, 7.42188], "texture": "#0"},
				"west": {"uv": [8.75, 2.5, 8.78516, 2.54688], "texture": "#0"},
				"up": {"uv": [3.45313, 8.66016, 3.375, 8.625], "texture": "#0"},
				"down": {"uv": [3.57813, 8.625, 3.5, 8.66016], "texture": "#0"}
			}
		},
		{
			"from": [12.22125, 3.77618, -0.58989],
			"to": [12.83625, 4.02368, -0.33989],
			"rotation": {"angle": 0, "axis": "x", "origin": [21.44625, 3.07, -0.7325]},
			"faces": {
				"north": {"uv": [7.875, 8.625, 7.95313, 8.65625], "texture": "#0"},
				"east": {"uv": [4, 8.75, 4.03125, 8.78125], "texture": "#0"},
				"south": {"uv": [8.625, 7.875, 8.70313, 7.90625], "texture": "#0"},
				"west": {"uv": [8.75, 4, 8.78125, 4.03125], "texture": "#0"},
				"up": {"uv": [8.07813, 8.65625, 8, 8.625], "texture": "#0"},
				"down": {"uv": [8.70313, 8.125, 8.625, 8.15625], "texture": "#0"}
			}
		},
		{
			"from": [12.22125, 2.00118, 1.71011],
			"to": [12.83625, 4.02368, 1.86511],
			"rotation": {"angle": 0, "axis": "x", "origin": [21.44625, 3.07, 1.0175]},
			"faces": {
				"north": {"uv": [1.25, 8, 1.32813, 8.25391], "texture": "#0"},
				"east": {"uv": [2.75, 8.5, 2.76953, 8.75391], "texture": "#0"},
				"south": {"uv": [2.25, 8, 2.32813, 8.25391], "texture": "#0"},
				"west": {"uv": [8.5, 2.75, 8.51953, 3.00391], "texture": "#0"},
				"up": {"uv": [3.82813, 8.76953, 3.75, 8.75], "texture": "#0"},
				"down": {"uv": [8.82813, 3.75, 8.75, 3.76953], "texture": "#0"}
			}
		},
		{
			"from": [12.22125, 1.85118, 1.86011],
			"to": [12.83625, 4.02368, 1.94011],
			"rotation": {"angle": 0, "axis": "x", "origin": [21.44625, 3.07, 1.2675]},
			"faces": {
				"north": {"uv": [1.375, 7.875, 1.45313, 8.14844], "texture": "#0"},
				"east": {"uv": [8.5, 8.5, 8.51172, 8.77344], "texture": "#0"},
				"south": {"uv": [5.375, 7.875, 5.45313, 8.14844], "texture": "#0"},
				"west": {"uv": [0, 8.625, 0.01172, 8.89844], "texture": "#0"},
				"up": {"uv": [4.82813, 8.76172, 4.75, 8.75], "texture": "#0"},
				"down": {"uv": [8.82813, 4.75, 8.75, 4.76172], "texture": "#0"}
			}
		},
		{
			"from": [12.22125, 1.62618, 1.93511],
			"to": [12.83625, 4.02368, 2.16511],
			"rotation": {"angle": 0, "axis": "x", "origin": [21.44625, 3.07, 1.5175]},
			"faces": {
				"north": {"uv": [0.25, 7.875, 0.32813, 8.17578], "texture": "#0"},
				"east": {"uv": [0.625, 8.375, 0.65234, 8.67578], "texture": "#0"},
				"south": {"uv": [0.5, 7.875, 0.57813, 8.17578], "texture": "#0"},
				"west": {"uv": [0.75, 8.375, 0.77734, 8.67578], "texture": "#0"},
				"up": {"uv": [8.82813, 1.90234, 8.75, 1.875], "texture": "#0"},
				"down": {"uv": [2.07813, 8.75, 2, 8.77734], "texture": "#0"}
			}
		},
		{
			"from": [10.29625, 4.02368, -0.58989],
			"to": [12.61125, 4.29868, 2.66011],
			"rotation": {"angle": 0, "axis": "x", "origin": [19.22125, 3.07, -0.7325]},
			"faces": {
				"north": {"uv": [6.625, 8.25, 6.91406, 8.28516], "texture": "#0"},
				"east": {"uv": [8.25, 1.625, 8.65625, 1.66016], "texture": "#0"},
				"south": {"uv": [8.25, 6.625, 8.53906, 6.66016], "texture": "#0"},
				"west": {"uv": [8.25, 1.75, 8.65625, 1.78516], "texture": "#0"},
				"up": {"uv": [4.66406, 6.40625, 4.375, 6], "texture": "#0"},
				"down": {"uv": [5.03906, 6, 4.75, 6.40625], "texture": "#0"}
			}
		},
		{
			"from": [8.435, 1.80125, 19.3875],
			"to": [10.9475, 3.95375, 19.84875],
			"rotation": {"angle": 0, "axis": "y", "origin": [9.87625, 1.0325, 10.00875]},
			"faces": {
				"north": {"uv": [3.625, 6.75, 3.9375, 7.01953], "texture": "#0"},
				"east": {"uv": [5.625, 8.125, 5.68359, 8.39453], "texture": "#0"},
				"south": {"uv": [6.75, 3.875, 7.0625, 4.14453], "texture": "#0"},
				"west": {"uv": [5.75, 8.125, 5.80859, 8.39453], "texture": "#0"},
				"up": {"uv": [8.3125, 5.18359, 8, 5.125], "texture": "#0"},
				"down": {"uv": [6.1875, 8, 5.875, 8.05859], "texture": "#0"}
			}
		},
		{
			"from": [8.64625, 1.955, 19.84875],
			"to": [10.79875, 3.8625, 19.9975],
			"rotation": {"angle": 0, "axis": "y", "origin": [9.87625, 1.0325, 10.47]},
			"faces": {
				"north": {"uv": [6.625, 7.25, 6.89453, 7.48828], "texture": "#0"},
				"east": {"uv": [4.75, 8.5, 4.76953, 8.73828], "texture": "#0"},
				"south": {"uv": [0, 7.375, 0.26953, 7.61328], "texture": "#0"},
				"west": {"uv": [4.875, 8.5, 4.89453, 8.73828], "texture": "#0"},
				"up": {"uv": [2.01953, 8.51953, 1.75, 8.5], "texture": "#0"},
				"down": {"uv": [2.39453, 8.5, 2.125, 8.51953], "texture": "#0"}
			}
		},
		{
			"from": [7.92125, 2.695, -12.08875],
			"to": [7.97875, 2.78125, -10.41125],
			"rotation": {"angle": 0, "axis": "y", "origin": [10.56375, 0.97, -7.99]},
			"faces": {
				"north": {"uv": [8.75, 5.25, 8.75781, 5.26172], "texture": "#0"},
				"east": {"uv": [7.25, 8.625, 7.46094, 8.63672], "texture": "#0"},
				"south": {"uv": [8.75, 5.375, 8.75781, 5.38672], "texture": "#0"},
				"west": {"uv": [8.625, 7.25, 8.83594, 7.26172], "texture": "#0"},
				"up": {"uv": [8.75781, 2.96094, 8.75, 2.75], "texture": "#0"},
				"down": {"uv": [2.88281, 8.75, 2.875, 8.96094], "texture": "#0"}
			}
		},
		{
			"from": [7.67125, 7.58125, 18.7725],
			"to": [8.28525, 11.33375, 20.5925],
			"rotation": {"angle": 0, "axis": "x", "origin": [4.6875, 14.5, 8.625]},
			"faces": {
				"north": {"uv": [1.75, 7.625, 1.82813, 8.09375], "texture": "#0"},
				"east": {"uv": [1, 2.75, 1.22656, 3.21875], "texture": "#0"},
				"south": {"uv": [1.875, 7.625, 1.95313, 8.09375], "texture": "#0"},
				"west": {"uv": [2.25, 4.375, 2.47656, 4.84375], "texture": "#0"},
				"up": {"uv": [5.32813, 8.22656, 5.25, 8], "texture": "#0"},
				"down": {"uv": [6.32813, 8, 6.25, 8.22656], "texture": "#0"}
			}
		},
		{
			"from": [6.67125, 9.01875, 18.46],
			"to": [9.28525, 9.27125, 20.3425],
			"rotation": {"angle": 0, "axis": "x", "origin": [4.6875, 14.5, 8.625]},
			"faces": {
				"north": {"uv": [8.25, 4.875, 8.57813, 4.90625], "texture": "#0"},
				"east": {"uv": [6.125, 8.375, 6.35938, 8.40625], "texture": "#0"},
				"south": {"uv": [5.125, 8.25, 5.45313, 8.28125], "texture": "#0"},
				"west": {"uv": [6.375, 8.375, 6.60938, 8.40625], "texture": "#0"},
				"up": {"uv": [6.32813, 1.85938, 6, 1.625], "texture": "#0"},
				"down": {"uv": [7.20313, 2.375, 6.875, 2.60938], "texture": "#0"}
			}
		},
		{
			"from": [3.735, 2.96875, -1.4275],
			"to": [6.34375, 3.27625, 4.88625],
			"rotation": {"angle": 45, "axis": "y", "origin": [28.10875, -0.10625, -1.4275]},
			"faces": {
				"north": {"uv": [3.41016, 8.125, 3, 8.16406], "texture": "#0"},
				"east": {"uv": [8.34375, 4.125, 7.625, 4.16406], "texture": "#0"},
				"south": {"uv": [8.53516, 3.5, 8.125, 3.53906], "texture": "#0"},
				"west": {"uv": [0.71875, 5.25, 0, 5.28906], "texture": "#0"},
				"up": {"uv": [4, 4.34375, 4.41016, 3.625], "texture": "#0"},
				"down": {"uv": [0.75, 4.125, 1.16016, 4.84375], "texture": "#0"}
			}
		},
		{
			"from": [4.985, 2.96875, 4.88625],
			"to": [6.84375, 3.27625, 6.38625],
			"rotation": {"angle": 45, "axis": "y", "origin": [28.10875, -0.10625, -0.4275]},
			"faces": {
				"north": {"uv": [3.41016, 8.125, 3, 8.16406], "texture": "#0"},
				"east": {"uv": [8.34375, 4.125, 7.625, 4.16406], "texture": "#0"},
				"south": {"uv": [8.53516, 3.5, 8.125, 3.53906], "texture": "#0"},
				"west": {"uv": [0.71875, 5.25, 0, 5.28906], "texture": "#0"},
				"up": {"uv": [4, 4.34375, 4.41016, 3.625], "texture": "#0"},
				"down": {"uv": [0.75, 4.125, 1.16016, 4.84375], "texture": "#0"}
			}
		},
		{
			"from": [11.28032, 2.94375, 18.08508],
			"to": [17.78157, 3.33875, 19.75633],
			"rotation": {"angle": -22.5, "axis": "y", "origin": [14.10875, -0.10625, 18.9475]},
			"faces": {
				"north": {"uv": [8.3125, 3.75, 7.5, 3.80078], "texture": "#0"},
				"east": {"uv": [8.41016, 0.75, 8, 0.80078], "texture": "#0"},
				"south": {"uv": [8.1875, 7.25, 7.375, 7.30078], "texture": "#0"},
				"west": {"uv": [8.03516, 7.875, 7.625, 7.92578], "texture": "#0"},
				"up": {"uv": [1.16016, 3.25, 0.75, 4.0625], "rotation": 90, "texture": "#0"},
				"down": {"uv": [2.91016, 4.0625, 2.5, 3.25], "rotation": 270, "texture": "#0"}
			}
		}
	],
	"display": {
		"thirdperson_righthand": {
			"rotation": [5, 0, 0],
			"translation": [0, 7.75, -1],
			"scale": [0.99, 1, 1]
		},
		"thirdperson_lefthand": {
			"translation": [2.5, 7.5, 1.75]
		},
		"firstperson_righthand": {
			"rotation": [12, 113, 1],
			"translation": [0, 6.75, 0.5],
			"scale": [0.51, 0.51, 0.49]
		},
		"firstperson_lefthand": {
			"rotation": [11, 117, 0],
			"translation": [0, 5.75, 0],
			"scale": [0.43, 0.41, 0.4]
		},
		"ground": {
			"translation": [0, 4.5, 0],
			"scale": [0.77344, 1, 1]
		},
		"gui": {
			"rotation": [94, -54, 0],
			"translation": [0.5, 0, 0],
			"scale": [0.49781, 1.13, 0.64547]
		},
		"head": {
			"rotation": [50, 0, 0],
			"translation": [0, 10.75, 19.75],
			"scale": [3.00336, 4, 4]
		},
		"fixed": {
			"rotation": [-90, 134, 0],
			"translation": [0, 0, -25.25],
			"scale": [2.76976, 4, 4]
		}
	},
	"groups": [
		{
			"name": "group",
			"origin": [6.6875, 5.5, 8.625],
			"color": 0,
			"children": [
				0,
				1,
				2,
				3,
				4,
				5,
				6,
				7,
				8,
				9,
				10,
				11,
				12,
				13,
				14,
				15,
				16,
				17,
				18,
				19,
				20,
				21,
				22,
				23,
				24,
				25,
				26,
				27,
				28,
				29,
				30,
				31,
				32,
				33,
				34,
				35,
				36,
				37,
				38,
				39,
				40,
				41,
				42,
				43,
				44,
				45,
				46,
				47,
				48,
				49,
				50,
				51,
				52,
				53,
				54,
				55,
				56,
				57,
				58,
				59,
				60,
				61,
				62,
				63,
				64,
				65,
				66,
				67,
				68,
				69,
				70,
				71,
				72,
				73,
				74,
				75,
				76,
				77,
				78,
				79,
				80,
				81,
				82,
				83,
				84,
				85,
				86,
				87,
				88,
				89,
				90,
				91,
				92,
				93,
				94,
				95,
				96,
				97,
				98,
				99,
				100,
				101,
				102,
				103,
				104,
				105,
				106,
				107,
				108,
				109,
				110,
				111,
				112,
				113,
				114,
				115,
				116,
				117,
				118,
				119,
				120,
				121,
				122,
				123,
				124,
				125,
				126
			]
		},
		{
			"name": "group",
			"origin": [9.3125, 5.5, 8.625],
			"color": 0,
			"children": [127, 128, 129]
		}
	]
}