{
	"credit": "Made with Blockbench",
	"texture_size": [128, 128],
	"textures": {
		"0": "item/bulli",
		"particle": "item/bulli"
	},
	"elements": [
		{
			"from": [-5, 16, 3],
			"to": [21, 32, 32],
			"rotation": {"angle": 0, "axis": "y", "origin": [7, 30, 7]},
			"faces": {
				"north": {"uv": [0, 5.625, 3.25, 7.625], "texture": "#0"},
				"east": {"uv": [0, 3.625, 3.625, 5.625], "texture": "#0"},
				"south": {"uv": [3.25, 5.625, 6.5, 7.625], "texture": "#0"},
				"west": {"uv": [3.625, 3.625, 7.25, 5.625], "texture": "#0"},
				"up": {"uv": [3.25, 3.625, 0, 0], "texture": "#0"},
				"down": {"uv": [6.5, 0, 3.25, 3.625], "texture": "#0"}
			}
		},
		{
			"from": [-5, 16, -4],
			"to": [21, 25, 4],
			"rotation": {"angle": 0, "axis": "y", "origin": [7, 30, 0]},
			"faces": {
				"north": {"uv": [7.25, 4.5, 10.5, 5.625], "texture": "#0"},
				"east": {"uv": [9.75, 8.25, 10.75, 9.375], "texture": "#0"},
				"south": {"uv": [3.25, 7.625, 6.5, 8.75], "texture": "#0"},
				"west": {"uv": [9.75, 9.375, 10.75, 10.5], "texture": "#0"},
				"up": {"uv": [9.75, 9.375, 6.5, 8.375], "texture": "#0"},
				"down": {"uv": [6.5, 8.75, 3.25, 9.75], "texture": "#0"}
			}
		},
		{
			"from": [-5.4375, 14, -2],
			"to": [-3, 21, 5],
			"rotation": {"angle": 0, "axis": "y", "origin": [7, 28, 2]},
			"faces": {
				"north": {"uv": [9.375, 10, 9.67969, 10.875], "texture": "#0"},
				"east": {"uv": [8.5, 10, 9.375, 10.875], "texture": "#0"},
				"south": {"uv": [1.75, 10.5, 2.05469, 11.375], "texture": "#0"},
				"west": {"uv": [2.5, 10.375, 3.375, 11.25], "texture": "#0"},
				"up": {"uv": [2.42969, 11.375, 2.125, 10.5], "texture": "#0"},
				"down": {"uv": [10.05469, 10.5, 9.75, 11.375], "texture": "#0"}
			}
		},
		{
			"from": [-5.4375, 14, 21],
			"to": [-3, 21, 28],
			"rotation": {"angle": 0, "axis": "y", "origin": [7, 28, 25]},
			"faces": {
				"north": {"uv": [10.125, 10.5, 10.42969, 11.375], "texture": "#0"},
				"east": {"uv": [3.375, 10.375, 4.25, 11.25], "texture": "#0"},
				"south": {"uv": [10.5, 10.5, 10.80469, 11.375], "texture": "#0"},
				"west": {"uv": [4.25, 10.375, 5.125, 11.25], "texture": "#0"},
				"up": {"uv": [6.05469, 11.5, 5.75, 10.625], "texture": "#0"},
				"down": {"uv": [6.42969, 10.625, 6.125, 11.5], "texture": "#0"}
			}
		},
		{
			"from": [19, 14, 21],
			"to": [21.4375, 21, 28],
			"rotation": {"angle": 0, "axis": "y", "origin": [31.4375, 28, 25]},
			"faces": {
				"north": {"uv": [8, 10.625, 8.30469, 11.5], "texture": "#0"},
				"east": {"uv": [10.5, 3.125, 11.375, 4], "texture": "#0"},
				"south": {"uv": [10.75, 8.25, 11.05469, 9.125], "texture": "#0"},
				"west": {"uv": [10.5, 4, 11.375, 4.875], "texture": "#0"},
				"up": {"uv": [11.05469, 10, 10.75, 9.125], "texture": "#0"},
				"down": {"uv": [8.67969, 10.875, 8.375, 11.75], "texture": "#0"}
			}
		},
		{
			"from": [19, 14, -2],
			"to": [21.4375, 21, 5],
			"rotation": {"angle": 0, "axis": "y", "origin": [31.4375, 28, 2]},
			"faces": {
				"north": {"uv": [6.5, 10.625, 6.80469, 11.5], "texture": "#0"},
				"east": {"uv": [0, 10.5, 0.875, 11.375], "texture": "#0"},
				"south": {"uv": [6.875, 10.625, 7.17969, 11.5], "texture": "#0"},
				"west": {"uv": [0.875, 10.5, 1.75, 11.375], "texture": "#0"},
				"up": {"uv": [7.55469, 11.5, 7.25, 10.625], "texture": "#0"},
				"down": {"uv": [7.92969, 10.625, 7.625, 11.5], "texture": "#0"}
			}
		},
		{
			"from": [-5, 18.5, -8],
			"to": [21, 23, -6.375],
			"rotation": {"angle": 0, "axis": "y", "origin": [7, 30, -6]},
			"faces": {
				"north": {"uv": [9.75, 2.5, 13, 3.0625], "texture": "#0"},
				"east": {"uv": [9.25, 10.875, 9.45313, 11.4375], "texture": "#0"},
				"south": {"uv": [9.75, 5.625, 13, 6.1875], "texture": "#0"},
				"west": {"uv": [9.5, 10.875, 9.70313, 11.4375], "texture": "#0"},
				"up": {"uv": [13.75, 5.07813, 10.5, 4.875], "texture": "#0"},
				"down": {"uv": [13.75, 5.125, 10.5, 5.32813], "texture": "#0"}
			}
		},
		{
			"from": [-5, 16, -6.5],
			"to": [21, 21, 4],
			"rotation": {"angle": 0, "axis": "y", "origin": [7, 30, 0]},
			"faces": {
				"north": {"uv": [9.75, 0.625, 13, 1.25], "texture": "#0"},
				"east": {"uv": [5.75, 10, 7.0625, 10.625], "texture": "#0"},
				"south": {"uv": [9.75, 1.25, 13, 1.875], "texture": "#0"},
				"west": {"uv": [7.125, 10, 8.4375, 10.625], "texture": "#0"},
				"up": {"uv": [9.75, 6.9375, 6.5, 5.625], "texture": "#0"},
				"down": {"uv": [9.75, 7, 6.5, 8.3125], "texture": "#0"}
			}
		},
		{
			"from": [-5.125, 2, 1.75],
			"to": [21.0625, 15, 11.75],
			"rotation": {"angle": -45, "axis": "x", "origin": [7, 13, -13.25]},
			"faces": {
				"north": {"uv": [6.5, 0, 9.75, 1.625], "texture": "#0"},
				"east": {"uv": [0, 8.875, 1.25, 10.5], "texture": "#0"},
				"south": {"uv": [6.5, 1.625, 9.75, 3.25], "texture": "#0"},
				"west": {"uv": [1.25, 8.875, 2.5, 10.5], "texture": "#0"},
				"up": {"uv": [10.5, 4.5, 7.25, 3.25], "texture": "#0"},
				"down": {"uv": [3.25, 7.625, 0, 8.875], "texture": "#0"}
			}
		},
		{
			"from": [-5, 14, -7.25],
			"to": [21, 18, -3.25],
			"rotation": {"angle": -22.5, "axis": "x", "origin": [7, 19, -21.25]},
			"faces": {
				"north": {"uv": [9.75, 6.25, 13, 6.75], "texture": "#0"},
				"east": {"uv": [10.75, 10, 11.25, 10.5], "texture": "#0"},
				"south": {"uv": [9.75, 6.75, 13, 7.25], "texture": "#0"},
				"west": {"uv": [8.75, 10.875, 9.25, 11.375], "texture": "#0"},
				"up": {"uv": [13, 7.75, 9.75, 7.25], "texture": "#0"},
				"down": {"uv": [13, 7.75, 9.75, 8.25], "texture": "#0"}
			}
		},
		{
			"from": [-5.1875, 10.1875, -8.0625],
			"to": [21.125, 15.1875, -3.25],
			"rotation": {"angle": -22.5, "axis": "x", "origin": [7, 15.1875, -21.25]},
			"faces": {
				"north": {"uv": [6.5, 9.375, 9.75, 10], "texture": "#0"},
				"east": {"uv": [2.5, 8.875, 3.10156, 9.5], "texture": "#0"},
				"south": {"uv": [9.75, 0, 13, 0.625], "texture": "#0"},
				"west": {"uv": [5.125, 10.375, 5.72656, 11], "texture": "#0"},
				"up": {"uv": [13, 2.47656, 9.75, 1.875], "texture": "#0"},
				"down": {"uv": [5.75, 9.75, 2.5, 10.35156], "texture": "#0"}
			}
		}
	],
	"display": {
		"thirdperson_righthand": {
			"scale": [0.12, 0.1, 0.12]
		},
		"thirdperson_lefthand": {
			"scale": [0.12, 0.1, 0.12]
		},
		"firstperson_righthand": {
			"translation": [0, 3.75, 0],
			"scale": [0.12, 0.1, 0.12]
		},
		"firstperson_lefthand": {
			"translation": [0, 3.75, 0],
			"scale": [0.12, 0.1, 0.12]
		},
		"ground": {
			"translation": [0, 3.75, 0],
			"scale": [0.12, 0.1, 0.12]
		},
		"gui": {
			"rotation": [103, 42, -79],
			"translation": [-5, -2.25, 0],
			"scale": [0.27, 0.34, 0.3]
		},
		"head": {
			"translation": [0, -64, -8.25],
			"scale": [2.34766, 3.26953, 4]
		},
		"fixed": {
			"rotation": [-90, 0, 0],
			"translation": [0, -2.75, 2.25],
			"scale": [0.30539, 0.36719, 0.48047]
		}
	}
}