{
	"credit": "Made with Blockbench",
	"texture_size": [32, 32],
	"textures": {
		"0": "item/cat_ears",
		"particle": "item/cat_ears"
	},
	"elements": [
		{
			"from": [5, 2, 6.375],
			"to": [7.3125, 2.75, 7.375],
			"rotation": {"angle": 22.5, "axis": "z", "origin": [5.25, 1, 6.875]},
			"faces": {
				"north": {"uv": [4.5, 1, 5.625, 1.375], "texture": "#0"},
				"east": {"uv": [3, 2.5, 3.5, 2.875], "texture": "#0"},
				"south": {"uv": [4, 4.5, 5.125, 4.875], "texture": "#0"},
				"west": {"uv": [1, 3.5, 1.5, 3.875], "texture": "#0"},
				"up": {"uv": [1.125, 0.5, 0, 0], "texture": "#0"},
				"down": {"uv": [1.125, 0.5, 0, 1], "texture": "#0"}
			}
		},
		{
			"from": [5.0625, 1.75, 6.375],
			"to": [7, 2, 7.4375],
			"rotation": {"angle": 22.5, "axis": "z", "origin": [5.25, 1, 6.875]},
			"faces": {
				"north": {"uv": [6.5, 4, 7.5, 4.125], "texture": "#0"},
				"east": {"uv": [7.5, 8.5, 8, 8.625], "texture": "#0"},
				"south": {"uv": [4.5, 6.5, 5.5, 6.625], "texture": "#0"},
				"west": {"uv": [8, 8.5, 8.5, 8.625], "texture": "#0"},
				"up": {"uv": [3, 4.5, 2, 4], "texture": "#0"},
				"down": {"uv": [1, 4.5, 0, 5], "texture": "#0"}
			}
		},
		{
			"from": [5.1875, 1.5, 6.375],
			"to": [7, 1.75, 7.5],
			"rotation": {"angle": 22.5, "axis": "z", "origin": [5.25, 1, 6.875]},
			"faces": {
				"north": {"uv": [7, 7, 7.875, 7.125], "texture": "#0"},
				"east": {"uv": [7, 8, 7.625, 8.125], "texture": "#0"},
				"south": {"uv": [0, 7.5, 0.875, 7.625], "texture": "#0"},
				"west": {"uv": [8, 7, 8.625, 7.125], "texture": "#0"},
				"up": {"uv": [2.375, 3.625, 1.5, 3], "texture": "#0"},
				"down": {"uv": [3.875, 1.5, 3, 2.125], "texture": "#0"}
			}
		},
		{
			"from": [5.3125, 1.25, 6.375],
			"to": [7, 1.5, 7.5625],
			"rotation": {"angle": 22.5, "axis": "z", "origin": [5.25, 1, 6.875]},
			"faces": {
				"north": {"uv": [1, 7.5, 1.875, 7.625], "texture": "#0"},
				"east": {"uv": [8, 7.5, 8.625, 7.625], "texture": "#0"},
				"south": {"uv": [2, 7.5, 2.875, 7.625], "texture": "#0"},
				"west": {"uv": [8, 8, 8.625, 8.125], "texture": "#0"},
				"up": {"uv": [3.375, 3.625, 2.5, 3], "texture": "#0"},
				"down": {"uv": [0.875, 3.5, 0, 4.125], "texture": "#0"}
			}
		},
		{
			"from": [5.5625, 1, 6.375],
			"to": [7, 1.25, 7.625],
			"rotation": {"angle": 22.5, "axis": "z", "origin": [5.25, 1, 6.875]},
			"faces": {
				"north": {"uv": [1, 8, 1.75, 8.125], "texture": "#0"},
				"east": {"uv": [0, 8.5, 0.625, 8.625], "texture": "#0"},
				"south": {"uv": [8, 1, 8.75, 1.125], "texture": "#0"},
				"west": {"uv": [1, 8.5, 1.625, 8.625], "texture": "#0"},
				"up": {"uv": [2.75, 5.125, 2, 4.5], "texture": "#0"},
				"down": {"uv": [5.25, 2.5, 4.5, 3.125], "texture": "#0"}
			}
		},
		{
			"from": [5, 2.75, 6.375],
			"to": [7.25, 3, 7.25],
			"rotation": {"angle": 22.5, "axis": "z", "origin": [5.25, 1, 6.875]},
			"faces": {
				"north": {"uv": [6, 5, 7.125, 5.125], "texture": "#0"},
				"east": {"uv": [8.5, 6.5, 9, 6.625], "texture": "#0"},
				"south": {"uv": [6, 5.5, 7.125, 5.625], "texture": "#0"},
				"west": {"uv": [7, 8.5, 7.5, 8.625], "texture": "#0"},
				"up": {"uv": [1.125, 1.5, 0, 1], "texture": "#0"},
				"down": {"uv": [1.125, 1.5, 0, 2], "texture": "#0"}
			}
		},
		{
			"from": [5.0625, 3.5, 6.375],
			"to": [7.0625, 3.75, 7.0625],
			"rotation": {"angle": 22.5, "axis": "z", "origin": [5.25, 1, 6.875]},
			"faces": {
				"north": {"uv": [6.5, 4.5, 7.5, 4.625], "texture": "#0"},
				"east": {"uv": [9, 2.5, 9.375, 2.625], "texture": "#0"},
				"south": {"uv": [5.5, 6.5, 6.5, 6.625], "texture": "#0"},
				"west": {"uv": [3, 9, 3.375, 9.125], "texture": "#0"},
				"up": {"uv": [6, 2.375, 5, 2], "texture": "#0"},
				"down": {"uv": [5, 5, 4, 5.375], "texture": "#0"}
			}
		},
		{
			"from": [5.125, 4, 6.375],
			"to": [6.875, 4.25, 6.875],
			"rotation": {"angle": 22.5, "axis": "z", "origin": [5.25, 1, 6.875]},
			"faces": {
				"north": {"uv": [5, 7, 5.875, 7.125], "texture": "#0"},
				"east": {"uv": [8, 9, 8.25, 9.125], "texture": "#0"},
				"south": {"uv": [6, 7, 6.875, 7.125], "texture": "#0"},
				"west": {"uv": [9, 8, 9.25, 8.125], "texture": "#0"},
				"up": {"uv": [6.375, 2.75, 5.5, 2.5], "texture": "#0"},
				"down": {"uv": [3.875, 5.5, 3, 5.75], "texture": "#0"}
			}
		},
		{
			"from": [5.1875, 4.5, 6.375],
			"to": [6.625, 4.75, 6.75],
			"rotation": {"angle": 22.5, "axis": "z", "origin": [5.25, 1, 6.875]},
			"faces": {
				"north": {"uv": [7, 7.5, 7.75, 7.625], "texture": "#0"},
				"east": {"uv": [8.5, 9, 8.75, 9.125], "texture": "#0"},
				"south": {"uv": [0, 8, 0.75, 8.125], "texture": "#0"},
				"west": {"uv": [9, 8.5, 9.25, 8.625], "texture": "#0"},
				"up": {"uv": [0.75, 6.25, 0, 6], "texture": "#0"},
				"down": {"uv": [1.75, 6, 1, 6.25], "texture": "#0"}
			}
		},
		{
			"from": [5.1875, 4.75, 6.375],
			"to": [6.5625, 5, 6.75],
			"rotation": {"angle": 22.5, "axis": "z", "origin": [5.25, 1, 6.875]},
			"faces": {
				"north": {"uv": [8, 0, 8.75, 0.125], "texture": "#0"},
				"east": {"uv": [9, 9, 9.25, 9.125], "texture": "#0"},
				"south": {"uv": [8, 0.5, 8.75, 0.625], "texture": "#0"},
				"west": {"uv": [0, 9.5, 0.25, 9.625], "texture": "#0"},
				"up": {"uv": [6.75, 1.25, 6, 1], "texture": "#0"},
				"down": {"uv": [2.75, 6, 2, 6.25], "texture": "#0"}
			}
		},
		{
			"from": [5.25, 5, 6.375],
			"to": [6.375, 5.25, 6.6875],
			"rotation": {"angle": 22.5, "axis": "z", "origin": [5.25, 1, 6.875]},
			"faces": {
				"north": {"uv": [8, 3.5, 8.625, 3.625], "texture": "#0"},
				"east": {"uv": [9.5, 2.5, 9.625, 2.625], "texture": "#0"},
				"south": {"uv": [4, 8, 4.625, 8.125], "texture": "#0"},
				"west": {"uv": [3, 9.5, 3.125, 9.625], "texture": "#0"},
				"up": {"uv": [5.625, 8.125, 5, 8], "texture": "#0"},
				"down": {"uv": [6.625, 8, 6, 8.125], "texture": "#0"}
			}
		},
		{
			"from": [5.375, 5.25, 6.375],
			"to": [6.1875, 5.5, 6.625],
			"rotation": {"angle": 22.5, "axis": "z", "origin": [5.25, 1, 6.875]},
			"faces": {
				"north": {"uv": [9, 3, 9.375, 3.125], "texture": "#0"},
				"east": {"uv": [9.5, 3, 9.625, 3.125], "texture": "#0"},
				"south": {"uv": [3.5, 9, 3.875, 9.125], "texture": "#0"},
				"west": {"uv": [3.5, 9.5, 3.625, 9.625], "texture": "#0"},
				"up": {"uv": [9.375, 3.625, 9, 3.5], "texture": "#0"},
				"down": {"uv": [4.375, 9, 4, 9.125], "texture": "#0"}
			}
		},
		{
			"from": [8.6875, 2, 6.375],
			"to": [11, 2.75, 7.375],
			"rotation": {"angle": -22.5, "axis": "z", "origin": [10.75, 1, 4.875]},
			"faces": {
				"north": {"uv": [0, 5, 1.125, 5.375], "texture": "#0"},
				"east": {"uv": [3, 4, 3.5, 4.375], "texture": "#0"},
				"south": {"uv": [5, 1.5, 6.125, 1.875], "texture": "#0"},
				"west": {"uv": [1.5, 5, 2, 5.375], "texture": "#0"},
				"up": {"uv": [2.625, 0.5, 1.5, 0], "texture": "#0"},
				"down": {"uv": [2.625, 0.5, 1.5, 1], "texture": "#0"}
			}
		},
		{
			"from": [8.75, 2.75, 6.375],
			"to": [11, 3, 7.25],
			"rotation": {"angle": -22.5, "axis": "z", "origin": [10.75, 1, 4.875]},
			"faces": {
				"north": {"uv": [6, 6, 7.125, 6.125], "texture": "#0"},
				"east": {"uv": [8.5, 8.5, 9, 8.625], "texture": "#0"},
				"south": {"uv": [0, 6.5, 1.125, 6.625], "texture": "#0"},
				"west": {"uv": [0, 9, 0.5, 9.125], "texture": "#0"},
				"up": {"uv": [2.625, 1.5, 1.5, 1], "texture": "#0"},
				"down": {"uv": [2.625, 1.5, 1.5, 2], "texture": "#0"}
			}
		},
		{
			"from": [5, 3, 6.375],
			"to": [7.1875, 3.25, 7.25],
			"rotation": {"angle": 22.5, "axis": "z", "origin": [5.25, 1, 6.875]},
			"faces": {
				"north": {"uv": [1.5, 6.5, 2.625, 6.625], "texture": "#0"},
				"east": {"uv": [9, 1, 9.5, 1.125], "texture": "#0"},
				"south": {"uv": [6.5, 1.5, 7.625, 1.625], "texture": "#0"},
				"west": {"uv": [1.5, 9, 2, 9.125], "texture": "#0"},
				"up": {"uv": [1.125, 3, 0, 2.5], "texture": "#0"},
				"down": {"uv": [2.625, 2.5, 1.5, 3], "texture": "#0"}
			}
		},
		{
			"from": [8.8125, 3, 6.375],
			"to": [11, 3.25, 7.25],
			"rotation": {"angle": -22.5, "axis": "z", "origin": [10.75, 1, 4.875]},
			"faces": {
				"north": {"uv": [6.5, 0, 7.625, 0.125], "texture": "#0"},
				"east": {"uv": [9, 0.5, 9.5, 0.625], "texture": "#0"},
				"south": {"uv": [6.5, 0.5, 7.625, 0.625], "texture": "#0"},
				"west": {"uv": [1, 9, 1.5, 9.125], "texture": "#0"},
				"up": {"uv": [1.125, 2.5, 0, 2], "texture": "#0"},
				"down": {"uv": [2.625, 2, 1.5, 2.5], "texture": "#0"}
			}
		},
		{
			"from": [8.875, 3.25, 6.375],
			"to": [11, 3.5, 7.25],
			"rotation": {"angle": -22.5, "axis": "z", "origin": [10.75, 1, 4.875]},
			"faces": {
				"north": {"uv": [6.5, 3, 7.625, 3.125], "texture": "#0"},
				"east": {"uv": [9, 2, 9.5, 2.125], "texture": "#0"},
				"south": {"uv": [6.5, 3.5, 7.625, 3.625], "texture": "#0"},
				"west": {"uv": [2.5, 9, 3, 9.125], "texture": "#0"},
				"up": {"uv": [4.125, 1, 3, 0.5], "texture": "#0"},
				"down": {"uv": [4.125, 1, 3, 1.5], "texture": "#0"}
			}
		},
		{
			"from": [5, 3.25, 6.375],
			"to": [7.125, 3.5, 7.25],
			"rotation": {"angle": 22.5, "axis": "z", "origin": [5.25, 1, 6.875]},
			"faces": {
				"north": {"uv": [6.5, 2.5, 7.625, 2.625], "texture": "#0"},
				"east": {"uv": [9, 1.5, 9.5, 1.625], "texture": "#0"},
				"south": {"uv": [3, 6.5, 4.125, 6.625], "texture": "#0"},
				"west": {"uv": [2, 9, 2.5, 9.125], "texture": "#0"},
				"up": {"uv": [1.125, 3.5, 0, 3], "texture": "#0"},
				"down": {"uv": [4.125, 0, 3, 0.5], "texture": "#0"}
			}
		},
		{
			"from": [9, 1.75, 6.375],
			"to": [10.9375, 2, 7.4375],
			"rotation": {"angle": -22.5, "axis": "z", "origin": [10.75, 1, 4.875]},
			"faces": {
				"north": {"uv": [6.5, 6.5, 7.5, 6.625], "texture": "#0"},
				"east": {"uv": [9, 0, 9.5, 0.125], "texture": "#0"},
				"south": {"uv": [0, 7, 1, 7.125], "texture": "#0"},
				"west": {"uv": [0.5, 9, 1, 9.125], "texture": "#0"},
				"up": {"uv": [5.5, 0.5, 4.5, 0], "texture": "#0"},
				"down": {"uv": [5.5, 0.5, 4.5, 1], "texture": "#0"}
			}
		},
		{
			"from": [8.9375, 3.5, 6.375],
			"to": [10.9375, 3.75, 7.0625],
			"rotation": {"angle": -22.5, "axis": "z", "origin": [10.75, 1, 4.875]},
			"faces": {
				"north": {"uv": [1, 7, 2, 7.125], "texture": "#0"},
				"east": {"uv": [4.5, 9, 4.875, 9.125], "texture": "#0"},
				"south": {"uv": [7, 1, 8, 1.125], "texture": "#0"},
				"west": {"uv": [5, 9, 5.375, 9.125], "texture": "#0"},
				"up": {"uv": [6, 5.375, 5, 5], "texture": "#0"},
				"down": {"uv": [1, 5.5, 0, 5.875], "texture": "#0"}
			}
		},
		{
			"from": [5.0625, 3.75, 6.375],
			"to": [6.9375, 4, 7.0625],
			"rotation": {"angle": 22.5, "axis": "z", "origin": [5.25, 1, 6.875]},
			"faces": {
				"north": {"uv": [3, 7, 4, 7.125], "texture": "#0"},
				"east": {"uv": [7.5, 9, 7.875, 9.125], "texture": "#0"},
				"south": {"uv": [4, 7, 5, 7.125], "texture": "#0"},
				"west": {"uv": [9, 7.5, 9.375, 7.625], "texture": "#0"},
				"up": {"uv": [2, 5.875, 1, 5.5], "texture": "#0"},
				"down": {"uv": [3, 5.5, 2, 5.875], "texture": "#0"}
			}
		},
		{
			"from": [9.0625, 3.75, 6.375],
			"to": [10.9375, 4, 7.0625],
			"rotation": {"angle": -22.5, "axis": "z", "origin": [10.75, 1, 4.875]},
			"faces": {
				"north": {"uv": [2, 7, 3, 7.125], "texture": "#0"},
				"east": {"uv": [7, 9, 7.375, 9.125], "texture": "#0"},
				"south": {"uv": [7, 2, 8, 2.125], "texture": "#0"},
				"west": {"uv": [9, 7, 9.375, 7.125], "texture": "#0"},
				"up": {"uv": [6.5, 0.375, 5.5, 0], "texture": "#0"},
				"down": {"uv": [6.5, 0.5, 5.5, 0.875], "texture": "#0"}
			}
		},
		{
			"from": [9.125, 4, 6.375],
			"to": [10.875, 4.25, 6.875],
			"rotation": {"angle": -22.5, "axis": "z", "origin": [10.75, 1, 4.875]},
			"faces": {
				"north": {"uv": [3, 7.5, 3.875, 7.625], "texture": "#0"},
				"east": {"uv": [9.5, 0, 9.75, 0.125], "texture": "#0"},
				"south": {"uv": [4, 7.5, 4.875, 7.625], "texture": "#0"},
				"west": {"uv": [0.5, 9.5, 0.75, 9.625], "texture": "#0"},
				"up": {"uv": [6.375, 3.25, 5.5, 3], "texture": "#0"},
				"down": {"uv": [6.375, 3.5, 5.5, 3.75], "texture": "#0"}
			}
		},
		{
			"from": [5.125, 4.25, 6.375],
			"to": [6.75, 4.5, 6.875],
			"rotation": {"angle": 22.5, "axis": "z", "origin": [5.25, 1, 6.875]},
			"faces": {
				"north": {"uv": [7.5, 6, 8.375, 6.125], "texture": "#0"},
				"east": {"uv": [9.5, 2, 9.75, 2.125], "texture": "#0"},
				"south": {"uv": [7.5, 6.5, 8.375, 6.625], "texture": "#0"},
				"west": {"uv": [2.5, 9.5, 2.75, 9.625], "texture": "#0"},
				"up": {"uv": [6.375, 4.75, 5.5, 4.5], "texture": "#0"},
				"down": {"uv": [5.875, 5.5, 5, 5.75], "texture": "#0"}
			}
		},
		{
			"from": [9.25, 4.25, 6.375],
			"to": [10.875, 4.5, 6.875],
			"rotation": {"angle": -22.5, "axis": "z", "origin": [10.75, 1, 4.875]},
			"faces": {
				"north": {"uv": [7.5, 5.5, 8.375, 5.625], "texture": "#0"},
				"east": {"uv": [9.5, 1.5, 9.75, 1.625], "texture": "#0"},
				"south": {"uv": [6, 7.5, 6.875, 7.625], "texture": "#0"},
				"west": {"uv": [2, 9.5, 2.25, 9.625], "texture": "#0"},
				"up": {"uv": [4.875, 5.75, 4, 5.5], "texture": "#0"},
				"down": {"uv": [6.375, 4, 5.5, 4.25], "texture": "#0"}
			}
		},
		{
			"from": [9.375, 4.5, 6.375],
			"to": [10.8125, 4.75, 6.75],
			"rotation": {"angle": -22.5, "axis": "z", "origin": [10.75, 1, 4.875]},
			"faces": {
				"north": {"uv": [8, 1.5, 8.75, 1.625], "texture": "#0"},
				"east": {"uv": [9.5, 0.5, 9.75, 0.625], "texture": "#0"},
				"south": {"uv": [2, 8, 2.75, 8.125], "texture": "#0"},
				"west": {"uv": [1, 9.5, 1.25, 9.625], "texture": "#0"},
				"up": {"uv": [6.75, 2.25, 6, 2], "texture": "#0"},
				"down": {"uv": [3.75, 6, 3, 6.25], "texture": "#0"}
			}
		},
		{
			"from": [9.625, 5, 6.375],
			"to": [10.75, 5.25, 6.6875],
			"rotation": {"angle": -22.5, "axis": "z", "origin": [10.75, 1, 4.875]},
			"faces": {
				"north": {"uv": [2, 8.5, 2.625, 8.625], "texture": "#0"},
				"east": {"uv": [9.5, 3.5, 9.625, 3.625], "texture": "#0"},
				"south": {"uv": [3, 8.5, 3.625, 8.625], "texture": "#0"},
				"west": {"uv": [4, 9.5, 4.125, 9.625], "texture": "#0"},
				"up": {"uv": [4.625, 8.625, 4, 8.5], "texture": "#0"},
				"down": {"uv": [9.125, 4, 8.5, 4.125], "texture": "#0"}
			}
		},
		{
			"from": [9.8125, 5.25, 6.375],
			"to": [10.625, 5.5, 6.625],
			"rotation": {"angle": -22.5, "axis": "z", "origin": [10.75, 1, 4.875]},
			"faces": {
				"north": {"uv": [5.5, 9, 5.875, 9.125], "texture": "#0"},
				"east": {"uv": [9.5, 4, 9.625, 4.125], "texture": "#0"},
				"south": {"uv": [6, 9, 6.375, 9.125], "texture": "#0"},
				"west": {"uv": [4.5, 9.5, 4.625, 9.625], "texture": "#0"},
				"up": {"uv": [6.875, 9.125, 6.5, 9], "texture": "#0"},
				"down": {"uv": [9.375, 6.5, 9, 6.625], "texture": "#0"}
			}
		},
		{
			"from": [9.4375, 4.75, 6.375],
			"to": [10.8125, 5, 6.75],
			"rotation": {"angle": -22.5, "axis": "z", "origin": [10.75, 1, 4.875]},
			"faces": {
				"north": {"uv": [8, 2, 8.75, 2.125], "texture": "#0"},
				"east": {"uv": [9.5, 1, 9.75, 1.125], "texture": "#0"},
				"south": {"uv": [8, 2.5, 8.75, 2.625], "texture": "#0"},
				"west": {"uv": [1.5, 9.5, 1.75, 9.625], "texture": "#0"},
				"up": {"uv": [4.75, 6.25, 4, 6], "texture": "#0"},
				"down": {"uv": [5.75, 6, 5, 6.25], "texture": "#0"}
			}
		},
		{
			"from": [9, 1.5, 6.375],
			"to": [10.8125, 1.75, 7.5],
			"rotation": {"angle": -22.5, "axis": "z", "origin": [10.75, 1, 4.875]},
			"faces": {
				"north": {"uv": [7.5, 4, 8.375, 4.125], "texture": "#0"},
				"east": {"uv": [8.5, 4.5, 9.125, 4.625], "texture": "#0"},
				"south": {"uv": [7.5, 4.5, 8.375, 4.625], "texture": "#0"},
				"west": {"uv": [5, 8.5, 5.625, 8.625], "texture": "#0"},
				"up": {"uv": [4.375, 3.125, 3.5, 2.5], "texture": "#0"},
				"down": {"uv": [4.375, 3.5, 3.5, 4.125], "texture": "#0"}
			}
		},
		{
			"from": [9, 1.25, 6.375],
			"to": [10.6875, 1.5, 7.5625],
			"rotation": {"angle": -22.5, "axis": "z", "origin": [10.75, 1, 4.875]},
			"faces": {
				"north": {"uv": [5, 7.5, 5.875, 7.625], "texture": "#0"},
				"east": {"uv": [8.5, 5, 9.125, 5.125], "texture": "#0"},
				"south": {"uv": [7.5, 5, 8.375, 5.125], "texture": "#0"},
				"west": {"uv": [8.5, 5.5, 9.125, 5.625], "texture": "#0"},
				"up": {"uv": [1.875, 4.625, 1, 4], "texture": "#0"},
				"down": {"uv": [4.875, 1.5, 4, 2.125], "texture": "#0"}
			}
		},
		{
			"from": [9, 1, 6.375],
			"to": [10.4375, 1.25, 7.625],
			"rotation": {"angle": -22.5, "axis": "z", "origin": [10.75, 1, 4.875]},
			"faces": {
				"north": {"uv": [3, 8, 3.75, 8.125], "texture": "#0"},
				"east": {"uv": [6, 8.5, 6.625, 8.625], "texture": "#0"},
				"south": {"uv": [8, 3, 8.75, 3.125], "texture": "#0"},
				"west": {"uv": [8.5, 6, 9.125, 6.125], "texture": "#0"},
				"up": {"uv": [3.75, 5.125, 3, 4.5], "texture": "#0"},
				"down": {"uv": [5.25, 3.5, 4.5, 4.125], "texture": "#0"}
			}
		}
	],
	"display": {
		"thirdperson_righthand": {
			"rotation": [75, 45, 0],
			"translation": [0, 1.25, 3.75],
			"scale": [0.375, 0.375, 0.375]
		},
		"thirdperson_lefthand": {
			"rotation": [75, 45, 0],
			"translation": [0, 1.25, 3.75],
			"scale": [0.375, 0.375, 0.375]
		},
		"firstperson_righthand": {
			"translation": [0, 6.75, 0]
		},
		"firstperson_lefthand": {
			"translation": [0, 7.25, 0]
		},
		"head": {
			"translation": [0, 17, 0],
			"scale": [2.32, 2, 1]
		},
		"fixed": {
			"translation": [0, 14, 3],
			"scale": [2, 2, 2]
		}
	}
}