{
	"credit": "Made with Blockbench",
	"texture_size": [64, 64],
	"textures": {
		"0": "item/herobrine",
		"particle": "item/herobrine"
	},
	"elements": [
		{
			"from": [4, 0, 6],
			"to": [12, 12, 10],
			"rotation": {"angle": 0, "axis": "y", "origin": [7, 0, 6]},
			"faces": {
				"north": {"uv": [0, 0, 2, 3], "texture": "#0"},
				"east": {"uv": [7, 2, 8, 5], "texture": "#0"},
				"south": {"uv": [2, 0, 4, 3], "texture": "#0"},
				"west": {"uv": [7, 5, 8, 8], "texture": "#0"},
				"up": {"uv": [8, 9, 6, 8], "texture": "#0"},
				"down": {"uv": [10, 6, 8, 7], "texture": "#0"}
			}
		},
		{
			"from": [4, 12, 6],
			"to": [12, 24, 10],
			"rotation": {"angle": 0, "axis": "y", "origin": [7, 12, 6]},
			"faces": {
				"north": {"uv": [0, 3, 2, 6], "texture": "#0"},
				"east": {"uv": [0, 8, 1, 11], "texture": "#0"},
				"south": {"uv": [2, 3, 4, 6], "texture": "#0"},
				"west": {"uv": [8, 0, 9, 3], "texture": "#0"},
				"up": {"uv": [10, 8, 8, 7], "texture": "#0"},
				"down": {"uv": [10, 8, 8, 9], "texture": "#0"}
			}
		},
		{
			"from": [0, 12, 6],
			"to": [4, 24, 10],
			"rotation": {"angle": 0, "axis": "y", "origin": [-1, 12, 6]},
			"faces": {
				"north": {"uv": [1, 8, 2, 11], "texture": "#0"},
				"east": {"uv": [2, 8, 3, 11], "texture": "#0"},
				"south": {"uv": [3, 8, 4, 11], "texture": "#0"},
				"west": {"uv": [8, 3, 9, 6], "texture": "#0"},
				"up": {"uv": [10, 3, 9, 2], "texture": "#0"},
				"down": {"uv": [10, 3, 9, 4], "texture": "#0"}
			}
		},
		{
			"from": [12, 12, 6],
			"to": [16, 24, 10],
			"rotation": {"angle": 0, "axis": "y", "origin": [11, 12, 6]},
			"faces": {
				"north": {"uv": [6, 2, 7, 5], "texture": "#0"},
				"east": {"uv": [4, 6, 5, 9], "texture": "#0"},
				"south": {"uv": [5, 6, 6, 9], "texture": "#0"},
				"west": {"uv": [6, 5, 7, 8], "texture": "#0"},
				"up": {"uv": [10, 1, 9, 0], "texture": "#0"},
				"down": {"uv": [10, 1, 9, 2], "texture": "#0"}
			}
		},
		{
			"from": [4, 24, 4],
			"to": [12, 32, 12],
			"rotation": {"angle": 0, "axis": "y", "origin": [7, 20, 6]},
			"faces": {
				"north": {"uv": [4, 0, 6, 2], "texture": "#0"},
				"east": {"uv": [4, 2, 6, 4], "texture": "#0"},
				"south": {"uv": [4, 4, 6, 6], "texture": "#0"},
				"west": {"uv": [0, 6, 2, 8], "texture": "#0"},
				"up": {"uv": [8, 2, 6, 0], "texture": "#0"},
				"down": {"uv": [4, 6, 2, 8], "texture": "#0"}
			}
		}
	],
	"display": {
		"head": {
			"translation": [0, -32.25, 0],
			"scale": [1.67813, 1.62148, 1.64492]
		},
		"fixed": {
			"rotation": [90, 2.5, -180],
			"translation": [0, -1, -16.5],
			"scale": [2.02148, 2.03711, 2.11914]
		}
	}
}