{
	"credit": "Made with Blockbench",
	"texture_size": [20, 20],
	"textures": {
		"0": "item/fernseher",
		"1": "item/fernsehbild",
		"particle": "item/fernseher"
	},
	"elements": [
		{
			"from": [4, 1, 10],
			"to": [12, 8, 13],
			"rotation": {"angle": 0, "axis": "y", "origin": [8, 6, 9]},
			"faces": {
				"north": {"uv": [6, 5, 10, 8.5], "texture": "#0"},
				"east": {"uv": [10, 8, 11.5, 11.5], "texture": "#0"},
				"south": {"uv": [6, 8.5, 10, 12], "texture": "#0"},
				"west": {"uv": [11.5, 8, 13, 11.5], "texture": "#0"},
				"up": {"uv": [14, 6.5, 10, 5], "texture": "#0"},
				"down": {"uv": [14, 6.5, 10, 8], "texture": "#0"}
			}
		},
		{
			"from": [2, 0, 5],
			"to": [14, 9, 10],
			"rotation": {"angle": 0, "axis": "y", "origin": [8, 6, 9]},
			"faces": {
				"north": {"uv": [0, 0, 6, 4.5], "texture": "#0"},
				"east": {"uv": [0, 9, 2.5, 13.5], "texture": "#0"},
				"south": {"uv": [0, 4.5, 6, 9], "texture": "#0"},
				"west": {"uv": [2.5, 9, 5, 13.5], "texture": "#0"},
				"up": {"uv": [12, 2.5, 6, 0], "texture": "#0"},
				"down": {"uv": [12, 2.5, 6, 5], "texture": "#0"}
			}
		},
		{
			"from": [3, 1, 5],
			"to": [13, 8, 5.0625],
			"rotation": {"angle": 0, "axis": "y", "origin": [8, 6, 9.0625]},
			"faces": {
				"north": {"uv": [0, 0, 8, 5.6], "texture": "#1"},
				"east": {"uv": [8, 1.6, 8.05, 7.2], "texture": "#1"},
				"south": {"uv": [0, 5.6, 8, 11.2], "texture": "#1"},
				"west": {"uv": [8, 7.2, 8.05, 12.8], "texture": "#1"},
				"up": {"uv": [16, 0.05, 8, 0], "texture": "#1"},
				"down": {"uv": [16, 0.8, 8, 0.85], "texture": "#1"}
			}
		}
	],
	"display": {
		"thirdperson_righthand": {
			"rotation": [66.5, 0, 0],
			"translation": [-1, 3.75, 6.25]
		},
		"thirdperson_lefthand": {
			"rotation": [66.5, 0, 0],
			"translation": [-1, 3.75, 6.25]
		},
		"firstperson_righthand": {
			"rotation": [0, 159, 0],
			"translation": [0, 8.25, -2.75]
		},
		"firstperson_lefthand": {
			"rotation": [0, 159, 0],
			"translation": [0, 8.25, -2.75]
		},
		"ground": {
			"translation": [0, 5.25, 0]
		},
		"fixed": {
			"rotation": [-90, 180, 0],
			"translation": [0, 0.25, -30.25],
			"scale": [4, 4, 4]
		}
	}
}