{
	"format_version": "1.9.0",
	"texture_size": [32, 32],
	"textures": {
		"0": "item/altreifen",
		"1": "item/phonescreen",
		"particle": "item/altreifen"
	},
	"elements": [
		{
			"from": [5, 0, 7],
			"to": [11, 12, 8],
			"rotation": {"angle": 0, "axis": "y", "origin": [7, 0, 6]},
			"faces": {
				"north": {"uv": [7, 0, 9, 9.5], "texture": "#0"},
				"east": {"uv": [7.75, 0, 8.75, 12], "texture": "#0"},
				"south": {"uv": [8.25, 3, 14.25, 15], "texture": "#0"},
				"west": {"uv": [7.5, 0, 8.5, 9.75], "texture": "#0"},
				"up": {"uv": [0, 0, 6, 1], "texture": "#0"},
				"down": {"uv": [0, 0, 6, 1], "texture": "#0"}
			}
		},
		{
			"from": [5.25, 1, 6.9375],
			"to": [10.75, 11.75, 7.1875],
			"rotation": {"angle": 0, "axis": "y", "origin": [7, 0, 5.9375]},
			"faces": {
				"north": {"uv": [0, 0, 16, 16], "texture": "#1"},
				"east": {"uv": [0, 5.5, 0.125, 10.875], "texture": "#1"},
				"south": {"uv": [3, 0, 5.75, 5.375], "texture": "#1"},
				"west": {"uv": [0.5, 5.5, 0.625, 10.875], "texture": "#1"},
				"up": {"uv": [3.75, 5.625, 1, 5.5], "texture": "#1"},
				"down": {"uv": [6.75, 5.5, 4, 5.625], "texture": "#1"}
			}
		}
	],
	"display": {
		"thirdperson_righthand": {
			"rotation": [0, 180, 0],
			"translation": [0, 2.75, 1],
			"scale": [0.38633, 0.37438, 0.16078]
		},
		"thirdperson_lefthand": {
			"rotation": [0, -180, 0],
			"translation": [0, 2.75, 1],
			"scale": [0.38633, 0.37438, 0.16078]
		},
		"firstperson_righthand": {
			"rotation": [170.21, 35.25, -170.26],
			"translation": [0, 7.25, -1.75]
		},
		"firstperson_lefthand": {
			"rotation": [170.21, 35.25, -170.26],
			"translation": [0, 7.25, -1.75]
		},
		"ground": {
			"rotation": [90, -6.24, -3.44],
			"translation": [0, 0, 2.75],
			"scale": [0.46, 0.46, 0.43]
		},
		"gui": {
			"rotation": [147.74, 0.64, -140.25],
			"translation": [1.25, 0.75, 0]
		},
		"head": {
			"rotation": [-137.25, 85.54, 170.44],
			"translation": [7.25, -0.75, -1.5],
			"scale": [0.77539, 0.71875, 0.84766]
		},
		"fixed": {
			"translation": [0, 1.5, 0]
		}
	}
}