{
	"credit": "Made with Blockbench",
	"texture_size": [64, 64],
	"textures": {
		"0": "item/unterschrank",
		"1": "item/andesit",
		"particle": "item/unterschrank"
	},
	"elements": [
		{
			"from": [-0.25, -0.125, -0.125],
			"to": [16.25, 16.125, 16.125],
			"faces": {
				"north": {"uv": [0, 0, 4.125, 4.125], "texture": "#0"},
				"east": {"uv": [0, 4.25, 4.125, 8.375], "texture": "#0"},
				"south": {"uv": [4.25, 0, 8.375, 4.125], "texture": "#0"},
				"west": {"uv": [4.25, 4.25, 8.375, 8.375], "texture": "#0"},
				"up": {"uv": [4.125, 12.625, 0, 8.5], "texture": "#0"},
				"down": {"uv": [12.625, 0, 8.5, 4.125], "texture": "#0"}
			}
		},
		{
			"from": [-0.25, -0.125, -0.5625],
			"to": [16.25, 16.125, -0.125],
			"faces": {
				"north": {"uv": [0, 0, 4.125, 4.0625], "texture": "#1"},
				"east": {"uv": [4.25, 0.5, 4.3125, 4.5625], "texture": "#1"},
				"south": {"uv": [0, 4.25, 4.125, 8.3125], "texture": "#1"},
				"west": {"uv": [4.5, 0.5, 4.5625, 4.5625], "texture": "#1"},
				"up": {"uv": [8.375, 0.0625, 4.25, 0], "texture": "#1"},
				"down": {"uv": [8.375, 0.25, 4.25, 0.3125], "texture": "#1"}
			}
		},
		{
			"from": [2, -1.125, 1],
			"to": [14, 0, 2],
			"rotation": {"angle": 0, "axis": "y", "origin": [-2, -9, -4]},
			"faces": {
				"north": {"uv": [4.25, 8.5, 4.5, 9.5], "texture": "#0"},
				"east": {"uv": [8.5, 4.25, 8.75, 5.25], "texture": "#0"},
				"south": {"uv": [4.5, 8.5, 4.75, 9.5], "texture": "#0"},
				"west": {"uv": [4.75, 8.5, 5, 9.5], "texture": "#0"},
				"up": {"uv": [6, 8.75, 5.75, 8.5], "texture": "#0"},
				"down": {"uv": [6.25, 8.5, 6, 8.75], "texture": "#0"}
			}
		},
		{
			"from": [2, -1.125, 5],
			"to": [14, 0, 6],
			"rotation": {"angle": 0, "axis": "y", "origin": [-2, -9, 0]},
			"faces": {
				"north": {"uv": [4.25, 8.5, 4.5, 9.5], "texture": "#0"},
				"east": {"uv": [8.5, 4.25, 8.75, 5.25], "texture": "#0"},
				"south": {"uv": [4.5, 8.5, 4.75, 9.5], "texture": "#0"},
				"west": {"uv": [4.75, 8.5, 5, 9.5], "texture": "#0"},
				"up": {"uv": [6, 8.75, 5.75, 8.5], "texture": "#0"},
				"down": {"uv": [6.25, 8.5, 6, 8.75], "texture": "#0"}
			}
		},
		{
			"from": [2, -1.125, 10],
			"to": [14, 0, 11],
			"rotation": {"angle": 0, "axis": "y", "origin": [-2, -9, 5]},
			"faces": {
				"north": {"uv": [4.25, 8.5, 4.5, 9.5], "texture": "#0"},
				"east": {"uv": [8.5, 4.25, 8.75, 5.25], "texture": "#0"},
				"south": {"uv": [4.5, 8.5, 4.75, 9.5], "texture": "#0"},
				"west": {"uv": [4.75, 8.5, 5, 9.5], "texture": "#0"},
				"up": {"uv": [6, 8.75, 5.75, 8.5], "texture": "#0"},
				"down": {"uv": [6.25, 8.5, 6, 8.75], "texture": "#0"}
			}
		}
	],
	"display": {
		"thirdperson_righthand": {
			"rotation": [75, 45, 0],
			"translation": [0, 2.5, 0],
			"scale": [0.375, 0.375, 0.375]
		},
		"thirdperson_lefthand": {
			"rotation": [75, 45, 0],
			"translation": [0, 2.5, 0],
			"scale": [0.375, 0.375, 0.375]
		},
		"firstperson_righthand": {
			"rotation": [0, 45, 0],
			"scale": [0.4, 0.4, 0.4]
		},
		"firstperson_lefthand": {
			"rotation": [0, 225, 0],
			"scale": [0.4, 0.4, 0.4]
		},
		"ground": {
			"translation": [0, 3, 0],
			"scale": [0.25, 0.25, 0.25]
		},
		"gui": {
			"rotation": [30, 225, 0],
			"scale": [0.625, 0.625, 0.625]
		},
		"fixed": {
			"rotation": [90, 0, 0],
			"translation": [0, 0.25, 17.25],
			"scale": [1.95117, 2.13672, 2]
		}
	}
}