{
	"credit": "Made with Blockbench",
	"texture_size": [32, 32],
	"textures": {
		"0": "item/werkzeugkasten",
		"particle": "item/werkzeugkasten"
	},
	"elements": [
		{
			"from": [3, 0, 5],
			"to": [13, 6, 11],
			"rotation": {"angle": 0, "axis": "y", "origin": [7, 0, 7]},
			"faces": {
				"north": {"uv": [0, 0, 5, 3], "texture": "#0"},
				"east": {"uv": [0, 6, 3, 9], "texture": "#0"},
				"south": {"uv": [0, 3, 5, 6], "texture": "#0"},
				"west": {"uv": [3, 6, 6, 9], "texture": "#0"},
				"up": {"uv": [10, 3, 5, 0], "texture": "#0"},
				"down": {"uv": [10, 3, 5, 6], "texture": "#0"}
			}
		},
		{
			"from": [2, 5, 7.5],
			"to": [3, 6, 8.5],
			"rotation": {"angle": 0, "axis": "y", "origin": [1, 4, 7]},
			"faces": {
				"north": {"uv": [6.5, 8.5, 7, 9], "texture": "#0"},
				"east": {"uv": [7, 8.5, 7.5, 9], "texture": "#0"},
				"south": {"uv": [7.5, 8.5, 8, 9], "texture": "#0"},
				"west": {"uv": [8, 8.5, 8.5, 9], "texture": "#0"},
				"up": {"uv": [9, 8.5, 8.5, 8], "texture": "#0"},
				"down": {"uv": [9, 8.5, 8.5, 9], "texture": "#0"}
			}
		},
		{
			"from": [13, 5, 7.5],
			"to": [14, 6, 8.5],
			"rotation": {"angle": 0, "axis": "y", "origin": [11.5, 4, 7]},
			"faces": {
				"north": {"uv": [6, 8, 6.5, 8.5], "texture": "#0"},
				"east": {"uv": [6.5, 8, 7, 8.5], "texture": "#0"},
				"south": {"uv": [7, 8, 7.5, 8.5], "texture": "#0"},
				"west": {"uv": [7.5, 8, 8, 8.5], "texture": "#0"},
				"up": {"uv": [8.5, 8.5, 8, 8], "texture": "#0"},
				"down": {"uv": [6.5, 8.5, 6, 9], "texture": "#0"}
			}
		},
		{
			"from": [13.5, 4.75, 7.75],
			"to": [14, 5, 8.75],
			"rotation": {"angle": 0, "axis": "y", "origin": [12, 3.75, 7.25]},
			"faces": {
				"north": {"uv": [10.5, 0, 10.75, 0.125], "texture": "#0"},
				"east": {"uv": [1, 10, 1.5, 10.125], "texture": "#0"},
				"south": {"uv": [0.5, 10.5, 0.75, 10.625], "texture": "#0"},
				"west": {"uv": [10, 1, 10.5, 1.125], "texture": "#0"},
				"up": {"uv": [3.25, 9.5, 3, 9], "texture": "#0"},
				"down": {"uv": [3.75, 9, 3.5, 9.5], "texture": "#0"}
			}
		},
		{
			"from": [2, 4.75, 7.75],
			"to": [2.5, 5, 8.75],
			"rotation": {"angle": 0, "axis": "y", "origin": [0.5, 3.75, 7.25]},
			"faces": {
				"north": {"uv": [10, 10, 10.25, 10.125], "texture": "#0"},
				"east": {"uv": [10, 0, 10.5, 0.125], "texture": "#0"},
				"south": {"uv": [0, 10.5, 0.25, 10.625], "texture": "#0"},
				"west": {"uv": [10, 0.5, 10.5, 0.625], "texture": "#0"},
				"up": {"uv": [2.25, 9.5, 2, 9], "texture": "#0"},
				"down": {"uv": [2.75, 9, 2.5, 9.5], "texture": "#0"}
			}
		},
		{
			"from": [13.5, 4.5, 8],
			"to": [14, 4.75, 9],
			"rotation": {"angle": 0, "axis": "y", "origin": [12, 3.5, 7.5]},
			"faces": {
				"north": {"uv": [10.5, 1, 10.75, 1.125], "texture": "#0"},
				"east": {"uv": [2, 10, 2.5, 10.125], "texture": "#0"},
				"south": {"uv": [1.5, 10.5, 1.75, 10.625], "texture": "#0"},
				"west": {"uv": [10, 2, 10.5, 2.125], "texture": "#0"},
				"up": {"uv": [5.25, 9.5, 5, 9], "texture": "#0"},
				"down": {"uv": [5.75, 9, 5.5, 9.5], "texture": "#0"}
			}
		},
		{
			"from": [2, 4.5, 8],
			"to": [2.5, 4.75, 9],
			"rotation": {"angle": 0, "axis": "y", "origin": [0.5, 3.5, 7.5]},
			"faces": {
				"north": {"uv": [10.5, 0.5, 10.75, 0.625], "texture": "#0"},
				"east": {"uv": [1.5, 10, 2, 10.125], "texture": "#0"},
				"south": {"uv": [1, 10.5, 1.25, 10.625], "texture": "#0"},
				"west": {"uv": [10, 1.5, 10.5, 1.625], "texture": "#0"},
				"up": {"uv": [4.25, 9.5, 4, 9], "texture": "#0"},
				"down": {"uv": [4.75, 9, 4.5, 9.5], "texture": "#0"}
			}
		},
		{
			"from": [13.5, 4.25, 8.25],
			"to": [14, 4.5, 9.25],
			"rotation": {"angle": 0, "axis": "y", "origin": [12, 3.25, 7.75]},
			"faces": {
				"north": {"uv": [10.5, 2, 10.75, 2.125], "texture": "#0"},
				"east": {"uv": [3, 10, 3.5, 10.125], "texture": "#0"},
				"south": {"uv": [2.5, 10.5, 2.75, 10.625], "texture": "#0"},
				"west": {"uv": [10, 3, 10.5, 3.125], "texture": "#0"},
				"up": {"uv": [7.25, 9.5, 7, 9], "texture": "#0"},
				"down": {"uv": [7.75, 9, 7.5, 9.5], "texture": "#0"}
			}
		},
		{
			"from": [2, 4.25, 8.25],
			"to": [2.5, 4.5, 9.25],
			"rotation": {"angle": 0, "axis": "y", "origin": [0.5, 3.25, 7.75]},
			"faces": {
				"north": {"uv": [10.5, 1.5, 10.75, 1.625], "texture": "#0"},
				"east": {"uv": [2.5, 10, 3, 10.125], "texture": "#0"},
				"south": {"uv": [2, 10.5, 2.25, 10.625], "texture": "#0"},
				"west": {"uv": [10, 2.5, 10.5, 2.625], "texture": "#0"},
				"up": {"uv": [6.25, 9.5, 6, 9], "texture": "#0"},
				"down": {"uv": [6.75, 9, 6.5, 9.5], "texture": "#0"}
			}
		},
		{
			"from": [13.5, 4, 8.5],
			"to": [14, 4.25, 9.5],
			"rotation": {"angle": 0, "axis": "y", "origin": [12, 3, 8]},
			"faces": {
				"north": {"uv": [10.5, 3, 10.75, 3.125], "texture": "#0"},
				"east": {"uv": [4, 10, 4.5, 10.125], "texture": "#0"},
				"south": {"uv": [3.5, 10.5, 3.75, 10.625], "texture": "#0"},
				"west": {"uv": [10, 4, 10.5, 4.125], "texture": "#0"},
				"up": {"uv": [8.75, 9.5, 8.5, 9], "texture": "#0"},
				"down": {"uv": [9.25, 8.5, 9, 9], "texture": "#0"}
			}
		},
		{
			"from": [2, 4, 8.5],
			"to": [2.5, 4.25, 9.5],
			"rotation": {"angle": 0, "axis": "y", "origin": [0.5, 3, 8]},
			"faces": {
				"north": {"uv": [10.5, 2.5, 10.75, 2.625], "texture": "#0"},
				"east": {"uv": [3.5, 10, 4, 10.125], "texture": "#0"},
				"south": {"uv": [3, 10.5, 3.25, 10.625], "texture": "#0"},
				"west": {"uv": [10, 3.5, 10.5, 3.625], "texture": "#0"},
				"up": {"uv": [8.25, 9.5, 8, 9], "texture": "#0"},
				"down": {"uv": [9.25, 8, 9, 8.5], "texture": "#0"}
			}
		},
		{
			"from": [13.5, 3.75, 8.75],
			"to": [14, 4, 9.75],
			"rotation": {"angle": 0, "axis": "y", "origin": [12, 2.75, 8.25]},
			"faces": {
				"north": {"uv": [10.5, 4, 10.75, 4.125], "texture": "#0"},
				"east": {"uv": [5, 10, 5.5, 10.125], "texture": "#0"},
				"south": {"uv": [4.5, 10.5, 4.75, 10.625], "texture": "#0"},
				"west": {"uv": [10, 5, 10.5, 5.125], "texture": "#0"},
				"up": {"uv": [2.75, 10, 2.5, 9.5], "texture": "#0"},
				"down": {"uv": [3.25, 9.5, 3, 10], "texture": "#0"}
			}
		},
		{
			"from": [2, 3.75, 8.75],
			"to": [2.5, 4, 9.75],
			"rotation": {"angle": 0, "axis": "y", "origin": [0.5, 2.75, 8.25]},
			"faces": {
				"north": {"uv": [10.5, 3.5, 10.75, 3.625], "texture": "#0"},
				"east": {"uv": [4.5, 10, 5, 10.125], "texture": "#0"},
				"south": {"uv": [4, 10.5, 4.25, 10.625], "texture": "#0"},
				"west": {"uv": [10, 4.5, 10.5, 4.625], "texture": "#0"},
				"up": {"uv": [9.25, 9.5, 9, 9], "texture": "#0"},
				"down": {"uv": [2.25, 9.5, 2, 10], "texture": "#0"}
			}
		},
		{
			"from": [13.5, 3.5, 9],
			"to": [14, 3.75, 10],
			"rotation": {"angle": 0, "axis": "y", "origin": [12, 2.5, 8.5]},
			"faces": {
				"north": {"uv": [10.5, 5, 10.75, 5.125], "texture": "#0"},
				"east": {"uv": [6, 10, 6.5, 10.125], "texture": "#0"},
				"south": {"uv": [5.5, 10.5, 5.75, 10.625], "texture": "#0"},
				"west": {"uv": [6.5, 10, 7, 10.125], "texture": "#0"},
				"up": {"uv": [4.75, 10, 4.5, 9.5], "texture": "#0"},
				"down": {"uv": [5.25, 9.5, 5, 10], "texture": "#0"}
			}
		},
		{
			"from": [2, 3.5, 9],
			"to": [2.5, 3.75, 10],
			"rotation": {"angle": 0, "axis": "y", "origin": [0.5, 2.5, 8.5]},
			"faces": {
				"north": {"uv": [10.5, 4.5, 10.75, 4.625], "texture": "#0"},
				"east": {"uv": [5.5, 10, 6, 10.125], "texture": "#0"},
				"south": {"uv": [5, 10.5, 5.25, 10.625], "texture": "#0"},
				"west": {"uv": [10, 5.5, 10.5, 5.625], "texture": "#0"},
				"up": {"uv": [3.75, 10, 3.5, 9.5], "texture": "#0"},
				"down": {"uv": [4.25, 9.5, 4, 10], "texture": "#0"}
			}
		},
		{
			"from": [13.5, 3.25, 9.25],
			"to": [14, 3.5, 10.25],
			"rotation": {"angle": 0, "axis": "y", "origin": [12, 2.25, 8.75]},
			"faces": {
				"north": {"uv": [6.5, 10.5, 6.75, 10.625], "texture": "#0"},
				"east": {"uv": [8, 10, 8.5, 10.125], "texture": "#0"},
				"south": {"uv": [7, 10.5, 7.25, 10.625], "texture": "#0"},
				"west": {"uv": [10, 8, 10.5, 8.125], "texture": "#0"},
				"up": {"uv": [6.75, 10, 6.5, 9.5], "texture": "#0"},
				"down": {"uv": [7.25, 9.5, 7, 10], "texture": "#0"}
			}
		},
		{
			"from": [2, 3.25, 9.25],
			"to": [2.5, 3.5, 10.25],
			"rotation": {"angle": 0, "axis": "y", "origin": [0.5, 2.25, 8.75]},
			"faces": {
				"north": {"uv": [10.5, 5.5, 10.75, 5.625], "texture": "#0"},
				"east": {"uv": [7, 10, 7.5, 10.125], "texture": "#0"},
				"south": {"uv": [6, 10.5, 6.25, 10.625], "texture": "#0"},
				"west": {"uv": [7.5, 10, 8, 10.125], "texture": "#0"},
				"up": {"uv": [5.75, 10, 5.5, 9.5], "texture": "#0"},
				"down": {"uv": [6.25, 9.5, 6, 10], "texture": "#0"}
			}
		},
		{
			"from": [13.5, 3, 9.5],
			"to": [14, 3.25, 10.5],
			"rotation": {"angle": 0, "axis": "y", "origin": [12, 2, 9]},
			"faces": {
				"north": {"uv": [10.5, 8, 10.75, 8.125], "texture": "#0"},
				"east": {"uv": [9.5, 10, 10, 10.125], "texture": "#0"},
				"south": {"uv": [8.5, 10.5, 8.75, 10.625], "texture": "#0"},
				"west": {"uv": [10, 9.5, 10.5, 9.625], "texture": "#0"},
				"up": {"uv": [9.75, 8.5, 9.5, 8], "texture": "#0"},
				"down": {"uv": [8.75, 9.5, 8.5, 10], "texture": "#0"}
			}
		},
		{
			"from": [2, 3, 9.5],
			"to": [2.5, 3.25, 10.5],
			"rotation": {"angle": 0, "axis": "y", "origin": [0.5, 2, 9]},
			"faces": {
				"north": {"uv": [7.5, 10.5, 7.75, 10.625], "texture": "#0"},
				"east": {"uv": [8.5, 10, 9, 10.125], "texture": "#0"},
				"south": {"uv": [8, 10.5, 8.25, 10.625], "texture": "#0"},
				"west": {"uv": [9, 10, 9.5, 10.125], "texture": "#0"},
				"up": {"uv": [7.75, 10, 7.5, 9.5], "texture": "#0"},
				"down": {"uv": [8.25, 9.5, 8, 10], "texture": "#0"}
			}
		},
		{
			"from": [13.5, 2.75, 9.75],
			"to": [14, 3, 11.75],
			"rotation": {"angle": 0, "axis": "y", "origin": [12, 1.75, 9.25]},
			"faces": {
				"north": {"uv": [10.5, 9, 10.75, 9.125], "texture": "#0"},
				"east": {"uv": [9.5, 9, 10.5, 9.125], "texture": "#0"},
				"south": {"uv": [9.5, 10.5, 9.75, 10.625], "texture": "#0"},
				"west": {"uv": [0, 10, 1, 10.125], "texture": "#0"},
				"up": {"uv": [1.25, 10, 1, 9], "texture": "#0"},
				"down": {"uv": [1.75, 9, 1.5, 10], "texture": "#0"}
			}
		},
		{
			"from": [2, 2.75, 9.75],
			"to": [2.5, 3, 11.75],
			"rotation": {"angle": 0, "axis": "y", "origin": [0.5, 1.75, 9.25]},
			"faces": {
				"north": {"uv": [10.5, 8.5, 10.75, 8.625], "texture": "#0"},
				"east": {"uv": [9.5, 8.5, 10.5, 8.625], "texture": "#0"},
				"south": {"uv": [9, 10.5, 9.25, 10.625], "texture": "#0"},
				"west": {"uv": [9, 9.5, 10, 9.625], "texture": "#0"},
				"up": {"uv": [0.25, 10, 0, 9], "texture": "#0"},
				"down": {"uv": [0.75, 9, 0.5, 10], "texture": "#0"}
			}
		},
		{
			"from": [2.5, 2.75, 11.5],
			"to": [13.5, 3, 11.75],
			"rotation": {"angle": 0, "axis": "y", "origin": [0.5, 1.75, 9.25]},
			"faces": {
				"north": {"uv": [6, 6, 11.5, 6.125], "texture": "#0"},
				"east": {"uv": [10.5, 9.5, 10.625, 9.625], "texture": "#0"},
				"south": {"uv": [6, 6.5, 11.5, 6.625], "texture": "#0"},
				"west": {"uv": [10, 10.5, 10.125, 10.625], "texture": "#0"},
				"up": {"uv": [11.5, 7.125, 6, 7], "texture": "#0"},
				"down": {"uv": [11.5, 7.5, 6, 7.625], "texture": "#0"}
			}
		}
	],
	"display": {
		"thirdperson_righthand": {
			"rotation": [-21.67, -5.95, -81.93],
			"translation": [6.25, -2, -2.75]
		},
		"thirdperson_lefthand": {
			"rotation": [-21.67, -5.95, -81.93],
			"translation": [6.25, -2, -2.75]
		},
		"firstperson_righthand": {
			"rotation": [0, -42, 0],
			"translation": [0, 7, 0]
		},
		"firstperson_lefthand": {
			"rotation": [0, -42, 0],
			"translation": [0, 7, 0]
		},
		"ground": {
			"translation": [0, 4.75, 0]
		},
		"gui": {
			"rotation": [-148.26, -42.5, -176.51],
			"translation": [0, 4.5, 0]
		},
		"head": {
			"translation": [0, 14, 0]
		},
		"fixed": {
			"rotation": [-90, 0, 0],
			"translation": [0, 0, -20],
			"scale": [2.5, 2.5, 2.5]
		}
	}
}