{
	"credit": "Made with Blockbench",
	"texture_size": [32, 32],
	"textures": {
		"0": "item/altreifen",
		"particle": "item/altreifen"
	},
	"elements": [
		{
			"from": [7, 0, 10],
			"to": [9, 2, 12],
			"rotation": {"angle": -22.5, "axis": "y", "origin": [8, 0, 8]},
			"faces": {
				"north": {"uv": [6, 6, 7, 7], "texture": "#0"},
				"east": {"uv": [0, 7, 1, 8], "texture": "#0"},
				"south": {"uv": [7, 0, 8, 1], "texture": "#0"},
				"west": {"uv": [1, 7, 2, 8], "texture": "#0"},
				"up": {"uv": [8, 2, 7, 1], "texture": "#0"},
				"down": {"uv": [3, 7, 2, 8], "texture": "#0"}
			}
		},
		{
			"from": [7, 0.0625, 10],
			"to": [9, 1.9375, 12],
			"rotation": {"angle": -45, "axis": "y", "origin": [8, 0, 8]},
			"faces": {
				"north": {"uv": [3, 1, 4, 2], "texture": "#0"},
				"east": {"uv": [2, 3, 3, 4], "texture": "#0"},
				"south": {"uv": [3, 2, 4, 3], "texture": "#0"},
				"west": {"uv": [3, 3, 4, 4], "texture": "#0"},
				"up": {"uv": [1, 5, 0, 4], "texture": "#0"},
				"down": {"uv": [5, 0, 4, 1], "texture": "#0"}
			}
		},
		{
			"from": [4, 0, 7],
			"to": [6, 2, 9],
			"rotation": {"angle": 22.5, "axis": "y", "origin": [8, 0, 8]},
			"faces": {
				"north": {"uv": [7, 2, 8, 3], "texture": "#0"},
				"east": {"uv": [3, 7, 4, 8], "texture": "#0"},
				"south": {"uv": [7, 3, 8, 4], "texture": "#0"},
				"west": {"uv": [4, 7, 5, 8], "texture": "#0"},
				"up": {"uv": [8, 5, 7, 4], "texture": "#0"},
				"down": {"uv": [6, 7, 5, 8], "texture": "#0"}
			}
		},
		{
			"from": [4, 0.0625, 7],
			"to": [6, 1.9375, 9],
			"rotation": {"angle": 0, "axis": "y", "origin": [8, 0, 8]},
			"faces": {
				"north": {"uv": [1, 4, 2, 5], "texture": "#0"},
				"east": {"uv": [4, 1, 5, 2], "texture": "#0"},
				"south": {"uv": [2, 4, 3, 5], "texture": "#0"},
				"west": {"uv": [4, 2, 5, 3], "texture": "#0"},
				"up": {"uv": [4, 5, 3, 4], "texture": "#0"},
				"down": {"uv": [5, 3, 4, 4], "texture": "#0"}
			}
		},
		{
			"from": [4, 0, 7],
			"to": [6, 2, 9],
			"rotation": {"angle": -22.5, "axis": "y", "origin": [8, 0, 8]},
			"faces": {
				"north": {"uv": [7, 5, 8, 6], "texture": "#0"},
				"east": {"uv": [6, 7, 7, 8], "texture": "#0"},
				"south": {"uv": [7, 6, 8, 7], "texture": "#0"},
				"west": {"uv": [7, 7, 8, 8], "texture": "#0"},
				"up": {"uv": [1, 9, 0, 8], "texture": "#0"},
				"down": {"uv": [9, 0, 8, 1], "texture": "#0"}
			}
		},
		{
			"from": [4, 0.0625, 7],
			"to": [6, 1.9375, 9],
			"rotation": {"angle": -45, "axis": "y", "origin": [8, 0, 8]},
			"faces": {
				"north": {"uv": [4, 4, 5, 5], "texture": "#0"},
				"east": {"uv": [0, 5, 1, 6], "texture": "#0"},
				"south": {"uv": [5, 0, 6, 1], "texture": "#0"},
				"west": {"uv": [1, 5, 2, 6], "texture": "#0"},
				"up": {"uv": [6, 2, 5, 1], "texture": "#0"},
				"down": {"uv": [3, 5, 2, 6], "texture": "#0"}
			}
		},
		{
			"from": [7, 0, 4],
			"to": [9, 2, 6],
			"rotation": {"angle": 22.5, "axis": "y", "origin": [8, 0, 8]},
			"faces": {
				"north": {"uv": [1, 8, 2, 9], "texture": "#0"},
				"east": {"uv": [8, 1, 9, 2], "texture": "#0"},
				"south": {"uv": [2, 8, 3, 9], "texture": "#0"},
				"west": {"uv": [8, 2, 9, 3], "texture": "#0"},
				"up": {"uv": [4, 9, 3, 8], "texture": "#0"},
				"down": {"uv": [9, 3, 8, 4], "texture": "#0"}
			}
		},
		{
			"from": [7, 0.0625, 4],
			"to": [9, 1.9375, 6],
			"rotation": {"angle": 0, "axis": "y", "origin": [8, 0, 8]},
			"faces": {
				"north": {"uv": [5, 2, 6, 3], "texture": "#0"},
				"east": {"uv": [3, 5, 4, 6], "texture": "#0"},
				"south": {"uv": [5, 3, 6, 4], "texture": "#0"},
				"west": {"uv": [4, 5, 5, 6], "texture": "#0"},
				"up": {"uv": [6, 5, 5, 4], "texture": "#0"},
				"down": {"uv": [6, 5, 5, 6], "texture": "#0"}
			}
		},
		{
			"from": [7, 0, 4],
			"to": [9, 2, 6],
			"rotation": {"angle": -22.5, "axis": "y", "origin": [8, 0, 8]},
			"faces": {
				"north": {"uv": [4, 8, 5, 9], "texture": "#0"},
				"east": {"uv": [8, 4, 9, 5], "texture": "#0"},
				"south": {"uv": [5, 8, 6, 9], "texture": "#0"},
				"west": {"uv": [8, 5, 9, 6], "texture": "#0"},
				"up": {"uv": [7, 9, 6, 8], "texture": "#0"},
				"down": {"uv": [9, 6, 8, 7], "texture": "#0"}
			}
		},
		{
			"from": [7, 0.0625, 4],
			"to": [9, 1.9375, 6],
			"rotation": {"angle": -45, "axis": "y", "origin": [8, 0, 8]},
			"faces": {
				"north": {"uv": [0, 6, 1, 7], "texture": "#0"},
				"east": {"uv": [6, 0, 7, 1], "texture": "#0"},
				"south": {"uv": [1, 6, 2, 7], "texture": "#0"},
				"west": {"uv": [6, 1, 7, 2], "texture": "#0"},
				"up": {"uv": [3, 7, 2, 6], "texture": "#0"},
				"down": {"uv": [7, 2, 6, 3], "texture": "#0"}
			}
		},
		{
			"from": [10, 0, 7],
			"to": [12, 2, 9],
			"rotation": {"angle": 22.5, "axis": "y", "origin": [8, 0, 8]},
			"faces": {
				"north": {"uv": [7, 8, 8, 9], "texture": "#0"},
				"east": {"uv": [8, 7, 9, 8], "texture": "#0"},
				"south": {"uv": [8, 8, 9, 9], "texture": "#0"},
				"west": {"uv": [0, 9, 1, 10], "texture": "#0"},
				"up": {"uv": [10, 1, 9, 0], "texture": "#0"},
				"down": {"uv": [2, 9, 1, 10], "texture": "#0"}
			}
		},
		{
			"from": [10, 0.0625, 7],
			"to": [12, 1.9375, 9],
			"rotation": {"angle": 0, "axis": "y", "origin": [8, 0, 8]},
			"faces": {
				"north": {"uv": [3, 6, 4, 7], "texture": "#0"},
				"east": {"uv": [6, 3, 7, 4], "texture": "#0"},
				"south": {"uv": [4, 6, 5, 7], "texture": "#0"},
				"west": {"uv": [6, 4, 7, 5], "texture": "#0"},
				"up": {"uv": [6, 7, 5, 6], "texture": "#0"},
				"down": {"uv": [7, 5, 6, 6], "texture": "#0"}
			}
		},
		{
			"from": [10, 0, 7],
			"to": [12, 2, 9],
			"rotation": {"angle": -22.5, "axis": "y", "origin": [8, 0, 8]},
			"faces": {
				"north": {"uv": [9, 1, 10, 2], "texture": "#0"},
				"east": {"uv": [2, 9, 3, 10], "texture": "#0"},
				"south": {"uv": [9, 2, 10, 3], "texture": "#0"},
				"west": {"uv": [3, 9, 4, 10], "texture": "#0"},
				"up": {"uv": [10, 4, 9, 3], "texture": "#0"},
				"down": {"uv": [5, 9, 4, 10], "texture": "#0"}
			}
		},
		{
			"from": [10, 0.0625, 7],
			"to": [12, 1.9375, 9],
			"rotation": {"angle": -45, "axis": "y", "origin": [8, 0, 8]},
			"faces": {
				"north": {"uv": [0, 0, 1, 1], "texture": "#0"},
				"east": {"uv": [0, 1, 1, 2], "texture": "#0"},
				"south": {"uv": [1, 0, 2, 1], "texture": "#0"},
				"west": {"uv": [1, 1, 2, 2], "texture": "#0"},
				"up": {"uv": [1, 3, 0, 2], "texture": "#0"},
				"down": {"uv": [3, 0, 2, 1], "texture": "#0"}
			}
		},
		{
			"from": [7, 0, 10],
			"to": [9, 2, 12],
			"rotation": {"angle": 22.5, "axis": "y", "origin": [8, 0, 8]},
			"faces": {
				"north": {"uv": [9, 4, 10, 5], "texture": "#0"},
				"east": {"uv": [5, 9, 6, 10], "texture": "#0"},
				"south": {"uv": [9, 5, 10, 6], "texture": "#0"},
				"west": {"uv": [6, 9, 7, 10], "texture": "#0"},
				"up": {"uv": [10, 7, 9, 6], "texture": "#0"},
				"down": {"uv": [8, 9, 7, 10], "texture": "#0"}
			}
		},
		{
			"from": [7, 0.0625, 10],
			"to": [9, 1.9375, 12],
			"rotation": {"angle": 0, "axis": "y", "origin": [8, 0, 11]},
			"faces": {
				"north": {"uv": [1, 2, 2, 3], "texture": "#0"},
				"east": {"uv": [2, 1, 3, 2], "texture": "#0"},
				"south": {"uv": [2, 2, 3, 3], "texture": "#0"},
				"west": {"uv": [0, 3, 1, 4], "texture": "#0"},
				"up": {"uv": [4, 1, 3, 0], "texture": "#0"},
				"down": {"uv": [2, 3, 1, 4], "texture": "#0"}
			}
		},
		{
			"from": [7.25, 2.0625, 9.75],
			"to": [9.25, 3.9375, 11.75],
			"rotation": {"angle": 0, "axis": "y", "origin": [8.25, 2, 10.75]},
			"faces": {
				"north": {"uv": [1, 2, 2, 3], "texture": "#0"},
				"east": {"uv": [2, 1, 3, 2], "texture": "#0"},
				"south": {"uv": [2, 2, 3, 3], "texture": "#0"},
				"west": {"uv": [0, 3, 1, 4], "texture": "#0"},
				"up": {"uv": [4, 1, 3, 0], "texture": "#0"},
				"down": {"uv": [2, 3, 1, 4], "texture": "#0"}
			}
		},
		{
			"from": [7.25, 2, 9.75],
			"to": [9.25, 4, 11.75],
			"rotation": {"angle": -22.5, "axis": "y", "origin": [8.25, 2, 7.75]},
			"faces": {
				"north": {"uv": [6, 6, 7, 7], "texture": "#0"},
				"east": {"uv": [0, 7, 1, 8], "texture": "#0"},
				"south": {"uv": [7, 0, 8, 1], "texture": "#0"},
				"west": {"uv": [1, 7, 2, 8], "texture": "#0"},
				"up": {"uv": [8, 2, 7, 1], "texture": "#0"},
				"down": {"uv": [3, 7, 2, 8], "texture": "#0"}
			}
		},
		{
			"from": [7.25, 2.0625, 9.75],
			"to": [9.25, 3.9375, 11.75],
			"rotation": {"angle": -45, "axis": "y", "origin": [8.25, 2, 7.75]},
			"faces": {
				"north": {"uv": [3, 1, 4, 2], "texture": "#0"},
				"east": {"uv": [2, 3, 3, 4], "texture": "#0"},
				"south": {"uv": [3, 2, 4, 3], "texture": "#0"},
				"west": {"uv": [3, 3, 4, 4], "texture": "#0"},
				"up": {"uv": [1, 5, 0, 4], "texture": "#0"},
				"down": {"uv": [5, 0, 4, 1], "texture": "#0"}
			}
		},
		{
			"from": [4.25, 2, 6.75],
			"to": [6.25, 4, 8.75],
			"rotation": {"angle": 22.5, "axis": "y", "origin": [8.25, 2, 7.75]},
			"faces": {
				"north": {"uv": [7, 2, 8, 3], "texture": "#0"},
				"east": {"uv": [3, 7, 4, 8], "texture": "#0"},
				"south": {"uv": [7, 3, 8, 4], "texture": "#0"},
				"west": {"uv": [4, 7, 5, 8], "texture": "#0"},
				"up": {"uv": [8, 5, 7, 4], "texture": "#0"},
				"down": {"uv": [6, 7, 5, 8], "texture": "#0"}
			}
		},
		{
			"from": [4.25, 2.0625, 6.75],
			"to": [6.25, 3.9375, 8.75],
			"rotation": {"angle": 0, "axis": "y", "origin": [8.25, 2, 7.75]},
			"faces": {
				"north": {"uv": [1, 4, 2, 5], "texture": "#0"},
				"east": {"uv": [4, 1, 5, 2], "texture": "#0"},
				"south": {"uv": [2, 4, 3, 5], "texture": "#0"},
				"west": {"uv": [4, 2, 5, 3], "texture": "#0"},
				"up": {"uv": [4, 5, 3, 4], "texture": "#0"},
				"down": {"uv": [5, 3, 4, 4], "texture": "#0"}
			}
		},
		{
			"from": [4.25, 2, 6.75],
			"to": [6.25, 4, 8.75],
			"rotation": {"angle": -22.5, "axis": "y", "origin": [8.25, 2, 7.75]},
			"faces": {
				"north": {"uv": [7, 5, 8, 6], "texture": "#0"},
				"east": {"uv": [6, 7, 7, 8], "texture": "#0"},
				"south": {"uv": [7, 6, 8, 7], "texture": "#0"},
				"west": {"uv": [7, 7, 8, 8], "texture": "#0"},
				"up": {"uv": [1, 9, 0, 8], "texture": "#0"},
				"down": {"uv": [9, 0, 8, 1], "texture": "#0"}
			}
		},
		{
			"from": [4.25, 2.0625, 6.75],
			"to": [6.25, 3.9375, 8.75],
			"rotation": {"angle": -45, "axis": "y", "origin": [8.25, 2, 7.75]},
			"faces": {
				"north": {"uv": [4, 4, 5, 5], "texture": "#0"},
				"east": {"uv": [0, 5, 1, 6], "texture": "#0"},
				"south": {"uv": [5, 0, 6, 1], "texture": "#0"},
				"west": {"uv": [1, 5, 2, 6], "texture": "#0"},
				"up": {"uv": [6, 2, 5, 1], "texture": "#0"},
				"down": {"uv": [3, 5, 2, 6], "texture": "#0"}
			}
		},
		{
			"from": [7.25, 2, 3.75],
			"to": [9.25, 4, 5.75],
			"rotation": {"angle": 22.5, "axis": "y", "origin": [8.25, 2, 7.75]},
			"faces": {
				"north": {"uv": [1, 8, 2, 9], "texture": "#0"},
				"east": {"uv": [8, 1, 9, 2], "texture": "#0"},
				"south": {"uv": [2, 8, 3, 9], "texture": "#0"},
				"west": {"uv": [8, 2, 9, 3], "texture": "#0"},
				"up": {"uv": [4, 9, 3, 8], "texture": "#0"},
				"down": {"uv": [9, 3, 8, 4], "texture": "#0"}
			}
		},
		{
			"from": [7.25, 2.0625, 3.75],
			"to": [9.25, 3.9375, 5.75],
			"rotation": {"angle": 0, "axis": "y", "origin": [8.25, 2, 7.75]},
			"faces": {
				"north": {"uv": [5, 2, 6, 3], "texture": "#0"},
				"east": {"uv": [3, 5, 4, 6], "texture": "#0"},
				"south": {"uv": [5, 3, 6, 4], "texture": "#0"},
				"west": {"uv": [4, 5, 5, 6], "texture": "#0"},
				"up": {"uv": [6, 5, 5, 4], "texture": "#0"},
				"down": {"uv": [6, 5, 5, 6], "texture": "#0"}
			}
		},
		{
			"from": [7.25, 2, 3.75],
			"to": [9.25, 4, 5.75],
			"rotation": {"angle": -22.5, "axis": "y", "origin": [8.25, 2, 7.75]},
			"faces": {
				"north": {"uv": [4, 8, 5, 9], "texture": "#0"},
				"east": {"uv": [8, 4, 9, 5], "texture": "#0"},
				"south": {"uv": [5, 8, 6, 9], "texture": "#0"},
				"west": {"uv": [8, 5, 9, 6], "texture": "#0"},
				"up": {"uv": [7, 9, 6, 8], "texture": "#0"},
				"down": {"uv": [9, 6, 8, 7], "texture": "#0"}
			}
		},
		{
			"from": [7.25, 2.0625, 3.75],
			"to": [9.25, 3.9375, 5.75],
			"rotation": {"angle": -45, "axis": "y", "origin": [8.25, 2, 7.75]},
			"faces": {
				"north": {"uv": [0, 6, 1, 7], "texture": "#0"},
				"east": {"uv": [6, 0, 7, 1], "texture": "#0"},
				"south": {"uv": [1, 6, 2, 7], "texture": "#0"},
				"west": {"uv": [6, 1, 7, 2], "texture": "#0"},
				"up": {"uv": [3, 7, 2, 6], "texture": "#0"},
				"down": {"uv": [7, 2, 6, 3], "texture": "#0"}
			}
		},
		{
			"from": [10.25, 2, 6.75],
			"to": [12.25, 4, 8.75],
			"rotation": {"angle": 22.5, "axis": "y", "origin": [8.25, 2, 7.75]},
			"faces": {
				"north": {"uv": [7, 8, 8, 9], "texture": "#0"},
				"east": {"uv": [8, 7, 9, 8], "texture": "#0"},
				"south": {"uv": [8, 8, 9, 9], "texture": "#0"},
				"west": {"uv": [0, 9, 1, 10], "texture": "#0"},
				"up": {"uv": [10, 1, 9, 0], "texture": "#0"},
				"down": {"uv": [2, 9, 1, 10], "texture": "#0"}
			}
		},
		{
			"from": [10.25, 2.0625, 6.75],
			"to": [12.25, 3.9375, 8.75],
			"rotation": {"angle": 0, "axis": "y", "origin": [8.25, 2, 7.75]},
			"faces": {
				"north": {"uv": [3, 6, 4, 7], "texture": "#0"},
				"east": {"uv": [6, 3, 7, 4], "texture": "#0"},
				"south": {"uv": [4, 6, 5, 7], "texture": "#0"},
				"west": {"uv": [6, 4, 7, 5], "texture": "#0"},
				"up": {"uv": [6, 7, 5, 6], "texture": "#0"},
				"down": {"uv": [7, 5, 6, 6], "texture": "#0"}
			}
		},
		{
			"from": [10.25, 2, 6.75],
			"to": [12.25, 4, 8.75],
			"rotation": {"angle": -22.5, "axis": "y", "origin": [8.25, 2, 7.75]},
			"faces": {
				"north": {"uv": [9, 1, 10, 2], "texture": "#0"},
				"east": {"uv": [2, 9, 3, 10], "texture": "#0"},
				"south": {"uv": [9, 2, 10, 3], "texture": "#0"},
				"west": {"uv": [3, 9, 4, 10], "texture": "#0"},
				"up": {"uv": [10, 4, 9, 3], "texture": "#0"},
				"down": {"uv": [5, 9, 4, 10], "texture": "#0"}
			}
		},
		{
			"from": [10.25, 2.0625, 6.75],
			"to": [12.25, 3.9375, 8.75],
			"rotation": {"angle": -45, "axis": "y", "origin": [8.25, 2, 7.75]},
			"faces": {
				"north": {"uv": [0, 0, 1, 1], "texture": "#0"},
				"east": {"uv": [0, 1, 1, 2], "texture": "#0"},
				"south": {"uv": [1, 0, 2, 1], "texture": "#0"},
				"west": {"uv": [1, 1, 2, 2], "texture": "#0"},
				"up": {"uv": [1, 3, 0, 2], "texture": "#0"},
				"down": {"uv": [3, 0, 2, 1], "texture": "#0"}
			}
		},
		{
			"from": [7.25, 2, 9.75],
			"to": [9.25, 4, 11.75],
			"rotation": {"angle": 22.5, "axis": "y", "origin": [8.25, 2, 7.75]},
			"faces": {
				"north": {"uv": [9, 4, 10, 5], "texture": "#0"},
				"east": {"uv": [5, 9, 6, 10], "texture": "#0"},
				"south": {"uv": [9, 5, 10, 6], "texture": "#0"},
				"west": {"uv": [6, 9, 7, 10], "texture": "#0"},
				"up": {"uv": [10, 7, 9, 6], "texture": "#0"},
				"down": {"uv": [8, 9, 7, 10], "texture": "#0"}
			}
		},
		{
			"from": [6.75, 4.0625, 10.25],
			"to": [8.75, 5.9375, 12.25],
			"rotation": {"angle": 0, "axis": "y", "origin": [7.75, 4, 11.25]},
			"faces": {
				"north": {"uv": [1, 2, 2, 3], "texture": "#0"},
				"east": {"uv": [2, 1, 3, 2], "texture": "#0"},
				"south": {"uv": [2, 2, 3, 3], "texture": "#0"},
				"west": {"uv": [0, 3, 1, 4], "texture": "#0"},
				"up": {"uv": [4, 1, 3, 0], "texture": "#0"},
				"down": {"uv": [2, 3, 1, 4], "texture": "#0"}
			}
		},
		{
			"from": [6.75, 4, 10.25],
			"to": [8.75, 6, 12.25],
			"rotation": {"angle": -22.5, "axis": "y", "origin": [7.75, 4, 8.25]},
			"faces": {
				"north": {"uv": [6, 6, 7, 7], "texture": "#0"},
				"east": {"uv": [0, 7, 1, 8], "texture": "#0"},
				"south": {"uv": [7, 0, 8, 1], "texture": "#0"},
				"west": {"uv": [1, 7, 2, 8], "texture": "#0"},
				"up": {"uv": [8, 2, 7, 1], "texture": "#0"},
				"down": {"uv": [3, 7, 2, 8], "texture": "#0"}
			}
		},
		{
			"from": [6.75, 4.0625, 10.25],
			"to": [8.75, 5.9375, 12.25],
			"rotation": {"angle": -45, "axis": "y", "origin": [7.75, 4, 8.25]},
			"faces": {
				"north": {"uv": [3, 1, 4, 2], "texture": "#0"},
				"east": {"uv": [2, 3, 3, 4], "texture": "#0"},
				"south": {"uv": [3, 2, 4, 3], "texture": "#0"},
				"west": {"uv": [3, 3, 4, 4], "texture": "#0"},
				"up": {"uv": [1, 5, 0, 4], "texture": "#0"},
				"down": {"uv": [5, 0, 4, 1], "texture": "#0"}
			}
		},
		{
			"from": [3.75, 4, 7.25],
			"to": [5.75, 6, 9.25],
			"rotation": {"angle": 22.5, "axis": "y", "origin": [7.75, 4, 8.25]},
			"faces": {
				"north": {"uv": [7, 2, 8, 3], "texture": "#0"},
				"east": {"uv": [3, 7, 4, 8], "texture": "#0"},
				"south": {"uv": [7, 3, 8, 4], "texture": "#0"},
				"west": {"uv": [4, 7, 5, 8], "texture": "#0"},
				"up": {"uv": [8, 5, 7, 4], "texture": "#0"},
				"down": {"uv": [6, 7, 5, 8], "texture": "#0"}
			}
		},
		{
			"from": [3.75, 4.0625, 7.25],
			"to": [5.75, 5.9375, 9.25],
			"rotation": {"angle": 0, "axis": "y", "origin": [7.75, 4, 8.25]},
			"faces": {
				"north": {"uv": [1, 4, 2, 5], "texture": "#0"},
				"east": {"uv": [4, 1, 5, 2], "texture": "#0"},
				"south": {"uv": [2, 4, 3, 5], "texture": "#0"},
				"west": {"uv": [4, 2, 5, 3], "texture": "#0"},
				"up": {"uv": [4, 5, 3, 4], "texture": "#0"},
				"down": {"uv": [5, 3, 4, 4], "texture": "#0"}
			}
		},
		{
			"from": [3.75, 4, 7.25],
			"to": [5.75, 6, 9.25],
			"rotation": {"angle": -22.5, "axis": "y", "origin": [7.75, 4, 8.25]},
			"faces": {
				"north": {"uv": [7, 5, 8, 6], "texture": "#0"},
				"east": {"uv": [6, 7, 7, 8], "texture": "#0"},
				"south": {"uv": [7, 6, 8, 7], "texture": "#0"},
				"west": {"uv": [7, 7, 8, 8], "texture": "#0"},
				"up": {"uv": [1, 9, 0, 8], "texture": "#0"},
				"down": {"uv": [9, 0, 8, 1], "texture": "#0"}
			}
		},
		{
			"from": [3.75, 4.0625, 7.25],
			"to": [5.75, 5.9375, 9.25],
			"rotation": {"angle": -45, "axis": "y", "origin": [7.75, 4, 8.25]},
			"faces": {
				"north": {"uv": [4, 4, 5, 5], "texture": "#0"},
				"east": {"uv": [0, 5, 1, 6], "texture": "#0"},
				"south": {"uv": [5, 0, 6, 1], "texture": "#0"},
				"west": {"uv": [1, 5, 2, 6], "texture": "#0"},
				"up": {"uv": [6, 2, 5, 1], "texture": "#0"},
				"down": {"uv": [3, 5, 2, 6], "texture": "#0"}
			}
		},
		{
			"from": [6.75, 4, 4.25],
			"to": [8.75, 6, 6.25],
			"rotation": {"angle": 22.5, "axis": "y", "origin": [7.75, 4, 8.25]},
			"faces": {
				"north": {"uv": [1, 8, 2, 9], "texture": "#0"},
				"east": {"uv": [8, 1, 9, 2], "texture": "#0"},
				"south": {"uv": [2, 8, 3, 9], "texture": "#0"},
				"west": {"uv": [8, 2, 9, 3], "texture": "#0"},
				"up": {"uv": [4, 9, 3, 8], "texture": "#0"},
				"down": {"uv": [9, 3, 8, 4], "texture": "#0"}
			}
		},
		{
			"from": [6.75, 4.0625, 4.25],
			"to": [8.75, 5.9375, 6.25],
			"rotation": {"angle": 0, "axis": "y", "origin": [7.75, 4, 8.25]},
			"faces": {
				"north": {"uv": [5, 2, 6, 3], "texture": "#0"},
				"east": {"uv": [3, 5, 4, 6], "texture": "#0"},
				"south": {"uv": [5, 3, 6, 4], "texture": "#0"},
				"west": {"uv": [4, 5, 5, 6], "texture": "#0"},
				"up": {"uv": [6, 5, 5, 4], "texture": "#0"},
				"down": {"uv": [6, 5, 5, 6], "texture": "#0"}
			}
		},
		{
			"from": [6.75, 4, 4.25],
			"to": [8.75, 6, 6.25],
			"rotation": {"angle": -22.5, "axis": "y", "origin": [7.75, 4, 8.25]},
			"faces": {
				"north": {"uv": [4, 8, 5, 9], "texture": "#0"},
				"east": {"uv": [8, 4, 9, 5], "texture": "#0"},
				"south": {"uv": [5, 8, 6, 9], "texture": "#0"},
				"west": {"uv": [8, 5, 9, 6], "texture": "#0"},
				"up": {"uv": [7, 9, 6, 8], "texture": "#0"},
				"down": {"uv": [9, 6, 8, 7], "texture": "#0"}
			}
		},
		{
			"from": [6.75, 4.0625, 4.25],
			"to": [8.75, 5.9375, 6.25],
			"rotation": {"angle": -45, "axis": "y", "origin": [7.75, 4, 8.25]},
			"faces": {
				"north": {"uv": [0, 6, 1, 7], "texture": "#0"},
				"east": {"uv": [6, 0, 7, 1], "texture": "#0"},
				"south": {"uv": [1, 6, 2, 7], "texture": "#0"},
				"west": {"uv": [6, 1, 7, 2], "texture": "#0"},
				"up": {"uv": [3, 7, 2, 6], "texture": "#0"},
				"down": {"uv": [7, 2, 6, 3], "texture": "#0"}
			}
		},
		{
			"from": [9.75, 4, 7.25],
			"to": [11.75, 6, 9.25],
			"rotation": {"angle": 22.5, "axis": "y", "origin": [7.75, 4, 8.25]},
			"faces": {
				"north": {"uv": [7, 8, 8, 9], "texture": "#0"},
				"east": {"uv": [8, 7, 9, 8], "texture": "#0"},
				"south": {"uv": [8, 8, 9, 9], "texture": "#0"},
				"west": {"uv": [0, 9, 1, 10], "texture": "#0"},
				"up": {"uv": [10, 1, 9, 0], "texture": "#0"},
				"down": {"uv": [2, 9, 1, 10], "texture": "#0"}
			}
		},
		{
			"from": [9.75, 4.0625, 7.25],
			"to": [11.75, 5.9375, 9.25],
			"rotation": {"angle": 0, "axis": "y", "origin": [7.75, 4, 8.25]},
			"faces": {
				"north": {"uv": [3, 6, 4, 7], "texture": "#0"},
				"east": {"uv": [6, 3, 7, 4], "texture": "#0"},
				"south": {"uv": [4, 6, 5, 7], "texture": "#0"},
				"west": {"uv": [6, 4, 7, 5], "texture": "#0"},
				"up": {"uv": [6, 7, 5, 6], "texture": "#0"},
				"down": {"uv": [7, 5, 6, 6], "texture": "#0"}
			}
		},
		{
			"from": [9.75, 4, 7.25],
			"to": [11.75, 6, 9.25],
			"rotation": {"angle": -22.5, "axis": "y", "origin": [7.75, 4, 8.25]},
			"faces": {
				"north": {"uv": [9, 1, 10, 2], "texture": "#0"},
				"east": {"uv": [2, 9, 3, 10], "texture": "#0"},
				"south": {"uv": [9, 2, 10, 3], "texture": "#0"},
				"west": {"uv": [3, 9, 4, 10], "texture": "#0"},
				"up": {"uv": [10, 4, 9, 3], "texture": "#0"},
				"down": {"uv": [5, 9, 4, 10], "texture": "#0"}
			}
		},
		{
			"from": [9.75, 4.0625, 7.25],
			"to": [11.75, 5.9375, 9.25],
			"rotation": {"angle": -45, "axis": "y", "origin": [7.75, 4, 8.25]},
			"faces": {
				"north": {"uv": [0, 0, 1, 1], "texture": "#0"},
				"east": {"uv": [0, 1, 1, 2], "texture": "#0"},
				"south": {"uv": [1, 0, 2, 1], "texture": "#0"},
				"west": {"uv": [1, 1, 2, 2], "texture": "#0"},
				"up": {"uv": [1, 3, 0, 2], "texture": "#0"},
				"down": {"uv": [3, 0, 2, 1], "texture": "#0"}
			}
		},
		{
			"from": [6.75, 4, 10.25],
			"to": [8.75, 6, 12.25],
			"rotation": {"angle": 22.5, "axis": "y", "origin": [7.75, 4, 8.25]},
			"faces": {
				"north": {"uv": [9, 4, 10, 5], "texture": "#0"},
				"east": {"uv": [5, 9, 6, 10], "texture": "#0"},
				"south": {"uv": [9, 5, 10, 6], "texture": "#0"},
				"west": {"uv": [6, 9, 7, 10], "texture": "#0"},
				"up": {"uv": [10, 7, 9, 6], "texture": "#0"},
				"down": {"uv": [8, 9, 7, 10], "texture": "#0"}
			}
		},
		{
			"from": [6.75, 6.0625, 10],
			"to": [8.75, 7.9375, 12],
			"rotation": {"angle": 0, "axis": "y", "origin": [7.75, 6, 11]},
			"faces": {
				"north": {"uv": [1, 2, 2, 3], "texture": "#0"},
				"east": {"uv": [2, 1, 3, 2], "texture": "#0"},
				"south": {"uv": [2, 2, 3, 3], "texture": "#0"},
				"west": {"uv": [0, 3, 1, 4], "texture": "#0"},
				"up": {"uv": [4, 1, 3, 0], "texture": "#0"},
				"down": {"uv": [2, 3, 1, 4], "texture": "#0"}
			}
		},
		{
			"from": [6.75, 6, 10],
			"to": [8.75, 8, 12],
			"rotation": {"angle": -22.5, "axis": "y", "origin": [7.75, 6, 8]},
			"faces": {
				"north": {"uv": [6, 6, 7, 7], "texture": "#0"},
				"east": {"uv": [0, 7, 1, 8], "texture": "#0"},
				"south": {"uv": [7, 0, 8, 1], "texture": "#0"},
				"west": {"uv": [1, 7, 2, 8], "texture": "#0"},
				"up": {"uv": [8, 2, 7, 1], "texture": "#0"},
				"down": {"uv": [3, 7, 2, 8], "texture": "#0"}
			}
		},
		{
			"from": [6.75, 6.0625, 10],
			"to": [8.75, 7.9375, 12],
			"rotation": {"angle": -45, "axis": "y", "origin": [7.75, 6, 8]},
			"faces": {
				"north": {"uv": [3, 1, 4, 2], "texture": "#0"},
				"east": {"uv": [2, 3, 3, 4], "texture": "#0"},
				"south": {"uv": [3, 2, 4, 3], "texture": "#0"},
				"west": {"uv": [3, 3, 4, 4], "texture": "#0"},
				"up": {"uv": [1, 5, 0, 4], "texture": "#0"},
				"down": {"uv": [5, 0, 4, 1], "texture": "#0"}
			}
		},
		{
			"from": [3.75, 6, 7],
			"to": [5.75, 8, 9],
			"rotation": {"angle": 22.5, "axis": "y", "origin": [7.75, 6, 8]},
			"faces": {
				"north": {"uv": [7, 2, 8, 3], "texture": "#0"},
				"east": {"uv": [3, 7, 4, 8], "texture": "#0"},
				"south": {"uv": [7, 3, 8, 4], "texture": "#0"},
				"west": {"uv": [4, 7, 5, 8], "texture": "#0"},
				"up": {"uv": [8, 5, 7, 4], "texture": "#0"},
				"down": {"uv": [6, 7, 5, 8], "texture": "#0"}
			}
		},
		{
			"from": [3.75, 6.0625, 7],
			"to": [5.75, 7.9375, 9],
			"rotation": {"angle": 0, "axis": "y", "origin": [7.75, 6, 8]},
			"faces": {
				"north": {"uv": [1, 4, 2, 5], "texture": "#0"},
				"east": {"uv": [4, 1, 5, 2], "texture": "#0"},
				"south": {"uv": [2, 4, 3, 5], "texture": "#0"},
				"west": {"uv": [4, 2, 5, 3], "texture": "#0"},
				"up": {"uv": [4, 5, 3, 4], "texture": "#0"},
				"down": {"uv": [5, 3, 4, 4], "texture": "#0"}
			}
		},
		{
			"from": [3.75, 6, 7],
			"to": [5.75, 8, 9],
			"rotation": {"angle": -22.5, "axis": "y", "origin": [7.75, 6, 8]},
			"faces": {
				"north": {"uv": [7, 5, 8, 6], "texture": "#0"},
				"east": {"uv": [6, 7, 7, 8], "texture": "#0"},
				"south": {"uv": [7, 6, 8, 7], "texture": "#0"},
				"west": {"uv": [7, 7, 8, 8], "texture": "#0"},
				"up": {"uv": [1, 9, 0, 8], "texture": "#0"},
				"down": {"uv": [9, 0, 8, 1], "texture": "#0"}
			}
		},
		{
			"from": [3.75, 6.0625, 7],
			"to": [5.75, 7.9375, 9],
			"rotation": {"angle": -45, "axis": "y", "origin": [7.75, 6, 8]},
			"faces": {
				"north": {"uv": [4, 4, 5, 5], "texture": "#0"},
				"east": {"uv": [0, 5, 1, 6], "texture": "#0"},
				"south": {"uv": [5, 0, 6, 1], "texture": "#0"},
				"west": {"uv": [1, 5, 2, 6], "texture": "#0"},
				"up": {"uv": [6, 2, 5, 1], "texture": "#0"},
				"down": {"uv": [3, 5, 2, 6], "texture": "#0"}
			}
		},
		{
			"from": [6.75, 6, 4],
			"to": [8.75, 8, 6],
			"rotation": {"angle": 22.5, "axis": "y", "origin": [7.75, 6, 8]},
			"faces": {
				"north": {"uv": [1, 8, 2, 9], "texture": "#0"},
				"east": {"uv": [8, 1, 9, 2], "texture": "#0"},
				"south": {"uv": [2, 8, 3, 9], "texture": "#0"},
				"west": {"uv": [8, 2, 9, 3], "texture": "#0"},
				"up": {"uv": [4, 9, 3, 8], "texture": "#0"},
				"down": {"uv": [9, 3, 8, 4], "texture": "#0"}
			}
		},
		{
			"from": [6.75, 6.0625, 4],
			"to": [8.75, 7.9375, 6],
			"rotation": {"angle": 0, "axis": "y", "origin": [7.75, 6, 8]},
			"faces": {
				"north": {"uv": [5, 2, 6, 3], "texture": "#0"},
				"east": {"uv": [3, 5, 4, 6], "texture": "#0"},
				"south": {"uv": [5, 3, 6, 4], "texture": "#0"},
				"west": {"uv": [4, 5, 5, 6], "texture": "#0"},
				"up": {"uv": [6, 5, 5, 4], "texture": "#0"},
				"down": {"uv": [6, 5, 5, 6], "texture": "#0"}
			}
		},
		{
			"from": [6.75, 6, 4],
			"to": [8.75, 8, 6],
			"rotation": {"angle": -22.5, "axis": "y", "origin": [7.75, 6, 8]},
			"faces": {
				"north": {"uv": [4, 8, 5, 9], "texture": "#0"},
				"east": {"uv": [8, 4, 9, 5], "texture": "#0"},
				"south": {"uv": [5, 8, 6, 9], "texture": "#0"},
				"west": {"uv": [8, 5, 9, 6], "texture": "#0"},
				"up": {"uv": [7, 9, 6, 8], "texture": "#0"},
				"down": {"uv": [9, 6, 8, 7], "texture": "#0"}
			}
		},
		{
			"from": [6.75, 6.0625, 4],
			"to": [8.75, 7.9375, 6],
			"rotation": {"angle": -45, "axis": "y", "origin": [7.75, 6, 8]},
			"faces": {
				"north": {"uv": [0, 6, 1, 7], "texture": "#0"},
				"east": {"uv": [6, 0, 7, 1], "texture": "#0"},
				"south": {"uv": [1, 6, 2, 7], "texture": "#0"},
				"west": {"uv": [6, 1, 7, 2], "texture": "#0"},
				"up": {"uv": [3, 7, 2, 6], "texture": "#0"},
				"down": {"uv": [7, 2, 6, 3], "texture": "#0"}
			}
		},
		{
			"from": [9.75, 6, 7],
			"to": [11.75, 8, 9],
			"rotation": {"angle": 22.5, "axis": "y", "origin": [7.75, 6, 8]},
			"faces": {
				"north": {"uv": [7, 8, 8, 9], "texture": "#0"},
				"east": {"uv": [8, 7, 9, 8], "texture": "#0"},
				"south": {"uv": [8, 8, 9, 9], "texture": "#0"},
				"west": {"uv": [0, 9, 1, 10], "texture": "#0"},
				"up": {"uv": [10, 1, 9, 0], "texture": "#0"},
				"down": {"uv": [2, 9, 1, 10], "texture": "#0"}
			}
		},
		{
			"from": [9.75, 6.0625, 7],
			"to": [11.75, 7.9375, 9],
			"rotation": {"angle": 0, "axis": "y", "origin": [7.75, 6, 8]},
			"faces": {
				"north": {"uv": [3, 6, 4, 7], "texture": "#0"},
				"east": {"uv": [6, 3, 7, 4], "texture": "#0"},
				"south": {"uv": [4, 6, 5, 7], "texture": "#0"},
				"west": {"uv": [6, 4, 7, 5], "texture": "#0"},
				"up": {"uv": [6, 7, 5, 6], "texture": "#0"},
				"down": {"uv": [7, 5, 6, 6], "texture": "#0"}
			}
		},
		{
			"from": [9.75, 6, 7],
			"to": [11.75, 8, 9],
			"rotation": {"angle": -22.5, "axis": "y", "origin": [7.75, 6, 8]},
			"faces": {
				"north": {"uv": [9, 1, 10, 2], "texture": "#0"},
				"east": {"uv": [2, 9, 3, 10], "texture": "#0"},
				"south": {"uv": [9, 2, 10, 3], "texture": "#0"},
				"west": {"uv": [3, 9, 4, 10], "texture": "#0"},
				"up": {"uv": [10, 4, 9, 3], "texture": "#0"},
				"down": {"uv": [5, 9, 4, 10], "texture": "#0"}
			}
		},
		{
			"from": [9.75, 6.0625, 7],
			"to": [11.75, 7.9375, 9],
			"rotation": {"angle": -45, "axis": "y", "origin": [7.75, 6, 8]},
			"faces": {
				"north": {"uv": [0, 0, 1, 1], "texture": "#0"},
				"east": {"uv": [0, 1, 1, 2], "texture": "#0"},
				"south": {"uv": [1, 0, 2, 1], "texture": "#0"},
				"west": {"uv": [1, 1, 2, 2], "texture": "#0"},
				"up": {"uv": [1, 3, 0, 2], "texture": "#0"},
				"down": {"uv": [3, 0, 2, 1], "texture": "#0"}
			}
		},
		{
			"from": [6.75, 6, 10],
			"to": [8.75, 8, 12],
			"rotation": {"angle": 22.5, "axis": "y", "origin": [7.75, 6, 8]},
			"faces": {
				"north": {"uv": [9, 4, 10, 5], "texture": "#0"},
				"east": {"uv": [5, 9, 6, 10], "texture": "#0"},
				"south": {"uv": [9, 5, 10, 6], "texture": "#0"},
				"west": {"uv": [6, 9, 7, 10], "texture": "#0"},
				"up": {"uv": [10, 7, 9, 6], "texture": "#0"},
				"down": {"uv": [8, 9, 7, 10], "texture": "#0"}
			}
		}
	],
	"display": {
		"thirdperson_righthand": {
			"rotation": [-120.25, 0, 0],
			"translation": [-7.25, 3.75, -1.75],
			"scale": [2, 2, 2]
		},
		"thirdperson_lefthand": {
			"rotation": [-120.25, 0, 0],
			"translation": [-7.25, 3.75, -1.75],
			"scale": [2, 2, 2]
		},
		"firstperson_righthand": {
			"translation": [-9, 5, -2.75],
			"scale": [3, 3, 3]
		},
		"firstperson_lefthand": {
			"translation": [-9, 5, -2.75],
			"scale": [3, 3, 3]
		},
		"ground": {
			"translation": [0, 19.5, 0],
			"scale": [3, 3, 3]
		},
		"gui": {
			"rotation": [79.88, 7.38, -35.85],
			"translation": [5.5, 2.25, 0],
			"scale": [1.70313, 1.62891, 1.62109]
		},
		"head": {
			"translation": [0.5, -6, 0],
			"scale": [4, 4, 4]
		},
		"fixed": {
			"rotation": [90, 0, 0],
			"scale": [4, 4, 4]
		}
	}
}