{
	"credit": "Made with Blockbench",
	"texture_size": [32, 32],
	"textures": {
		"0": "item/kaffeemaschine",
		"1": "item/tassen",
		"particle": "item/kaffeemaschine"
	},
	"elements": [
		{
			"from": [0.75, 0, 0.75],
			"to": [15.25, 2.25, 15.25],
			"faces": {
				"north": {"uv": [9.25, 2.5, 12.875, 3.0625], "texture": "#0"},
				"east": {"uv": [9.25, 3.25, 12.875, 3.8125], "texture": "#0"},
				"south": {"uv": [9.25, 4, 12.875, 4.5625], "texture": "#0"},
				"west": {"uv": [9.25, 4.75, 12.875, 5.3125], "texture": "#0"},
				"up": {"uv": [3.625, 3.625, 0, 0], "texture": "#0"},
				"down": {"uv": [3.625, 3.75, 0, 7.375], "texture": "#0"}
			}
		},
		{
			"from": [0.75, 2.25, 9],
			"to": [15.25, 16, 15.25],
			"faces": {
				"north": {"uv": [3.75, 0, 7.375, 3.4375], "texture": "#0"},
				"east": {"uv": [7.5, 0, 9.0625, 3.4375], "texture": "#0"},
				"south": {"uv": [3.75, 3.5, 7.375, 6.9375], "texture": "#0"},
				"west": {"uv": [7.5, 3.5, 9.0625, 6.9375], "texture": "#0"},
				"up": {"uv": [7.375, 8.5625, 3.75, 7], "texture": "#0"},
				"down": {"uv": [3.625, 7.5, 0, 9.0625], "texture": "#0"}
			}
		},
		{
			"from": [4.75, 16, 10],
			"to": [11.25, 17, 14.25],
			"faces": {
				"north": {"uv": [9.25, 6.75, 10.875, 7], "texture": "#0"},
				"east": {"uv": [8.25, 10, 9.3125, 10.25], "texture": "#0"},
				"south": {"uv": [6.5, 10, 8.125, 10.25], "texture": "#0"},
				"west": {"uv": [9.5, 10, 10.5625, 10.25], "texture": "#0"},
				"up": {"uv": [10.875, 6.5625, 9.25, 5.5], "texture": "#0"},
				"down": {"uv": [10.875, 8.75, 9.25, 9.8125], "texture": "#0"}
			}
		},
		{
			"from": [2.75, 11.0625, 2.0625],
			"to": [13.25, 15.25, 9],
			"faces": {
				"north": {"uv": [6.5, 8.75, 9.125, 10], "texture": "#0"},
				"east": {"uv": [9.25, 0, 11, 1.25], "texture": "#0"},
				"south": {"uv": [0, 9.25, 2.625, 10.5], "texture": "#0"},
				"west": {"uv": [9.25, 1.25, 11, 2.5], "texture": "#0"},
				"up": {"uv": [10.125, 8.75, 7.5, 7], "texture": "#0"},
				"down": {"uv": [6.375, 8.75, 3.75, 10.5], "texture": "#0"}
			}
		},
		{
			"from": [10.25, 9.5, 5],
			"to": [10.75, 11, 5.5],
			"rotation": {"angle": 0, "axis": "y", "origin": [10, 9, 4]},
			"faces": {
				"north": {"uv": [0, 0, 0.25, 0.75], "texture": "#0"},
				"east": {"uv": [0, 0, 0.25, 0.75], "texture": "#0"},
				"south": {"uv": [0, 0, 0.25, 0.75], "texture": "#0"},
				"west": {"uv": [0, 0, 0.25, 0.75], "texture": "#0"},
				"up": {"uv": [0, 0, 0.25, 0.25], "texture": "#0"},
				"down": {"uv": [0, 0, 0.25, 0.25], "texture": "#0"}
			}
		},
		{
			"from": [5.25, 9.5, 5],
			"to": [5.75, 11, 5.5],
			"rotation": {"angle": 0, "axis": "y", "origin": [5, 9, 4]},
			"faces": {
				"north": {"uv": [0, 0, 0.25, 0.75], "texture": "#0"},
				"east": {"uv": [0, 0, 0.25, 0.75], "texture": "#0"},
				"south": {"uv": [0, 0, 0.25, 0.75], "texture": "#0"},
				"west": {"uv": [0, 0, 0.25, 0.75], "texture": "#0"},
				"up": {"uv": [0, 0, 0.25, 0.25], "texture": "#0"},
				"down": {"uv": [0, 0, 0.25, 0.25], "texture": "#0"}
			}
		},
		{
			"from": [5.25, 8, 5],
			"to": [5.75, 9.5, 5.5],
			"rotation": {"angle": 0, "axis": "y", "origin": [5, 7.5, 4]},
			"faces": {
				"north": {"uv": [0, 0, 0.25, 0.75], "texture": "#0"},
				"east": {"uv": [0, 0, 0.25, 0.75], "texture": "#0"},
				"south": {"uv": [0, 0, 0.25, 0.75], "texture": "#0"},
				"west": {"uv": [0, 0, 0.25, 0.75], "texture": "#0"},
				"up": {"uv": [0, 0, 0.25, 0.25], "texture": "#0"},
				"down": {"uv": [0, 0, 0.25, 0.25], "texture": "#0"}
			}
		},
		{
			"from": [10.25, 8, 5],
			"to": [10.75, 9.5, 5.5],
			"rotation": {"angle": 0, "axis": "y", "origin": [10, 7.5, 4]},
			"faces": {
				"north": {"uv": [0, 0, 0.25, 0.75], "texture": "#0"},
				"east": {"uv": [0, 0, 0.25, 0.75], "texture": "#0"},
				"south": {"uv": [0, 0, 0.25, 0.75], "texture": "#0"},
				"west": {"uv": [0, 0, 0.25, 0.75], "texture": "#0"},
				"up": {"uv": [0, 0, 0.25, 0.25], "texture": "#0"},
				"down": {"uv": [0, 0, 0.25, 0.25], "texture": "#0"}
			}
		},
		{
			"from": [5.25, 6.5, 5],
			"to": [5.75, 8, 5.5],
			"rotation": {"angle": 0, "axis": "y", "origin": [5, 6, 4]},
			"faces": {
				"north": {"uv": [0, 0, 0.25, 0.75], "texture": "#0"},
				"east": {"uv": [0, 0, 0.25, 0.75], "texture": "#0"},
				"south": {"uv": [0, 0, 0.25, 0.75], "texture": "#0"},
				"west": {"uv": [0, 0, 0.25, 0.75], "texture": "#0"},
				"up": {"uv": [0, 0, 0.25, 0.25], "texture": "#0"},
				"down": {"uv": [0, 0, 0.25, 0.25], "texture": "#0"}
			}
		},
		{
			"from": [10.25, 6.5, 5],
			"to": [10.75, 8, 5.5],
			"rotation": {"angle": 0, "axis": "y", "origin": [10, 6, 4]},
			"faces": {
				"north": {"uv": [0, 0, 0.25, 0.75], "texture": "#0"},
				"east": {"uv": [0, 0, 0.25, 0.75], "texture": "#0"},
				"south": {"uv": [0, 0, 0.25, 0.75], "texture": "#0"},
				"west": {"uv": [0, 0, 0.25, 0.75], "texture": "#0"},
				"up": {"uv": [0, 0, 0.25, 0.25], "texture": "#0"},
				"down": {"uv": [0, 0, 0.25, 0.25], "texture": "#0"}
			}
		},
		{
			"from": [4.5, 2.25, 4.25],
			"to": [6.5, 5.25, 6],
			"rotation": {"angle": 0, "axis": "y", "origin": [4.5, 2.25, 4.25]},
			"faces": {
				"north": {"uv": [1, 3, 2, 4.5], "texture": "#1"},
				"east": {"uv": [5, 0, 5.875, 1.5], "texture": "#1"},
				"south": {"uv": [3, 1.5, 4, 3], "texture": "#1"},
				"west": {"uv": [5, 1.5, 5.875, 3], "texture": "#1"},
				"up": {"uv": [2, 6.875, 1, 6], "texture": "#1"},
				"down": {"uv": [7, 1, 6, 1.875], "texture": "#1"}
			}
		},
		{
			"from": [9.5, 2.25, 4.25],
			"to": [11.5, 5.25, 6],
			"rotation": {"angle": 0, "axis": "y", "origin": [9.5, 2.25, 4.25]},
			"faces": {
				"north": {"uv": [0, 0, 1, 1.5], "texture": "#1"},
				"east": {"uv": [4, 3, 4.875, 4.5], "texture": "#1"},
				"south": {"uv": [1, 0, 2, 1.5], "texture": "#1"},
				"west": {"uv": [0, 4.5, 0.875, 6], "texture": "#1"},
				"up": {"uv": [1, 6.875, 0, 6], "texture": "#1"},
				"down": {"uv": [7, 0, 6, 0.875], "texture": "#1"}
			}
		},
		{
			"from": [9.5, 2.25, 6],
			"to": [11.5, 5.25, 6.25],
			"rotation": {"angle": 0, "axis": "y", "origin": [9.5, 2.25, 5.75]},
			"faces": {
				"north": {"uv": [0, 1.5, 1, 3], "texture": "#1"},
				"east": {"uv": [2.5, 6, 2.625, 7.5], "texture": "#1"},
				"south": {"uv": [1, 1.5, 2, 3], "texture": "#1"},
				"west": {"uv": [3, 6, 3.125, 7.5], "texture": "#1"},
				"up": {"uv": [1, 7.125, 0, 7], "texture": "#1"},
				"down": {"uv": [8, 0, 7, 0.125], "texture": "#1"}
			}
		},
		{
			"from": [9.5, 2.25, 4],
			"to": [11.5, 5.25, 4.25],
			"rotation": {"angle": 0, "axis": "y", "origin": [9.5, 2.25, 3.75]},
			"faces": {
				"north": {"uv": [2, 0, 3, 1.5], "texture": "#1"},
				"east": {"uv": [3.5, 6, 3.625, 7.5], "texture": "#1"},
				"south": {"uv": [2, 1.5, 3, 3], "texture": "#1"},
				"west": {"uv": [6, 3.5, 6.125, 5], "texture": "#1"},
				"up": {"uv": [8, 0.625, 7, 0.5], "texture": "#1"},
				"down": {"uv": [2, 7, 1, 7.125], "texture": "#1"}
			}
		},
		{
			"from": [4.5, 2.25, 4],
			"to": [6.5, 5.25, 4.25],
			"rotation": {"angle": 0, "axis": "y", "origin": [4.5, 2.25, 3.75]},
			"faces": {
				"north": {"uv": [0, 3, 1, 4.5], "texture": "#1"},
				"east": {"uv": [5.5, 6, 5.625, 7.5], "texture": "#1"},
				"south": {"uv": [3, 0, 4, 1.5], "texture": "#1"},
				"west": {"uv": [6.5, 2, 6.625, 3.5], "texture": "#1"},
				"up": {"uv": [8, 1.125, 7, 1], "texture": "#1"},
				"down": {"uv": [8, 1.5, 7, 1.625], "texture": "#1"}
			}
		},
		{
			"from": [4.5, 2.25, 6],
			"to": [6.5, 5.25, 6.25],
			"rotation": {"angle": 0, "axis": "y", "origin": [4.5, 2.25, 5.75]},
			"faces": {
				"north": {"uv": [2, 3, 3, 4.5], "texture": "#1"},
				"east": {"uv": [6.5, 3.5, 6.625, 5], "texture": "#1"},
				"south": {"uv": [3, 3, 4, 4.5], "texture": "#1"},
				"west": {"uv": [6.5, 5, 6.625, 6.5], "texture": "#1"},
				"up": {"uv": [8, 2.125, 7, 2], "texture": "#1"},
				"down": {"uv": [8, 2.5, 7, 2.625], "texture": "#1"}
			}
		},
		{
			"from": [9.25, 2.25, 4.25],
			"to": [9.5, 5.25, 6],
			"rotation": {"angle": 0, "axis": "y", "origin": [9.5, 2.25, 4.25]},
			"faces": {
				"north": {"uv": [4, 6, 4.125, 7.5], "texture": "#1"},
				"east": {"uv": [1, 4.5, 1.875, 6], "texture": "#1"},
				"south": {"uv": [4.5, 6, 4.625, 7.5], "texture": "#1"},
				"west": {"uv": [2, 4.5, 2.875, 6], "texture": "#1"},
				"up": {"uv": [0.625, 8.375, 0.5, 7.5], "texture": "#1"},
				"down": {"uv": [1.125, 7.5, 1, 8.375], "texture": "#1"}
			}
		},
		{
			"from": [6.5, 2.25, 4.25],
			"to": [6.75, 5.25, 6],
			"rotation": {"angle": 0, "axis": "y", "origin": [6.75, 2.25, 4.25]},
			"faces": {
				"north": {"uv": [5, 6, 5.125, 7.5], "texture": "#1"},
				"east": {"uv": [3, 4.5, 3.875, 6], "texture": "#1"},
				"south": {"uv": [6, 5, 6.125, 6.5], "texture": "#1"},
				"west": {"uv": [4, 4.5, 4.875, 6], "texture": "#1"},
				"up": {"uv": [1.625, 8.375, 1.5, 7.5], "texture": "#1"},
				"down": {"uv": [2.125, 7.5, 2, 8.375], "texture": "#1"}
			}
		},
		{
			"from": [4.25, 2.25, 4.25],
			"to": [4.5, 5.25, 6],
			"rotation": {"angle": 0, "axis": "y", "origin": [4.5, 2.25, 4.25]},
			"faces": {
				"north": {"uv": [6, 6.5, 6.125, 8], "texture": "#1"},
				"east": {"uv": [5, 3, 5.875, 4.5], "texture": "#1"},
				"south": {"uv": [6.5, 6.5, 6.625, 8], "texture": "#1"},
				"west": {"uv": [5, 4.5, 5.875, 6], "texture": "#1"},
				"up": {"uv": [2.625, 8.375, 2.5, 7.5], "texture": "#1"},
				"down": {"uv": [3.125, 7.5, 3, 8.375], "texture": "#1"}
			}
		},
		{
			"from": [3, 3.25, 5],
			"to": [3.25, 5, 5.25],
			"rotation": {"angle": 0, "axis": "y", "origin": [3.25, 2.25, 4.25]},
			"faces": {
				"north": {"uv": [7.5, 3, 7.625, 3.875], "texture": "#1"},
				"east": {"uv": [3.5, 7.5, 3.625, 8.375], "texture": "#1"},
				"south": {"uv": [4, 7.5, 4.125, 8.375], "texture": "#1"},
				"west": {"uv": [7.5, 4, 7.625, 4.875], "texture": "#1"},
				"up": {"uv": [5.625, 8.125, 5.5, 8], "texture": "#1"},
				"down": {"uv": [8.125, 5.5, 8, 5.625], "texture": "#1"}
			}
		},
		{
			"from": [3.25, 4.75, 5],
			"to": [4.25, 5, 5.25],
			"rotation": {"angle": 0, "axis": "y", "origin": [4.5, 2.25, 4.25]},
			"faces": {
				"north": {"uv": [7.5, 7.5, 8, 7.625], "texture": "#1"},
				"east": {"uv": [6, 8, 6.125, 8.125], "texture": "#1"},
				"south": {"uv": [8, 0, 8.5, 0.125], "texture": "#1"},
				"west": {"uv": [8, 6, 8.125, 6.125], "texture": "#1"},
				"up": {"uv": [8.5, 0.625, 8, 0.5], "texture": "#1"},
				"down": {"uv": [8.5, 1, 8, 1.125], "texture": "#1"}
			}
		},
		{
			"from": [3.25, 3.25, 5],
			"to": [4.25, 3.5, 5.25],
			"rotation": {"angle": 0, "axis": "y", "origin": [4.5, 0.75, 4.25]},
			"faces": {
				"north": {"uv": [8, 1.5, 8.5, 1.625], "texture": "#1"},
				"east": {"uv": [6.5, 8, 6.625, 8.125], "texture": "#1"},
				"south": {"uv": [8, 2, 8.5, 2.125], "texture": "#1"},
				"west": {"uv": [8, 6.5, 8.125, 6.625], "texture": "#1"},
				"up": {"uv": [8.5, 2.625, 8, 2.5], "texture": "#1"},
				"down": {"uv": [8.5, 3, 8, 3.125], "texture": "#1"}
			}
		},
		{
			"from": [12.75, 3.25, 5],
			"to": [13, 5, 5.25],
			"rotation": {"angle": 0, "axis": "y", "origin": [13, 2.25, 4.25]},
			"faces": {
				"north": {"uv": [7, 3, 7.125, 3.875], "texture": "#1"},
				"east": {"uv": [7, 4, 7.125, 4.875], "texture": "#1"},
				"south": {"uv": [7, 5, 7.125, 5.875], "texture": "#1"},
				"west": {"uv": [7, 6, 7.125, 6.875], "texture": "#1"},
				"up": {"uv": [8.125, 3.625, 8, 3.5], "texture": "#1"},
				"down": {"uv": [8.125, 4, 8, 4.125], "texture": "#1"}
			}
		},
		{
			"from": [11.75, 3.25, 5],
			"to": [12.75, 3.5, 5.25],
			"rotation": {"angle": 0, "axis": "y", "origin": [13, 0.75, 4.25]},
			"faces": {
				"north": {"uv": [4.5, 7.5, 5, 7.625], "texture": "#1"},
				"east": {"uv": [4.5, 8, 4.625, 8.125], "texture": "#1"},
				"south": {"uv": [5, 7.5, 5.5, 7.625], "texture": "#1"},
				"west": {"uv": [8, 4.5, 8.125, 4.625], "texture": "#1"},
				"up": {"uv": [8, 5.125, 7.5, 5], "texture": "#1"},
				"down": {"uv": [6, 7.5, 5.5, 7.625], "texture": "#1"}
			}
		},
		{
			"from": [11.75, 4.75, 5],
			"to": [12.75, 5, 5.25],
			"rotation": {"angle": 0, "axis": "y", "origin": [13, 2.25, 4.25]},
			"faces": {
				"north": {"uv": [7.5, 5.5, 8, 5.625], "texture": "#1"},
				"east": {"uv": [5, 8, 5.125, 8.125], "texture": "#1"},
				"south": {"uv": [7.5, 6, 8, 6.125], "texture": "#1"},
				"west": {"uv": [8, 5, 8.125, 5.125], "texture": "#1"},
				"up": {"uv": [8, 6.625, 7.5, 6.5], "texture": "#1"},
				"down": {"uv": [8, 7, 7.5, 7.125], "texture": "#1"}
			}
		},
		{
			"from": [11.5, 2.25, 4.25],
			"to": [11.75, 5.25, 6],
			"rotation": {"angle": 0, "axis": "y", "origin": [11.75, 2.25, 4.25]},
			"faces": {
				"north": {"uv": [2, 6, 2.125, 7.5], "texture": "#1"},
				"east": {"uv": [4, 0, 4.875, 1.5], "texture": "#1"},
				"south": {"uv": [6, 2, 6.125, 3.5], "texture": "#1"},
				"west": {"uv": [4, 1.5, 4.875, 3], "texture": "#1"},
				"up": {"uv": [7.125, 7.875, 7, 7], "texture": "#1"},
				"down": {"uv": [0.125, 7.5, 0, 8.375], "texture": "#1"}
			}
		}
	],
	"display": {
		"thirdperson_righthand": {
			"rotation": [75, 45, 0],
			"translation": [0, 2.5, 0],
			"scale": [0.375, 0.375, 0.375]
		},
		"thirdperson_lefthand": {
			"rotation": [75, 45, 0],
			"translation": [0, 2.5, 0],
			"scale": [0.375, 0.375, 0.375]
		},
		"firstperson_righthand": {
			"rotation": [0, 45, 0],
			"scale": [0.4, 0.4, 0.4]
		},
		"firstperson_lefthand": {
			"rotation": [0, 225, 0],
			"scale": [0.4, 0.4, 0.4]
		},
		"ground": {
			"translation": [0, 3, 0],
			"scale": [0.25, 0.25, 0.25]
		},
		"gui": {
			"rotation": [30, 225, 0],
			"scale": [0.625, 0.625, 0.625]
		},
		"fixed": {
			"rotation": [-90, 0, 0],
			"translation": [0, 0, 15.75],
			"scale": [2, 2, 2]
		}
	}
}