{
	"credit": "Made with Blockbench",
	"textures": {
		"0": "item/laptop",
		"3": "item/laptopscreen",
		"particle": "item/laptop"
	},
	"elements": [
		{
			"from": [2, 0, 0],
			"to": [14, 0.75, 8],
			"rotation": {"angle": 0, "axis": "y", "origin": [2, 0, 0]},
			"faces": {
				"north": {"uv": [0, 8, 6, 8.5], "texture": "#0"},
				"east": {"uv": [0, 12, 4, 12.5], "texture": "#0"},
				"south": {"uv": [6, 8, 12, 8.5], "texture": "#0"},
				"west": {"uv": [12, 0, 16, 0.5], "texture": "#0"},
				"up": {"uv": [6, 4, 0, 0], "texture": "#0"},
				"down": {"uv": [6, 4, 0, 8], "texture": "#0"}
			}
		},
		{
			"from": [2, 0, 8],
			"to": [14, 8, 8.5],
			"rotation": {"angle": 22.5, "axis": "x", "origin": [2, 0, 8.5]},
			"faces": {
				"north": {"uv": [6, 0, 12, 4], "texture": "#0"},
				"east": {"uv": [12, 2, 12.5, 6], "texture": "#0"},
				"south": {"uv": [6, 4, 12, 8], "texture": "#0"},
				"west": {"uv": [4, 12, 4.5, 16], "texture": "#0"},
				"up": {"uv": [6, 10.5, 0, 10], "texture": "#0"},
				"down": {"uv": [12, 10, 6, 10.5], "texture": "#0"}
			}
		},
		{
			"from": [2.25, 0.75, 7.75],
			"to": [13.75, 7.75, 7.75],
			"rotation": {"angle": 22.5, "axis": "x", "origin": [2, 0, 8.5]},
			"faces": {
				"north": {"uv": [0, 0, 11.5, 7], "texture": "#3"},
				"east": {"uv": [0, 0, 0, 7], "texture": "#3"},
				"south": {"uv": [0, 7, 11.5, 14], "texture": "#3"},
				"west": {"uv": [0, 0, 0, 7], "texture": "#3"},
				"up": {"uv": [11.5, 0, 0, 0], "texture": "#3"},
				"down": {"uv": [11.5, 0, 0, 0], "texture": "#3"}
			}
		}
	],
	"display": {
		"thirdperson_righthand": {
			"rotation": [-92.35, 31.98, 167.76],
			"translation": [-2, 6.75, 7],
			"scale": [0.82, 0.8, 0.79]
		},
		"thirdperson_lefthand": {
			"rotation": [-92.35, 31.98, 167.76],
			"translation": [-2, 6.75, 7],
			"scale": [0.82, 0.8, 0.79]
		},
		"firstperson_righthand": {
			"rotation": [5, 144, -3],
			"translation": [-1.75, 13, 0],
			"scale": [1.4, 1.22, 1.29]
		},
		"firstperson_lefthand": {
			"rotation": [5, 144, -3],
			"translation": [-1.75, 13, 0],
			"scale": [1.4, 1.22, 1.29]
		},
		"ground": {
			"translation": [0, 4.25, 2.25],
			"scale": [1.04, 0.99, 0.97]
		},
		"gui": {
			"rotation": [-149.66, 40.65, -176.85],
			"translation": [1.75, 4.5, 0]
		},
		"head": {
			"translation": [0, 19.5, 0],
			"scale": [1.78, 1.67, 1.74]
		},
		"fixed": {
			"rotation": [-90.5, 0, 0],
			"translation": [0, 10, -20],
			"scale": [2.76461, 2.65867, 2.96188]
		}
	}
}