{
	"format_version": "1.9.0",
	"texture_size": [8, 8],
	"textures": {
		"0": "item/shop_1",
		"1": "item/shop2_desc",
		"particle": "item/shop_1"
	},
	"elements": [
		{
			"from": [3.6875, 0.5, 4.3125],
			"to": [5.6875, 2.25, 6.3125],
			"rotation": {"angle": 0, "axis": "y", "origin": [3.6875, -0.75, 4.3125]},
			"faces": {
				"north": {"uv": [0, 0, 2, 3], "texture": "#0"},
				"east": {"uv": [2, 0, 4, 3], "texture": "#0"},
				"south": {"uv": [0, 3, 2, 6], "texture": "#0"},
				"west": {"uv": [2, 3, 4, 6], "texture": "#0"},
				"up": {"uv": [6, 2, 4, 0], "texture": "#0"},
				"down": {"uv": [6, 2, 4, 4], "texture": "#0"}
			}
		},
		{
			"from": [2.75, 0, 0],
			"to": [5.75, 1.25, 1.125],
			"rotation": {"angle": 0, "axis": "y", "origin": [2.75, 0, 0]},
			"faces": {
				"north": {"uv": [0, 0, 16, 16], "texture": "#1"},
				"east": {"uv": [0, 0, 16, 16], "texture": "#1"},
				"south": {"uv": [0, 0, 16, 16], "texture": "#1"},
				"west": {"uv": [0, 0, 16, 16], "texture": "#1"},
				"up": {"uv": [16, 16, 0, 0], "texture": "#1"},
				"down": {"uv": [16, 0, 0, 16], "texture": "#1"}
			}
		},
		{
			"from": [3.5, 0, 4.0625],
			"to": [6, 0.75, 6.5625],
			"rotation": {"angle": 0, "axis": "y", "origin": [3.75, 0, 4.3125]},
			"faces": {
				"north": {"uv": [0, 4, 1, 4.5], "texture": "#0"},
				"east": {"uv": [0, 1, 1, 1.5], "texture": "#0"},
				"south": {"uv": [0, 1, 1, 1.5], "texture": "#0"},
				"west": {"uv": [0, 1, 1, 1.5], "texture": "#0"},
				"up": {"uv": [0, 4, 1, 5], "texture": "#0"},
				"down": {"uv": [0, 4, 1, 5], "texture": "#0"}
			}
		},
		{
			"from": [3.5, 1.9375, 4.0625],
			"to": [6, 2.6875, 6.5625],
			"rotation": {"angle": 0, "axis": "y", "origin": [3.75, 1.9375, 4.3125]},
			"faces": {
				"north": {"uv": [0, 4, 1, 4.5], "texture": "#0"},
				"east": {"uv": [0, 1, 1, 1.5], "texture": "#0"},
				"south": {"uv": [0, 2, 1, 1.5], "texture": "#0"},
				"west": {"uv": [0, 1, 1, 1.5], "texture": "#0"},
				"up": {"uv": [0, 1, 1, 2], "texture": "#0"},
				"down": {"uv": [0, 4, 1, 5], "texture": "#0"}
			}
		},
		{
			"from": [6.6875, 0.5, 5.3125],
			"to": [8.6875, 2.25, 7.3125],
			"rotation": {"angle": 0, "axis": "y", "origin": [6.6875, -0.75, 5.3125]},
			"faces": {
				"north": {"uv": [0, 0, 2, 3], "texture": "#0"},
				"east": {"uv": [2, 0, 4, 3], "texture": "#0"},
				"south": {"uv": [0, 3, 2, 6], "texture": "#0"},
				"west": {"uv": [2, 3, 4, 6], "texture": "#0"},
				"up": {"uv": [6, 2, 4, 0], "texture": "#0"},
				"down": {"uv": [6, 2, 4, 4], "texture": "#0"}
			}
		},
		{
			"from": [6.5, 0, 5.0625],
			"to": [9, 0.75, 7.5625],
			"rotation": {"angle": 0, "axis": "y", "origin": [6.75, 0, 5.3125]},
			"faces": {
				"north": {"uv": [0, 4, 1, 4.5], "texture": "#0"},
				"east": {"uv": [0, 1, 1, 1.5], "texture": "#0"},
				"south": {"uv": [0, 1, 1, 1.5], "texture": "#0"},
				"west": {"uv": [0, 1, 1, 1.5], "texture": "#0"},
				"up": {"uv": [0, 4, 1, 5], "texture": "#0"},
				"down": {"uv": [0, 4, 1, 5], "texture": "#0"}
			}
		},
		{
			"from": [6.5, 1.9375, 5.0625],
			"to": [9, 2.6875, 7.5625],
			"rotation": {"angle": 0, "axis": "y", "origin": [6.75, 1.9375, 5.3125]},
			"faces": {
				"north": {"uv": [0, 4, 1, 4.5], "texture": "#0"},
				"east": {"uv": [0, 1, 1, 1.5], "texture": "#0"},
				"south": {"uv": [0, 2, 1, 1.5], "texture": "#0"},
				"west": {"uv": [0, 1, 1, 1.5], "texture": "#0"},
				"up": {"uv": [0, 1, 1, 2], "texture": "#0"},
				"down": {"uv": [0, 4, 1, 5], "texture": "#0"}
			}
		},
		{
			"from": [9.625, 0.5, 4.625],
			"to": [11.625, 2.25, 6.625],
			"rotation": {"angle": 0, "axis": "y", "origin": [9.625, -0.75, 4.625]},
			"faces": {
				"north": {"uv": [0, 0, 2, 3], "texture": "#0"},
				"east": {"uv": [2, 0, 4, 3], "texture": "#0"},
				"south": {"uv": [0, 3, 2, 6], "texture": "#0"},
				"west": {"uv": [2, 3, 4, 6], "texture": "#0"},
				"up": {"uv": [6, 2, 4, 0], "texture": "#0"},
				"down": {"uv": [6, 2, 4, 4], "texture": "#0"}
			}
		},
		{
			"from": [9.4375, 0, 4.375],
			"to": [11.9375, 0.75, 6.875],
			"rotation": {"angle": 0, "axis": "y", "origin": [9.6875, 0, 4.625]},
			"faces": {
				"north": {"uv": [0, 4, 1, 4.5], "texture": "#0"},
				"east": {"uv": [0, 1, 1, 1.5], "texture": "#0"},
				"south": {"uv": [0, 1, 1, 1.5], "texture": "#0"},
				"west": {"uv": [0, 1, 1, 1.5], "texture": "#0"},
				"up": {"uv": [0, 4, 1, 5], "texture": "#0"},
				"down": {"uv": [0, 4, 1, 5], "texture": "#0"}
			}
		},
		{
			"from": [9.4375, 1.9375, 4.375],
			"to": [11.9375, 2.6875, 6.875],
			"rotation": {"angle": 0, "axis": "y", "origin": [9.6875, 1.9375, 4.625]},
			"faces": {
				"north": {"uv": [0, 4, 1, 4.5], "texture": "#0"},
				"east": {"uv": [0, 1, 1, 1.5], "texture": "#0"},
				"south": {"uv": [0, 2, 1, 1.5], "texture": "#0"},
				"west": {"uv": [0, 1, 1, 1.5], "texture": "#0"},
				"up": {"uv": [0, 1, 1, 2], "texture": "#0"},
				"down": {"uv": [0, 4, 1, 5], "texture": "#0"}
			}
		},
		{
			"from": [9.0625, 0.5, 8.0625],
			"to": [11.0625, 2.25, 10.0625],
			"rotation": {"angle": 0, "axis": "y", "origin": [9.0625, -0.75, 8.0625]},
			"faces": {
				"north": {"uv": [0, 0, 2, 3], "texture": "#0"},
				"east": {"uv": [2, 0, 4, 3], "texture": "#0"},
				"south": {"uv": [0, 3, 2, 6], "texture": "#0"},
				"west": {"uv": [2, 3, 4, 6], "texture": "#0"},
				"up": {"uv": [6, 2, 4, 0], "texture": "#0"},
				"down": {"uv": [6, 2, 4, 4], "texture": "#0"}
			}
		},
		{
			"from": [8.875, 0, 7.8125],
			"to": [11.375, 0.75, 10.3125],
			"rotation": {"angle": 0, "axis": "y", "origin": [9.125, 0, 8.0625]},
			"faces": {
				"north": {"uv": [0, 4, 1, 4.5], "texture": "#0"},
				"east": {"uv": [0, 1, 1, 1.5], "texture": "#0"},
				"south": {"uv": [0, 1, 1, 1.5], "texture": "#0"},
				"west": {"uv": [0, 1, 1, 1.5], "texture": "#0"},
				"up": {"uv": [0, 4, 1, 5], "texture": "#0"},
				"down": {"uv": [0, 4, 1, 5], "texture": "#0"}
			}
		},
		{
			"from": [8.875, 1.9375, 7.8125],
			"to": [11.375, 2.6875, 10.3125],
			"rotation": {"angle": 0, "axis": "y", "origin": [9.125, 1.9375, 8.0625]},
			"faces": {
				"north": {"uv": [0, 4, 1, 4.5], "texture": "#0"},
				"east": {"uv": [0, 1, 1, 1.5], "texture": "#0"},
				"south": {"uv": [0, 2, 1, 1.5], "texture": "#0"},
				"west": {"uv": [0, 1, 1, 1.5], "texture": "#0"},
				"up": {"uv": [0, 1, 1, 2], "texture": "#0"},
				"down": {"uv": [0, 4, 1, 5], "texture": "#0"}
			}
		},
		{
			"from": [5.5625, 0.5, 9.0625],
			"to": [7.5625, 2.25, 11.0625],
			"rotation": {"angle": 0, "axis": "y", "origin": [5.5625, -0.75, 9.0625]},
			"faces": {
				"north": {"uv": [0, 0, 2, 3], "texture": "#0"},
				"east": {"uv": [2, 0, 4, 3], "texture": "#0"},
				"south": {"uv": [0, 3, 2, 6], "texture": "#0"},
				"west": {"uv": [2, 3, 4, 6], "texture": "#0"},
				"up": {"uv": [6, 2, 4, 0], "texture": "#0"},
				"down": {"uv": [6, 2, 4, 4], "texture": "#0"}
			}
		},
		{
			"from": [5.375, 0, 8.8125],
			"to": [7.875, 0.75, 11.3125],
			"rotation": {"angle": 0, "axis": "y", "origin": [5.625, 0, 9.0625]},
			"faces": {
				"north": {"uv": [0, 4, 1, 4.5], "texture": "#0"},
				"east": {"uv": [0, 1, 1, 1.5], "texture": "#0"},
				"south": {"uv": [0, 1, 1, 1.5], "texture": "#0"},
				"west": {"uv": [0, 1, 1, 1.5], "texture": "#0"},
				"up": {"uv": [0, 4, 1, 5], "texture": "#0"},
				"down": {"uv": [0, 4, 1, 5], "texture": "#0"}
			}
		},
		{
			"from": [5.375, 1.9375, 8.8125],
			"to": [7.875, 2.6875, 11.3125],
			"rotation": {"angle": 0, "axis": "y", "origin": [5.625, 1.9375, 9.0625]},
			"faces": {
				"north": {"uv": [0, 4, 1, 4.5], "texture": "#0"},
				"east": {"uv": [0, 1, 1, 1.5], "texture": "#0"},
				"south": {"uv": [0, 2, 1, 1.5], "texture": "#0"},
				"west": {"uv": [0, 1, 1, 1.5], "texture": "#0"},
				"up": {"uv": [0, 1, 1, 2], "texture": "#0"},
				"down": {"uv": [0, 4, 1, 5], "texture": "#0"}
			}
		}
	],
	"display": {
		"thirdperson_righthand": {
			"translation": [0, 6, 3.5]
		},
		"firstperson_righthand": {
			"rotation": [-180, 53.5, -180],
			"translation": [0, 12.75, 0]
		},
		"firstperson_lefthand": {
			"rotation": [-180, 53.5, -180],
			"translation": [0, 12.75, 0]
		},
		"ground": {
			"translation": [0, 2.25, 0]
		},
		"fixed": {
			"rotation": [-90, -180, 0],
			"translation": [0, -8, -22],
			"scale": [3, 3, 3]
		}
	}
}