{
	"credit": "Made with Blockbench",
	"texture_size": [32, 32],
	"textures": {
		"0": "item/warnschild",
		"particle": "item/warnschild"
	},
	"elements": [
		{
			"from": [4.72077, 0, 4.72077],
			"to": [11.27923, 0.81981, 11.27923],
			"rotation": {"angle": 0, "axis": "y", "origin": [4.72077, 0, 4.72077]},
			"faces": {
				"north": {"uv": [8, 7, 11.75, 7.46875], "texture": "#0"},
				"east": {"uv": [8, 7.5, 11.75, 7.96875], "texture": "#0"},
				"south": {"uv": [9, 2.5, 12.75, 2.96875], "texture": "#0"},
				"west": {"uv": [9, 3, 12.75, 3.46875], "texture": "#0"},
				"up": {"uv": [7.75, 3.75, 4, 0], "texture": "#0"},
				"down": {"uv": [7.75, 4, 4, 7.75], "texture": "#0"}
			}
		},
		{
			"from": [6.19379, 0, 7.18019],
			"to": [9.69661, 12.73881, 8.81981],
			"rotation": {"angle": 0, "axis": "y", "origin": [4.72077, 0, 4.72077]},
			"faces": {
				"north": {"uv": [0, 0, 2, 7.25], "texture": "#0"},
				"east": {"uv": [0, 7.5, 0.9375, 14.75], "texture": "#0"},
				"south": {"uv": [2, 0, 4, 7.25], "texture": "#0"},
				"west": {"uv": [1, 7.5, 1.9375, 14.75], "texture": "#0"},
				"up": {"uv": [10, 6.9375, 8, 6], "texture": "#0"},
				"down": {"uv": [9, 8, 7, 8.9375], "texture": "#0"}
			}
		},
		{
			"from": [6.19379, 12.73881, 7.18019],
			"to": [9.69661, 16.52001, 8.81981],
			"rotation": {"angle": 0, "axis": "y", "origin": [4.72077, 0, 4.72077]},
			"faces": {
				"north": {"uv": [2, 7.5, 4, 9.65625], "texture": "#0"},
				"east": {"uv": [8, 2.5, 8.9375, 4.65625], "texture": "#0"},
				"south": {"uv": [8, 0, 10, 2.15625], "texture": "#0"},
				"west": {"uv": [4, 8, 4.9375, 10.15625], "texture": "#0"},
				"up": {"uv": [7, 8.9375, 5, 8], "texture": "#0"},
				"down": {"uv": [10, 5, 8, 5.9375], "texture": "#0"}
			}
		}
	],
	"display": {
		"thirdperson_righthand": {
			"rotation": [9.25, 0, 0],
			"translation": [0, 8, 3]
		},
		"thirdperson_lefthand": {
			"rotation": [9.25, 0, 0],
			"translation": [0, 8, 3]
		},
		"firstperson_righthand": {
			"rotation": [0, 122, 0],
			"translation": [-3.5, -8, -7.75]
		},
		"firstperson_lefthand": {
			"rotation": [0, 122, 0],
			"translation": [-3.5, -8, -7.75]
		},
		"ground": {
			"translation": [0, 10.75, 0],
			"scale": [2.75, 2.72, 2.7]
		},
		"gui": {
			"rotation": [0, -180, 30],
			"translation": [-5.25, -1.75, 0],
			"scale": [0.54, 0.52, 0.51]
		},
		"head": {
			"translation": [0, 17.5, 0],
			"scale": [1.58, 1.49, 1.58]
		},
		"fixed": {
			"rotation": [-90, 0, 0],
			"translation": [0, 0, -19.5],
			"scale": [4, 2.7107, 4]
		}
	}
}