{
	"credit": "Made with Blockbench",
	"texture_size": [64, 64],
	"textures": {
		"1": "item/rotor",
		"2": "item/hercules",
		"particle": "item/rotor"
	},
	"elements": [
		{
			"from": [6.59272, 1.34872, -0.59231],
			"to": [9.55428, 4.21156, 0],
			"rotation": {"angle": 0, "axis": "y", "origin": [6.494, 1.25, -3.159]},
			"faces": {
				"north": {"uv": [11.5, 4.75, 12.25, 5.4375], "texture": "#2"},
				"east": {"uv": [10, 13.5, 10.125, 14.1875], "texture": "#2"},
				"south": {"uv": [5.5, 11.5, 6.25, 12.1875], "texture": "#2"},
				"west": {"uv": [10.25, 13.5, 10.375, 14.1875], "texture": "#2"},
				"up": {"uv": [4, 13.625, 3.25, 13.5], "texture": "#2"},
				"down": {"uv": [5.75, 13.5, 5, 13.625], "texture": "#2"}
			}
		},
		{
			"from": [6.39528, 1.25, 1.4375],
			"to": [9.75172, 4.409, 15.795],
			"rotation": {"angle": 0, "axis": "y", "origin": [6.494, 1.25, 7.8975]},
			"faces": {
				"north": {"uv": [10, 7.25, 10.8125, 8.0625], "texture": "#2"},
				"east": {"uv": [5, 0, 8.5625, 0.8125], "texture": "#2"},
				"south": {"uv": [4.5, 10.5, 5.3125, 11.3125], "texture": "#2"},
				"west": {"uv": [5, 1, 8.5625, 1.8125], "texture": "#2"},
				"up": {"uv": [5.8125, 5.5625, 5, 2], "texture": "#2"},
				"down": {"uv": [5.8125, 5.75, 5, 9.3125], "texture": "#2"}
			}
		},
		{
			"from": [6.29656, 1.34872, 1.41122],
			"to": [9.85044, 4.31028, 15.69628],
			"rotation": {"angle": 0, "axis": "y", "origin": [6.494, 1.25, 7.8975]},
			"faces": {
				"north": {"uv": [2, 10.75, 2.875, 11.5], "texture": "#2"},
				"east": {"uv": [0, 6.75, 3.5625, 7.5], "texture": "#2"},
				"south": {"uv": [10.75, 2, 11.625, 2.75], "texture": "#2"},
				"west": {"uv": [7, 2, 10.5625, 2.75], "texture": "#2"},
				"up": {"uv": [2.875, 6.5625, 2, 3], "texture": "#2"},
				"down": {"uv": [3.875, 3, 3, 6.5625], "texture": "#2"}
			}
		},
		{
			"from": [6.19784, 1.44744, 1.42116],
			"to": [9.94916, 4.21156, 15.59756],
			"rotation": {"angle": 0, "axis": "y", "origin": [6.494, 1.25, 7.8975]},
			"faces": {
				"north": {"uv": [10.75, 2.75, 11.6875, 3.4375], "texture": "#2"},
				"east": {"uv": [7.75, 4.25, 11.3125, 4.9375], "texture": "#2"},
				"south": {"uv": [3, 10.75, 3.9375, 11.4375], "texture": "#2"},
				"west": {"uv": [7.75, 5, 11.3125, 5.6875], "texture": "#2"},
				"up": {"uv": [0.9375, 6.5625, 0, 3], "texture": "#2"},
				"down": {"uv": [1.9375, 3, 1, 6.5625], "texture": "#2"}
			}
		},
		{
			"from": [6.52028, 1.375, 0],
			"to": [9.62672, 4.284, 14.3575],
			"rotation": {"angle": 0, "axis": "y", "origin": [6.494, 1.25, 6.46]},
			"faces": {
				"north": {"uv": [11, 0, 11.75, 0.75], "texture": "#2"},
				"east": {"uv": [7, 2.75, 10.5625, 3.5], "texture": "#2"},
				"south": {"uv": [11, 0.75, 11.75, 1.5], "texture": "#2"},
				"west": {"uv": [7, 3.5, 10.5625, 4.25], "texture": "#2"},
				"up": {"uv": [4.5, 10.5625, 3.75, 7], "texture": "#2"},
				"down": {"uv": [7.75, 4.25, 7, 7.8125], "texture": "#2"}
			}
		},
		{
			"from": [6.42156, 1.47372, -0.02628],
			"to": [9.72544, 4.18528, 14.25878],
			"rotation": {"angle": 0, "axis": "y", "origin": [6.494, 1.25, 6.46]},
			"faces": {
				"north": {"uv": [11, 10, 11.8125, 10.6875], "texture": "#2"},
				"east": {"uv": [7.75, 5.75, 11.3125, 6.4375], "texture": "#2"},
				"south": {"uv": [11, 10.75, 11.8125, 11.4375], "texture": "#2"},
				"west": {"uv": [7.75, 6.5, 11.3125, 7.1875], "texture": "#2"},
				"up": {"uv": [6.8125, 5.5625, 6, 2], "texture": "#2"},
				"down": {"uv": [6.8125, 5.75, 6, 9.3125], "texture": "#2"}
			}
		},
		{
			"from": [6.32284, 1.57244, 0.67116],
			"to": [9.82416, 4.08656, 14.16006],
			"rotation": {"angle": 0, "axis": "y", "origin": [6.494, 1.25, 6.46]},
			"faces": {
				"north": {"uv": [11.5, 4, 12.375, 4.625], "texture": "#2"},
				"east": {"uv": [7, 9.25, 10.375, 9.875], "texture": "#2"},
				"south": {"uv": [4.5, 11.5, 5.375, 12.125], "texture": "#2"},
				"west": {"uv": [9.25, 8.25, 12.625, 8.875], "texture": "#2"},
				"up": {"uv": [4.875, 3.375, 4, 0], "texture": "#2"},
				"down": {"uv": [4.875, 3.5, 4, 6.875], "texture": "#2"}
			}
		},
		{
			"from": [7.01388, 1.76988, -1.24072],
			"to": [9.13313, 3.75419, -1.08591],
			"rotation": {"angle": 0, "axis": "y", "origin": [6.494, 1.25, -3.159]},
			"faces": {
				"north": {"uv": [6.5, 10.5, 7, 11], "texture": "#2"},
				"east": {"uv": [1.75, 11.75, 1.875, 12.25], "texture": "#2"},
				"south": {"uv": [8, 12.5, 8.5, 13], "texture": "#2"},
				"west": {"uv": [3, 14, 3.125, 14.5], "texture": "#2"},
				"up": {"uv": [14.5, 1.875, 14, 1.75], "texture": "#2"},
				"down": {"uv": [3.75, 14, 3.25, 14.125], "texture": "#2"}
			}
		},
		{
			"from": [7.24753, 2.00353, -1.59938],
			"to": [8.89947, 3.55675, -1.24072],
			"rotation": {"angle": 0, "axis": "y", "origin": [6.494, 1.25, -5.14972]},
			"faces": {
				"north": {"uv": [1.25, 13, 1.6875, 13.375], "texture": "#2"},
				"east": {"uv": [10.75, 14, 10.875, 14.375], "texture": "#2"},
				"south": {"uv": [1.75, 13, 2.1875, 13.375], "texture": "#2"},
				"west": {"uv": [1, 14.25, 1.125, 14.625], "texture": "#2"},
				"up": {"uv": [4.9375, 14.125, 4.5, 14], "texture": "#2"},
				"down": {"uv": [14.4375, 4.75, 14, 4.875], "texture": "#2"}
			}
		},
		{
			"from": [7.35619, 2.17469, -1.83303],
			"to": [8.76453, 3.38559, -1.5795],
			"rotation": {"angle": 0, "axis": "y", "origin": [6.494, 1.25, -5.301]},
			"faces": {
				"north": {"uv": [13.25, 2.5, 13.625, 2.8125], "texture": "#2"},
				"east": {"uv": [7, 14.25, 7.125, 14.5625], "texture": "#2"},
				"south": {"uv": [13.25, 3, 13.625, 3.3125], "texture": "#2"},
				"west": {"uv": [7.25, 14.25, 7.375, 14.5625], "texture": "#2"},
				"up": {"uv": [0.875, 14.375, 0.5, 14.25], "texture": "#2"},
				"down": {"uv": [14.625, 0.5, 14.25, 0.625], "texture": "#2"}
			}
		},
		{
			"from": [7.74113, 2.37213, -2.09297],
			"to": [8.50459, 3.18816, -1.77053],
			"rotation": {"angle": 0, "axis": "y", "origin": [6.494, 1.125, -4.426]},
			"faces": {
				"north": {"uv": [14.5, 13, 14.6875, 13.125], "texture": "#2"},
				"east": {"uv": [14.75, 7, 14.8125, 7.125], "texture": "#2"},
				"south": {"uv": [13.75, 14.5, 13.9375, 14.625], "texture": "#2"},
				"west": {"uv": [7.25, 14.75, 7.3125, 14.875], "texture": "#2"},
				"up": {"uv": [6.4375, 14.8125, 6.25, 14.75], "texture": "#2"},
				"down": {"uv": [6.6875, 14.75, 6.5, 14.8125], "texture": "#2"}
			}
		},
		{
			"from": [6.59272, 4.409, 1.5795],
			"to": [9.55428, 5.00131, 14.41294],
			"rotation": {"angle": 0, "axis": "y", "origin": [6.494, 2.8295, 1.5795]},
			"faces": {
				"north": {"uv": [7, 13.5, 7.75, 13.625], "texture": "#2"},
				"east": {"uv": [11.5, 7, 14.6875, 7.125], "texture": "#2"},
				"south": {"uv": [7.75, 13.5, 8.5, 13.625], "texture": "#2"},
				"west": {"uv": [11.5, 9, 14.6875, 9.125], "texture": "#2"},
				"up": {"uv": [2.75, 10.6875, 2, 7.5], "texture": "#2"},
				"down": {"uv": [3.5, 7.5, 2.75, 10.6875], "texture": "#2"}
			}
		},
		{
			"from": [6.84272, 4.409, 1.9545],
			"to": [9.30428, 5.18881, 14.16294],
			"rotation": {"angle": 0, "axis": "y", "origin": [6.494, 2.8295, 1.5795]},
			"faces": {
				"north": {"uv": [13.25, 1.75, 13.875, 1.9375], "texture": "#2"},
				"east": {"uv": [10.75, 3.5, 13.8125, 3.6875], "texture": "#2"},
				"south": {"uv": [3.75, 13.25, 4.375, 13.4375], "texture": "#2"},
				"west": {"uv": [10.75, 3.75, 13.8125, 3.9375], "texture": "#2"},
				"up": {"uv": [10.125, 13.0625, 9.5, 10], "texture": "#2"},
				"down": {"uv": [10.875, 10, 10.25, 13.0625], "texture": "#2"}
			}
		},
		{
			"from": [6.494, 4.409, 1.77694],
			"to": [9.653, 4.90259, 14.31422],
			"rotation": {"angle": 0, "axis": "y", "origin": [6.494, 2.8295, 1.5795]},
			"faces": {
				"north": {"uv": [13.25, 7.25, 14.0625, 7.375], "texture": "#2"},
				"east": {"uv": [11.5, 9.75, 14.625, 9.875], "texture": "#2"},
				"south": {"uv": [13.25, 7.5, 14.0625, 7.625], "texture": "#2"},
				"west": {"uv": [11, 11.5, 14.125, 11.625], "texture": "#2"},
				"up": {"uv": [0.8125, 10.625, 0, 7.5], "texture": "#2"},
				"down": {"uv": [1.8125, 7.5, 1, 10.625], "texture": "#2"}
			}
		},
		{
			"from": [6.79016, 4.284, 0.39488],
			"to": [9.35684, 4.86637, 0.69103],
			"rotation": {"angle": 0, "axis": "y", "origin": [6.494, 2.8295, 0]},
			"faces": {
				"north": {"uv": [13.5, 13, 14.125, 13.125], "texture": "#2"},
				"east": {"uv": [14.75, 7.5, 14.8125, 7.625], "texture": "#2"},
				"south": {"uv": [13.75, 0, 14.375, 0.125], "texture": "#2"},
				"west": {"uv": [14.75, 7.75, 14.8125, 7.875], "texture": "#2"},
				"up": {"uv": [14.875, 6.5625, 14.25, 6.5], "texture": "#2"},
				"down": {"uv": [14.875, 7.25, 14.25, 7.3125], "texture": "#2"}
			}
		},
		{
			"from": [6.494, 1.64488, 15.795],
			"to": [9.653, 4.409, 16.88091],
			"rotation": {"angle": 0, "axis": "y", "origin": [6.494, 1.25, 15.795]},
			"faces": {
				"north": {"uv": [2, 11.5, 2.8125, 12.1875], "texture": "#2"},
				"east": {"uv": [7.75, 11.5, 8, 12.1875], "texture": "#2"},
				"south": {"uv": [3, 11.5, 3.8125, 12.1875], "texture": "#2"},
				"west": {"uv": [12.75, 8.25, 13, 8.9375], "texture": "#2"},
				"up": {"uv": [10.0625, 9.25, 9.25, 9], "texture": "#2"},
				"down": {"uv": [13.3125, 11.25, 12.5, 11.5], "texture": "#2"}
			}
		},
		{
			"from": [6.69144, 1.94103, 16.88091],
			"to": [9.45556, 4.409, 19.25016],
			"rotation": {"angle": 0, "axis": "y", "origin": [6.494, 1.25, 17.3745]},
			"faces": {
				"north": {"uv": [11.5, 6.25, 12.1875, 6.875], "texture": "#2"},
				"east": {"uv": [1.25, 12.25, 1.8125, 12.875], "texture": "#2"},
				"south": {"uv": [7, 11.5, 7.6875, 12.125], "texture": "#2"},
				"west": {"uv": [2, 12.25, 2.5625, 12.875], "texture": "#2"},
				"up": {"uv": [0.6875, 12.3125, 0, 11.75], "texture": "#2"},
				"down": {"uv": [12.4375, 0, 11.75, 0.5625], "texture": "#2"}
			}
		},
		{
			"from": [6.79016, 2.23719, 19.25016],
			"to": [9.35684, 4.409, 21.52069],
			"rotation": {"angle": 0, "axis": "y", "origin": [6.494, 1.25, 18.954]},
			"faces": {
				"north": {"uv": [2.75, 12.25, 3.375, 12.8125], "texture": "#2"},
				"east": {"uv": [7.25, 12.25, 7.8125, 12.8125], "texture": "#2"},
				"south": {"uv": [3.5, 12.25, 4.125, 12.8125], "texture": "#2"},
				"west": {"uv": [0, 12.5, 0.5625, 13.0625], "texture": "#2"},
				"up": {"uv": [4.875, 12.8125, 4.25, 12.25], "texture": "#2"},
				"down": {"uv": [12.875, 4.75, 12.25, 5.3125], "texture": "#2"}
			}
		},
		{
			"from": [7.08631, 3.22438, 23.6925],
			"to": [9.06069, 4.409, 25.17328],
			"rotation": {"angle": 0, "axis": "y", "origin": [6.494, 1.25, 23.6925]},
			"faces": {
				"north": {"uv": [2.75, 13, 3.25, 13.3125], "texture": "#2"},
				"east": {"uv": [13.25, 4, 13.625, 4.3125], "texture": "#2"},
				"south": {"uv": [3.25, 13, 3.75, 13.3125], "texture": "#2"},
				"west": {"uv": [4.5, 13.25, 4.875, 13.5625], "texture": "#2"},
				"up": {"uv": [9, 12.875, 8.5, 12.5], "texture": "#2"},
				"down": {"uv": [13.25, 2.5, 12.75, 2.875], "texture": "#2"}
			}
		},
		{
			"from": [6.98759, 4.409, 16.48603],
			"to": [9.15941, 4.80387, 18.954],
			"rotation": {"angle": 0, "axis": "y", "origin": [6.494, 2.8295, 15.795]},
			"faces": {
				"north": {"uv": [14, 0.75, 14.5625, 0.875], "texture": "#2"},
				"east": {"uv": [3.25, 13.75, 3.875, 13.875], "texture": "#2"},
				"south": {"uv": [14, 1, 14.5625, 1.125], "texture": "#2"},
				"west": {"uv": [13.75, 3.25, 14.375, 3.375], "texture": "#2"},
				"up": {"uv": [5.5625, 12.875, 5, 12.25], "texture": "#2"},
				"down": {"uv": [12.8125, 5.5, 12.25, 6.125], "texture": "#2"}
			}
		},
		{
			"from": [7.97478, 4.409, 20.5165],
			"to": [8.17222, 5.87984, 21.12581],
			"rotation": {"angle": 0, "axis": "y", "origin": [6.494, 2.8295, 17.3745]},
			"faces": {
				"north": {"uv": [7.5, 14.25, 7.5625, 14.875], "texture": "#2"},
				"east": {"uv": [0, 13.75, 0.125, 14.375], "texture": "#2"},
				"south": {"uv": [7.75, 14.25, 7.8125, 14.875], "texture": "#2"},
				"west": {"uv": [0.25, 13.75, 0.375, 14.375], "texture": "#2"},
				"up": {"uv": [9.0625, 14.875, 9, 14.75], "texture": "#2"},
				"down": {"uv": [14.8125, 9, 14.75, 9.125], "texture": "#2"}
			}
		},
		{
			"from": [7.97478, 4.409, 14.17353],
			"to": [8.17222, 5.55741, 15.3915],
			"rotation": {"angle": 0, "axis": "y", "origin": [6.494, 2.8295, 13.812]},
			"faces": {
				"north": {"uv": [1.5, 14.75, 1.5625, 15.0625], "texture": "#2"},
				"east": {"uv": [1.75, 13.5, 2.0625, 13.8125], "texture": "#2"},
				"south": {"uv": [14.75, 1.5, 14.8125, 1.8125], "texture": "#2"},
				"west": {"uv": [2.75, 13.5, 3.0625, 13.8125], "texture": "#2"},
				"up": {"uv": [1.8125, 15.0625, 1.75, 14.75], "texture": "#2"},
				"down": {"uv": [14.8125, 2, 14.75, 2.3125], "texture": "#2"}
			}
		},
		{
			"from": [7.87606, 4.409, 22.31044],
			"to": [8.27094, 8.96928, 22.50788],
			"rotation": {"angle": 0, "axis": "y", "origin": [6.494, 4.409, 19.64503]},
			"faces": {
				"north": {"uv": [6.5, 13, 6.625, 14.125], "texture": "#2"},
				"east": {"uv": [2, 14, 2.0625, 15.125], "texture": "#2"},
				"south": {"uv": [6.75, 13, 6.875, 14.125], "texture": "#2"},
				"west": {"uv": [2.75, 14, 2.8125, 15.125], "texture": "#2"},
				"up": {"uv": [14.875, 10.5625, 14.75, 10.5], "texture": "#2"},
				"down": {"uv": [10.875, 14.75, 10.75, 14.8125], "texture": "#2"}
			}
		},
		{
			"from": [7.87606, 4.409, 22.113],
			"to": [8.27094, 8.47569, 22.31044],
			"rotation": {"angle": 0, "axis": "y", "origin": [6.494, 4.409, 19.64503]},
			"faces": {
				"north": {"uv": [0.5, 13.25, 0.625, 14.25], "texture": "#2"},
				"east": {"uv": [4, 14, 4.0625, 15], "texture": "#2"},
				"south": {"uv": [0.75, 13.25, 0.875, 14.25], "texture": "#2"},
				"west": {"uv": [4.25, 14, 4.3125, 15], "texture": "#2"},
				"up": {"uv": [14.875, 10.8125, 14.75, 10.75], "texture": "#2"},
				"down": {"uv": [11.125, 14.75, 11, 14.8125], "texture": "#2"}
			}
		},
		{
			"from": [7.87606, 4.409, 21.91556],
			"to": [8.27094, 7.98209, 22.113],
			"rotation": {"angle": 0, "axis": "y", "origin": [6.494, 4.409, 19.64503]},
			"faces": {
				"north": {"uv": [1, 13.25, 1.125, 14.125], "texture": "#2"},
				"east": {"uv": [5.5, 14, 5.5625, 14.875], "texture": "#2"},
				"south": {"uv": [9.5, 13.25, 9.625, 14.125], "texture": "#2"},
				"west": {"uv": [5.75, 14, 5.8125, 14.875], "texture": "#2"},
				"up": {"uv": [14.875, 11.0625, 14.75, 11], "texture": "#2"},
				"down": {"uv": [11.375, 14.75, 11.25, 14.8125], "texture": "#2"}
			}
		},
		{
			"from": [7.87606, 4.409, 21.71813],
			"to": [8.27094, 6.4885, 21.91556],
			"rotation": {"angle": 0, "axis": "y", "origin": [6.494, 4.409, 19.64503]},
			"faces": {
				"north": {"uv": [9.25, 13.5, 9.375, 14.25], "texture": "#2"},
				"east": {"uv": [14.25, 3.5, 14.3125, 4.25], "texture": "#2"},
				"south": {"uv": [9.75, 13.5, 9.875, 14.25], "texture": "#2"},
				"west": {"uv": [4.5, 14.25, 4.5625, 15], "texture": "#2"},
				"up": {"uv": [14.875, 11.3125, 14.75, 11.25], "texture": "#2"},
				"down": {"uv": [11.625, 14.75, 11.5, 14.8125], "texture": "#2"}
			}
		},
		{
			"from": [2.6875, 3.5, 5],
			"to": [4.1875, 5, 9],
			"rotation": {"angle": 0, "axis": "y", "origin": [2.5625, 2.25, 7]},
			"faces": {
				"north": {"uv": [7, 13, 7.375, 13.375], "texture": "#2"},
				"east": {"uv": [0.75, 11.75, 1.75, 12.125], "texture": "#2"},
				"south": {"uv": [7.5, 13, 7.875, 13.375], "texture": "#2"},
				"west": {"uv": [11.75, 0.75, 12.75, 1.125], "texture": "#2"},
				"up": {"uv": [4.875, 9.5, 4.5, 8.5], "texture": "#2"},
				"down": {"uv": [9.375, 11, 9, 12], "texture": "#2"}
			}
		},
		{
			"from": [5.875, 0, 9.9375],
			"to": [6.25, 1, 11.1875],
			"rotation": {"angle": 0, "axis": "y", "origin": [5.75, -1.5, 9.5]},
			"faces": {
				"north": {"uv": [3.75, 14.5, 3.875, 14.75], "texture": "#2"},
				"east": {"uv": [13.75, 4.25, 14.0625, 4.5], "texture": "#2"},
				"south": {"uv": [14.5, 3.75, 14.625, 4], "texture": "#2"},
				"west": {"uv": [4.5, 13.75, 4.8125, 14], "texture": "#2"},
				"up": {"uv": [9.625, 14.5625, 9.5, 14.25], "texture": "#2"},
				"down": {"uv": [9.875, 14.25, 9.75, 14.5625], "texture": "#2"}
			}
		},
		{
			"from": [9.125, 0, 9.9375],
			"to": [9.5, 1, 11.1875],
			"rotation": {"angle": 0, "axis": "y", "origin": [9, -1.5, 9.5]},
			"faces": {
				"north": {"uv": [14.5, 3.25, 14.625, 3.5], "texture": "#2"},
				"east": {"uv": [4, 13.75, 4.3125, 14], "texture": "#2"},
				"south": {"uv": [14.5, 3.5, 14.625, 3.75], "texture": "#2"},
				"west": {"uv": [13.75, 4, 14.0625, 4.25], "texture": "#2"},
				"up": {"uv": [9.125, 14.5625, 9, 14.25], "texture": "#2"},
				"down": {"uv": [9.375, 14.25, 9.25, 14.5625], "texture": "#2"}
			}
		},
		{
			"from": [6.625, 0, 9.9375],
			"to": [7, 1, 11.1875],
			"rotation": {"angle": 0, "axis": "y", "origin": [6.5, -1.5, 9.5]},
			"faces": {
				"north": {"uv": [5, 14.5, 5.125, 14.75], "texture": "#2"},
				"east": {"uv": [13.75, 5.25, 14.0625, 5.5], "texture": "#2"},
				"south": {"uv": [14.5, 5, 14.625, 5.25], "texture": "#2"},
				"west": {"uv": [5.5, 13.75, 5.8125, 14], "texture": "#2"},
				"up": {"uv": [10.375, 14.5625, 10.25, 14.25], "texture": "#2"},
				"down": {"uv": [14.375, 10.75, 14.25, 11.0625], "texture": "#2"}
			}
		},
		{
			"from": [9.875, 0, 9.9375],
			"to": [10.25, 1, 11.1875],
			"rotation": {"angle": 0, "axis": "y", "origin": [9.75, -1.5, 9.5]},
			"faces": {
				"north": {"uv": [14.5, 4, 14.625, 4.25], "texture": "#2"},
				"east": {"uv": [5, 13.75, 5.3125, 14], "texture": "#2"},
				"south": {"uv": [14.5, 4.75, 14.625, 5], "texture": "#2"},
				"west": {"uv": [13.75, 5, 14.0625, 5.25], "texture": "#2"},
				"up": {"uv": [10.125, 14.5625, 10, 14.25], "texture": "#2"},
				"down": {"uv": [14.375, 10, 14.25, 10.3125], "texture": "#2"}
			}
		},
		{
			"from": [6.625, 0, 7.875],
			"to": [7, 1, 9.125],
			"rotation": {"angle": 0, "axis": "y", "origin": [6.5, -1.5, 7.4375]},
			"faces": {
				"north": {"uv": [14.5, 10, 14.625, 10.25], "texture": "#2"},
				"east": {"uv": [7.5, 13.75, 7.8125, 14], "texture": "#2"},
				"south": {"uv": [14.5, 10.25, 14.625, 10.5], "texture": "#2"},
				"west": {"uv": [8, 13.75, 8.3125, 14], "texture": "#2"},
				"up": {"uv": [12.125, 14.5625, 12, 14.25], "texture": "#2"},
				"down": {"uv": [12.375, 14.25, 12.25, 14.5625], "texture": "#2"}
			}
		},
		{
			"from": [9.875, 0, 7.875],
			"to": [10.25, 1, 9.125],
			"rotation": {"angle": 0, "axis": "y", "origin": [9.75, -1.5, 7.4375]},
			"faces": {
				"north": {"uv": [6.75, 14.5, 6.875, 14.75], "texture": "#2"},
				"east": {"uv": [13.75, 6.5, 14.0625, 6.75], "texture": "#2"},
				"south": {"uv": [8.75, 14.5, 8.875, 14.75], "texture": "#2"},
				"west": {"uv": [7, 13.75, 7.3125, 14], "texture": "#2"},
				"up": {"uv": [11.875, 14.5625, 11.75, 14.25], "texture": "#2"},
				"down": {"uv": [14.375, 11.75, 14.25, 12.0625], "texture": "#2"}
			}
		},
		{
			"from": [5.875, 0, 7.875],
			"to": [6.25, 1, 9.125],
			"rotation": {"angle": 0, "axis": "y", "origin": [5.75, -1.5, 7.4375]},
			"faces": {
				"north": {"uv": [6.25, 14.5, 6.375, 14.75], "texture": "#2"},
				"east": {"uv": [13.75, 6, 14.0625, 6.25], "texture": "#2"},
				"south": {"uv": [6.5, 14.5, 6.625, 14.75], "texture": "#2"},
				"west": {"uv": [13.75, 6.25, 14.0625, 6.5], "texture": "#2"},
				"up": {"uv": [14.375, 11.5625, 14.25, 11.25], "texture": "#2"},
				"down": {"uv": [11.625, 14.25, 11.5, 14.5625], "texture": "#2"}
			}
		},
		{
			"from": [7.5, 0, 2.0625],
			"to": [7.875, 1.375, 3.3125],
			"rotation": {"angle": 0, "axis": "y", "origin": [7.375, -1.5, 1.625]},
			"faces": {
				"north": {"uv": [4.75, 14.25, 4.875, 14.625], "texture": "#2"},
				"east": {"uv": [5.75, 13.25, 6.0625, 13.625], "texture": "#2"},
				"south": {"uv": [14.25, 5, 14.375, 5.375], "texture": "#2"},
				"west": {"uv": [13.25, 6.25, 13.5625, 6.625], "texture": "#2"},
				"up": {"uv": [12.875, 14.5625, 12.75, 14.25], "texture": "#2"},
				"down": {"uv": [14.375, 12.75, 14.25, 13.0625], "texture": "#2"}
			}
		},
		{
			"from": [7.875, 0.4375, 2.5],
			"to": [8.25, 0.8125, 2.875],
			"rotation": {"angle": 0, "axis": "y", "origin": [7.375, -1.5, 1.625]},
			"faces": {
				"north": {"uv": [14.75, 4, 14.875, 4.125], "texture": "#2"},
				"east": {"uv": [14.75, 4.5, 14.875, 4.625], "texture": "#2"},
				"south": {"uv": [4.75, 14.75, 4.875, 14.875], "texture": "#2"},
				"west": {"uv": [14.75, 4.75, 14.875, 4.875], "texture": "#2"},
				"up": {"uv": [5.125, 14.875, 5, 14.75], "texture": "#2"},
				"down": {"uv": [14.875, 5, 14.75, 5.125], "texture": "#2"}
			}
		},
		{
			"from": [8.25, 0, 2.0625],
			"to": [8.625, 1.375, 3.3125],
			"rotation": {"angle": 0, "axis": "y", "origin": [8.125, -1.5, 1.625]},
			"faces": {
				"north": {"uv": [14.25, 1.25, 14.375, 1.625], "texture": "#2"},
				"east": {"uv": [13.25, 5, 13.5625, 5.375], "texture": "#2"},
				"south": {"uv": [14.25, 2, 14.375, 2.375], "texture": "#2"},
				"west": {"uv": [13.25, 5.5, 13.5625, 5.875], "texture": "#2"},
				"up": {"uv": [14.375, 12.5625, 14.25, 12.25], "texture": "#2"},
				"down": {"uv": [12.625, 14.25, 12.5, 14.5625], "texture": "#2"}
			}
		},
		{
			"from": [9.125, 0, 7.875],
			"to": [9.5, 1, 9.125],
			"rotation": {"angle": 0, "axis": "y", "origin": [9, -1.5, 7.4375]},
			"faces": {
				"north": {"uv": [5.25, 14.5, 5.375, 14.75], "texture": "#2"},
				"east": {"uv": [13.75, 5.5, 14.0625, 5.75], "texture": "#2"},
				"south": {"uv": [14.5, 5.25, 14.625, 5.5], "texture": "#2"},
				"west": {"uv": [13.75, 5.75, 14.0625, 6], "texture": "#2"},
				"up": {"uv": [11.125, 14.5625, 11, 14.25], "texture": "#2"},
				"down": {"uv": [11.375, 14.25, 11.25, 14.5625], "texture": "#2"}
			}
		},
		{
			"from": [3.25, 4.0625, 4.0625],
			"to": [3.625, 4.4375, 5],
			"rotation": {"angle": 0, "axis": "y", "origin": [2.5625, 2.25, 7]},
			"faces": {
				"north": {"uv": [3.75, 14.75, 3.875, 14.875], "texture": "#2"},
				"east": {"uv": [14.5, 2.5, 14.75, 2.625], "texture": "#2"},
				"south": {"uv": [14.75, 3.75, 14.875, 3.875], "texture": "#2"},
				"west": {"uv": [14.5, 2.75, 14.75, 2.875], "texture": "#2"},
				"up": {"uv": [3.125, 14.75, 3, 14.5], "texture": "#2"},
				"down": {"uv": [14.625, 3, 14.5, 3.25], "texture": "#2"}
			}
		},
		{
			"from": [-3.3125, 3.5, 5],
			"to": [-1.8125, 5, 9],
			"rotation": {"angle": 0, "axis": "y", "origin": [-3.4375, 2.25, 7]},
			"faces": {
				"north": {"uv": [2.25, 3.3125, 2.34375, 3.40625], "texture": "#2"},
				"east": {"uv": [3.0625, 0.5625, 3.3125, 0.65625], "texture": "#2"},
				"south": {"uv": [2.375, 3.3125, 2.46875, 3.40625], "texture": "#2"},
				"west": {"uv": [3.0625, 0.6875, 3.3125, 0.78125], "texture": "#2"},
				"up": {"uv": [3.15625, 1.0625, 3.0625, 0.8125], "texture": "#2"},
				"down": {"uv": [3.15625, 1.3125, 3.0625, 1.5625], "texture": "#2"}
			}
		},
		{
			"from": [-2.75, 4.0625, 4.0625],
			"to": [-2.375, 4.4375, 5],
			"rotation": {"angle": 0, "axis": "y", "origin": [-3.4375, 2.25, 7]},
			"faces": {
				"north": {"uv": [3.6875, 3.5625, 3.71875, 3.59375], "texture": "#2"},
				"east": {"uv": [0.0625, 3.6875, 0.125, 3.71875], "texture": "#2"},
				"south": {"uv": [3.625, 3.6875, 3.65625, 3.71875], "texture": "#2"},
				"west": {"uv": [3.6875, 0.0625, 3.75, 0.09375], "texture": "#2"},
				"up": {"uv": [3.71875, 0.1875, 3.6875, 0.125], "texture": "#2"},
				"down": {"uv": [3.71875, 0.375, 3.6875, 0.4375], "texture": "#2"}
			}
		},
		{
			"from": [18.375, 4.0625, 4.0625],
			"to": [18.75, 4.4375, 5],
			"rotation": {"angle": 0, "axis": "y", "origin": [19.4375, 2.25, 7]},
			"faces": {
				"north": {"uv": [5.25, 14.75, 5.375, 14.875], "texture": "#2"},
				"east": {"uv": [10.75, 14.5, 11, 14.625], "texture": "#2"},
				"south": {"uv": [14.75, 5.25, 14.875, 5.375], "texture": "#2"},
				"west": {"uv": [14.5, 10.75, 14.75, 10.875], "texture": "#2"},
				"up": {"uv": [14.625, 11.25, 14.5, 11], "texture": "#2"},
				"down": {"uv": [14.625, 11.25, 14.5, 11.5], "texture": "#2"}
			}
		},
		{
			"from": [17.8125, 3.5, 5],
			"to": [19.3125, 5, 9],
			"rotation": {"angle": 0, "axis": "y", "origin": [19.4375, 2.25, 7]},
			"faces": {
				"north": {"uv": [0, 13.25, 0.375, 13.625], "texture": "#2"},
				"east": {"uv": [11.75, 3, 12.75, 3.375], "texture": "#2"},
				"south": {"uv": [13.25, 0, 13.625, 0.375], "texture": "#2"},
				"west": {"uv": [12, 10, 13, 10.375], "texture": "#2"},
				"up": {"uv": [9.375, 13, 9, 12], "texture": "#2"},
				"down": {"uv": [12.375, 10.5, 12, 11.5], "texture": "#2"}
			}
		},
		{
			"from": [6.75822, 1.66122, -1.09231],
			"to": [9.09478, 3.89906, -0.5625],
			"rotation": {"angle": 0, "axis": "y", "origin": [9.506, 1.25, -3.659]},
			"faces": {
				"north": {"uv": [12.25, 4.75, 11.5, 5.4375], "texture": "#2"},
				"east": {"uv": [10.375, 13.5, 10.25, 14.1875], "texture": "#2"},
				"south": {"uv": [6.25, 11.5, 5.5, 12.1875], "texture": "#2"},
				"west": {"uv": [10.125, 13.5, 10, 14.1875], "texture": "#2"},
				"up": {"uv": [3.25, 13.625, 4, 13.5], "texture": "#2"},
				"down": {"uv": [5, 13.5, 5.75, 13.625], "texture": "#2"}
			}
		},
		{
			"from": [6.24828, 1.25, 1.4375],
			"to": [9.60472, 4.409, 15.795],
			"rotation": {"angle": 0, "axis": "y", "origin": [9.506, 1.25, 7.8975]},
			"faces": {
				"north": {"uv": [10.8125, 7.25, 10, 8.0625], "texture": "#2"},
				"east": {"uv": [8.5625, 1, 5, 1.8125], "texture": "#2"},
				"south": {"uv": [5.3125, 10.5, 4.5, 11.3125], "texture": "#2"},
				"west": {"uv": [8.5625, 0, 5, 0.8125], "texture": "#2"},
				"up": {"uv": [5, 5.5625, 5.8125, 2], "texture": "#2"},
				"down": {"uv": [5, 5.75, 5.8125, 9.3125], "texture": "#2"}
			}
		},
		{
			"from": [6.14956, 1.34872, 1.41122],
			"to": [9.70344, 4.31028, 15.69628],
			"rotation": {"angle": 0, "axis": "y", "origin": [9.506, 1.25, 7.8975]},
			"faces": {
				"north": {"uv": [2.875, 10.75, 2, 11.5], "texture": "#2"},
				"east": {"uv": [10.5625, 2, 7, 2.75], "texture": "#2"},
				"south": {"uv": [11.625, 2, 10.75, 2.75], "texture": "#2"},
				"west": {"uv": [3.5625, 6.75, 0, 7.5], "texture": "#2"},
				"up": {"uv": [2, 6.5625, 2.875, 3], "texture": "#2"},
				"down": {"uv": [3, 3, 3.875, 6.5625], "texture": "#2"}
			}
		},
		{
			"from": [6.05084, 1.44744, 1.42116],
			"to": [9.80216, 4.21156, 15.59756],
			"rotation": {"angle": 0, "axis": "y", "origin": [9.506, 1.25, 7.8975]},
			"faces": {
				"north": {"uv": [11.6875, 2.75, 10.75, 3.4375], "texture": "#2"},
				"east": {"uv": [11.3125, 5, 7.75, 5.6875], "texture": "#2"},
				"south": {"uv": [3.9375, 10.75, 3, 11.4375], "texture": "#2"},
				"west": {"uv": [11.3125, 4.25, 7.75, 4.9375], "texture": "#2"},
				"up": {"uv": [0, 6.5625, 0.9375, 3], "texture": "#2"},
				"down": {"uv": [1, 3, 1.9375, 6.5625], "texture": "#2"}
			}
		},
		{
			"from": [6.37328, 1.375, 0],
			"to": [9.47972, 4.284, 14.3575],
			"rotation": {"angle": 0, "axis": "y", "origin": [9.506, 1.25, 6.46]},
			"faces": {
				"north": {"uv": [11.75, 0, 11, 0.75], "texture": "#2"},
				"east": {"uv": [10.5625, 3.5, 7, 4.25], "texture": "#2"},
				"south": {"uv": [11.75, 0.75, 11, 1.5], "texture": "#2"},
				"west": {"uv": [10.5625, 2.75, 7, 3.5], "texture": "#2"},
				"up": {"uv": [3.75, 10.5625, 4.5, 7], "texture": "#2"},
				"down": {"uv": [7, 4.25, 7.75, 7.8125], "texture": "#2"}
			}
		},
		{
			"from": [6.27456, 1.47372, -0.02628],
			"to": [9.57844, 4.18528, 14.25878],
			"rotation": {"angle": 0, "axis": "y", "origin": [9.506, 1.25, 6.46]},
			"faces": {
				"north": {"uv": [11.8125, 10, 11, 10.6875], "texture": "#2"},
				"east": {"uv": [11.3125, 6.5, 7.75, 7.1875], "texture": "#2"},
				"south": {"uv": [11.8125, 10.75, 11, 11.4375], "texture": "#2"},
				"west": {"uv": [11.3125, 5.75, 7.75, 6.4375], "texture": "#2"},
				"up": {"uv": [6, 5.5625, 6.8125, 2], "texture": "#2"},
				"down": {"uv": [6, 5.75, 6.8125, 9.3125], "texture": "#2"}
			}
		},
		{
			"from": [6.17584, 1.57244, 0.67116],
			"to": [9.67716, 4.08656, 14.16006],
			"rotation": {"angle": 0, "axis": "y", "origin": [9.506, 1.25, 6.46]},
			"faces": {
				"north": {"uv": [12.375, 4, 11.5, 4.625], "texture": "#2"},
				"east": {"uv": [12.625, 8.25, 9.25, 8.875], "texture": "#2"},
				"south": {"uv": [5.375, 11.5, 4.5, 12.125], "texture": "#2"},
				"west": {"uv": [10.375, 9.25, 7, 9.875], "texture": "#2"},
				"up": {"uv": [4, 3.375, 4.875, 0], "texture": "#2"},
				"down": {"uv": [4, 3.5, 4.875, 6.875], "texture": "#2"}
			}
		},
		{
			"from": [6.44572, 4.409, 1.5795],
			"to": [9.40728, 5.00131, 14.41294],
			"rotation": {"angle": 0, "axis": "y", "origin": [9.506, 2.8295, 1.5795]},
			"faces": {
				"north": {"uv": [7.75, 13.5, 7, 13.625], "texture": "#2"},
				"east": {"uv": [14.6875, 9, 11.5, 9.125], "texture": "#2"},
				"south": {"uv": [8.5, 13.5, 7.75, 13.625], "texture": "#2"},
				"west": {"uv": [14.6875, 7, 11.5, 7.125], "texture": "#2"},
				"up": {"uv": [2, 10.6875, 2.75, 7.5], "texture": "#2"},
				"down": {"uv": [2.75, 7.5, 3.5, 10.6875], "texture": "#2"}
			}
		},
		{
			"from": [6.347, 4.409, 1.77694],
			"to": [9.506, 4.90259, 14.31422],
			"rotation": {"angle": 0, "axis": "y", "origin": [9.506, 2.8295, 1.5795]},
			"faces": {
				"north": {"uv": [14.0625, 7.25, 13.25, 7.375], "texture": "#2"},
				"east": {"uv": [14.125, 11.5, 11, 11.625], "texture": "#2"},
				"south": {"uv": [14.0625, 7.5, 13.25, 7.625], "texture": "#2"},
				"west": {"uv": [14.625, 9.75, 11.5, 9.875], "texture": "#2"},
				"up": {"uv": [0, 10.625, 0.8125, 7.5], "texture": "#2"},
				"down": {"uv": [1, 7.5, 1.8125, 10.625], "texture": "#2"}
			}
		},
		{
			"from": [6.54444, 4.284, 0.98719],
			"to": [9.30856, 5.00131, 1.5795],
			"rotation": {"angle": 0, "axis": "y", "origin": [9.506, 4.409, 0]},
			"faces": {
				"north": {"uv": [7.6875, 8, 7, 8.1875], "texture": "#2"},
				"east": {"uv": [14.625, 14.25, 14.5, 14.4375], "texture": "#2"},
				"south": {"uv": [11.4375, 4, 10.75, 4.1875], "texture": "#2"},
				"west": {"uv": [14.125, 14.5, 14, 14.6875], "texture": "#2"},
				"up": {"uv": [13.5, 11.375, 14.1875, 11.25], "texture": "#2"},
				"down": {"uv": [13.5, 12.75, 14.1875, 12.875], "texture": "#2"}
			}
		},
		{
			"from": [6.54444, 4.284, 0.69103],
			"to": [9.30856, 4.96509, 0.98719],
			"rotation": {"angle": 0, "axis": "y", "origin": [9.506, 2.8295, 0]},
			"faces": {
				"north": {"uv": [12.4375, 1.25, 11.75, 1.4375], "texture": "#2"},
				"east": {"uv": [7.0625, 14.75, 7, 14.9375], "texture": "#2"},
				"south": {"uv": [13.6875, 6, 13, 6.1875], "texture": "#2"},
				"west": {"uv": [6.8125, 14.75, 6.75, 14.9375], "texture": "#2"},
				"up": {"uv": [14.25, 4.3125, 14.9375, 4.25], "texture": "#2"},
				"down": {"uv": [14.25, 5.5, 14.9375, 5.5625], "texture": "#2"}
			}
		},
		{
			"from": [6.64316, 4.284, 0.39488],
			"to": [9.20984, 4.86637, 0.69103],
			"rotation": {"angle": 0, "axis": "y", "origin": [9.506, 2.8295, 0]},
			"faces": {
				"north": {"uv": [14.125, 13, 13.5, 13.125], "texture": "#2"},
				"east": {"uv": [14.8125, 7.75, 14.75, 7.875], "texture": "#2"},
				"south": {"uv": [14.375, 0, 13.75, 0.125], "texture": "#2"},
				"west": {"uv": [14.8125, 7.5, 14.75, 7.625], "texture": "#2"},
				"up": {"uv": [14.25, 6.5625, 14.875, 6.5], "texture": "#2"},
				"down": {"uv": [14.25, 7.25, 14.875, 7.3125], "texture": "#2"}
			}
		},
		{
			"from": [6.70566, 4.284, 0.01988],
			"to": [9.14734, 4.74137, 0.39488],
			"rotation": {"angle": 0, "axis": "y", "origin": [9.506, 2.8295, 0]},
			"faces": {
				"north": {"uv": [14.375, 0.25, 13.75, 0.375], "texture": "#2"},
				"east": {"uv": [2.625, 14.75, 2.5, 14.875], "texture": "#2"},
				"south": {"uv": [14.375, 2.5, 13.75, 2.625], "texture": "#2"},
				"west": {"uv": [2.375, 14.75, 2.25, 14.875], "texture": "#2"},
				"up": {"uv": [13.75, 2.875, 14.375, 2.75], "texture": "#2"},
				"down": {"uv": [13.75, 3, 14.375, 3.125], "texture": "#2"}
			}
		},
		{
			"from": [1.6085, 5.00131, 6.51544],
			"to": [14.2445, 5.39619, 12.42509],
			"rotation": {"angle": 0, "axis": "y", "origin": [9.506, 4.409, 6.81159]},
			"faces": {
				"north": {"uv": [14.6875, 9.25, 11.5, 9.375], "texture": "#2"},
				"east": {"uv": [14.25, 2.25, 12.75, 2.375], "texture": "#2"},
				"south": {"uv": [14.6875, 9.5, 11.5, 9.625], "texture": "#2"},
				"west": {"uv": [14.25, 2, 12.75, 2.125], "texture": "#2"},
				"up": {"uv": [0, 1.5, 3.1875, 0], "texture": "#2"},
				"down": {"uv": [0, 1.5, 3.1875, 3], "texture": "#2"}
			}
		},
		{
			"from": [6.347, 1.64488, 15.795],
			"to": [9.506, 4.409, 16.88091],
			"rotation": {"angle": 0, "axis": "y", "origin": [9.506, 1.25, 15.795]},
			"faces": {
				"north": {"uv": [2.8125, 11.5, 2, 12.1875], "texture": "#2"},
				"east": {"uv": [13, 8.25, 12.75, 8.9375], "texture": "#2"},
				"south": {"uv": [3.8125, 11.5, 3, 12.1875], "texture": "#2"},
				"west": {"uv": [8, 11.5, 7.75, 12.1875], "texture": "#2"},
				"up": {"uv": [9.25, 9.25, 10.0625, 9], "texture": "#2"},
				"down": {"uv": [12.5, 11.25, 13.3125, 11.5], "texture": "#2"}
			}
		},
		{
			"from": [6.64316, 2.23719, 19.25016],
			"to": [9.20984, 4.409, 21.52069],
			"rotation": {"angle": 0, "axis": "y", "origin": [9.506, 1.25, 18.954]},
			"faces": {
				"north": {"uv": [3.375, 12.25, 2.75, 12.8125], "texture": "#2"},
				"east": {"uv": [0.5625, 12.5, 0, 13.0625], "texture": "#2"},
				"south": {"uv": [4.125, 12.25, 3.5, 12.8125], "texture": "#2"},
				"west": {"uv": [7.8125, 12.25, 7.25, 12.8125], "texture": "#2"},
				"up": {"uv": [4.25, 12.8125, 4.875, 12.25], "texture": "#2"},
				"down": {"uv": [12.25, 4.75, 12.875, 5.3125], "texture": "#2"}
			}
		},
		{
			"from": [6.74187, 2.73078, 21.52069],
			"to": [9.11113, 4.409, 23.6925],
			"rotation": {"angle": 0, "axis": "y", "origin": [9.506, 1.25, 20.5335]},
			"faces": {
				"north": {"uv": [13.0625, 10.75, 12.5, 11.1875], "texture": "#2"},
				"east": {"uv": [13.3125, 0.75, 12.75, 1.1875], "texture": "#2"},
				"south": {"uv": [13.0625, 12.25, 12.5, 12.6875], "texture": "#2"},
				"west": {"uv": [13.0625, 11.75, 12.5, 12.1875], "texture": "#2"},
				"up": {"uv": [12.5, 0.5625, 13.0625, 0], "texture": "#2"},
				"down": {"uv": [12.5, 1.25, 13.0625, 1.8125], "texture": "#2"}
			}
		},
		{
			"from": [6.93931, 3.22438, 23.6925],
			"to": [8.91369, 4.409, 25.17328],
			"rotation": {"angle": 0, "axis": "y", "origin": [9.506, 1.25, 23.6925]},
			"faces": {
				"north": {"uv": [3.25, 13, 2.75, 13.3125], "texture": "#2"},
				"east": {"uv": [4.875, 13.25, 4.5, 13.5625], "texture": "#2"},
				"south": {"uv": [3.75, 13, 3.25, 13.3125], "texture": "#2"},
				"west": {"uv": [13.625, 4, 13.25, 4.3125], "texture": "#2"},
				"up": {"uv": [8.5, 12.875, 9, 12.5], "texture": "#2"},
				"down": {"uv": [12.75, 2.5, 13.25, 2.875], "texture": "#2"}
			}
		},
		{
			"from": [3.188, 4.21156, 22.113],
			"to": [12.665, 4.50772, 25.272],
			"rotation": {"angle": 0, "axis": "y", "origin": [9.506, 2.8295, 22.113]},
			"faces": {
				"north": {"uv": [15.125, 6.75, 12.75, 6.8125], "texture": "#2"},
				"east": {"uv": [14.8125, 8.75, 14, 8.8125], "texture": "#2"},
				"south": {"uv": [6.125, 13, 3.75, 13.0625], "texture": "#2"},
				"west": {"uv": [14.8125, 8.5, 14, 8.5625], "texture": "#2"},
				"up": {"uv": [4.5, 10.3125, 6.875, 9.5], "texture": "#2"},
				"down": {"uv": [7, 10, 9.375, 10.8125], "texture": "#2"}
			}
		},
		{
			"from": [1.31234, 4.21156, 22.4255],
			"to": [3.188, 4.409, 25.272],
			"rotation": {"angle": 0, "axis": "y", "origin": [0.029, 2.8295, 22.113]},
			"faces": {
				"north": {"uv": [14.75, 7.5, 14.25, 7.5625], "texture": "#2"},
				"east": {"uv": [14.9375, 6, 14.25, 6.0625], "texture": "#2"},
				"south": {"uv": [14.75, 13.5, 14.25, 13.5625], "texture": "#2"},
				"west": {"uv": [14.9375, 5.75, 14.25, 5.8125], "texture": "#2"},
				"up": {"uv": [5.75, 12.9375, 6.25, 12.25], "texture": "#2"},
				"down": {"uv": [6.25, 12.25, 6.75, 12.9375], "texture": "#2"}
			}
		},
		{
			"from": [12.665, 4.21156, 22.4255],
			"to": [14.54066, 4.409, 25.272],
			"rotation": {"angle": 0, "axis": "y", "origin": [11.38166, 2.8295, 22.113]},
			"faces": {
				"north": {"uv": [14.25, 14.25, 13.75, 14.3125], "texture": "#2"},
				"east": {"uv": [14.9375, 6.25, 14.25, 6.3125], "texture": "#2"},
				"south": {"uv": [14.75, 13.75, 14.25, 13.8125], "texture": "#2"},
				"west": {"uv": [6.9375, 14.25, 6.25, 14.3125], "texture": "#2"},
				"up": {"uv": [12.25, 6.9375, 12.75, 6.25], "texture": "#2"},
				"down": {"uv": [6.75, 12.25, 7.25, 12.9375], "texture": "#2"}
			}
		},
		{
			"from": [7.23547, 3.42181, 25.272],
			"to": [8.61753, 4.21156, 26.25919],
			"rotation": {"angle": 0, "axis": "y", "origin": [9.506, 1.25, 22.113]},
			"faces": {
				"north": {"uv": [14.125, 13.5, 13.75, 13.6875], "texture": "#2"},
				"east": {"uv": [10.5, 9, 10.25, 9.1875], "texture": "#2"},
				"south": {"uv": [14.125, 13.75, 13.75, 13.9375], "texture": "#2"},
				"west": {"uv": [4, 6.75, 3.75, 6.9375], "texture": "#2"},
				"up": {"uv": [4, 13.75, 4.375, 13.5], "texture": "#2"},
				"down": {"uv": [13.5, 8.25, 13.875, 8.5], "texture": "#2"}
			}
		},
		{
			"from": [7.72906, 4.409, 23.39634],
			"to": [8.12394, 10.49269, 25.56816],
			"rotation": {"angle": 0, "axis": "y", "origin": [9.506, 4.409, 22.113]},
			"faces": {
				"north": {"uv": [3.625, 7.5, 3.5, 8.9375], "texture": "#2"},
				"east": {"uv": [3.8125, 1.5, 3.25, 2.9375], "texture": "#2"},
				"south": {"uv": [3.625, 9, 3.5, 10.4375], "texture": "#2"},
				"west": {"uv": [3.8125, 0, 3.25, 1.4375], "texture": "#2"},
				"up": {"uv": [8.75, 14.3125, 8.875, 13.75], "texture": "#2"},
				"down": {"uv": [1.25, 14, 1.375, 14.5625], "texture": "#2"}
			}
		},
		{
			"from": [7.72906, 4.70516, 25.56816],
			"to": [8.12394, 10.74269, 26.62425],
			"rotation": {"angle": 0, "axis": "y", "origin": [9.506, 4.409, 22.113]},
			"faces": {
				"north": {"uv": [11.125, 12.75, 11, 14.125], "texture": "#2"},
				"east": {"uv": [11.875, 12.75, 11.75, 14.125], "texture": "#2"},
				"south": {"uv": [11.625, 12.75, 11.5, 14.125], "texture": "#2"},
				"west": {"uv": [11.375, 12.75, 11.25, 14.125], "texture": "#2"},
				"up": {"uv": [14.75, 2.625, 14.875, 2.5], "texture": "#2"},
				"down": {"uv": [14.75, 2.75, 14.875, 2.875], "texture": "#2"}
			}
		},
		{
			"from": [6.64316, 4.409, 14.41294],
			"to": [9.20984, 5.10003, 16.48603],
			"rotation": {"angle": 0, "axis": "y", "origin": [9.506, 2.8295, 14.2155]},
			"faces": {
				"north": {"uv": [13.875, 4.75, 13.25, 4.9375], "texture": "#2"},
				"east": {"uv": [14, 8.5, 13.5, 8.6875], "texture": "#2"},
				"south": {"uv": [5.625, 13.25, 5, 13.4375], "texture": "#2"},
				"west": {"uv": [9, 13.5, 8.5, 13.6875], "texture": "#2"},
				"up": {"uv": [12.5, 4.5, 13.125, 4], "texture": "#2"},
				"down": {"uv": [12.5, 7.25, 13.125, 7.75], "texture": "#2"}
			}
		},
		{
			"from": [6.84059, 4.409, 16.48603],
			"to": [9.01241, 4.80387, 18.954],
			"rotation": {"angle": 0, "axis": "y", "origin": [9.506, 2.8295, 15.795]},
			"faces": {
				"north": {"uv": [14.5625, 0.75, 14, 0.875], "texture": "#2"},
				"east": {"uv": [14.375, 3.25, 13.75, 3.375], "texture": "#2"},
				"south": {"uv": [14.5625, 1, 14, 1.125], "texture": "#2"},
				"west": {"uv": [3.875, 13.75, 3.25, 13.875], "texture": "#2"},
				"up": {"uv": [5, 12.875, 5.5625, 12.25], "texture": "#2"},
				"down": {"uv": [12.25, 5.5, 12.8125, 6.125], "texture": "#2"}
			}
		},
		{
			"from": [7.03803, 4.409, 18.954],
			"to": [8.81497, 4.60644, 22.113],
			"rotation": {"angle": 0, "axis": "y", "origin": [9.506, 2.8295, 18.954]},
			"faces": {
				"north": {"uv": [14.9375, 11.5, 14.5, 11.5625], "texture": "#2"},
				"east": {"uv": [14.5625, 14, 13.75, 14.0625], "texture": "#2"},
				"south": {"uv": [14.9375, 11.75, 14.5, 11.8125], "texture": "#2"},
				"west": {"uv": [14.8125, 13.25, 14, 13.3125], "texture": "#2"},
				"up": {"uv": [12, 12.5625, 12.4375, 11.75], "texture": "#2"},
				"down": {"uv": [0.75, 12.25, 1.1875, 13.0625], "texture": "#2"}
			}
		},
		{
			"from": [7.82778, 4.409, 21.12581],
			"to": [8.02522, 6.29106, 21.71813],
			"rotation": {"angle": 0, "axis": "y", "origin": [9.506, 2.8295, 17.3745]},
			"faces": {
				"north": {"uv": [3.3125, 14.25, 3.25, 15], "texture": "#2"},
				"east": {"uv": [9.125, 13.5, 9, 14.25], "texture": "#2"},
				"south": {"uv": [3.5625, 14.25, 3.5, 15], "texture": "#2"},
				"west": {"uv": [10.875, 13.25, 10.75, 14], "texture": "#2"},
				"up": {"uv": [14.75, 8.125, 14.8125, 8], "texture": "#2"},
				"down": {"uv": [8.75, 14.75, 8.8125, 14.875], "texture": "#2"}
			}
		},
		{
			"from": [7.82778, 4.409, 16.54853],
			"to": [8.02522, 5.49491, 20.579],
			"rotation": {"angle": 0, "axis": "y", "origin": [9.506, 2.8295, 18.7495]},
			"faces": {
				"north": {"uv": [14.5625, 14.5, 14.5, 14.875], "texture": "#2"},
				"east": {"uv": [13.25, 6.25, 12.75, 6.625], "texture": "#2"},
				"south": {"uv": [14.8125, 0, 14.75, 0.375], "texture": "#2"},
				"west": {"uv": [13.25, 3, 12.75, 3.375], "texture": "#2"},
				"up": {"uv": [14.5, 1.75, 14.5625, 1.25], "texture": "#2"},
				"down": {"uv": [14.5, 1.75, 14.5625, 2.25], "texture": "#2"}
			}
		},
		{
			"from": [7.82778, 4.409, 15.36103],
			"to": [8.02522, 5.55741, 16.5165],
			"rotation": {"angle": 0, "axis": "y", "origin": [9.506, 2.8295, 14.937]},
			"faces": {
				"north": {"uv": [14.8125, 0.5, 14.75, 0.8125], "texture": "#2"},
				"east": {"uv": [1.5625, 13.5, 1.25, 13.8125], "texture": "#2"},
				"south": {"uv": [1.0625, 14.75, 1, 15.0625], "texture": "#2"},
				"west": {"uv": [13.8125, 0.75, 13.5, 1.0625], "texture": "#2"},
				"up": {"uv": [14.75, 1.3125, 14.8125, 1], "texture": "#2"},
				"down": {"uv": [1.25, 14.75, 1.3125, 15.0625], "texture": "#2"}
			}
		},
		{
			"from": [7.82778, 4.409, 14.17353],
			"to": [8.02522, 5.55741, 15.3915],
			"rotation": {"angle": 0, "axis": "y", "origin": [9.506, 2.8295, 13.812]},
			"faces": {
				"north": {"uv": [1.5625, 14.75, 1.5, 15.0625], "texture": "#2"},
				"east": {"uv": [3.0625, 13.5, 2.75, 13.8125], "texture": "#2"},
				"south": {"uv": [14.8125, 1.5, 14.75, 1.8125], "texture": "#2"},
				"west": {"uv": [2.0625, 13.5, 1.75, 13.8125], "texture": "#2"},
				"up": {"uv": [1.75, 15.0625, 1.8125, 14.75], "texture": "#2"},
				"down": {"uv": [14.75, 2, 14.8125, 2.3125], "texture": "#2"}
			}
		},
		{
			"from": [7.72906, 4.409, 22.90275],
			"to": [8.12394, 9.94653, 23.39634],
			"rotation": {"angle": 0, "axis": "y", "origin": [9.506, 4.409, 20.5335]},
			"faces": {
				"north": {"uv": [12.125, 12.75, 12, 14.125], "texture": "#2"},
				"east": {"uv": [12.875, 12.75, 12.75, 14.125], "texture": "#2"},
				"south": {"uv": [12.625, 12.75, 12.5, 14.125], "texture": "#2"},
				"west": {"uv": [12.375, 12.75, 12.25, 14.125], "texture": "#2"},
				"up": {"uv": [3, 14.875, 3.125, 14.75], "texture": "#2"},
				"down": {"uv": [14.75, 3, 14.875, 3.125], "texture": "#2"}
			}
		},
		{
			"from": [7.72906, 4.409, 22.70531],
			"to": [8.12394, 9.55166, 22.90275],
			"rotation": {"angle": 0, "axis": "y", "origin": [9.506, 4.409, 20.03991]},
			"faces": {
				"north": {"uv": [2.375, 13, 2.25, 14.3125], "texture": "#2"},
				"east": {"uv": [13.0625, 13.5, 13, 14.8125], "texture": "#2"},
				"south": {"uv": [2.625, 13, 2.5, 14.3125], "texture": "#2"},
				"west": {"uv": [10.5625, 13.5, 10.5, 14.8125], "texture": "#2"},
				"up": {"uv": [10, 14.8125, 10.125, 14.75], "texture": "#2"},
				"down": {"uv": [14.75, 10, 14.875, 10.0625], "texture": "#2"}
			}
		},
		{
			"from": [7.72906, 4.409, 22.50788],
			"to": [8.12394, 9.16672, 22.70531],
			"rotation": {"angle": 0, "axis": "y", "origin": [9.506, 4.409, 19.84247]},
			"faces": {
				"north": {"uv": [13.125, 4.75, 13, 5.9375], "texture": "#2"},
				"east": {"uv": [8.5625, 13.75, 8.5, 14.9375], "texture": "#2"},
				"south": {"uv": [6.375, 13, 6.25, 14.1875], "texture": "#2"},
				"west": {"uv": [6.0625, 13.75, 6, 14.9375], "texture": "#2"},
				"up": {"uv": [10.25, 14.8125, 10.375, 14.75], "texture": "#2"},
				"down": {"uv": [14.75, 10.25, 14.875, 10.3125], "texture": "#2"}
			}
		},
		{
			"from": [7.72906, 4.409, 22.31044],
			"to": [8.12394, 8.96928, 22.50788],
			"rotation": {"angle": 0, "axis": "y", "origin": [9.506, 4.409, 19.64503]},
			"faces": {
				"north": {"uv": [6.625, 13, 6.5, 14.125], "texture": "#2"},
				"east": {"uv": [2.8125, 14, 2.75, 15.125], "texture": "#2"},
				"south": {"uv": [6.875, 13, 6.75, 14.125], "texture": "#2"},
				"west": {"uv": [2.0625, 14, 2, 15.125], "texture": "#2"},
				"up": {"uv": [14.75, 10.5625, 14.875, 10.5], "texture": "#2"},
				"down": {"uv": [10.75, 14.75, 10.875, 14.8125], "texture": "#2"}
			}
		},
		{
			"from": [7.72906, 4.409, 22.113],
			"to": [8.12394, 8.47569, 22.31044],
			"rotation": {"angle": 0, "axis": "y", "origin": [9.506, 4.409, 19.64503]},
			"faces": {
				"north": {"uv": [0.625, 13.25, 0.5, 14.25], "texture": "#2"},
				"east": {"uv": [4.3125, 14, 4.25, 15], "texture": "#2"},
				"south": {"uv": [0.875, 13.25, 0.75, 14.25], "texture": "#2"},
				"west": {"uv": [4.0625, 14, 4, 15], "texture": "#2"},
				"up": {"uv": [14.75, 10.8125, 14.875, 10.75], "texture": "#2"},
				"down": {"uv": [11, 14.75, 11.125, 14.8125], "texture": "#2"}
			}
		},
		{
			"from": [7.72906, 4.409, 21.91556],
			"to": [8.12394, 7.98209, 22.113],
			"rotation": {"angle": 0, "axis": "y", "origin": [9.506, 4.409, 19.64503]},
			"faces": {
				"north": {"uv": [1.125, 13.25, 1, 14.125], "texture": "#2"},
				"east": {"uv": [5.8125, 14, 5.75, 14.875], "texture": "#2"},
				"south": {"uv": [9.625, 13.25, 9.5, 14.125], "texture": "#2"},
				"west": {"uv": [5.5625, 14, 5.5, 14.875], "texture": "#2"},
				"up": {"uv": [14.75, 11.0625, 14.875, 11], "texture": "#2"},
				"down": {"uv": [11.25, 14.75, 11.375, 14.8125], "texture": "#2"}
			}
		},
		{
			"from": [23.2445, 5.10003, 7.57794],
			"to": [26.61703, 5.49491, 10.92156],
			"rotation": {"angle": 0, "axis": "y", "origin": [25.4035, 5.9885, 5.23209]},
			"faces": {
				"north": {"uv": [10.5625, 13.25, 9.75, 13.375], "texture": "#2"},
				"east": {"uv": [14.0625, 11.75, 13.25, 11.875], "texture": "#2"},
				"south": {"uv": [14.0625, 11, 13.25, 11.125], "texture": "#2"},
				"west": {"uv": [14.0625, 10.75, 13.25, 10.875], "texture": "#2"},
				"up": {"uv": [5.5, 11.3125, 6.3125, 10.5], "texture": "#2"},
				"down": {"uv": [10.5, 9, 11.3125, 9.8125], "texture": "#2"}
			}
		},
		{
			"from": [-10.8805, 5.10003, 7.57794],
			"to": [-7.50797, 5.49491, 10.92156],
			"rotation": {"angle": 0, "axis": "y", "origin": [-8.7215, 5.9885, 5.23209]},
			"faces": {
				"north": {"uv": [14.0625, 12, 13.25, 12.125], "texture": "#2"},
				"east": {"uv": [13.8125, 13.25, 13, 13.375], "texture": "#2"},
				"south": {"uv": [14.0625, 12.5, 13.25, 12.625], "texture": "#2"},
				"west": {"uv": [14.0625, 12.25, 13.25, 12.375], "texture": "#2"},
				"up": {"uv": [0, 11.5625, 0.8125, 10.75], "texture": "#2"},
				"down": {"uv": [1, 10.75, 1.8125, 11.5625], "texture": "#2"}
			}
		},
		{
			"from": [14.2445, 5.10003, 7.32794],
			"to": [23.24203, 5.49491, 11.42156],
			"rotation": {"angle": 0, "axis": "y", "origin": [17.4035, 5.9885, 5.23209]},
			"faces": {
				"north": {"uv": [14.75, 4.5, 12.5, 4.625], "texture": "#2"},
				"east": {"uv": [14.25, 0.5, 13.25, 0.625], "texture": "#2"},
				"south": {"uv": [14.75, 7.75, 12.5, 7.875], "texture": "#2"},
				"west": {"uv": [14, 8.75, 13, 8.875], "texture": "#2"},
				"up": {"uv": [7.75, 8.25, 10, 7.25], "texture": "#2"},
				"down": {"uv": [7, 8.25, 9.25, 9.25], "texture": "#2"}
			}
		},
		{
			"from": [-7.443, 5.10003, 7.32794],
			"to": [1.55453, 5.49491, 11.42156],
			"rotation": {"angle": 0, "axis": "y", "origin": [-4.284, 5.9885, 5.23209]},
			"faces": {
				"north": {"uv": [14.75, 8, 12.5, 8.125], "texture": "#2"},
				"east": {"uv": [14.25, 1.5, 13.25, 1.625], "texture": "#2"},
				"south": {"uv": [14.75, 10.5, 12.5, 10.625], "texture": "#2"},
				"west": {"uv": [14.25, 1.25, 13.25, 1.375], "texture": "#2"},
				"up": {"uv": [8.75, 1, 11, 0], "texture": "#2"},
				"down": {"uv": [8.75, 1, 11, 2], "texture": "#2"}
			}
		},
		{
			"from": [11.8125, 3.5, 5],
			"to": [13.3125, 5, 9],
			"rotation": {"angle": 0, "axis": "y", "origin": [13.4375, 2.25, 7]},
			"faces": {
				"north": {"uv": [7.375, 13, 7, 13.375], "texture": "#2"},
				"east": {"uv": [12.75, 0.75, 11.75, 1.125], "texture": "#2"},
				"south": {"uv": [7.875, 13, 7.5, 13.375], "texture": "#2"},
				"west": {"uv": [1.75, 11.75, 0.75, 12.125], "texture": "#2"},
				"up": {"uv": [4.5, 9.5, 4.875, 8.5], "texture": "#2"},
				"down": {"uv": [9, 11, 9.375, 12], "texture": "#2"}
			}
		},
		{
			"from": [12.375, 4.0625, 4.0625],
			"to": [12.75, 4.4375, 5],
			"rotation": {"angle": 0, "axis": "y", "origin": [13.4375, 2.25, 7]},
			"faces": {
				"north": {"uv": [3.875, 14.75, 3.75, 14.875], "texture": "#2"},
				"east": {"uv": [14.75, 2.75, 14.5, 2.875], "texture": "#2"},
				"south": {"uv": [14.875, 3.75, 14.75, 3.875], "texture": "#2"},
				"west": {"uv": [14.75, 2.5, 14.5, 2.625], "texture": "#2"},
				"up": {"uv": [3, 14.75, 3.125, 14.5], "texture": "#2"},
				"down": {"uv": [14.5, 3, 14.625, 3.25], "texture": "#2"}
			}
		},
		{
			"from": [5.5625, 0.5, 5.9375],
			"to": [7.0625, 2, 11.9375],
			"rotation": {"angle": 0, "axis": "y", "origin": [7.1875, -0.75, 10]},
			"faces": {
				"north": {"uv": [8.875, 13, 8.5, 13.375], "texture": "#2"},
				"east": {"uv": [8, 11, 6.5, 11.375], "texture": "#2"},
				"south": {"uv": [9.375, 13, 9, 13.375], "texture": "#2"},
				"west": {"uv": [12.5, 1.5, 11, 1.875], "texture": "#2"},
				"up": {"uv": [4.5, 8.5, 4.875, 7], "texture": "#2"},
				"down": {"uv": [4, 10.75, 4.375, 12.25], "texture": "#2"}
			}
		},
		{
			"from": [8.8125, 0.5, 5.9375],
			"to": [10.3125, 2, 11.9375],
			"rotation": {"angle": 0, "axis": "y", "origin": [10.4375, -0.75, 10]},
			"faces": {
				"north": {"uv": [13.375, 10, 13, 10.375], "texture": "#2"},
				"east": {"uv": [12.5, 7.75, 11, 8.125], "texture": "#2"},
				"south": {"uv": [13.375, 12.75, 13, 13.125], "texture": "#2"},
				"west": {"uv": [12.5, 7.25, 11, 7.625], "texture": "#2"},
				"up": {"uv": [8, 12.5, 8.375, 11], "texture": "#2"},
				"down": {"uv": [8.5, 11, 8.875, 12.5], "texture": "#2"}
			}
		},
		{
			"from": [6.5, 0, 9.9375],
			"to": [6.875, 1, 11.1875],
			"rotation": {"angle": 0, "axis": "y", "origin": [7, -1.5, 9.5]},
			"faces": {
				"north": {"uv": [14.625, 3.25, 14.5, 3.5], "texture": "#2"},
				"east": {"uv": [14.0625, 4, 13.75, 4.25], "texture": "#2"},
				"south": {"uv": [14.625, 3.5, 14.5, 3.75], "texture": "#2"},
				"west": {"uv": [4.3125, 13.75, 4, 14], "texture": "#2"},
				"up": {"uv": [9, 14.5625, 9.125, 14.25], "texture": "#2"},
				"down": {"uv": [9.25, 14.25, 9.375, 14.5625], "texture": "#2"}
			}
		},
		{
			"from": [9.75, 0, 9.9375],
			"to": [10.125, 1, 11.1875],
			"rotation": {"angle": 0, "axis": "y", "origin": [10.25, -1.5, 9.5]},
			"faces": {
				"north": {"uv": [3.875, 14.5, 3.75, 14.75], "texture": "#2"},
				"east": {"uv": [4.8125, 13.75, 4.5, 14], "texture": "#2"},
				"south": {"uv": [14.625, 3.75, 14.5, 4], "texture": "#2"},
				"west": {"uv": [14.0625, 4.25, 13.75, 4.5], "texture": "#2"},
				"up": {"uv": [9.5, 14.5625, 9.625, 14.25], "texture": "#2"},
				"down": {"uv": [9.75, 14.25, 9.875, 14.5625], "texture": "#2"}
			}
		},
		{
			"from": [5.75, 0, 9.9375],
			"to": [6.125, 1, 11.1875],
			"rotation": {"angle": 0, "axis": "y", "origin": [6.25, -1.5, 9.5]},
			"faces": {
				"north": {"uv": [14.625, 4, 14.5, 4.25], "texture": "#2"},
				"east": {"uv": [14.0625, 5, 13.75, 5.25], "texture": "#2"},
				"south": {"uv": [14.625, 4.75, 14.5, 5], "texture": "#2"},
				"west": {"uv": [5.3125, 13.75, 5, 14], "texture": "#2"},
				"up": {"uv": [10, 14.5625, 10.125, 14.25], "texture": "#2"},
				"down": {"uv": [14.25, 10, 14.375, 10.3125], "texture": "#2"}
			}
		},
		{
			"from": [9, 0, 9.9375],
			"to": [9.375, 1, 11.1875],
			"rotation": {"angle": 0, "axis": "y", "origin": [9.5, -1.5, 9.5]},
			"faces": {
				"north": {"uv": [5.125, 14.5, 5, 14.75], "texture": "#2"},
				"east": {"uv": [5.8125, 13.75, 5.5, 14], "texture": "#2"},
				"south": {"uv": [14.625, 5, 14.5, 5.25], "texture": "#2"},
				"west": {"uv": [14.0625, 5.25, 13.75, 5.5], "texture": "#2"},
				"up": {"uv": [10.25, 14.5625, 10.375, 14.25], "texture": "#2"},
				"down": {"uv": [14.25, 10.75, 14.375, 11.0625], "texture": "#2"}
			}
		},
		{
			"from": [6.5, 0, 7.875],
			"to": [6.875, 1, 9.125],
			"rotation": {"angle": 0, "axis": "y", "origin": [7, -1.5, 7.4375]},
			"faces": {
				"north": {"uv": [5.375, 14.5, 5.25, 14.75], "texture": "#2"},
				"east": {"uv": [14.0625, 5.75, 13.75, 6], "texture": "#2"},
				"south": {"uv": [14.625, 5.25, 14.5, 5.5], "texture": "#2"},
				"west": {"uv": [14.0625, 5.5, 13.75, 5.75], "texture": "#2"},
				"up": {"uv": [11, 14.5625, 11.125, 14.25], "texture": "#2"},
				"down": {"uv": [11.25, 14.25, 11.375, 14.5625], "texture": "#2"}
			}
		},
		{
			"from": [9.75, 0, 7.875],
			"to": [10.125, 1, 9.125],
			"rotation": {"angle": 0, "axis": "y", "origin": [10.25, -1.5, 7.4375]},
			"faces": {
				"north": {"uv": [6.375, 14.5, 6.25, 14.75], "texture": "#2"},
				"east": {"uv": [14.0625, 6.25, 13.75, 6.5], "texture": "#2"},
				"south": {"uv": [6.625, 14.5, 6.5, 14.75], "texture": "#2"},
				"west": {"uv": [14.0625, 6, 13.75, 6.25], "texture": "#2"},
				"up": {"uv": [14.25, 11.5625, 14.375, 11.25], "texture": "#2"},
				"down": {"uv": [11.5, 14.25, 11.625, 14.5625], "texture": "#2"}
			}
		},
		{
			"from": [5.75, 0, 7.875],
			"to": [6.125, 1, 9.125],
			"rotation": {"angle": 0, "axis": "y", "origin": [6.25, -1.5, 7.4375]},
			"faces": {
				"north": {"uv": [6.875, 14.5, 6.75, 14.75], "texture": "#2"},
				"east": {"uv": [7.3125, 13.75, 7, 14], "texture": "#2"},
				"south": {"uv": [8.875, 14.5, 8.75, 14.75], "texture": "#2"},
				"west": {"uv": [14.0625, 6.5, 13.75, 6.75], "texture": "#2"},
				"up": {"uv": [11.75, 14.5625, 11.875, 14.25], "texture": "#2"},
				"down": {"uv": [14.25, 11.75, 14.375, 12.0625], "texture": "#2"}
			}
		},
		{
			"from": [9, 0, 7.875],
			"to": [9.375, 1, 9.125],
			"rotation": {"angle": 0, "axis": "y", "origin": [9.5, -1.5, 7.4375]},
			"faces": {
				"north": {"uv": [14.625, 10, 14.5, 10.25], "texture": "#2"},
				"east": {"uv": [8.3125, 13.75, 8, 14], "texture": "#2"},
				"south": {"uv": [14.625, 10.25, 14.5, 10.5], "texture": "#2"},
				"west": {"uv": [7.8125, 13.75, 7.5, 14], "texture": "#2"},
				"up": {"uv": [12, 14.5625, 12.125, 14.25], "texture": "#2"},
				"down": {"uv": [12.25, 14.25, 12.375, 14.5625], "texture": "#2"}
			}
		},
		{
			"from": [7.375, 0, 2.0625],
			"to": [7.75, 1.375, 3.3125],
			"rotation": {"angle": 0, "axis": "y", "origin": [7.875, -1.5, 1.625]},
			"faces": {
				"north": {"uv": [14.375, 1.25, 14.25, 1.625], "texture": "#2"},
				"east": {"uv": [13.5625, 5.5, 13.25, 5.875], "texture": "#2"},
				"south": {"uv": [14.375, 2, 14.25, 2.375], "texture": "#2"},
				"west": {"uv": [13.5625, 5, 13.25, 5.375], "texture": "#2"},
				"up": {"uv": [14.25, 12.5625, 14.375, 12.25], "texture": "#2"},
				"down": {"uv": [12.5, 14.25, 12.625, 14.5625], "texture": "#2"}
			}
		},
		{
			"from": [8.125, 0, 2.0625],
			"to": [8.5, 1.375, 3.3125],
			"rotation": {"angle": 0, "axis": "y", "origin": [8.625, -1.5, 1.625]},
			"faces": {
				"north": {"uv": [4.875, 14.25, 4.75, 14.625], "texture": "#2"},
				"east": {"uv": [13.5625, 6.25, 13.25, 6.625], "texture": "#2"},
				"south": {"uv": [14.375, 5, 14.25, 5.375], "texture": "#2"},
				"west": {"uv": [6.0625, 13.25, 5.75, 13.625], "texture": "#2"},
				"up": {"uv": [12.75, 14.5625, 12.875, 14.25], "texture": "#2"},
				"down": {"uv": [14.25, 12.75, 14.375, 13.0625], "texture": "#2"}
			}
		},
		{
			"from": [7.75, 0.4375, 2.5],
			"to": [8.125, 0.8125, 2.875],
			"rotation": {"angle": 0, "axis": "y", "origin": [8.625, -1.5, 1.625]},
			"faces": {
				"north": {"uv": [14.875, 4, 14.75, 4.125], "texture": "#2"},
				"east": {"uv": [14.875, 4.75, 14.75, 4.875], "texture": "#2"},
				"south": {"uv": [4.875, 14.75, 4.75, 14.875], "texture": "#2"},
				"west": {"uv": [14.875, 4.5, 14.75, 4.625], "texture": "#2"},
				"up": {"uv": [5, 14.875, 5.125, 14.75], "texture": "#2"},
				"down": {"uv": [14.75, 5, 14.875, 5.125], "texture": "#2"}
			}
		},
		{
			"from": [10.25, 1.9375, 4.5],
			"to": [14.875, 6.5625, 4.6875],
			"rotation": {"angle": 0, "axis": "y", "origin": [13.4375, 2.25, 7]},
			"faces": {
				"north": {"uv": [4.19531, 0, 0, 4.25], "texture": "#1"},
				"east": {"uv": [10.25, 0, 10, 4.75], "texture": "#1"},
				"south": {"uv": [4.25, 4.25, 0, 8.4375], "texture": "#1"},
				"west": {"uv": [0.25, 10, 0, 14.75], "texture": "#1"},
				"up": {"uv": [1, 10.25, 5.75, 10], "texture": "#1"},
				"down": {"uv": [10, 5, 14.75, 5.25], "texture": "#1"}
			}
		},
		{
			"from": [0.9375, 1.9375, 4.5],
			"to": [5.5625, 6.5625, 4.6875],
			"rotation": {"angle": 0, "axis": "y", "origin": [4.125, 2.25, 7]},
			"faces": {
				"north": {"uv": [4.19531, 0, 0, 4.25], "texture": "#1"},
				"east": {"uv": [10.25, 0, 10, 4.75], "texture": "#1"},
				"south": {"uv": [4.25, 4.25, 0, 8.4375], "texture": "#1"},
				"west": {"uv": [0.25, 10, 0, 14.75], "texture": "#1"},
				"up": {"uv": [1, 10.25, 5.75, 10], "texture": "#1"},
				"down": {"uv": [10, 5, 14.75, 5.25], "texture": "#1"}
			}
		},
		{
			"from": [16.25, 1.9375, 4.5],
			"to": [20.875, 6.5625, 4.6875],
			"rotation": {"angle": 0, "axis": "y", "origin": [19.4375, 2.25, 7]},
			"faces": {
				"north": {"uv": [4.19531, 0, 0, 4.25], "texture": "#1"},
				"east": {"uv": [10.25, 0, 10, 4.75], "texture": "#1"},
				"south": {"uv": [4.25, 4.25, 0, 8.4375], "texture": "#1"},
				"west": {"uv": [0.25, 10, 0, 14.75], "texture": "#1"},
				"up": {"uv": [1, 10.25, 5.75, 10], "texture": "#1"},
				"down": {"uv": [10, 5, 14.75, 5.25], "texture": "#1"}
			}
		},
		{
			"from": [-4.875, 1.9375, 4.5],
			"to": [-0.25, 6.5625, 4.6875],
			"rotation": {"angle": 0, "axis": "y", "origin": [-3.4375, 2.25, 7]},
			"faces": {
				"north": {"uv": [0, 0, 4.19531, 4.25], "texture": "#1"},
				"east": {"uv": [0, 10, 0.25, 14.75], "texture": "#1"},
				"south": {"uv": [0, 4.25, 4.25, 8.4375], "texture": "#1"},
				"west": {"uv": [10, 0, 10.25, 4.75], "texture": "#1"},
				"up": {"uv": [5.75, 10.25, 1, 10], "texture": "#1"},
				"down": {"uv": [14.75, 5, 10, 5.25], "texture": "#1"}
			}
		}
	],
	"display": {
		"thirdperson_righthand": {
			"translation": [0, 5, 0]
		},
		"thirdperson_lefthand": {
			"translation": [0, 4, 0]
		},
		"firstperson_righthand": {
			"translation": [0, 7.25, 0]
		},
		"firstperson_lefthand": {
			"translation": [0, 8, 0]
		},
		"ground": {
			"translation": [0, 4.75, 0]
		},
		"gui": {
			"rotation": [90, -42, 0]
		},
		"head": {
			"rotation": [47, 0, 0],
			"translation": [0, 25.75, 16.25],
			"scale": [4, 4, 4]
		},
		"fixed": {
			"rotation": [-90, 180, 0],
			"translation": [0, 0, -30.25],
			"scale": [4, 4, 4]
		}
	},
	"groups": [
		{
			"name": "group",
			"origin": [0, 0, 0],
			"color": 0,
			"children": [0, 1, 2, 3, 4, 5, 6, 7, 8, 9, 10, 11, 12, 13, 14, 15, 16, 17, 18, 19, 20, 21, 22, 23, 24, 25]
		},
		26,
		27,
		28,
		29,
		30,
		31,
		32,
		33,
		34,
		35,
		36,
		37,
		38,
		39,
		40,
		41,
		42,
		{
			"name": "group",
			"origin": [16, 0, 0],
			"color": 0,
			"children": [43, 44, 45, 46, 47, 48, 49, 50, 51, 52, 53, 54, 55, 56, 57, 58, 59, 60, 61, 62, 63, 64, 65, 66, 67, 68, 69, 70, 71, 72, 73, 74, 75, 76, 77, 78, 79, 80, 81, 82, 83]
		},
		84,
		85,
		86,
		87,
		88,
		89,
		90,
		91,
		92,
		93,
		94,
		95,
		96,
		97,
		98,
		99,
		100,
		101,
		102
	]
}