{
	
	"texture_size": [32, 32],
	"textures": {
		"0": "item/agguschrauber",
		"particle": "item/agguschrauber"
	},
	"elements": [
		{
			"from": [6.5, 0, 6],
			"to": [9.5, 2, 10.125],
			"rotation": {"angle": 0, "axis": "y", "origin": [7, 0, 7]},
			"faces": {
				"north": {"uv": [7, 2.5, 8.5, 3.5], "texture": "#0"},
				"east": {"uv": [1.5, 5.5, 3.625, 6.5], "texture": "#0"},
				"south": {"uv": [7, 3.5, 8.5, 4.5], "texture": "#0"},
				"west": {"uv": [6, 0, 8.125, 1], "texture": "#0"},
				"up": {"uv": [3, 5.125, 1.5, 3], "texture": "#0"},
				"down": {"uv": [4.5, 3, 3, 5.125], "texture": "#0"}
			}
		},
		{
			"from": [6.5, 0, 5.5625],
			"to": [9.5, 1.6875, 6],
			"rotation": {"angle": 0, "axis": "y", "origin": [7, 0, 7]},
			"faces": {
				"north": {"uv": [5, 7.5, 6.5, 8.375], "texture": "#0"},
				"east": {"uv": [0.5, 9, 0.75, 9.875], "texture": "#0"},
				"south": {"uv": [0, 8, 1.5, 8.875], "texture": "#0"},
				"west": {"uv": [1, 9, 1.25, 9.875], "texture": "#0"},
				"up": {"uv": [10, 4.25, 8.5, 4], "texture": "#0"},
				"down": {"uv": [8.5, 8.5, 7, 8.75], "texture": "#0"}
			}
		},
		{
			"from": [7, 2, 8],
			"to": [9, 6, 10],
			"rotation": {"angle": 0, "axis": "y", "origin": [7, 0, 7]},
			"faces": {
				"north": {"uv": [0, 6, 1, 8], "texture": "#0"},
				"east": {"uv": [6, 1, 7, 3], "texture": "#0"},
				"south": {"uv": [6, 3, 7, 5], "texture": "#0"},
				"west": {"uv": [4, 6, 5, 8], "texture": "#0"},
				"up": {"uv": [9, 5.5, 8, 4.5], "texture": "#0"},
				"down": {"uv": [9, 5.5, 8, 6.5], "texture": "#0"}
			}
		},
		{
			"from": [7.5, 4.4375, 7.3125],
			"to": [8.5, 6, 8],
			"rotation": {"angle": 0, "axis": "y", "origin": [7, 0, 7]},
			"faces": {
				"north": {"uv": [6, 5, 6.5, 5.75], "texture": "#0"},
				"east": {"uv": [0, 9, 0.375, 9.75], "texture": "#0"},
				"south": {"uv": [5, 8.5, 5.5, 9.25], "texture": "#0"},
				"west": {"uv": [9, 0, 9.375, 0.75], "texture": "#0"},
				"up": {"uv": [4.5, 5.875, 4, 5.5], "texture": "#0"},
				"down": {"uv": [1.5, 6, 1, 6.375], "texture": "#0"}
			}
		},
		{
			"from": [6.5, 6, 5.375],
			"to": [9.5, 9, 11.375],
			"rotation": {"angle": 0, "axis": "y", "origin": [7, 0, 7.375]},
			"faces": {
				"north": {"uv": [4.5, 0, 6, 1.5], "texture": "#0"},
				"east": {"uv": [0, 0, 3, 1.5], "texture": "#0"},
				"south": {"uv": [4.5, 1.5, 6, 3], "texture": "#0"},
				"west": {"uv": [0, 1.5, 3, 3], "texture": "#0"},
				"up": {"uv": [1.5, 6, 0, 3], "texture": "#0"},
				"down": {"uv": [4.5, 0, 3, 3], "texture": "#0"}
			}
		},
		{
			"from": [6.5625, 6.0625, 4.375],
			"to": [9.4375, 8.9375, 5.375],
			"rotation": {"angle": 0, "axis": "y", "origin": [7, 0, 7.375]},
			"faces": {
				"north": {"uv": [4.5, 3, 6, 4.5], "texture": "#0"},
				"east": {"uv": [4.5, 8, 5, 9.5], "texture": "#0"},
				"south": {"uv": [4.5, 4.5, 6, 6], "texture": "#0"},
				"west": {"uv": [6.5, 8, 7, 9.5], "texture": "#0"},
				"up": {"uv": [9.5, 7, 8, 6.5], "texture": "#0"},
				"down": {"uv": [8.5, 8, 7, 8.5], "texture": "#0"}
			}
		},
		{
			"from": [6.6875, 6.1875, 11.375],
			"to": [9.3125, 8.8125, 11.6875],
			"rotation": {"angle": 0, "axis": "y", "origin": [7, 0, 14.375]},
			"faces": {
				"north": {"uv": [2.5, 6.5, 3.875, 7.875], "texture": "#0"},
				"east": {"uv": [7, 9, 7.125, 10.375], "texture": "#0"},
				"south": {"uv": [6.5, 5, 7.875, 6.375], "texture": "#0"},
				"west": {"uv": [7.5, 9, 7.625, 10.375], "texture": "#0"},
				"up": {"uv": [10.375, 5.625, 9, 5.5], "texture": "#0"},
				"down": {"uv": [10.375, 6, 9, 6.125], "texture": "#0"}
			}
		},
		{
			"from": [6.625, 6.125, 4.0625],
			"to": [9.375, 8.875, 4.375],
			"rotation": {"angle": 0, "axis": "y", "origin": [7, 0, 7.375]},
			"faces": {
				"north": {"uv": [5, 6, 6.375, 7.375], "texture": "#0"},
				"east": {"uv": [9, 1, 9.125, 2.375], "texture": "#0"},
				"south": {"uv": [1, 6.5, 2.375, 7.875], "texture": "#0"},
				"west": {"uv": [9, 2.5, 9.125, 3.875], "texture": "#0"},
				"up": {"uv": [10.375, 4.625, 9, 4.5], "texture": "#0"},
				"down": {"uv": [10.375, 5, 9, 5.125], "texture": "#0"}
			}
		},
		{
			"from": [6.75, 6.25, 3.6875],
			"to": [9.25, 8.75, 4.0625],
			"rotation": {"angle": 0, "axis": "y", "origin": [7, 0, 7.375]},
			"faces": {
				"north": {"uv": [6.5, 6.5, 7.75, 7.75], "texture": "#0"},
				"east": {"uv": [5.5, 8.5, 5.75, 9.75], "texture": "#0"},
				"south": {"uv": [7, 1, 8.25, 2.25], "texture": "#0"},
				"west": {"uv": [6, 8.5, 6.25, 9.75], "texture": "#0"},
				"up": {"uv": [9.75, 8.25, 8.5, 8], "texture": "#0"},
				"down": {"uv": [9.75, 8.5, 8.5, 8.75], "texture": "#0"}
			}
		},
		{
			"from": [7.75, 7.25, -0.625],
			"to": [8.25, 7.75, 3.375],
			"rotation": {"angle": 0, "axis": "y", "origin": [7, 0, 7.375]},
			"faces": {
				"north": {"uv": [7, 4.5, 7.25, 4.75], "texture": "#0"},
				"east": {"uv": [8, 7, 10, 7.25], "texture": "#0"},
				"south": {"uv": [7.5, 4.5, 7.75, 4.75], "texture": "#0"},
				"west": {"uv": [8, 7.5, 10, 7.75], "texture": "#0"},
				"up": {"uv": [8.75, 2, 8.5, 0], "texture": "#0"},
				"down": {"uv": [8.75, 2, 8.5, 4], "texture": "#0"}
			}
		},
		{
			"from": [6.9375, 6.4375, 3.375],
			"to": [9.0625, 8.5625, 3.6875],
			"rotation": {"angle": 0, "axis": "y", "origin": [7, 0, 7.375]},
			"faces": {
				"north": {"uv": [1.5, 8, 2.625, 9.125], "texture": "#0"},
				"east": {"uv": [8, 9, 8.125, 10.125], "texture": "#0"},
				"south": {"uv": [3, 8, 4.125, 9.125], "texture": "#0"},
				"west": {"uv": [8.5, 9, 8.625, 10.125], "texture": "#0"},
				"up": {"uv": [10.125, 9.125, 9, 9], "texture": "#0"},
				"down": {"uv": [10.625, 0, 9.5, 0.125], "texture": "#0"}
			}
		}
	],
	"display": {
		"thirdperson_righthand": {
			"translation": [0, 2, 0.75]
		},
		"thirdperson_lefthand": {
			"translation": [0, 2, 0.75]
		},
		"firstperson_righthand": {
			"translation": [0, 2.5, 0]
		},
		"firstperson_lefthand": {
			"translation": [0, 2.5, 0]
		},
		"ground": {
			"rotation": [0, 0, 90],
			"translation": [-2.5, 0, 0.75]
		},
		"gui": {
			"rotation": [81.88, 54.44, -79.97],
			"translation": [3.5, 1.75, 0],
			"scale": [1.49, 1.49, 1.49]
		},
		"head": {
			"translation": [0, 5.5, -2],
			"scale": [2.22531, 2.22531, 2.22531]
		},
		"fixed": {
			"rotation": [0, 90, 0],
			"translation": [0, 4.5, -2.5],
			"scale": [1.58, 1.58, 1.58]
		}
	}
}