{
	
	"credit": "Made with Blockbench",
	"texture_size": [32, 32],
	"textures": {
		"0": "item/fedora",
		"particle": "item/fedora"
	},
	"elements": [
		{
			"from": [4.4375, 0, 3.4375],
			"to": [11.5625, 0.375, 10.5625],
			"rotation": {"angle": 0, "axis": "y", "origin": [7, 0, 6]},
			"faces": {
				"north": {"uv": [7, 4, 10.5, 4.25], "texture": "#0"},
				"east": {"uv": [7, 4.5, 10.5, 4.75], "texture": "#0"},
				"south": {"uv": [7.5, 6, 11, 6.25], "texture": "#0"},
				"west": {"uv": [7.5, 6.5, 11, 6.75], "texture": "#0"},
				"up": {"uv": [3.5, 3.5, 0, 0], "texture": "#0"},
				"down": {"uv": [3.5, 3.5, 0, 7], "texture": "#0"}
			}
		},
		{
			"from": [5.875, 0.25, 4.875],
			"to": [10.125, 1.9375, 9.125],
			"rotation": {"angle": 0, "axis": "y", "origin": [7, 1, 6]},
			"faces": {
				"north": {"uv": [3.5, 5, 5.625, 5.875], "texture": "#0"},
				"east": {"uv": [6, 0, 8.125, 0.875], "texture": "#0"},
				"south": {"uv": [6, 1, 8.125, 1.875], "texture": "#0"},
				"west": {"uv": [6, 2, 8.125, 2.875], "texture": "#0"},
				"up": {"uv": [5.625, 2.125, 3.5, 0], "texture": "#0"},
				"down": {"uv": [5.625, 2.5, 3.5, 4.625], "texture": "#0"}
			}
		},
		{
			"from": [9.8125, -0.0625, 5],
			"to": [11.625, 1.375, 9],
			"rotation": {"angle": 45, "axis": "z", "origin": [8.5, -1, 6]},
			"faces": {
				"north": {"uv": [7.5, 7, 8.375, 7.75], "texture": "#0"},
				"east": {"uv": [1, 7, 2.875, 7.75], "texture": "#0"},
				"south": {"uv": [1, 8, 1.875, 8.75], "texture": "#0"},
				"west": {"uv": [7, 3, 8.875, 3.75], "texture": "#0"},
				"up": {"uv": [6.875, 4.875, 6, 3], "texture": "#0"},
				"down": {"uv": [4.375, 6, 3.5, 7.875], "texture": "#0"}
			}
		},
		{
			"from": [8.25, -0.0625, 5],
			"to": [9.875, 1.625, 9],
			"rotation": {"angle": 45, "axis": "z", "origin": [6.75, -1, 6]},
			"faces": {
				"north": {"uv": [4.5, 7, 5.375, 7.875], "texture": "#0"},
				"east": {"uv": [4.5, 6, 6.375, 6.875], "texture": "#0"},
				"south": {"uv": [5.5, 7, 6.375, 7.875], "texture": "#0"},
				"west": {"uv": [6, 5, 7.875, 5.875], "texture": "#0"},
				"up": {"uv": [7.375, 7.875, 6.5, 6], "texture": "#0"},
				"down": {"uv": [0.875, 7, 0, 8.875], "texture": "#0"}
			}
		}
	],
	"display": {
		"thirdperson_righthand": {
			"rotation": [-30.82, 31.4, -10.43],
			"translation": [1.75, 9.75, -1.5],
			"scale": [1.11, 1.18, 1.1]
		},
		"thirdperson_lefthand": {
			"rotation": [-30.82, 31.4, -10.43],
			"translation": [1.75, 9.75, -1.5],
			"scale": [1.11, 1.18, 1.1]
		},
		"firstperson_righthand": {
			"translation": [0, 10.25, 0]
		},
		"firstperson_lefthand": {
			"translation": [0, 10.25, 0]
		},
		"ground": {
			"translation": [0, 5, 0]
		},
		"gui": {
			"rotation": [37.51, -40.06, 8.49],
			"translation": [-3, 7.25, 0],
			"scale": [1.91211, 1.35938, 2.01758]
		},
		"head": {
			"translation": [0, 26.5, 3.25],
			"scale": [3.1, 3.1, 3.1]
		},
		"fixed": {
			"rotation": [-90, 0, 0],
			"translation": [0, 4.5, -31],
			"scale": [4, 4, 4]
		}
	}
}