{
	
	"textures": {
		"0": "item/police_wheel",
		"1": "item/sportpolice",
		"particle": "item/police_wheel"
	},
	"elements": [
		{
			"from": [-0.8125, 1.1875, -10],
			"to": [16.8125, 4.1875, 27.25],
			"rotation": {"angle": 0, "axis": "y", "origin": [7, 1.1875, 7]},
			"faces": {
				"north": {"uv": [6.75, 7.25, 9, 7.625], "texture": "#1"},
				"east": {"uv": [6.75, 0, 11.40625, 0.375], "texture": "#1"},
				"south": {"uv": [0, 7.625, 2.25, 8], "texture": "#1"},
				"west": {"uv": [6.75, 0.375, 11.40625, 0.75], "texture": "#1"},
				"up": {"uv": [6.42188, 2.84375, 4.96875, 0.35938], "texture": "#1"},
				"down": {"uv": [4.5, 0, 2.25, 4.65625], "texture": "#1"}
			}
		},
		{
			"from": [-1.25, 0.5625, -5],
			"to": [0.75, 5.5625, 0],
			"rotation": {"angle": 0, "axis": "y", "origin": [6.75, 2.5625, 12]},
			"faces": {
				"north": {"uv": [0, 0, 1.625, 1], "texture": "#0"},
				"east": {"uv": [0, 0, 16, 16], "texture": "#0"},
				"south": {"uv": [0, 0, 2.25, 1.75], "texture": "#0"},
				"west": {"uv": [0, 0, 16, 16], "texture": "#0"},
				"up": {"uv": [1.875, 0, 0, 1.625], "texture": "#0"},
				"down": {"uv": [2, 0, 0, 1.5], "texture": "#0"}
			}
		},
		{
			"from": [-1.5, 0.0625, -3.25],
			"to": [1, 0.8125, -1.75],
			"rotation": {"angle": 0, "axis": "y", "origin": [6.75, 3.0625, -2.5625]},
			"faces": {
				"north": {"uv": [0.85938, 5.40625, 1.04688, 5.59375], "texture": "#1"},
				"east": {"uv": [0.85938, 5.40625, 1.04688, 5.59375], "texture": "#1"},
				"south": {"uv": [0.85938, 5.40625, 1.04688, 5.59375], "texture": "#1"},
				"west": {"uv": [0.85938, 5.40625, 1.04688, 5.59375], "texture": "#1"},
				"up": {"uv": [0.85938, 5.40625, 1.04688, 5.59375], "texture": "#1"},
				"down": {"uv": [0.85938, 5.40625, 1.04688, 5.59375], "texture": "#1"}
			}
		},
		{
			"from": [-1.5, 0.0625, -3.25],
			"to": [1, 0.8125, -1.75],
			"rotation": {"angle": 22.5, "axis": "x", "origin": [6.75, 3.0625, -2.5625]},
			"faces": {
				"north": {"uv": [0.85938, 5.40625, 1.04688, 5.59375], "texture": "#1"},
				"east": {"uv": [0.85938, 5.40625, 1.04688, 5.59375], "texture": "#1"},
				"south": {"uv": [0.85938, 5.40625, 1.04688, 5.59375], "texture": "#1"},
				"west": {"uv": [0.85938, 5.40625, 1.04688, 5.59375], "texture": "#1"},
				"up": {"uv": [0.85938, 5.40625, 1.04688, 5.59375], "texture": "#1"},
				"down": {"uv": [0.85938, 5.40625, 1.04688, 5.59375], "texture": "#1"}
			}
		},
		{
			"from": [-1.5, 0.0625, -3.25],
			"to": [1, 0.8125, -1.75],
			"rotation": {"angle": 45, "axis": "x", "origin": [6.75, 3.0625, -2.5625]},
			"faces": {
				"north": {"uv": [0.85938, 5.40625, 1.04688, 5.59375], "texture": "#1"},
				"east": {"uv": [0.85938, 5.40625, 1.04688, 5.59375], "texture": "#1"},
				"south": {"uv": [0.85938, 5.40625, 1.04688, 5.59375], "texture": "#1"},
				"west": {"uv": [0.85938, 5.40625, 1.04688, 5.59375], "texture": "#1"},
				"up": {"uv": [0.85938, 5.40625, 1.04688, 5.59375], "texture": "#1"},
				"down": {"uv": [0.85938, 5.40625, 1.04688, 5.59375], "texture": "#1"}
			}
		},
		{
			"from": [-1.5, 2.25, -5.5625],
			"to": [1, 3.75, -4.8125],
			"rotation": {"angle": -22.5, "axis": "x", "origin": [6.75, 3.0625, -2.5625]},
			"faces": {
				"north": {"uv": [0.85938, 5.40625, 1.04688, 5.59375], "rotation": 180, "texture": "#1"},
				"east": {"uv": [0.85938, 5.40625, 1.04688, 5.59375], "rotation": 270, "texture": "#1"},
				"south": {"uv": [0.85938, 5.40625, 1.04688, 5.59375], "texture": "#1"},
				"west": {"uv": [0.85938, 5.40625, 1.04688, 5.59375], "rotation": 90, "texture": "#1"},
				"up": {"uv": [0.85938, 5.40625, 1.04688, 5.59375], "rotation": 180, "texture": "#1"},
				"down": {"uv": [0.85938, 5.40625, 1.04688, 5.59375], "texture": "#1"}
			}
		},
		{
			"from": [-1.5, 2.25, -5.5625],
			"to": [1, 3.75, -4.8125],
			"rotation": {"angle": 0, "axis": "y", "origin": [6.75, 3.0625, -2.5625]},
			"faces": {
				"north": {"uv": [0.85938, 5.40625, 1.04688, 5.59375], "rotation": 180, "texture": "#1"},
				"east": {"uv": [0.85938, 5.40625, 1.04688, 5.59375], "rotation": 270, "texture": "#1"},
				"south": {"uv": [0.85938, 5.40625, 1.04688, 5.59375], "texture": "#1"},
				"west": {"uv": [0.85938, 5.40625, 1.04688, 5.59375], "rotation": 90, "texture": "#1"},
				"up": {"uv": [0.85938, 5.40625, 1.04688, 5.59375], "rotation": 180, "texture": "#1"},
				"down": {"uv": [0.85938, 5.40625, 1.04688, 5.59375], "texture": "#1"}
			}
		},
		{
			"from": [-1.5, 2.25, -5.5625],
			"to": [1, 3.75, -4.8125],
			"rotation": {"angle": 22.5, "axis": "x", "origin": [6.75, 3.0625, -2.5625]},
			"faces": {
				"north": {"uv": [0.85938, 5.40625, 1.04688, 5.59375], "rotation": 180, "texture": "#1"},
				"east": {"uv": [0.85938, 5.40625, 1.04688, 5.59375], "rotation": 270, "texture": "#1"},
				"south": {"uv": [0.85938, 5.40625, 1.04688, 5.59375], "texture": "#1"},
				"west": {"uv": [0.85938, 5.40625, 1.04688, 5.59375], "rotation": 90, "texture": "#1"},
				"up": {"uv": [0.85938, 5.40625, 1.04688, 5.59375], "rotation": 180, "texture": "#1"},
				"down": {"uv": [0.85938, 5.40625, 1.04688, 5.59375], "texture": "#1"}
			}
		},
		{
			"from": [-1.5, 2.25, -5.5625],
			"to": [1, 3.75, -4.8125],
			"rotation": {"angle": 45, "axis": "x", "origin": [6.75, 3.0625, -2.5625]},
			"faces": {
				"north": {"uv": [0.85938, 5.40625, 1.04688, 5.59375], "rotation": 180, "texture": "#1"},
				"east": {"uv": [0.85938, 5.40625, 1.04688, 5.59375], "rotation": 270, "texture": "#1"},
				"south": {"uv": [0.85938, 5.40625, 1.04688, 5.59375], "texture": "#1"},
				"west": {"uv": [0.85938, 5.40625, 1.04688, 5.59375], "rotation": 90, "texture": "#1"},
				"up": {"uv": [0.85938, 5.40625, 1.04688, 5.59375], "rotation": 180, "texture": "#1"},
				"down": {"uv": [0.85938, 5.40625, 1.04688, 5.59375], "texture": "#1"}
			}
		},
		{
			"from": [-1.5, 5.3125, -3.375],
			"to": [1, 6.0625, -1.875],
			"rotation": {"angle": -22.5, "axis": "x", "origin": [6.75, 3.0625, -2.5625]},
			"faces": {
				"north": {"uv": [0.85938, 5.40625, 1.04688, 5.59375], "rotation": 180, "texture": "#1"},
				"east": {"uv": [0.85938, 5.40625, 1.04688, 5.59375], "rotation": 180, "texture": "#1"},
				"south": {"uv": [0.85938, 5.40625, 1.04688, 5.59375], "rotation": 180, "texture": "#1"},
				"west": {"uv": [0.85938, 5.40625, 1.04688, 5.59375], "rotation": 180, "texture": "#1"},
				"up": {"uv": [0.85938, 5.40625, 1.04688, 5.59375], "texture": "#1"},
				"down": {"uv": [0.85938, 5.40625, 1.04688, 5.59375], "texture": "#1"}
			}
		},
		{
			"from": [-1.5, 5.3125, -3.375],
			"to": [1, 6.0625, -1.875],
			"rotation": {"angle": 0, "axis": "y", "origin": [6.75, 3.0625, -2.5625]},
			"faces": {
				"north": {"uv": [0.85938, 5.40625, 1.04688, 5.59375], "rotation": 180, "texture": "#1"},
				"east": {"uv": [0.85938, 5.40625, 1.04688, 5.59375], "rotation": 180, "texture": "#1"},
				"south": {"uv": [0.85938, 5.40625, 1.04688, 5.59375], "rotation": 180, "texture": "#1"},
				"west": {"uv": [0.85938, 5.40625, 1.04688, 5.59375], "rotation": 180, "texture": "#1"},
				"up": {"uv": [0.85938, 5.40625, 1.04688, 5.59375], "texture": "#1"},
				"down": {"uv": [0.85938, 5.40625, 1.04688, 5.59375], "texture": "#1"}
			}
		},
		{
			"from": [-1.5, 5.3125, -3.375],
			"to": [1, 6.0625, -1.875],
			"rotation": {"angle": 22.5, "axis": "x", "origin": [6.75, 3.0625, -2.5625]},
			"faces": {
				"north": {"uv": [0.85938, 5.40625, 1.04688, 5.59375], "rotation": 180, "texture": "#1"},
				"east": {"uv": [0.85938, 5.40625, 1.04688, 5.59375], "rotation": 180, "texture": "#1"},
				"south": {"uv": [0.85938, 5.40625, 1.04688, 5.59375], "rotation": 180, "texture": "#1"},
				"west": {"uv": [0.85938, 5.40625, 1.04688, 5.59375], "rotation": 180, "texture": "#1"},
				"up": {"uv": [0.85938, 5.40625, 1.04688, 5.59375], "texture": "#1"},
				"down": {"uv": [0.85938, 5.40625, 1.04688, 5.59375], "texture": "#1"}
			}
		},
		{
			"from": [-1.5, 2.375, -0.3125],
			"to": [1, 3.875, 0.4375],
			"rotation": {"angle": -45, "axis": "x", "origin": [6.75, 3.0625, -2.5625]},
			"faces": {
				"north": {"uv": [0.85938, 5.40625, 1.04688, 5.59375], "rotation": 180, "texture": "#1"},
				"east": {"uv": [0.85938, 5.40625, 1.04688, 5.59375], "rotation": 90, "texture": "#1"},
				"south": {"uv": [0.85938, 5.40625, 1.04688, 5.59375], "texture": "#1"},
				"west": {"uv": [0.85938, 5.40625, 1.04688, 5.59375], "rotation": 270, "texture": "#1"},
				"up": {"uv": [0.85938, 5.40625, 1.04688, 5.59375], "texture": "#1"},
				"down": {"uv": [0.85938, 5.40625, 1.04688, 5.59375], "rotation": 180, "texture": "#1"}
			}
		},
		{
			"from": [-1.5, 2.375, -0.3125],
			"to": [1, 3.875, 0.4375],
			"rotation": {"angle": -22.5, "axis": "x", "origin": [6.75, 3.0625, -2.5625]},
			"faces": {
				"north": {"uv": [0.85938, 5.40625, 1.04688, 5.59375], "rotation": 180, "texture": "#1"},
				"east": {"uv": [0.85938, 5.40625, 1.04688, 5.59375], "rotation": 90, "texture": "#1"},
				"south": {"uv": [0.85938, 5.40625, 1.04688, 5.59375], "texture": "#1"},
				"west": {"uv": [0.85938, 5.40625, 1.04688, 5.59375], "rotation": 270, "texture": "#1"},
				"up": {"uv": [0.85938, 5.40625, 1.04688, 5.59375], "texture": "#1"},
				"down": {"uv": [0.85938, 5.40625, 1.04688, 5.59375], "rotation": 180, "texture": "#1"}
			}
		},
		{
			"from": [-1.5, 2.375, -0.3125],
			"to": [1, 3.875, 0.4375],
			"rotation": {"angle": 0, "axis": "y", "origin": [6.75, 3.0625, -2.5625]},
			"faces": {
				"north": {"uv": [0.85938, 5.40625, 1.04688, 5.59375], "rotation": 180, "texture": "#1"},
				"east": {"uv": [0.85938, 5.40625, 1.04688, 5.59375], "rotation": 90, "texture": "#1"},
				"south": {"uv": [0.85938, 5.40625, 1.04688, 5.59375], "texture": "#1"},
				"west": {"uv": [0.85938, 5.40625, 1.04688, 5.59375], "rotation": 270, "texture": "#1"},
				"up": {"uv": [0.85938, 5.40625, 1.04688, 5.59375], "texture": "#1"},
				"down": {"uv": [0.85938, 5.40625, 1.04688, 5.59375], "rotation": 180, "texture": "#1"}
			}
		},
		{
			"from": [-1.5, 2.375, -0.3125],
			"to": [1, 3.875, 0.4375],
			"rotation": {"angle": 22.5, "axis": "x", "origin": [6.75, 3.0625, -2.5625]},
			"faces": {
				"north": {"uv": [0.85938, 5.40625, 1.04688, 5.59375], "rotation": 180, "texture": "#1"},
				"east": {"uv": [0.85938, 5.40625, 1.04688, 5.59375], "rotation": 90, "texture": "#1"},
				"south": {"uv": [0.85938, 5.40625, 1.04688, 5.59375], "texture": "#1"},
				"west": {"uv": [0.85938, 5.40625, 1.04688, 5.59375], "rotation": 270, "texture": "#1"},
				"up": {"uv": [0.85938, 5.40625, 1.04688, 5.59375], "texture": "#1"},
				"down": {"uv": [0.85938, 5.40625, 1.04688, 5.59375], "rotation": 180, "texture": "#1"}
			}
		},
		{
			"from": [-1.5, 0.0625, -3.25],
			"to": [1, 0.8125, -1.75],
			"rotation": {"angle": -45, "axis": "x", "origin": [6.75, 3.0625, -2.5625]},
			"faces": {
				"north": {"uv": [0.85938, 5.40625, 1.04688, 5.59375], "texture": "#1"},
				"east": {"uv": [0.85938, 5.40625, 1.04688, 5.59375], "texture": "#1"},
				"south": {"uv": [0.85938, 5.40625, 1.04688, 5.59375], "texture": "#1"},
				"west": {"uv": [0.85938, 5.40625, 1.04688, 5.59375], "texture": "#1"},
				"up": {"uv": [0.85938, 5.40625, 1.04688, 5.59375], "texture": "#1"},
				"down": {"uv": [0.85938, 5.40625, 1.04688, 5.59375], "texture": "#1"}
			}
		},
		{
			"from": [-1.5, 0.0625, -3.25],
			"to": [1, 0.8125, -1.75],
			"rotation": {"angle": -22.5, "axis": "x", "origin": [6.75, 3.0625, -2.5625]},
			"faces": {
				"north": {"uv": [0.85938, 5.40625, 1.04688, 5.59375], "texture": "#1"},
				"east": {"uv": [0.85938, 5.40625, 1.04688, 5.59375], "texture": "#1"},
				"south": {"uv": [0.85938, 5.40625, 1.04688, 5.59375], "texture": "#1"},
				"west": {"uv": [0.85938, 5.40625, 1.04688, 5.59375], "texture": "#1"},
				"up": {"uv": [0.85938, 5.40625, 1.04688, 5.59375], "texture": "#1"},
				"down": {"uv": [0.85938, 5.40625, 1.04688, 5.59375], "texture": "#1"}
			}
		},
		{
			"from": [-1.25, 0.5625, 16],
			"to": [0.75, 5.5625, 21],
			"rotation": {"angle": 0, "axis": "y", "origin": [6.75, 2.5625, 33]},
			"faces": {
				"north": {"uv": [0, 0, 1.625, 1], "texture": "#0"},
				"east": {"uv": [0, 0, 16, 16], "texture": "#0"},
				"south": {"uv": [0, 0, 2.25, 1.75], "texture": "#0"},
				"west": {"uv": [0, 0, 16, 16], "texture": "#0"},
				"up": {"uv": [1.875, 0, 0, 1.625], "texture": "#0"},
				"down": {"uv": [2, 0, 0, 1.5], "texture": "#0"}
			}
		},
		{
			"from": [-1.5, 0.0625, 17.75],
			"to": [1, 0.8125, 19.25],
			"rotation": {"angle": 0, "axis": "y", "origin": [6.75, 3.0625, 18.4375]},
			"faces": {
				"north": {"uv": [0.85938, 5.40625, 1.04688, 5.59375], "texture": "#1"},
				"east": {"uv": [0.85938, 5.40625, 1.04688, 5.59375], "texture": "#1"},
				"south": {"uv": [0.85938, 5.40625, 1.04688, 5.59375], "texture": "#1"},
				"west": {"uv": [0.85938, 5.40625, 1.04688, 5.59375], "texture": "#1"},
				"up": {"uv": [0.85938, 5.40625, 1.04688, 5.59375], "texture": "#1"},
				"down": {"uv": [0.85938, 5.40625, 1.04688, 5.59375], "texture": "#1"}
			}
		},
		{
			"from": [-1.5, 0.0625, 17.75],
			"to": [1, 0.8125, 19.25],
			"rotation": {"angle": 22.5, "axis": "x", "origin": [6.75, 3.0625, 18.4375]},
			"faces": {
				"north": {"uv": [0.85938, 5.40625, 1.04688, 5.59375], "texture": "#1"},
				"east": {"uv": [0.85938, 5.40625, 1.04688, 5.59375], "texture": "#1"},
				"south": {"uv": [0.85938, 5.40625, 1.04688, 5.59375], "texture": "#1"},
				"west": {"uv": [0.85938, 5.40625, 1.04688, 5.59375], "texture": "#1"},
				"up": {"uv": [0.85938, 5.40625, 1.04688, 5.59375], "texture": "#1"},
				"down": {"uv": [0.85938, 5.40625, 1.04688, 5.59375], "texture": "#1"}
			}
		},
		{
			"from": [-1.5, 0.0625, 17.75],
			"to": [1, 0.8125, 19.25],
			"rotation": {"angle": 45, "axis": "x", "origin": [6.75, 3.0625, 18.4375]},
			"faces": {
				"north": {"uv": [0.85938, 5.40625, 1.04688, 5.59375], "texture": "#1"},
				"east": {"uv": [0.85938, 5.40625, 1.04688, 5.59375], "texture": "#1"},
				"south": {"uv": [0.85938, 5.40625, 1.04688, 5.59375], "texture": "#1"},
				"west": {"uv": [0.85938, 5.40625, 1.04688, 5.59375], "texture": "#1"},
				"up": {"uv": [0.85938, 5.40625, 1.04688, 5.59375], "texture": "#1"},
				"down": {"uv": [0.85938, 5.40625, 1.04688, 5.59375], "texture": "#1"}
			}
		},
		{
			"from": [-1.5, 2.25, 15.4375],
			"to": [1, 3.75, 16.1875],
			"rotation": {"angle": -22.5, "axis": "x", "origin": [6.75, 3.0625, 18.4375]},
			"faces": {
				"north": {"uv": [0.85938, 5.40625, 1.04688, 5.59375], "rotation": 180, "texture": "#1"},
				"east": {"uv": [0.85938, 5.40625, 1.04688, 5.59375], "rotation": 270, "texture": "#1"},
				"south": {"uv": [0.85938, 5.40625, 1.04688, 5.59375], "texture": "#1"},
				"west": {"uv": [0.85938, 5.40625, 1.04688, 5.59375], "rotation": 90, "texture": "#1"},
				"up": {"uv": [0.85938, 5.40625, 1.04688, 5.59375], "rotation": 180, "texture": "#1"},
				"down": {"uv": [0.85938, 5.40625, 1.04688, 5.59375], "texture": "#1"}
			}
		},
		{
			"from": [-1.5, 2.25, 15.4375],
			"to": [1, 3.75, 16.1875],
			"rotation": {"angle": 0, "axis": "y", "origin": [6.75, 3.0625, 18.4375]},
			"faces": {
				"north": {"uv": [0.85938, 5.40625, 1.04688, 5.59375], "rotation": 180, "texture": "#1"},
				"east": {"uv": [0.85938, 5.40625, 1.04688, 5.59375], "rotation": 270, "texture": "#1"},
				"south": {"uv": [0.85938, 5.40625, 1.04688, 5.59375], "texture": "#1"},
				"west": {"uv": [0.85938, 5.40625, 1.04688, 5.59375], "rotation": 90, "texture": "#1"},
				"up": {"uv": [0.85938, 5.40625, 1.04688, 5.59375], "rotation": 180, "texture": "#1"},
				"down": {"uv": [0.85938, 5.40625, 1.04688, 5.59375], "texture": "#1"}
			}
		},
		{
			"from": [-1.5, 2.25, 15.4375],
			"to": [1, 3.75, 16.1875],
			"rotation": {"angle": 22.5, "axis": "x", "origin": [6.75, 3.0625, 18.4375]},
			"faces": {
				"north": {"uv": [0.85938, 5.40625, 1.04688, 5.59375], "rotation": 180, "texture": "#1"},
				"east": {"uv": [0.85938, 5.40625, 1.04688, 5.59375], "rotation": 270, "texture": "#1"},
				"south": {"uv": [0.85938, 5.40625, 1.04688, 5.59375], "texture": "#1"},
				"west": {"uv": [0.85938, 5.40625, 1.04688, 5.59375], "rotation": 90, "texture": "#1"},
				"up": {"uv": [0.85938, 5.40625, 1.04688, 5.59375], "rotation": 180, "texture": "#1"},
				"down": {"uv": [0.85938, 5.40625, 1.04688, 5.59375], "texture": "#1"}
			}
		},
		{
			"from": [-1.5, 2.25, 15.4375],
			"to": [1, 3.75, 16.1875],
			"rotation": {"angle": 45, "axis": "x", "origin": [6.75, 3.0625, 18.4375]},
			"faces": {
				"north": {"uv": [0.85938, 5.40625, 1.04688, 5.59375], "rotation": 180, "texture": "#1"},
				"east": {"uv": [0.85938, 5.40625, 1.04688, 5.59375], "rotation": 270, "texture": "#1"},
				"south": {"uv": [0.85938, 5.40625, 1.04688, 5.59375], "texture": "#1"},
				"west": {"uv": [0.85938, 5.40625, 1.04688, 5.59375], "rotation": 90, "texture": "#1"},
				"up": {"uv": [0.85938, 5.40625, 1.04688, 5.59375], "rotation": 180, "texture": "#1"},
				"down": {"uv": [0.85938, 5.40625, 1.04688, 5.59375], "texture": "#1"}
			}
		},
		{
			"from": [-1.5, 5.3125, 17.625],
			"to": [1, 6.0625, 19.125],
			"rotation": {"angle": -22.5, "axis": "x", "origin": [6.75, 3.0625, 18.4375]},
			"faces": {
				"north": {"uv": [0.85938, 5.40625, 1.04688, 5.59375], "rotation": 180, "texture": "#1"},
				"east": {"uv": [0.85938, 5.40625, 1.04688, 5.59375], "rotation": 180, "texture": "#1"},
				"south": {"uv": [0.85938, 5.40625, 1.04688, 5.59375], "rotation": 180, "texture": "#1"},
				"west": {"uv": [0.85938, 5.40625, 1.04688, 5.59375], "rotation": 180, "texture": "#1"},
				"up": {"uv": [0.85938, 5.40625, 1.04688, 5.59375], "texture": "#1"},
				"down": {"uv": [0.85938, 5.40625, 1.04688, 5.59375], "texture": "#1"}
			}
		},
		{
			"from": [-1.5, 5.3125, 17.625],
			"to": [1, 6.0625, 19.125],
			"rotation": {"angle": 0, "axis": "y", "origin": [6.75, 3.0625, 18.4375]},
			"faces": {
				"north": {"uv": [0.85938, 5.40625, 1.04688, 5.59375], "rotation": 180, "texture": "#1"},
				"east": {"uv": [0.85938, 5.40625, 1.04688, 5.59375], "rotation": 180, "texture": "#1"},
				"south": {"uv": [0.85938, 5.40625, 1.04688, 5.59375], "rotation": 180, "texture": "#1"},
				"west": {"uv": [0.85938, 5.40625, 1.04688, 5.59375], "rotation": 180, "texture": "#1"},
				"up": {"uv": [0.85938, 5.40625, 1.04688, 5.59375], "texture": "#1"},
				"down": {"uv": [0.85938, 5.40625, 1.04688, 5.59375], "texture": "#1"}
			}
		},
		{
			"from": [-1.5, 5.3125, 17.625],
			"to": [1, 6.0625, 19.125],
			"rotation": {"angle": 22.5, "axis": "x", "origin": [6.75, 3.0625, 18.4375]},
			"faces": {
				"north": {"uv": [0.85938, 5.40625, 1.04688, 5.59375], "rotation": 180, "texture": "#1"},
				"east": {"uv": [0.85938, 5.40625, 1.04688, 5.59375], "rotation": 180, "texture": "#1"},
				"south": {"uv": [0.85938, 5.40625, 1.04688, 5.59375], "rotation": 180, "texture": "#1"},
				"west": {"uv": [0.85938, 5.40625, 1.04688, 5.59375], "rotation": 180, "texture": "#1"},
				"up": {"uv": [0.85938, 5.40625, 1.04688, 5.59375], "texture": "#1"},
				"down": {"uv": [0.85938, 5.40625, 1.04688, 5.59375], "texture": "#1"}
			}
		},
		{
			"from": [-1.5, 2.375, 20.6875],
			"to": [1, 3.875, 21.4375],
			"rotation": {"angle": -45, "axis": "x", "origin": [6.75, 3.0625, 18.4375]},
			"faces": {
				"north": {"uv": [0.85938, 5.40625, 1.04688, 5.59375], "rotation": 180, "texture": "#1"},
				"east": {"uv": [0.85938, 5.40625, 1.04688, 5.59375], "rotation": 90, "texture": "#1"},
				"south": {"uv": [0.85938, 5.40625, 1.04688, 5.59375], "texture": "#1"},
				"west": {"uv": [0.85938, 5.40625, 1.04688, 5.59375], "rotation": 270, "texture": "#1"},
				"up": {"uv": [0.85938, 5.40625, 1.04688, 5.59375], "texture": "#1"},
				"down": {"uv": [0.85938, 5.40625, 1.04688, 5.59375], "rotation": 180, "texture": "#1"}
			}
		},
		{
			"from": [-1.5, 2.375, 20.6875],
			"to": [1, 3.875, 21.4375],
			"rotation": {"angle": -22.5, "axis": "x", "origin": [6.75, 3.0625, 18.4375]},
			"faces": {
				"north": {"uv": [0.85938, 5.40625, 1.04688, 5.59375], "rotation": 180, "texture": "#1"},
				"east": {"uv": [0.85938, 5.40625, 1.04688, 5.59375], "rotation": 90, "texture": "#1"},
				"south": {"uv": [0.85938, 5.40625, 1.04688, 5.59375], "texture": "#1"},
				"west": {"uv": [0.85938, 5.40625, 1.04688, 5.59375], "rotation": 270, "texture": "#1"},
				"up": {"uv": [0.85938, 5.40625, 1.04688, 5.59375], "texture": "#1"},
				"down": {"uv": [0.85938, 5.40625, 1.04688, 5.59375], "rotation": 180, "texture": "#1"}
			}
		},
		{
			"from": [-1.5, 2.375, 20.6875],
			"to": [1, 3.875, 21.4375],
			"rotation": {"angle": 0, "axis": "y", "origin": [6.75, 3.0625, 18.4375]},
			"faces": {
				"north": {"uv": [0.85938, 5.40625, 1.04688, 5.59375], "rotation": 180, "texture": "#1"},
				"east": {"uv": [0.85938, 5.40625, 1.04688, 5.59375], "rotation": 90, "texture": "#1"},
				"south": {"uv": [0.85938, 5.40625, 1.04688, 5.59375], "texture": "#1"},
				"west": {"uv": [0.85938, 5.40625, 1.04688, 5.59375], "rotation": 270, "texture": "#1"},
				"up": {"uv": [0.85938, 5.40625, 1.04688, 5.59375], "texture": "#1"},
				"down": {"uv": [0.85938, 5.40625, 1.04688, 5.59375], "rotation": 180, "texture": "#1"}
			}
		},
		{
			"from": [-1.5, 2.375, 20.6875],
			"to": [1, 3.875, 21.4375],
			"rotation": {"angle": 22.5, "axis": "x", "origin": [6.75, 3.0625, 18.4375]},
			"faces": {
				"north": {"uv": [0.85938, 5.40625, 1.04688, 5.59375], "rotation": 180, "texture": "#1"},
				"east": {"uv": [0.85938, 5.40625, 1.04688, 5.59375], "rotation": 90, "texture": "#1"},
				"south": {"uv": [0.85938, 5.40625, 1.04688, 5.59375], "texture": "#1"},
				"west": {"uv": [0.85938, 5.40625, 1.04688, 5.59375], "rotation": 270, "texture": "#1"},
				"up": {"uv": [0.85938, 5.40625, 1.04688, 5.59375], "texture": "#1"},
				"down": {"uv": [0.85938, 5.40625, 1.04688, 5.59375], "rotation": 180, "texture": "#1"}
			}
		},
		{
			"from": [-1.5, 0.0625, 17.75],
			"to": [1, 0.8125, 19.25],
			"rotation": {"angle": -45, "axis": "x", "origin": [6.75, 3.0625, 18.4375]},
			"faces": {
				"north": {"uv": [0.85938, 5.40625, 1.04688, 5.59375], "texture": "#1"},
				"east": {"uv": [0.85938, 5.40625, 1.04688, 5.59375], "texture": "#1"},
				"south": {"uv": [0.85938, 5.40625, 1.04688, 5.59375], "texture": "#1"},
				"west": {"uv": [0.85938, 5.40625, 1.04688, 5.59375], "texture": "#1"},
				"up": {"uv": [0.85938, 5.40625, 1.04688, 5.59375], "texture": "#1"},
				"down": {"uv": [0.85938, 5.40625, 1.04688, 5.59375], "texture": "#1"}
			}
		},
		{
			"from": [-1.5, 0.0625, 17.75],
			"to": [1, 0.8125, 19.25],
			"rotation": {"angle": -22.5, "axis": "x", "origin": [6.75, 3.0625, 18.4375]},
			"faces": {
				"north": {"uv": [0.85938, 5.40625, 1.04688, 5.59375], "texture": "#1"},
				"east": {"uv": [0.85938, 5.40625, 1.04688, 5.59375], "texture": "#1"},
				"south": {"uv": [0.85938, 5.40625, 1.04688, 5.59375], "texture": "#1"},
				"west": {"uv": [0.85938, 5.40625, 1.04688, 5.59375], "texture": "#1"},
				"up": {"uv": [0.85938, 5.40625, 1.04688, 5.59375], "texture": "#1"},
				"down": {"uv": [0.85938, 5.40625, 1.04688, 5.59375], "texture": "#1"}
			}
		},
		{
			"from": [15.25, 0.5625, -5],
			"to": [17.25, 5.5625, 0],
			"rotation": {"angle": 0, "axis": "y", "origin": [23.25, 2.5625, 12]},
			"faces": {
				"north": {"uv": [0, 0, 1.625, 1], "texture": "#0"},
				"east": {"uv": [0, 0, 16, 16], "texture": "#0"},
				"south": {"uv": [0, 0, 2.25, 1.75], "texture": "#0"},
				"west": {"uv": [0, 0, 16, 16], "texture": "#0"},
				"up": {"uv": [1.875, 0, 0, 1.625], "texture": "#0"},
				"down": {"uv": [2, 0, 0, 1.5], "texture": "#0"}
			}
		},
		{
			"from": [15, 0.0625, -3.25],
			"to": [17.5, 0.8125, -1.75],
			"rotation": {"angle": 0, "axis": "y", "origin": [23.25, 3.0625, -2.5625]},
			"faces": {
				"north": {"uv": [0.85938, 5.40625, 1.04688, 5.59375], "texture": "#1"},
				"east": {"uv": [0.85938, 5.40625, 1.04688, 5.59375], "texture": "#1"},
				"south": {"uv": [0.85938, 5.40625, 1.04688, 5.59375], "texture": "#1"},
				"west": {"uv": [0.85938, 5.40625, 1.04688, 5.59375], "texture": "#1"},
				"up": {"uv": [0.85938, 5.40625, 1.04688, 5.59375], "texture": "#1"},
				"down": {"uv": [0.85938, 5.40625, 1.04688, 5.59375], "texture": "#1"}
			}
		},
		{
			"from": [15, 0.0625, -3.25],
			"to": [17.5, 0.8125, -1.75],
			"rotation": {"angle": 22.5, "axis": "x", "origin": [23.25, 3.0625, -2.5625]},
			"faces": {
				"north": {"uv": [0.85938, 5.40625, 1.04688, 5.59375], "texture": "#1"},
				"east": {"uv": [0.85938, 5.40625, 1.04688, 5.59375], "texture": "#1"},
				"south": {"uv": [0.85938, 5.40625, 1.04688, 5.59375], "texture": "#1"},
				"west": {"uv": [0.85938, 5.40625, 1.04688, 5.59375], "texture": "#1"},
				"up": {"uv": [0.85938, 5.40625, 1.04688, 5.59375], "texture": "#1"},
				"down": {"uv": [0.85938, 5.40625, 1.04688, 5.59375], "texture": "#1"}
			}
		},
		{
			"from": [15, 0.0625, -3.25],
			"to": [17.5, 0.8125, -1.75],
			"rotation": {"angle": 45, "axis": "x", "origin": [23.25, 3.0625, -2.5625]},
			"faces": {
				"north": {"uv": [0.85938, 5.40625, 1.04688, 5.59375], "texture": "#1"},
				"east": {"uv": [0.85938, 5.40625, 1.04688, 5.59375], "texture": "#1"},
				"south": {"uv": [0.85938, 5.40625, 1.04688, 5.59375], "texture": "#1"},
				"west": {"uv": [0.85938, 5.40625, 1.04688, 5.59375], "texture": "#1"},
				"up": {"uv": [0.85938, 5.40625, 1.04688, 5.59375], "texture": "#1"},
				"down": {"uv": [0.85938, 5.40625, 1.04688, 5.59375], "texture": "#1"}
			}
		},
		{
			"from": [15, 2.25, -5.5625],
			"to": [17.5, 3.75, -4.8125],
			"rotation": {"angle": -22.5, "axis": "x", "origin": [23.25, 3.0625, -2.5625]},
			"faces": {
				"north": {"uv": [0.85938, 5.40625, 1.04688, 5.59375], "rotation": 180, "texture": "#1"},
				"east": {"uv": [0.85938, 5.40625, 1.04688, 5.59375], "rotation": 270, "texture": "#1"},
				"south": {"uv": [0.85938, 5.40625, 1.04688, 5.59375], "texture": "#1"},
				"west": {"uv": [0.85938, 5.40625, 1.04688, 5.59375], "rotation": 90, "texture": "#1"},
				"up": {"uv": [0.85938, 5.40625, 1.04688, 5.59375], "rotation": 180, "texture": "#1"},
				"down": {"uv": [0.85938, 5.40625, 1.04688, 5.59375], "texture": "#1"}
			}
		},
		{
			"from": [15, 2.25, -5.5625],
			"to": [17.5, 3.75, -4.8125],
			"rotation": {"angle": 0, "axis": "y", "origin": [23.25, 3.0625, -2.5625]},
			"faces": {
				"north": {"uv": [0.85938, 5.40625, 1.04688, 5.59375], "rotation": 180, "texture": "#1"},
				"east": {"uv": [0.85938, 5.40625, 1.04688, 5.59375], "rotation": 270, "texture": "#1"},
				"south": {"uv": [0.85938, 5.40625, 1.04688, 5.59375], "texture": "#1"},
				"west": {"uv": [0.85938, 5.40625, 1.04688, 5.59375], "rotation": 90, "texture": "#1"},
				"up": {"uv": [0.85938, 5.40625, 1.04688, 5.59375], "rotation": 180, "texture": "#1"},
				"down": {"uv": [0.85938, 5.40625, 1.04688, 5.59375], "texture": "#1"}
			}
		},
		{
			"from": [15, 2.25, -5.5625],
			"to": [17.5, 3.75, -4.8125],
			"rotation": {"angle": 22.5, "axis": "x", "origin": [23.25, 3.0625, -2.5625]},
			"faces": {
				"north": {"uv": [0.85938, 5.40625, 1.04688, 5.59375], "rotation": 180, "texture": "#1"},
				"east": {"uv": [0.85938, 5.40625, 1.04688, 5.59375], "rotation": 270, "texture": "#1"},
				"south": {"uv": [0.85938, 5.40625, 1.04688, 5.59375], "texture": "#1"},
				"west": {"uv": [0.85938, 5.40625, 1.04688, 5.59375], "rotation": 90, "texture": "#1"},
				"up": {"uv": [0.85938, 5.40625, 1.04688, 5.59375], "rotation": 180, "texture": "#1"},
				"down": {"uv": [0.85938, 5.40625, 1.04688, 5.59375], "texture": "#1"}
			}
		},
		{
			"from": [15, 2.25, -5.5625],
			"to": [17.5, 3.75, -4.8125],
			"rotation": {"angle": 45, "axis": "x", "origin": [23.25, 3.0625, -2.5625]},
			"faces": {
				"north": {"uv": [0.85938, 5.40625, 1.04688, 5.59375], "rotation": 180, "texture": "#1"},
				"east": {"uv": [0.85938, 5.40625, 1.04688, 5.59375], "rotation": 270, "texture": "#1"},
				"south": {"uv": [0.85938, 5.40625, 1.04688, 5.59375], "texture": "#1"},
				"west": {"uv": [0.85938, 5.40625, 1.04688, 5.59375], "rotation": 90, "texture": "#1"},
				"up": {"uv": [0.85938, 5.40625, 1.04688, 5.59375], "rotation": 180, "texture": "#1"},
				"down": {"uv": [0.85938, 5.40625, 1.04688, 5.59375], "texture": "#1"}
			}
		},
		{
			"from": [15, 5.3125, -3.375],
			"to": [17.5, 6.0625, -1.875],
			"rotation": {"angle": -22.5, "axis": "x", "origin": [23.25, 3.0625, -2.5625]},
			"faces": {
				"north": {"uv": [0.85938, 5.40625, 1.04688, 5.59375], "rotation": 180, "texture": "#1"},
				"east": {"uv": [0.85938, 5.40625, 1.04688, 5.59375], "rotation": 180, "texture": "#1"},
				"south": {"uv": [0.85938, 5.40625, 1.04688, 5.59375], "rotation": 180, "texture": "#1"},
				"west": {"uv": [0.85938, 5.40625, 1.04688, 5.59375], "rotation": 180, "texture": "#1"},
				"up": {"uv": [0.85938, 5.40625, 1.04688, 5.59375], "texture": "#1"},
				"down": {"uv": [0.85938, 5.40625, 1.04688, 5.59375], "texture": "#1"}
			}
		},
		{
			"from": [15, 5.3125, -3.375],
			"to": [17.5, 6.0625, -1.875],
			"rotation": {"angle": 0, "axis": "y", "origin": [23.25, 3.0625, -2.5625]},
			"faces": {
				"north": {"uv": [0.85938, 5.40625, 1.04688, 5.59375], "rotation": 180, "texture": "#1"},
				"east": {"uv": [0.85938, 5.40625, 1.04688, 5.59375], "rotation": 180, "texture": "#1"},
				"south": {"uv": [0.85938, 5.40625, 1.04688, 5.59375], "rotation": 180, "texture": "#1"},
				"west": {"uv": [0.85938, 5.40625, 1.04688, 5.59375], "rotation": 180, "texture": "#1"},
				"up": {"uv": [0.85938, 5.40625, 1.04688, 5.59375], "texture": "#1"},
				"down": {"uv": [0.85938, 5.40625, 1.04688, 5.59375], "texture": "#1"}
			}
		},
		{
			"from": [15, 5.3125, -3.375],
			"to": [17.5, 6.0625, -1.875],
			"rotation": {"angle": 22.5, "axis": "x", "origin": [23.25, 3.0625, -2.5625]},
			"faces": {
				"north": {"uv": [0.85938, 5.40625, 1.04688, 5.59375], "rotation": 180, "texture": "#1"},
				"east": {"uv": [0.85938, 5.40625, 1.04688, 5.59375], "rotation": 180, "texture": "#1"},
				"south": {"uv": [0.85938, 5.40625, 1.04688, 5.59375], "rotation": 180, "texture": "#1"},
				"west": {"uv": [0.85938, 5.40625, 1.04688, 5.59375], "rotation": 180, "texture": "#1"},
				"up": {"uv": [0.85938, 5.40625, 1.04688, 5.59375], "texture": "#1"},
				"down": {"uv": [0.85938, 5.40625, 1.04688, 5.59375], "texture": "#1"}
			}
		},
		{
			"from": [15, 2.375, -0.3125],
			"to": [17.5, 3.875, 0.4375],
			"rotation": {"angle": -45, "axis": "x", "origin": [23.25, 3.0625, -2.5625]},
			"faces": {
				"north": {"uv": [0.85938, 5.40625, 1.04688, 5.59375], "rotation": 180, "texture": "#1"},
				"east": {"uv": [0.85938, 5.40625, 1.04688, 5.59375], "rotation": 90, "texture": "#1"},
				"south": {"uv": [0.85938, 5.40625, 1.04688, 5.59375], "texture": "#1"},
				"west": {"uv": [0.85938, 5.40625, 1.04688, 5.59375], "rotation": 270, "texture": "#1"},
				"up": {"uv": [0.85938, 5.40625, 1.04688, 5.59375], "texture": "#1"},
				"down": {"uv": [0.85938, 5.40625, 1.04688, 5.59375], "rotation": 180, "texture": "#1"}
			}
		},
		{
			"from": [15, 2.375, -0.3125],
			"to": [17.5, 3.875, 0.4375],
			"rotation": {"angle": -22.5, "axis": "x", "origin": [23.25, 3.0625, -2.5625]},
			"faces": {
				"north": {"uv": [0.85938, 5.40625, 1.04688, 5.59375], "rotation": 180, "texture": "#1"},
				"east": {"uv": [0.85938, 5.40625, 1.04688, 5.59375], "rotation": 90, "texture": "#1"},
				"south": {"uv": [0.85938, 5.40625, 1.04688, 5.59375], "texture": "#1"},
				"west": {"uv": [0.85938, 5.40625, 1.04688, 5.59375], "rotation": 270, "texture": "#1"},
				"up": {"uv": [0.85938, 5.40625, 1.04688, 5.59375], "texture": "#1"},
				"down": {"uv": [0.85938, 5.40625, 1.04688, 5.59375], "rotation": 180, "texture": "#1"}
			}
		},
		{
			"from": [15, 2.375, -0.3125],
			"to": [17.5, 3.875, 0.4375],
			"rotation": {"angle": 0, "axis": "y", "origin": [23.25, 3.0625, -2.5625]},
			"faces": {
				"north": {"uv": [0.85938, 5.40625, 1.04688, 5.59375], "rotation": 180, "texture": "#1"},
				"east": {"uv": [0.85938, 5.40625, 1.04688, 5.59375], "rotation": 90, "texture": "#1"},
				"south": {"uv": [0.85938, 5.40625, 1.04688, 5.59375], "texture": "#1"},
				"west": {"uv": [0.85938, 5.40625, 1.04688, 5.59375], "rotation": 270, "texture": "#1"},
				"up": {"uv": [0.85938, 5.40625, 1.04688, 5.59375], "texture": "#1"},
				"down": {"uv": [0.85938, 5.40625, 1.04688, 5.59375], "rotation": 180, "texture": "#1"}
			}
		},
		{
			"from": [15, 2.375, -0.3125],
			"to": [17.5, 3.875, 0.4375],
			"rotation": {"angle": 22.5, "axis": "x", "origin": [23.25, 3.0625, -2.5625]},
			"faces": {
				"north": {"uv": [0.85938, 5.40625, 1.04688, 5.59375], "rotation": 180, "texture": "#1"},
				"east": {"uv": [0.85938, 5.40625, 1.04688, 5.59375], "rotation": 90, "texture": "#1"},
				"south": {"uv": [0.85938, 5.40625, 1.04688, 5.59375], "texture": "#1"},
				"west": {"uv": [0.85938, 5.40625, 1.04688, 5.59375], "rotation": 270, "texture": "#1"},
				"up": {"uv": [0.85938, 5.40625, 1.04688, 5.59375], "texture": "#1"},
				"down": {"uv": [0.85938, 5.40625, 1.04688, 5.59375], "rotation": 180, "texture": "#1"}
			}
		},
		{
			"from": [15, 0.0625, -3.25],
			"to": [17.5, 0.8125, -1.75],
			"rotation": {"angle": -45, "axis": "x", "origin": [23.25, 3.0625, -2.5625]},
			"faces": {
				"north": {"uv": [0.85938, 5.40625, 1.04688, 5.59375], "texture": "#1"},
				"east": {"uv": [0.85938, 5.40625, 1.04688, 5.59375], "texture": "#1"},
				"south": {"uv": [0.85938, 5.40625, 1.04688, 5.59375], "texture": "#1"},
				"west": {"uv": [0.85938, 5.40625, 1.04688, 5.59375], "texture": "#1"},
				"up": {"uv": [0.85938, 5.40625, 1.04688, 5.59375], "texture": "#1"},
				"down": {"uv": [0.85938, 5.40625, 1.04688, 5.59375], "texture": "#1"}
			}
		},
		{
			"from": [15, 0.0625, -3.25],
			"to": [17.5, 0.8125, -1.75],
			"rotation": {"angle": -22.5, "axis": "x", "origin": [23.25, 3.0625, -2.5625]},
			"faces": {
				"north": {"uv": [0.85938, 5.40625, 1.04688, 5.59375], "texture": "#1"},
				"east": {"uv": [0.85938, 5.40625, 1.04688, 5.59375], "texture": "#1"},
				"south": {"uv": [0.85938, 5.40625, 1.04688, 5.59375], "texture": "#1"},
				"west": {"uv": [0.85938, 5.40625, 1.04688, 5.59375], "texture": "#1"},
				"up": {"uv": [0.85938, 5.40625, 1.04688, 5.59375], "texture": "#1"},
				"down": {"uv": [0.85938, 5.40625, 1.04688, 5.59375], "texture": "#1"}
			}
		},
		{
			"from": [15, 0.0625, 17.75],
			"to": [17.5, 0.8125, 19.25],
			"rotation": {"angle": -22.5, "axis": "x", "origin": [23.25, 3.0625, 18.4375]},
			"faces": {
				"north": {"uv": [0.85938, 5.40625, 1.04688, 5.59375], "texture": "#1"},
				"east": {"uv": [0.85938, 5.40625, 1.04688, 5.59375], "texture": "#1"},
				"south": {"uv": [0.85938, 5.40625, 1.04688, 5.59375], "texture": "#1"},
				"west": {"uv": [0.85938, 5.40625, 1.04688, 5.59375], "texture": "#1"},
				"up": {"uv": [0.85938, 5.40625, 1.04688, 5.59375], "texture": "#1"},
				"down": {"uv": [0.85938, 5.40625, 1.04688, 5.59375], "texture": "#1"}
			}
		},
		{
			"from": [15, 0.0625, 17.75],
			"to": [17.5, 0.8125, 19.25],
			"rotation": {"angle": -45, "axis": "x", "origin": [23.25, 3.0625, 18.4375]},
			"faces": {
				"north": {"uv": [0.85938, 5.40625, 1.04688, 5.59375], "texture": "#1"},
				"east": {"uv": [0.85938, 5.40625, 1.04688, 5.59375], "texture": "#1"},
				"south": {"uv": [0.85938, 5.40625, 1.04688, 5.59375], "texture": "#1"},
				"west": {"uv": [0.85938, 5.40625, 1.04688, 5.59375], "texture": "#1"},
				"up": {"uv": [0.85938, 5.40625, 1.04688, 5.59375], "texture": "#1"},
				"down": {"uv": [0.85938, 5.40625, 1.04688, 5.59375], "texture": "#1"}
			}
		},
		{
			"from": [15, 2.375, 20.6875],
			"to": [17.5, 3.875, 21.4375],
			"rotation": {"angle": 22.5, "axis": "x", "origin": [23.25, 3.0625, 18.4375]},
			"faces": {
				"north": {"uv": [0.85938, 5.40625, 1.04688, 5.59375], "rotation": 180, "texture": "#1"},
				"east": {"uv": [0.85938, 5.40625, 1.04688, 5.59375], "rotation": 90, "texture": "#1"},
				"south": {"uv": [0.85938, 5.40625, 1.04688, 5.59375], "texture": "#1"},
				"west": {"uv": [0.85938, 5.40625, 1.04688, 5.59375], "rotation": 270, "texture": "#1"},
				"up": {"uv": [0.85938, 5.40625, 1.04688, 5.59375], "texture": "#1"},
				"down": {"uv": [0.85938, 5.40625, 1.04688, 5.59375], "rotation": 180, "texture": "#1"}
			}
		},
		{
			"from": [15, 2.375, 20.6875],
			"to": [17.5, 3.875, 21.4375],
			"rotation": {"angle": 0, "axis": "y", "origin": [23.25, 3.0625, 18.4375]},
			"faces": {
				"north": {"uv": [0.85938, 5.40625, 1.04688, 5.59375], "rotation": 180, "texture": "#1"},
				"east": {"uv": [0.85938, 5.40625, 1.04688, 5.59375], "rotation": 90, "texture": "#1"},
				"south": {"uv": [0.85938, 5.40625, 1.04688, 5.59375], "texture": "#1"},
				"west": {"uv": [0.85938, 5.40625, 1.04688, 5.59375], "rotation": 270, "texture": "#1"},
				"up": {"uv": [0.85938, 5.40625, 1.04688, 5.59375], "texture": "#1"},
				"down": {"uv": [0.85938, 5.40625, 1.04688, 5.59375], "rotation": 180, "texture": "#1"}
			}
		},
		{
			"from": [15, 2.375, 20.6875],
			"to": [17.5, 3.875, 21.4375],
			"rotation": {"angle": -22.5, "axis": "x", "origin": [23.25, 3.0625, 18.4375]},
			"faces": {
				"north": {"uv": [0.85938, 5.40625, 1.04688, 5.59375], "rotation": 180, "texture": "#1"},
				"east": {"uv": [0.85938, 5.40625, 1.04688, 5.59375], "rotation": 90, "texture": "#1"},
				"south": {"uv": [0.85938, 5.40625, 1.04688, 5.59375], "texture": "#1"},
				"west": {"uv": [0.85938, 5.40625, 1.04688, 5.59375], "rotation": 270, "texture": "#1"},
				"up": {"uv": [0.85938, 5.40625, 1.04688, 5.59375], "texture": "#1"},
				"down": {"uv": [0.85938, 5.40625, 1.04688, 5.59375], "rotation": 180, "texture": "#1"}
			}
		},
		{
			"from": [15, 2.375, 20.6875],
			"to": [17.5, 3.875, 21.4375],
			"rotation": {"angle": -45, "axis": "x", "origin": [23.25, 3.0625, 18.4375]},
			"faces": {
				"north": {"uv": [0.85938, 5.40625, 1.04688, 5.59375], "rotation": 180, "texture": "#1"},
				"east": {"uv": [0.85938, 5.40625, 1.04688, 5.59375], "rotation": 90, "texture": "#1"},
				"south": {"uv": [0.85938, 5.40625, 1.04688, 5.59375], "texture": "#1"},
				"west": {"uv": [0.85938, 5.40625, 1.04688, 5.59375], "rotation": 270, "texture": "#1"},
				"up": {"uv": [0.85938, 5.40625, 1.04688, 5.59375], "texture": "#1"},
				"down": {"uv": [0.85938, 5.40625, 1.04688, 5.59375], "rotation": 180, "texture": "#1"}
			}
		},
		{
			"from": [15, 5.3125, 17.625],
			"to": [17.5, 6.0625, 19.125],
			"rotation": {"angle": 22.5, "axis": "x", "origin": [23.25, 3.0625, 18.4375]},
			"faces": {
				"north": {"uv": [0.85938, 5.40625, 1.04688, 5.59375], "rotation": 180, "texture": "#1"},
				"east": {"uv": [0.85938, 5.40625, 1.04688, 5.59375], "rotation": 180, "texture": "#1"},
				"south": {"uv": [0.85938, 5.40625, 1.04688, 5.59375], "rotation": 180, "texture": "#1"},
				"west": {"uv": [0.85938, 5.40625, 1.04688, 5.59375], "rotation": 180, "texture": "#1"},
				"up": {"uv": [0.85938, 5.40625, 1.04688, 5.59375], "texture": "#1"},
				"down": {"uv": [0.85938, 5.40625, 1.04688, 5.59375], "texture": "#1"}
			}
		},
		{
			"from": [15, 5.3125, 17.625],
			"to": [17.5, 6.0625, 19.125],
			"rotation": {"angle": 0, "axis": "y", "origin": [23.25, 3.0625, 18.4375]},
			"faces": {
				"north": {"uv": [0.85938, 5.40625, 1.04688, 5.59375], "rotation": 180, "texture": "#1"},
				"east": {"uv": [0.85938, 5.40625, 1.04688, 5.59375], "rotation": 180, "texture": "#1"},
				"south": {"uv": [0.85938, 5.40625, 1.04688, 5.59375], "rotation": 180, "texture": "#1"},
				"west": {"uv": [0.85938, 5.40625, 1.04688, 5.59375], "rotation": 180, "texture": "#1"},
				"up": {"uv": [0.85938, 5.40625, 1.04688, 5.59375], "texture": "#1"},
				"down": {"uv": [0.85938, 5.40625, 1.04688, 5.59375], "texture": "#1"}
			}
		},
		{
			"from": [15, 5.3125, 17.625],
			"to": [17.5, 6.0625, 19.125],
			"rotation": {"angle": -22.5, "axis": "x", "origin": [23.25, 3.0625, 18.4375]},
			"faces": {
				"north": {"uv": [0.85938, 5.40625, 1.04688, 5.59375], "rotation": 180, "texture": "#1"},
				"east": {"uv": [0.85938, 5.40625, 1.04688, 5.59375], "rotation": 180, "texture": "#1"},
				"south": {"uv": [0.85938, 5.40625, 1.04688, 5.59375], "rotation": 180, "texture": "#1"},
				"west": {"uv": [0.85938, 5.40625, 1.04688, 5.59375], "rotation": 180, "texture": "#1"},
				"up": {"uv": [0.85938, 5.40625, 1.04688, 5.59375], "texture": "#1"},
				"down": {"uv": [0.85938, 5.40625, 1.04688, 5.59375], "texture": "#1"}
			}
		},
		{
			"from": [15, 2.25, 15.4375],
			"to": [17.5, 3.75, 16.1875],
			"rotation": {"angle": 45, "axis": "x", "origin": [23.25, 3.0625, 18.4375]},
			"faces": {
				"north": {"uv": [0.85938, 5.40625, 1.04688, 5.59375], "rotation": 180, "texture": "#1"},
				"east": {"uv": [0.85938, 5.40625, 1.04688, 5.59375], "rotation": 270, "texture": "#1"},
				"south": {"uv": [0.85938, 5.40625, 1.04688, 5.59375], "texture": "#1"},
				"west": {"uv": [0.85938, 5.40625, 1.04688, 5.59375], "rotation": 90, "texture": "#1"},
				"up": {"uv": [0.85938, 5.40625, 1.04688, 5.59375], "rotation": 180, "texture": "#1"},
				"down": {"uv": [0.85938, 5.40625, 1.04688, 5.59375], "texture": "#1"}
			}
		},
		{
			"from": [15, 2.25, 15.4375],
			"to": [17.5, 3.75, 16.1875],
			"rotation": {"angle": 22.5, "axis": "x", "origin": [23.25, 3.0625, 18.4375]},
			"faces": {
				"north": {"uv": [0.85938, 5.40625, 1.04688, 5.59375], "rotation": 180, "texture": "#1"},
				"east": {"uv": [0.85938, 5.40625, 1.04688, 5.59375], "rotation": 270, "texture": "#1"},
				"south": {"uv": [0.85938, 5.40625, 1.04688, 5.59375], "texture": "#1"},
				"west": {"uv": [0.85938, 5.40625, 1.04688, 5.59375], "rotation": 90, "texture": "#1"},
				"up": {"uv": [0.85938, 5.40625, 1.04688, 5.59375], "rotation": 180, "texture": "#1"},
				"down": {"uv": [0.85938, 5.40625, 1.04688, 5.59375], "texture": "#1"}
			}
		},
		{
			"from": [15, 2.25, 15.4375],
			"to": [17.5, 3.75, 16.1875],
			"rotation": {"angle": 0, "axis": "y", "origin": [23.25, 3.0625, 18.4375]},
			"faces": {
				"north": {"uv": [0.85938, 5.40625, 1.04688, 5.59375], "rotation": 180, "texture": "#1"},
				"east": {"uv": [0.85938, 5.40625, 1.04688, 5.59375], "rotation": 270, "texture": "#1"},
				"south": {"uv": [0.85938, 5.40625, 1.04688, 5.59375], "texture": "#1"},
				"west": {"uv": [0.85938, 5.40625, 1.04688, 5.59375], "rotation": 90, "texture": "#1"},
				"up": {"uv": [0.85938, 5.40625, 1.04688, 5.59375], "rotation": 180, "texture": "#1"},
				"down": {"uv": [0.85938, 5.40625, 1.04688, 5.59375], "texture": "#1"}
			}
		},
		{
			"from": [15, 2.25, 15.4375],
			"to": [17.5, 3.75, 16.1875],
			"rotation": {"angle": -22.5, "axis": "x", "origin": [23.25, 3.0625, 18.4375]},
			"faces": {
				"north": {"uv": [0.85938, 5.40625, 1.04688, 5.59375], "rotation": 180, "texture": "#1"},
				"east": {"uv": [0.85938, 5.40625, 1.04688, 5.59375], "rotation": 270, "texture": "#1"},
				"south": {"uv": [0.85938, 5.40625, 1.04688, 5.59375], "texture": "#1"},
				"west": {"uv": [0.85938, 5.40625, 1.04688, 5.59375], "rotation": 90, "texture": "#1"},
				"up": {"uv": [0.85938, 5.40625, 1.04688, 5.59375], "rotation": 180, "texture": "#1"},
				"down": {"uv": [0.85938, 5.40625, 1.04688, 5.59375], "texture": "#1"}
			}
		},
		{
			"from": [15, 0.0625, 17.75],
			"to": [17.5, 0.8125, 19.25],
			"rotation": {"angle": 45, "axis": "x", "origin": [23.25, 3.0625, 18.4375]},
			"faces": {
				"north": {"uv": [0.85938, 5.40625, 1.04688, 5.59375], "texture": "#1"},
				"east": {"uv": [0.85938, 5.40625, 1.04688, 5.59375], "texture": "#1"},
				"south": {"uv": [0.85938, 5.40625, 1.04688, 5.59375], "texture": "#1"},
				"west": {"uv": [0.85938, 5.40625, 1.04688, 5.59375], "texture": "#1"},
				"up": {"uv": [0.85938, 5.40625, 1.04688, 5.59375], "texture": "#1"},
				"down": {"uv": [0.85938, 5.40625, 1.04688, 5.59375], "texture": "#1"}
			}
		},
		{
			"from": [15, 0.0625, 17.75],
			"to": [17.5, 0.8125, 19.25],
			"rotation": {"angle": 22.5, "axis": "x", "origin": [23.25, 3.0625, 18.4375]},
			"faces": {
				"north": {"uv": [0.85938, 5.40625, 1.04688, 5.59375], "texture": "#1"},
				"east": {"uv": [0.85938, 5.40625, 1.04688, 5.59375], "texture": "#1"},
				"south": {"uv": [0.85938, 5.40625, 1.04688, 5.59375], "texture": "#1"},
				"west": {"uv": [0.85938, 5.40625, 1.04688, 5.59375], "texture": "#1"},
				"up": {"uv": [0.85938, 5.40625, 1.04688, 5.59375], "texture": "#1"},
				"down": {"uv": [0.85938, 5.40625, 1.04688, 5.59375], "texture": "#1"}
			}
		},
		{
			"from": [15, 0.0625, 17.75],
			"to": [17.5, 0.8125, 19.25],
			"rotation": {"angle": 0, "axis": "y", "origin": [23.25, 3.0625, 18.4375]},
			"faces": {
				"north": {"uv": [0.85938, 5.40625, 1.04688, 5.59375], "texture": "#1"},
				"east": {"uv": [0.85938, 5.40625, 1.04688, 5.59375], "texture": "#1"},
				"south": {"uv": [0.85938, 5.40625, 1.04688, 5.59375], "texture": "#1"},
				"west": {"uv": [0.85938, 5.40625, 1.04688, 5.59375], "texture": "#1"},
				"up": {"uv": [0.85938, 5.40625, 1.04688, 5.59375], "texture": "#1"},
				"down": {"uv": [0.85938, 5.40625, 1.04688, 5.59375], "texture": "#1"}
			}
		},
		{
			"from": [15.25, 0.5625, 16],
			"to": [17.25, 5.5625, 21],
			"rotation": {"angle": 0, "axis": "y", "origin": [23.25, 2.5625, 33]},
			"faces": {
				"north": {"uv": [0, 0, 1.625, 1], "texture": "#0"},
				"east": {"uv": [0, 0, 16, 16], "texture": "#0"},
				"south": {"uv": [0, 0, 2.25, 1.75], "texture": "#0"},
				"west": {"uv": [0, 0, 16, 16], "texture": "#0"},
				"up": {"uv": [1.875, 0, 0, 1.625], "texture": "#0"},
				"down": {"uv": [2, 0, 0, 1.5], "texture": "#0"}
			}
		},
		{
			"from": [-0.8125, 4.1875, -6.75],
			"to": [16.8125, 7.1875, 26],
			"rotation": {"angle": 0, "axis": "y", "origin": [7, 4.1875, 7]},
			"faces": {
				"north": {"uv": [5.04688, 2.04688, 6.15625, 2.70313], "texture": "#1"},
				"east": {"uv": [6.75, 2.25, 10.84375, 2.625], "texture": "#1"},
				"south": {"uv": [6.75, 7.625, 9, 8], "texture": "#1"},
				"west": {"uv": [6.75, 2.625, 10.84375, 3], "texture": "#1"},
				"up": {"uv": [6.75, 4.09375, 4.5, 0], "texture": "#1"},
				"down": {"uv": [6.75, 4.125, 4.5, 8.21875], "texture": "#1"}
			}
		},
		{
			"from": [-0.5625, 0.6875, 27.25],
			"to": [16.5625, 1.25, 30],
			"rotation": {"angle": -22.5, "axis": "x", "origin": [7, -2.3125, 11]},
			"faces": {
				"north": {"uv": [2.25, 7.625, 4.5, 8], "texture": "#1"},
				"east": {"uv": [1.45313, 1.73438, 3.5, 2.10938], "texture": "#1"},
				"south": {"uv": [0.4375, 1.79688, 2.6875, 2.17188], "texture": "#1"},
				"west": {"uv": [1.10938, 2.125, 2.95313, 2.92188], "texture": "#1"},
				"up": {"uv": [3.3125, 4.09375, 1.0625, 0], "texture": "#1"},
				"down": {"uv": [6.75, 4.125, 4.5, 8.21875], "texture": "#1"}
			}
		},
		{
			"from": [-0.5625, -5.625, -8],
			"to": [16.5625, -5.0625, -5.25],
			"rotation": {"angle": -22.5, "axis": "x", "origin": [7, -8.625, -24.25]},
			"faces": {
				"north": {"uv": [6.75, 4.78125, 9, 5.15625], "texture": "#1"},
				"east": {"uv": [7.46875, 4.82813, 7.89063, 5], "texture": "#1"},
				"south": {"uv": [4.51563, 2.84375, 6.76563, 3.21875], "texture": "#1"},
				"west": {"uv": [7.0625, 4.84375, 7.76563, 5.10938], "texture": "#1"},
				"up": {"uv": [8.04688, 5.14063, 7.375, 4.8125], "texture": "#1"},
				"down": {"uv": [6.75, 4.125, 4.5, 8.21875], "texture": "#1"}
			}
		},
		{
			"from": [-0.3125, 7.1875, 3],
			"to": [16.3125, 11.1875, 16],
			"rotation": {"angle": 0, "axis": "y", "origin": [7, 7.1875, 7]},
			"faces": {
				"north": {"uv": [6.75, 4.25, 9, 4.75], "texture": "#1"},
				"east": {"uv": [0, 8, 1.625, 8.5], "texture": "#1"},
				"south": {"uv": [6.75, 4.75, 9, 5.25], "texture": "#1"},
				"west": {"uv": [1.625, 8, 0, 8.5], "texture": "#1"},
				"up": {"uv": [1.71875, 6.35938, 0.1875, 4.75], "texture": "#1"},
				"down": {"uv": [4.5, 4.75, 2.25, 6.375], "texture": "#1"}
			}
		},
		{
			"from": [-0.1875, 9.1875, 15.25],
			"to": [16.1875, 14.9375, 19],
			"rotation": {"angle": -45, "axis": "x", "origin": [7, 9.1875, 22]},
			"faces": {
				"north": {"uv": [0, 6.375, 2.1875, 7.09375], "texture": "#1"},
				"east": {"uv": [0, 8.5, 0.46875, 9.21875], "texture": "#1"},
				"south": {"uv": [2.25, 6.375, 4.4375, 7.09375], "texture": "#1"},
				"west": {"uv": [0.5, 8.5, 0.96875, 9.21875], "texture": "#1"},
				"up": {"uv": [8.9375, 5.71875, 6.75, 5.25], "texture": "#1"},
				"down": {"uv": [8.9375, 5.75, 6.75, 6.21875], "texture": "#1"}
			}
		},
		{
			"from": [-0.1875, 6.4375, -4.8125],
			"to": [16.1875, 10.1875, 0.9375],
			"rotation": {"angle": -45, "axis": "x", "origin": [7, 13.1875, 0.9375]},
			"faces": {
				"north": {"uv": [6.75, 6.25, 8.9375, 6.71875], "texture": "#1"},
				"east": {"uv": [2.45313, 8.51563, 1.73438, 8.98438], "texture": "#1"},
				"south": {"uv": [6.75, 6.75, 8.9375, 7.21875], "texture": "#1"},
				"west": {"uv": [1.75, 8.5, 2.46875, 8.96875], "texture": "#1"},
				"up": {"uv": [8.9375, 1.46875, 6.75, 0.75], "texture": "#1"},
				"down": {"uv": [8.9375, 1.5, 6.75, 2.21875], "texture": "#1"}
			}
		},
		{
			"from": [-0.75, 2.5625, -13.25],
			"to": [16.75, 6.3125, -8.875],
			"rotation": {"angle": -45, "axis": "x", "origin": [7, 9.3125, -8.875]},
			"faces": {
				"north": {"uv": [0, 7.125, 2.1875, 7.59375], "texture": "#1"},
				"east": {"uv": [2.5, 8.5, 3.04688, 8.96875], "texture": "#1"},
				"south": {"uv": [2.25, 7.125, 4.4375, 7.59375], "texture": "#1"},
				"west": {"uv": [3.125, 8.625, 3.67188, 9.09375], "texture": "#1"},
				"up": {"uv": [8.9375, 3.54688, 6.75, 3], "texture": "#1"},
				"down": {"uv": [8.9375, 3.625, 6.75, 4.17188], "texture": "#1"}
			}
		}
	],
	"display": {
		"thirdperson_righthand": {
			"rotation": [75, 45, 0],
			"translation": [0, 2.5, 0],
			"scale": [0.375, 0.375, 0.375]
		},
		"thirdperson_lefthand": {
			"rotation": [75, 45, 0],
			"translation": [0, 2.5, 0],
			"scale": [0.375, 0.375, 0.375]
		},
		"firstperson_righthand": {
			"rotation": [0, 45, 0],
			"translation": [0, 3.75, 0],
			"scale": [0.4, 0.4, 0.4]
		},
		"firstperson_lefthand": {
			"rotation": [0, 45, 0],
			"translation": [0, 3.75, 0],
			"scale": [0.4, 0.4, 0.4]
		},
		"ground": {
			"translation": [0, 2, 0],
			"scale": [0.46, 0.42, 0.39]
		},
		"gui": {
			"rotation": [35, -35, 0],
			"scale": [0.5, 0.5, 0.5]
		},
		"head": {
			"translation": [0, -16.75, 0],
			"scale": [3.22, 3.22, 3.22]
		},
		"fixed": {
			"rotation": [-90, 0, 0],
			"translation": [0, 0, -5],
			"scale": [0.58336, 0.61828, 0.64344]
		}
	}
}