{
	
	"textures": {
		"1": "item/fedora"
	},
	"elements": [
		{
			"from": [9.125, 1.25, 0],
			"to": [14.75, 4.9375, 2],
			"rotation": {"angle": 0, "axis": "y", "origin": [7, 4.25, 0]},
			"faces": {
				"north": {"uv": [0, 9.10938, 13.5, 12.79688], "texture": "#1"},
				"east": {"uv": [12.71875, 3.17188, 14.64063, 4.125], "texture": "#1"},
				"south": {"uv": [0, 11.28125, 13.5, 14.96875], "texture": "#1"},
				"west": {"uv": [0, 0, 2, 3.6875], "texture": "#1"},
				"up": {"uv": [1.5, 10.73438, 15, 12.73438], "texture": "#1"},
				"down": {"uv": [0, 13.0625, 13.5, 15.0625], "texture": "#1"}
			}
		},
		{
			"from": [1.25, 1.25, 0],
			"to": [6.875, 4.9375, 2],
			"rotation": {"angle": 0, "axis": "y", "origin": [-1.625, 4.25, 0]},
			"faces": {
				"north": {"uv": [0, 9.10938, 13.5, 12.79688], "texture": "#1"},
				"east": {"uv": [0, 0, 2, 3.6875], "texture": "#1"},
				"south": {"uv": [0, 11.28125, 13.5, 14.96875], "texture": "#1"},
				"west": {"uv": [11.875, 3.875, 13.4375, 4.90625], "texture": "#1"},
				"up": {"uv": [1.5, 10.73438, 15, 12.73438], "texture": "#1"},
				"down": {"uv": [0, 13.0625, 13.5, 15.0625], "texture": "#1"}
			}
		},
		{
			"from": [6.875, 2.4375, 0],
			"to": [9.125, 4.9375, 2],
			"rotation": {"angle": 0, "axis": "y", "origin": [-1.625, 4.25, 0]},
			"faces": {
				"north": {"uv": [0, 9.10938, 13.5, 12.79688], "texture": "#1"},
				"east": {"uv": [0, 0, 2, 3.6875], "texture": "#1"},
				"south": {"uv": [0, 11.28125, 13.5, 14.96875], "texture": "#1"},
				"west": {"uv": [0, 0, 2, 3.6875], "texture": "#1"},
				"up": {"uv": [1.5, 10.73438, 15, 12.73438], "texture": "#1"},
				"down": {"uv": [0, 13.0625, 13.5, 15.0625], "texture": "#1"}
			}
		},
		{
			"from": [14.75, 3.25, 0],
			"to": [15.75, 4.9375, 16],
			"rotation": {"angle": 0, "axis": "y", "origin": [7, 4.25, 0]},
			"faces": {
				"north": {"uv": [13.625, 2.42188, 14.625, 6.10938], "texture": "#1"},
				"east": {"uv": [0, 12.3125, 16, 16], "texture": "#1"},
				"south": {"uv": [11.64063, 1.625, 12.64063, 5.3125], "texture": "#1"},
				"west": {"uv": [0, 10.53125, 16, 14.21875], "texture": "#1"},
				"up": {"uv": [15, 0, 16, 16], "texture": "#1"},
				"down": {"uv": [14.0625, 0, 15.0625, 16], "texture": "#1"}
			}
		},
		{
			"from": [0.25, 3.25, 0],
			"to": [1.25, 4.9375, 16],
			"rotation": {"angle": 0, "axis": "y", "origin": [-7.5, 4.25, 0]},
			"faces": {
				"north": {"uv": [13.70313, 0.82813, 14.70313, 4.51563], "texture": "#1"},
				"east": {"uv": [0, 12.3125, 16, 16], "texture": "#1"},
				"south": {"uv": [11.71875, 1.34375, 12.71875, 5.03125], "texture": "#1"},
				"west": {"uv": [0, 12.3125, 16, 16], "texture": "#1"},
				"up": {"uv": [15, 0, 16, 16], "texture": "#1"},
				"down": {"uv": [12.90625, 0, 13.90625, 16], "texture": "#1"}
			}
		}
	],
	"display": {
		"thirdperson_righthand": {
			"scale": [0.28, 0.28, 0.28]
		},
		"thirdperson_lefthand": {
			"scale": [0.28, 0.28, 0.28]
		},
		"firstperson_righthand": {
			"rotation": [-155.4, 38.96, 143.96],
			"translation": [0, 7.75, 0],
			"scale": [0.54, 0.54, 0.54]
		},
		"firstperson_lefthand": {
			"rotation": [-155.4, 38.96, 143.96],
			"translation": [0, 7.75, 0],
			"scale": [0.54, 0.54, 0.54]
		},
		"ground": {
			"translation": [0, 2.5, 0],
			"scale": [0.52, 0.52, 0.52]
		},
		"gui": {
			"rotation": [-151, 29.5, -180],
			"translation": [0, 2, 0],
			"scale": [0.91, 0.91, 0.91]
		},
		"head": {
			"translation": [0, 3.25, -2],
			"scale": [1, 0.98047, 0.74023]
		},
		"fixed": {
			"rotation": [-81.25, 0, 0],
			"translation": [0, 0, -5.75]
		}
	}
}