{
	"credit": "Made with Blockbench",
	"textures": {
		"0": "item/fedora",
		"1": "item/waltuh",
		"particle": "item/fedora"
	},
	"elements": [
		{
			"from": [4.5625, 0, 3.5625],
			"to": [11.4375, 0.375, 10.4375],
			"rotation": {"angle": 0, "axis": "y", "origin": [7, 0, 6]},
			"faces": {
				"north": {"uv": [7, 4, 10.5, 4.25], "texture": "#0"},
				"east": {"uv": [7, 4.5, 10.5, 4.75], "texture": "#0"},
				"south": {"uv": [7.5, 6, 11, 6.25], "texture": "#0"},
				"west": {"uv": [7.5, 6.5, 11, 6.75], "texture": "#0"},
				"up": {"uv": [3.5, 3.5, 0, 0], "texture": "#0"},
				"down": {"uv": [3.5, 3.5, 0, 7], "texture": "#0"}
			}
		},
		{
			"from": [5.9375, 0.25, 4.9375],
			"to": [10.0625, 1.9375, 9.0625],
			"rotation": {"angle": 0, "axis": "y", "origin": [7, 1, 6]},
			"faces": {
				"north": {"uv": [3.5, 5, 5.625, 5.875], "texture": "#0"},
				"east": {"uv": [6, 0, 8.125, 0.875], "texture": "#0"},
				"south": {"uv": [6, 1, 8.125, 1.875], "texture": "#0"},
				"west": {"uv": [6, 2, 8.125, 2.875], "texture": "#0"},
				"up": {"uv": [5.625, 2.125, 3.5, 0], "texture": "#0"},
				"down": {"uv": [5.625, 2.5, 3.5, 4.625], "texture": "#0"}
			}
		},
		{
			"from": [9.8125, -0.0625, 5],
			"to": [11.625, 1.375, 9],
			"rotation": {"angle": 45, "axis": "z", "origin": [8.5, -1, 6]},
			"faces": {
				"north": {"uv": [7.5, 7, 8.375, 7.75], "texture": "#0"},
				"east": {"uv": [1, 7, 2.875, 7.75], "texture": "#0"},
				"south": {"uv": [1, 8, 1.875, 8.75], "texture": "#0"},
				"west": {"uv": [7, 3, 8.875, 3.75], "texture": "#0"},
				"up": {"uv": [6.875, 4.875, 6, 3], "texture": "#0"},
				"down": {"uv": [4.375, 6, 3.5, 7.875], "texture": "#0"}
			}
		},
		{
			"from": [8.25, -0.0625, 5],
			"to": [9.875, 1.625, 9],
			"rotation": {"angle": 45, "axis": "z", "origin": [6.75, -1, 6]},
			"faces": {
				"north": {"uv": [4.5, 7, 5.375, 7.875], "texture": "#0"},
				"east": {"uv": [4.5, 6, 6.375, 6.875], "texture": "#0"},
				"south": {"uv": [5.5, 7, 6.375, 7.875], "texture": "#0"},
				"west": {"uv": [6, 5, 7.875, 5.875], "texture": "#0"},
				"up": {"uv": [7.375, 7.875, 6.5, 6], "texture": "#0"},
				"down": {"uv": [0.875, 7, 0, 8.875], "texture": "#0"}
			}
		},
		{
			"from": [7.175, -1.93625, 4.77],
			"to": [8.825, -1.60625, 4.8525],
			"rotation": {"angle": 0, "axis": "y", "origin": [7.34, -2.59625, 4.77]},
			"faces": {
				"north": {"uv": [0, 0, 1.5, 0.5], "texture": "#1"},
				"east": {"uv": [4, 6, 4.5, 6.5], "texture": "#1"},
				"south": {"uv": [0, 1, 1.5, 1.5], "texture": "#1"},
				"west": {"uv": [6, 4, 6.5, 4.5], "texture": "#1"},
				"up": {"uv": [1.5, 2.5, 0, 2], "texture": "#1"},
				"down": {"uv": [3.5, 0, 2, 0.5], "texture": "#1"}
			}
		},
		{
			"from": [7.175, -2.9675, 4.77],
			"to": [8.825, -2.6375, 4.8525],
			"rotation": {"angle": 0, "axis": "y", "origin": [7.34, -3.6275, 4.77]},
			"faces": {
				"north": {"uv": [2, 1, 3.5, 1.5], "texture": "#1"},
				"east": {"uv": [5, 6, 5.5, 6.5], "texture": "#1"},
				"south": {"uv": [2, 2, 3.5, 2.5], "texture": "#1"},
				"west": {"uv": [6, 5, 6.5, 5.5], "texture": "#1"},
				"up": {"uv": [1.5, 3.5, 0, 3], "texture": "#1"},
				"down": {"uv": [3.5, 3, 2, 3.5], "texture": "#1"}
			}
		},
		{
			"from": [7.175, -2.6375, 4.77],
			"to": [7.54625, -1.93625, 4.8525],
			"rotation": {"angle": 0, "axis": "y", "origin": [7.175, -3.6275, 4.77]},
			"faces": {
				"north": {"uv": [6, 6, 6.5, 6.5], "texture": "#1"},
				"east": {"uv": [0, 7, 0.5, 7.5], "texture": "#1"},
				"south": {"uv": [1, 7, 1.5, 7.5], "texture": "#1"},
				"west": {"uv": [2, 7, 2.5, 7.5], "texture": "#1"},
				"up": {"uv": [3.5, 7.5, 3, 7], "texture": "#1"},
				"down": {"uv": [4.5, 7, 4, 7.5], "texture": "#1"}
			}
		},
		{
			"from": [8.45375, -2.6375, 4.77],
			"to": [8.825, -1.93625, 4.8525],
			"rotation": {"angle": 0, "axis": "y", "origin": [8.45375, -3.6275, 4.77]},
			"faces": {
				"north": {"uv": [7, 4, 7.5, 4.5], "texture": "#1"},
				"east": {"uv": [5, 7, 5.5, 7.5], "texture": "#1"},
				"south": {"uv": [7, 5, 7.5, 5.5], "texture": "#1"},
				"west": {"uv": [6, 7, 6.5, 7.5], "texture": "#1"},
				"up": {"uv": [7.5, 6.5, 7, 6], "texture": "#1"},
				"down": {"uv": [7.5, 7, 7, 7.5], "texture": "#1"}
			}
		},
		{
			"from": [8.165, -1.42125, 4.77],
			"to": [9.815, -1.27875, 4.8525],
			"rotation": {"angle": 0, "axis": "y", "origin": [8.33, -2.26875, 4.77]},
			"faces": {
				"north": {"uv": [4, 2, 5.5, 2.5], "texture": "#1"},
				"east": {"uv": [7, 8, 7.5, 8.5], "texture": "#1"},
				"south": {"uv": [4, 3, 5.5, 3.5], "texture": "#1"},
				"west": {"uv": [8, 7, 8.5, 7.5], "texture": "#1"},
				"up": {"uv": [5.5, 4.5, 4, 4], "texture": "#1"},
				"down": {"uv": [1.5, 5, 0, 5.5], "texture": "#1"}
			}
		},
		{
			"from": [9.54625, -1.27875, 4.77],
			"to": [9.9175, -0.555, 4.8525],
			"rotation": {"angle": 0, "axis": "y", "origin": [9.54625, -2.26875, 4.77]},
			"faces": {
				"north": {"uv": [4, 8, 4.5, 8.5], "texture": "#1"},
				"east": {"uv": [8, 4, 8.5, 4.5], "texture": "#1"},
				"south": {"uv": [5, 8, 5.5, 8.5], "texture": "#1"},
				"west": {"uv": [8, 5, 8.5, 5.5], "texture": "#1"},
				"up": {"uv": [6.5, 8.5, 6, 8], "texture": "#1"},
				"down": {"uv": [8.5, 6, 8, 6.5], "texture": "#1"}
			}
		},
		{
			"from": [8.165, -0.555, 4.77],
			"to": [9.815, -0.475, 4.8525],
			"rotation": {"angle": 0, "axis": "y", "origin": [8.33, -1.215, 4.77]},
			"faces": {
				"north": {"uv": [0, 4, 1.5, 4.5], "texture": "#1"},
				"east": {"uv": [3, 8, 3.5, 8.5], "texture": "#1"},
				"south": {"uv": [4, 0, 5.5, 0.5], "texture": "#1"},
				"west": {"uv": [8, 3, 8.5, 3.5], "texture": "#1"},
				"up": {"uv": [5.5, 1.5, 4, 1], "texture": "#1"},
				"down": {"uv": [3.5, 4, 2, 4.5], "texture": "#1"}
			}
		},
		{
			"from": [8.125, -1.27875, 4.77],
			"to": [8.49625, -0.555, 4.8525],
			"rotation": {"angle": 0, "axis": "y", "origin": [8.125, -2.26875, 4.77]},
			"faces": {
				"north": {"uv": [0, 8, 0.5, 8.5], "texture": "#1"},
				"east": {"uv": [8, 0, 8.5, 0.5], "texture": "#1"},
				"south": {"uv": [1, 8, 1.5, 8.5], "texture": "#1"},
				"west": {"uv": [8, 1, 8.5, 1.5], "texture": "#1"},
				"up": {"uv": [2.5, 8.5, 2, 8], "texture": "#1"},
				"down": {"uv": [8.5, 2, 8, 2.5], "texture": "#1"}
			}
		},
		{
			"from": [6.185, -1.42125, 4.77],
			"to": [7.835, -1.27875, 4.8525],
			"rotation": {"angle": 0, "axis": "y", "origin": [6.35, -2.26875, 4.77]},
			"faces": {
				"north": {"uv": [6, 1, 7.5, 1.5], "texture": "#1"},
				"east": {"uv": [9, 6, 9.5, 6.5], "texture": "#1"},
				"south": {"uv": [2, 6, 3.5, 6.5], "texture": "#1"},
				"west": {"uv": [7, 9, 7.5, 9.5], "texture": "#1"},
				"up": {"uv": [7.5, 2.5, 6, 2], "texture": "#1"},
				"down": {"uv": [7.5, 3, 6, 3.5], "texture": "#1"}
			}
		},
		{
			"from": [7.50375, -1.27875, 4.77],
			"to": [7.875, -0.555, 4.8525],
			"rotation": {"angle": 0, "axis": "y", "origin": [7.50375, -2.26875, 4.77]},
			"faces": {
				"north": {"uv": [9, 3, 9.5, 3.5], "texture": "#1"},
				"east": {"uv": [4, 9, 4.5, 9.5], "texture": "#1"},
				"south": {"uv": [9, 4, 9.5, 4.5], "texture": "#1"},
				"west": {"uv": [5, 9, 5.5, 9.5], "texture": "#1"},
				"up": {"uv": [9.5, 5.5, 9, 5], "texture": "#1"},
				"down": {"uv": [6.5, 9, 6, 9.5], "texture": "#1"}
			}
		},
		{
			"from": [7.875, -0.96625, 4.77],
			"to": [8.125, -0.68, 4.8525],
			"rotation": {"angle": 0, "axis": "y", "origin": [7.50375, -2.26875, 4.77]},
			"faces": {
				"north": {"uv": [9, 7, 9.5, 7.5], "texture": "#1"},
				"east": {"uv": [8, 9, 8.5, 9.5], "texture": "#1"},
				"south": {"uv": [9, 8, 9.5, 8.5], "texture": "#1"},
				"west": {"uv": [9, 9, 9.5, 9.5], "texture": "#1"},
				"up": {"uv": [0.5, 10.5, 0, 10], "texture": "#1"},
				"down": {"uv": [10.5, 0, 10, 0.5], "texture": "#1"}
			}
		},
		{
			"from": [6.185, -0.555, 4.77],
			"to": [7.835, -0.475, 4.8525],
			"rotation": {"angle": 0, "axis": "y", "origin": [6.35, -1.215, 4.77]},
			"faces": {
				"north": {"uv": [2, 5, 3.5, 5.5], "texture": "#1"},
				"east": {"uv": [9, 2, 9.5, 2.5], "texture": "#1"},
				"south": {"uv": [4, 5, 5.5, 5.5], "texture": "#1"},
				"west": {"uv": [3, 9, 3.5, 9.5], "texture": "#1"},
				"up": {"uv": [1.5, 6.5, 0, 6], "texture": "#1"},
				"down": {"uv": [7.5, 0, 6, 0.5], "texture": "#1"}
			}
		},
		{
			"from": [6.145, -1.27875, 4.77],
			"to": [6.51625, -0.555, 4.8525],
			"rotation": {"angle": 0, "axis": "y", "origin": [6.145, -2.26875, 4.77]},
			"faces": {
				"north": {"uv": [8, 8, 8.5, 8.5], "texture": "#1"},
				"east": {"uv": [0, 9, 0.5, 9.5], "texture": "#1"},
				"south": {"uv": [9, 0, 9.5, 0.5], "texture": "#1"},
				"west": {"uv": [1, 9, 1.5, 9.5], "texture": "#1"},
				"up": {"uv": [9.5, 1.5, 9, 1], "texture": "#1"},
				"down": {"uv": [2.5, 9, 2, 9.5], "texture": "#1"}
			}
		}
	],
	"display": {
		"thirdperson_righthand": {
			"rotation": [-30.82, 31.4, -10.43],
			"translation": [1.75, 9.75, -1.5],
			"scale": [1.11, 1.18, 1.1]
		},
		"thirdperson_lefthand": {
			"rotation": [-30.82, 31.4, -10.43],
			"translation": [1.75, 9.75, -1.5],
			"scale": [1.11, 1.18, 1.1]
		},
		"firstperson_righthand": {
			"translation": [0, 10.25, 0]
		},
		"firstperson_lefthand": {
			"translation": [0, 10.25, 0]
		},
		"ground": {
			"translation": [0, 5, 0]
		},
		"gui": {
			"rotation": [-165.4, 3.63, 179.81],
			"translation": [0, 12, 0],
			"scale": [1.91211, 1.35938, 2.01758]
		},
		"head": {
			"translation": [0, 26.5, 3.25],
			"scale": [3.13672, 3, 3.18945]
		},
		"fixed": {
			"rotation": [-90, 0, 0],
			"translation": [0, 4.5, -31],
			"scale": [4, 4, 4]
		}
	}
}