{
	"credit": "Made with Blockbench",
	"texture_size": [8, 8],
	"textures": {
		"2": "item/bierkiste",
		"3": "item/bierflasche",
		"particle": "item/bierkiste"
	},
	"elements": [
		{
			"from": [3.1, 0, 3.1],
			"to": [12.9, 0.6125, 3.7125],
			"rotation": {"angle": 0, "axis": "y", "origin": [5.55, 0, 3.1]},
			"faces": {
				"north": {"uv": [8, 0, 10, 0.25], "texture": "#2"},
				"east": {"uv": [11, 1.5, 11.25, 1.75], "texture": "#2"},
				"south": {"uv": [8, 0.5, 10, 0.75], "texture": "#2"},
				"west": {"uv": [11, 2, 11.25, 2.25], "texture": "#2"},
				"up": {"uv": [10, 1.25, 8, 1], "texture": "#2"},
				"down": {"uv": [10, 1.5, 8, 1.75], "texture": "#2"}
			}
		},
		{
			"from": [3.1, 0, 14.7375],
			"to": [12.9, 0.6125, 15.35],
			"rotation": {"angle": 0, "axis": "y", "origin": [5.55, 0, 14.7375]},
			"faces": {
				"north": {"uv": [8, 2, 10, 2.25], "texture": "#2"},
				"east": {"uv": [2.5, 11, 2.75, 11.25], "texture": "#2"},
				"south": {"uv": [8, 2.5, 10, 2.75], "texture": "#2"},
				"west": {"uv": [11, 2.5, 11.25, 2.75], "texture": "#2"},
				"up": {"uv": [10, 3.25, 8, 3], "texture": "#2"},
				"down": {"uv": [10, 3.5, 8, 3.75], "texture": "#2"}
			}
		},
		{
			"from": [3.7125, 0, 3.55937],
			"to": [12.2875, 3.98125, 4.17188],
			"rotation": {"angle": 0, "axis": "y", "origin": [5.55, 0.6125, 3.55937]},
			"faces": {
				"north": {"uv": [0, 5.5, 1.75, 6.25], "texture": "#2"},
				"east": {"uv": [10, 6.5, 10.25, 7.25], "texture": "#2"},
				"south": {"uv": [2, 5.5, 3.75, 6.25], "texture": "#2"},
				"west": {"uv": [8, 10, 8.25, 10.75], "texture": "#2"},
				"up": {"uv": [10.75, 6.25, 9, 6], "texture": "#2"},
				"down": {"uv": [9.75, 9, 8, 9.25], "texture": "#2"}
			}
		},
		{
			"from": [9.8375, 3.98125, 3.7125],
			"to": [12.2875, 5.81875, 4.17188],
			"rotation": {"angle": 0, "axis": "y", "origin": [5.55, 0.6125, 3.55937]},
			"faces": {
				"north": {"uv": [5, 9, 5.5, 9.5], "texture": "#2"},
				"east": {"uv": [5.5, 10.5, 5.75, 11], "texture": "#2"},
				"south": {"uv": [4, 9.5, 4.5, 10], "texture": "#2"},
				"west": {"uv": [6, 10.5, 6.25, 11], "texture": "#2"},
				"up": {"uv": [7, 10.75, 6.5, 10.5], "texture": "#2"},
				"down": {"uv": [11, 6.5, 10.5, 6.75], "texture": "#2"}
			}
		},
		{
			"from": [3.7125, 3.98125, 3.7125],
			"to": [6.1625, 5.81875, 4.17188],
			"rotation": {"angle": 0, "axis": "y", "origin": [-0.575, 0.6125, 3.55937]},
			"faces": {
				"north": {"uv": [4.5, 9.5, 5, 10], "texture": "#2"},
				"east": {"uv": [7, 10.5, 7.25, 11], "texture": "#2"},
				"south": {"uv": [5, 9.5, 5.5, 10], "texture": "#2"},
				"west": {"uv": [10.5, 7, 10.75, 7.5], "texture": "#2"},
				"up": {"uv": [8, 10.75, 7.5, 10.5], "texture": "#2"},
				"down": {"uv": [9, 10.5, 8.5, 10.75], "texture": "#2"}
			}
		},
		{
			"from": [6.1625, 5.35938, 3.7125],
			"to": [9.8375, 5.81875, 4.17188],
			"rotation": {"angle": 0, "axis": "y", "origin": [1.875, 0.6125, 3.55937]},
			"faces": {
				"north": {"uv": [10, 7.5, 10.75, 7.75], "texture": "#2"},
				"east": {"uv": [6, 11, 6.25, 11.25], "texture": "#2"},
				"south": {"uv": [8.5, 10, 9.25, 10.25], "texture": "#2"},
				"west": {"uv": [11, 6, 11.25, 6.25], "texture": "#2"},
				"up": {"uv": [10.75, 8.75, 10, 8.5], "texture": "#2"},
				"down": {"uv": [10.75, 9, 10, 9.25], "texture": "#2"}
			}
		},
		{
			"from": [6.1625, 5.35938, 14.125],
			"to": [9.8375, 5.81875, 14.7375],
			"rotation": {"angle": 0, "axis": "y", "origin": [1.875, 0.6125, 14.125]},
			"faces": {
				"north": {"uv": [9.5, 10, 10.25, 10.25], "texture": "#2"},
				"east": {"uv": [6.5, 11, 6.75, 11.25], "texture": "#2"},
				"south": {"uv": [10, 9.5, 10.75, 9.75], "texture": "#2"},
				"west": {"uv": [11, 6.5, 11.25, 6.75], "texture": "#2"},
				"up": {"uv": [0.75, 10.75, 0, 10.5], "texture": "#2"},
				"down": {"uv": [11.25, 0.5, 10.5, 0.75], "texture": "#2"}
			}
		},
		{
			"from": [3.7125, 3.98125, 14.125],
			"to": [6.1625, 5.81875, 14.7375],
			"rotation": {"angle": 0, "axis": "y", "origin": [-0.575, 0.6125, 14.125]},
			"faces": {
				"north": {"uv": [10, 1.5, 10.5, 2], "texture": "#2"},
				"east": {"uv": [10.5, 10.5, 10.75, 11], "texture": "#2"},
				"south": {"uv": [2, 10, 2.5, 10.5], "texture": "#2"},
				"west": {"uv": [0, 11, 0.25, 11.5], "texture": "#2"},
				"up": {"uv": [1, 11.25, 0.5, 11], "texture": "#2"},
				"down": {"uv": [11.5, 1, 11, 1.25], "texture": "#2"}
			}
		},
		{
			"from": [9.8375, 3.98125, 14.125],
			"to": [12.2875, 5.81875, 14.7375],
			"rotation": {"angle": 0, "axis": "y", "origin": [5.55, 0.6125, 14.125]},
			"faces": {
				"north": {"uv": [10, 0.5, 10.5, 1], "texture": "#2"},
				"east": {"uv": [9, 10.5, 9.25, 11], "texture": "#2"},
				"south": {"uv": [10, 1, 10.5, 1.5], "texture": "#2"},
				"west": {"uv": [9.5, 10.5, 9.75, 11], "texture": "#2"},
				"up": {"uv": [10.5, 10.75, 10, 10.5], "texture": "#2"},
				"down": {"uv": [11, 10, 10.5, 10.25], "texture": "#2"}
			}
		},
		{
			"from": [3.7125, 0, 14.125],
			"to": [12.2875, 3.98125, 14.7375],
			"rotation": {"angle": 0, "axis": "y", "origin": [5.55, 0.6125, 14.125]},
			"faces": {
				"north": {"uv": [2, 4.5, 3.75, 5.25], "texture": "#2"},
				"east": {"uv": [4.5, 10, 4.75, 10.75], "texture": "#2"},
				"south": {"uv": [4, 5, 5.75, 5.75], "texture": "#2"},
				"west": {"uv": [5, 10, 5.25, 10.75], "texture": "#2"},
				"up": {"uv": [1.75, 9.25, 0, 9], "texture": "#2"},
				"down": {"uv": [4.75, 9, 3, 9.25], "texture": "#2"}
			}
		},
		{
			"from": [3.86562, 0, 11.52188],
			"to": [12.13438, 3.98125, 12.13438],
			"rotation": {"angle": 0, "axis": "y", "origin": [5.55, 0.6125, 11.52188]},
			"faces": {
				"north": {"uv": [4, 4, 5.75, 4.75], "texture": "#2"},
				"east": {"uv": [3.5, 10, 3.75, 10.75], "texture": "#2"},
				"south": {"uv": [0, 4.5, 1.75, 5.25], "texture": "#2"},
				"west": {"uv": [4, 10, 4.25, 10.75], "texture": "#2"},
				"up": {"uv": [10.25, 5.75, 8.5, 5.5], "texture": "#2"},
				"down": {"uv": [9.75, 8.5, 8, 8.75], "texture": "#2"}
			}
		},
		{
			"from": [9.37813, 0, 4.17188],
			"to": [10.14375, 3.36875, 14.125],
			"rotation": {"angle": 0, "axis": "y", "origin": [6.46875, 0.6125, 9.07188]},
			"faces": {
				"north": {"uv": [10.5, 2, 10.75, 2.75], "texture": "#2"},
				"east": {"uv": [4, 0, 6, 0.75], "texture": "#2"},
				"south": {"uv": [10.5, 3, 10.75, 3.75], "texture": "#2"},
				"west": {"uv": [4, 1, 6, 1.75], "texture": "#2"},
				"up": {"uv": [6.25, 10.5, 6, 8.5], "texture": "#2"},
				"down": {"uv": [6.75, 8.5, 6.5, 10.5], "texture": "#2"}
			}
		},
		{
			"from": [6.1625, 0, 4.17188],
			"to": [6.92813, 3.36875, 14.125],
			"rotation": {"angle": 0, "axis": "y", "origin": [3.25313, 0.6125, 9.07188]},
			"faces": {
				"north": {"uv": [10.5, 4, 10.75, 4.75], "texture": "#2"},
				"east": {"uv": [4, 2, 6, 2.75], "texture": "#2"},
				"south": {"uv": [10.5, 5, 10.75, 5.75], "texture": "#2"},
				"west": {"uv": [4, 3, 6, 3.75], "texture": "#2"},
				"up": {"uv": [7.25, 10.5, 7, 8.5], "texture": "#2"},
				"down": {"uv": [7.75, 8.5, 7.5, 10.5], "texture": "#2"}
			}
		},
		{
			"from": [3.86562, 0, 6.1625],
			"to": [12.13438, 3.98125, 6.775],
			"rotation": {"angle": 0, "axis": "y", "origin": [5.55, 0.6125, 6.1625]},
			"faces": {
				"north": {"uv": [6, 0, 7.75, 0.75], "texture": "#2"},
				"east": {"uv": [1, 10.5, 1.25, 11.25], "texture": "#2"},
				"south": {"uv": [6, 1, 7.75, 1.75], "texture": "#2"},
				"west": {"uv": [10.5, 1, 10.75, 1.75], "texture": "#2"},
				"up": {"uv": [9.75, 9.75, 8, 9.5], "texture": "#2"},
				"down": {"uv": [11.25, 8, 9.5, 8.25], "texture": "#2"}
			}
		},
		{
			"from": [3.86562, 0, 8.91875],
			"to": [12.13438, 3.98125, 9.53125],
			"rotation": {"angle": 0, "axis": "y", "origin": [5.55, 0.6125, 8.91875]},
			"faces": {
				"north": {"uv": [6, 2, 7.75, 2.75], "texture": "#2"},
				"east": {"uv": [1.5, 10.5, 1.75, 11.25], "texture": "#2"},
				"south": {"uv": [6, 3, 7.75, 3.75], "texture": "#2"},
				"west": {"uv": [2, 10.5, 2.25, 11.25], "texture": "#2"},
				"up": {"uv": [1.75, 10.25, 0, 10], "texture": "#2"},
				"down": {"uv": [11.75, 0, 10, 0.25], "texture": "#2"}
			}
		},
		{
			"from": [12.2875, 0, 3.7125],
			"to": [12.9, 0.6125, 14.7375],
			"rotation": {"angle": 0, "axis": "y", "origin": [5.55, 0, 7.3875]},
			"faces": {
				"north": {"uv": [3, 11, 3.25, 11.25], "texture": "#2"},
				"east": {"uv": [4, 6, 6.25, 6.25], "texture": "#2"},
				"south": {"uv": [11, 3, 11.25, 3.25], "texture": "#2"},
				"west": {"uv": [6, 4, 8.25, 4.25], "texture": "#2"},
				"up": {"uv": [0.25, 8.75, 0, 6.5], "texture": "#2"},
				"down": {"uv": [0.75, 6.5, 0.5, 8.75], "texture": "#2"}
			}
		},
		{
			"from": [3.1, 0, 3.7125],
			"to": [3.7125, 0.6125, 14.7375],
			"rotation": {"angle": 0, "axis": "y", "origin": [-3.6375, 0, 7.3875]},
			"faces": {
				"north": {"uv": [3.5, 11, 3.75, 11.25], "texture": "#2"},
				"east": {"uv": [6, 4.5, 8.25, 4.75], "texture": "#2"},
				"south": {"uv": [11, 3.5, 11.25, 3.75], "texture": "#2"},
				"west": {"uv": [6, 5, 8.25, 5.25], "texture": "#2"},
				"up": {"uv": [1.25, 8.75, 1, 6.5], "texture": "#2"},
				"down": {"uv": [1.75, 6.5, 1.5, 8.75], "texture": "#2"}
			}
		},
		{
			"from": [3.86562, 0, 3.7125],
			"to": [12.13438, 0.6125, 14.7375],
			"rotation": {"angle": 0, "axis": "y", "origin": [1.2625, 0, 7.3875]},
			"faces": {
				"north": {"uv": [0, 9.5, 1.75, 9.75], "texture": "#2"},
				"east": {"uv": [5.5, 7, 7.75, 7.25], "texture": "#2"},
				"south": {"uv": [2, 9.5, 3.75, 9.75], "texture": "#2"},
				"west": {"uv": [5.5, 7.5, 7.75, 7.75], "texture": "#2"},
				"up": {"uv": [1.75, 2.25, 0, 0], "texture": "#2"},
				"down": {"uv": [3.75, 0, 2, 2.25], "texture": "#2"}
			}
		},
		{
			"from": [3.7125, 0.6125, 4.17188],
			"to": [3.86562, 5.20625, 14.125],
			"rotation": {"angle": 0, "axis": "y", "origin": [-3.6375, 0.6125, 7.3875]},
			"faces": {
				"north": {"uv": [3, 10, 3.25, 11], "texture": "#2"},
				"east": {"uv": [0, 3.5, 2, 4.5], "texture": "#2"},
				"south": {"uv": [10, 3, 10.25, 4], "texture": "#2"},
				"west": {"uv": [2, 3.5, 4, 4.5], "texture": "#2"},
				"up": {"uv": [4.25, 9, 4, 7], "texture": "#2"},
				"down": {"uv": [5.75, 8.5, 5.5, 10.5], "texture": "#2"}
			}
		},
		{
			"from": [12.13438, 0.6125, 4.17188],
			"to": [12.2875, 5.20625, 14.125],
			"rotation": {"angle": 0, "axis": "y", "origin": [4.78438, 0.6125, 7.3875]},
			"faces": {
				"north": {"uv": [10, 2, 10.25, 3], "texture": "#2"},
				"east": {"uv": [0, 2.5, 2, 3.5], "texture": "#2"},
				"south": {"uv": [2.5, 10, 2.75, 11], "texture": "#2"},
				"west": {"uv": [2, 2.5, 4, 3.5], "texture": "#2"},
				"up": {"uv": [3.25, 9, 3, 7], "texture": "#2"},
				"down": {"uv": [3.75, 7, 3.5, 9], "texture": "#2"}
			}
		},
		{
			"from": [3.1, 5.20625, 14.7375],
			"to": [12.9, 5.81875, 15.35],
			"rotation": {"angle": 0, "axis": "y", "origin": [5.55, 5.20625, 14.7375]},
			"faces": {
				"north": {"uv": [8, 7.5, 10, 7.75], "texture": "#2"},
				"east": {"uv": [5.5, 11, 5.75, 11.25], "texture": "#2"},
				"south": {"uv": [8.5, 4, 10.5, 4.25], "texture": "#2"},
				"west": {"uv": [11, 5.5, 11.25, 5.75], "texture": "#2"},
				"up": {"uv": [10.5, 4.75, 8.5, 4.5], "texture": "#2"},
				"down": {"uv": [10.5, 5, 8.5, 5.25], "texture": "#2"}
			}
		},
		{
			"from": [12.2875, 5.20625, 3.7125],
			"to": [12.9, 5.81875, 14.7375],
			"rotation": {"angle": 0, "axis": "y", "origin": [5.55, 5.20625, 7.3875]},
			"faces": {
				"north": {"uv": [5, 11, 5.25, 11.25], "texture": "#2"},
				"east": {"uv": [5.5, 6.5, 7.75, 6.75], "texture": "#2"},
				"south": {"uv": [11, 5, 11.25, 5.25], "texture": "#2"},
				"west": {"uv": [6.5, 6, 8.75, 6.25], "texture": "#2"},
				"up": {"uv": [2.25, 9.25, 2, 7], "texture": "#2"},
				"down": {"uv": [2.75, 7, 2.5, 9.25], "texture": "#2"}
			}
		},
		{
			"from": [3.1, 5.20625, 3.7125],
			"to": [3.7125, 5.81875, 14.7375],
			"rotation": {"angle": 0, "axis": "y", "origin": [-3.6375, 5.20625, 7.3875]},
			"faces": {
				"north": {"uv": [4.5, 11, 4.75, 11.25], "texture": "#2"},
				"east": {"uv": [6, 5.5, 8.25, 5.75], "texture": "#2"},
				"south": {"uv": [11, 4.5, 11.25, 4.75], "texture": "#2"},
				"west": {"uv": [2, 6.5, 4.25, 6.75], "texture": "#2"},
				"up": {"uv": [4.75, 8.75, 4.5, 6.5], "texture": "#2"},
				"down": {"uv": [5.25, 6.5, 5, 8.75], "texture": "#2"}
			}
		},
		{
			"from": [3.1, 5.20625, 3.1],
			"to": [12.9, 5.81875, 3.7125],
			"rotation": {"angle": 0, "axis": "y", "origin": [5.55, 5.20625, 3.1]},
			"faces": {
				"north": {"uv": [5.5, 8, 7.5, 8.25], "texture": "#2"},
				"east": {"uv": [4, 11, 4.25, 11.25], "texture": "#2"},
				"south": {"uv": [8, 6.5, 10, 6.75], "texture": "#2"},
				"west": {"uv": [11, 4, 11.25, 4.25], "texture": "#2"},
				"up": {"uv": [10, 7.25, 8, 7], "texture": "#2"},
				"down": {"uv": [9.5, 8, 7.5, 8.25], "texture": "#2"}
			}
		},
		{
			"from": [4.17188, 0, 4.17188],
			"to": [5.85625, 4.44063, 5.85625],
			"rotation": {"angle": 0, "axis": "y", "origin": [4.78438, 0, 4.78438]},
			"faces": {
				"north": {"uv": [0, 0, 1, 4], "texture": "#3"},
				"east": {"uv": [2, 0, 3, 4], "texture": "#3"},
				"south": {"uv": [0, 4, 1, 8], "texture": "#3"},
				"west": {"uv": [4, 0, 5, 4], "texture": "#3"},
				"up": {"uv": [7, 5, 6, 4], "texture": "#3"},
				"down": {"uv": [7, 6, 6, 7], "texture": "#3"}
			}
		},
		{
			"from": [4.63125, 4.44063, 4.63125],
			"to": [5.39688, 5.66563, 5.39688],
			"rotation": {"angle": 0, "axis": "y", "origin": [4.78438, 0, 4.78438]},
			"faces": {
				"north": {"uv": [2, 4, 3, 5], "texture": "#3"},
				"east": {"uv": [4, 4, 5, 5], "texture": "#3"},
				"south": {"uv": [6, 0, 7, 1], "texture": "#3"},
				"west": {"uv": [2, 6, 3, 7], "texture": "#3"},
				"up": {"uv": [7, 3, 6, 2], "texture": "#3"},
				"down": {"uv": [5, 6, 4, 7], "texture": "#3"}
			}
		},
		{
			"from": [4.17188, 0, 6.92813],
			"to": [5.85625, 4.44063, 8.6125],
			"rotation": {"angle": 0, "axis": "y", "origin": [4.78438, 0, 7.54063]},
			"faces": {
				"north": {"uv": [0, 0, 1, 4], "texture": "#3"},
				"east": {"uv": [2, 0, 3, 4], "texture": "#3"},
				"south": {"uv": [0, 4, 1, 8], "texture": "#3"},
				"west": {"uv": [4, 0, 5, 4], "texture": "#3"},
				"up": {"uv": [7, 5, 6, 4], "texture": "#3"},
				"down": {"uv": [7, 6, 6, 7], "texture": "#3"}
			}
		},
		{
			"from": [4.63125, 4.44063, 7.3875],
			"to": [5.39688, 5.66563, 8.15312],
			"rotation": {"angle": 0, "axis": "y", "origin": [4.78438, 0, 7.54063]},
			"faces": {
				"north": {"uv": [2, 4, 3, 5], "texture": "#3"},
				"east": {"uv": [4, 4, 5, 5], "texture": "#3"},
				"south": {"uv": [6, 0, 7, 1], "texture": "#3"},
				"west": {"uv": [2, 6, 3, 7], "texture": "#3"},
				"up": {"uv": [7, 3, 6, 2], "texture": "#3"},
				"down": {"uv": [5, 6, 4, 7], "texture": "#3"}
			}
		},
		{
			"from": [4.17188, 0, 9.68437],
			"to": [5.85625, 4.44063, 11.36875],
			"rotation": {"angle": 0, "axis": "y", "origin": [4.78438, 0, 10.29688]},
			"faces": {
				"north": {"uv": [0, 0, 1, 4], "texture": "#3"},
				"east": {"uv": [2, 0, 3, 4], "texture": "#3"},
				"south": {"uv": [0, 4, 1, 8], "texture": "#3"},
				"west": {"uv": [4, 0, 5, 4], "texture": "#3"},
				"up": {"uv": [7, 5, 6, 4], "texture": "#3"},
				"down": {"uv": [7, 6, 6, 7], "texture": "#3"}
			}
		},
		{
			"from": [4.63125, 4.44063, 10.14375],
			"to": [5.39688, 5.66563, 10.90938],
			"rotation": {"angle": 0, "axis": "y", "origin": [4.78438, 0, 10.29688]},
			"faces": {
				"north": {"uv": [2, 4, 3, 5], "texture": "#3"},
				"east": {"uv": [4, 4, 5, 5], "texture": "#3"},
				"south": {"uv": [6, 0, 7, 1], "texture": "#3"},
				"west": {"uv": [2, 6, 3, 7], "texture": "#3"},
				"up": {"uv": [7, 3, 6, 2], "texture": "#3"},
				"down": {"uv": [5, 6, 4, 7], "texture": "#3"}
			}
		},
		{
			"from": [4.17188, 0, 12.13438],
			"to": [5.85625, 4.44063, 13.81875],
			"rotation": {"angle": 0, "axis": "y", "origin": [4.78438, 0, 12.74688]},
			"faces": {
				"north": {"uv": [0, 0, 1, 4], "texture": "#3"},
				"east": {"uv": [2, 0, 3, 4], "texture": "#2"},
				"south": {"uv": [0, 4, 1, 8], "texture": "#2"},
				"west": {"uv": [4, 0, 5, 4], "texture": "#2"},
				"up": {"uv": [7, 5, 6, 4], "texture": "#2"},
				"down": {"uv": [7, 6, 6, 7], "texture": "#3"}
			}
		},
		{
			"from": [4.63125, 4.44063, 12.59375],
			"to": [5.39688, 5.66563, 13.35938],
			"rotation": {"angle": 0, "axis": "y", "origin": [4.78438, 0, 12.74688]},
			"faces": {
				"north": {"uv": [2, 4, 3, 5], "texture": "#3"},
				"east": {"uv": [4, 4, 5, 5], "texture": "#3"},
				"south": {"uv": [6, 0, 7, 1], "texture": "#3"},
				"west": {"uv": [2, 6, 3, 7], "texture": "#3"},
				"up": {"uv": [7, 3, 6, 2], "texture": "#3"},
				"down": {"uv": [5, 6, 4, 7], "texture": "#3"}
			}
		},
		{
			"from": [7.3875, 0, 12.13438],
			"to": [9.07188, 4.44063, 13.81875],
			"rotation": {"angle": 0, "axis": "y", "origin": [8, 0, 12.74688]},
			"faces": {
				"north": {"uv": [0, 0, 1, 4], "texture": "#3"},
				"east": {"uv": [2, 0, 3, 4], "texture": "#2"},
				"south": {"uv": [0, 4, 1, 8], "texture": "#2"},
				"west": {"uv": [4, 0, 5, 4], "texture": "#2"},
				"up": {"uv": [7, 5, 6, 4], "texture": "#2"},
				"down": {"uv": [7, 6, 6, 7], "texture": "#3"}
			}
		},
		{
			"from": [7.84688, 4.44063, 12.59375],
			"to": [8.6125, 5.66563, 13.35938],
			"rotation": {"angle": 0, "axis": "y", "origin": [8, 0, 12.74688]},
			"faces": {
				"north": {"uv": [2, 4, 3, 5], "texture": "#3"},
				"east": {"uv": [4, 4, 5, 5], "texture": "#3"},
				"south": {"uv": [6, 0, 7, 1], "texture": "#3"},
				"west": {"uv": [2, 6, 3, 7], "texture": "#3"},
				"up": {"uv": [7, 3, 6, 2], "texture": "#3"},
				"down": {"uv": [5, 6, 4, 7], "texture": "#3"}
			}
		},
		{
			"from": [7.3875, 0, 9.68437],
			"to": [9.07188, 4.44063, 11.36875],
			"rotation": {"angle": 0, "axis": "y", "origin": [8, 0, 10.29688]},
			"faces": {
				"north": {"uv": [0, 0, 1, 4], "texture": "#3"},
				"east": {"uv": [2, 0, 3, 4], "texture": "#3"},
				"south": {"uv": [0, 4, 1, 8], "texture": "#3"},
				"west": {"uv": [4, 0, 5, 4], "texture": "#3"},
				"up": {"uv": [7, 5, 6, 4], "texture": "#3"},
				"down": {"uv": [7, 6, 6, 7], "texture": "#3"}
			}
		},
		{
			"from": [7.84688, 4.44063, 10.14375],
			"to": [8.6125, 5.66563, 10.90938],
			"rotation": {"angle": 0, "axis": "y", "origin": [8, 0, 10.29688]},
			"faces": {
				"north": {"uv": [2, 4, 3, 5], "texture": "#3"},
				"east": {"uv": [4, 4, 5, 5], "texture": "#3"},
				"south": {"uv": [6, 0, 7, 1], "texture": "#3"},
				"west": {"uv": [2, 6, 3, 7], "texture": "#3"},
				"up": {"uv": [7, 3, 6, 2], "texture": "#3"},
				"down": {"uv": [5, 6, 4, 7], "texture": "#3"}
			}
		},
		{
			"from": [7.3875, 0, 6.92813],
			"to": [9.07188, 4.44063, 8.6125],
			"rotation": {"angle": 0, "axis": "y", "origin": [8, 0, 7.54063]},
			"faces": {
				"north": {"uv": [0, 0, 1, 4], "texture": "#3"},
				"east": {"uv": [2, 0, 3, 4], "texture": "#3"},
				"south": {"uv": [0, 4, 1, 8], "texture": "#3"},
				"west": {"uv": [4, 0, 5, 4], "texture": "#3"},
				"up": {"uv": [7, 5, 6, 4], "texture": "#3"},
				"down": {"uv": [7, 6, 6, 7], "texture": "#3"}
			}
		},
		{
			"from": [7.84688, 4.44063, 7.3875],
			"to": [8.6125, 5.66563, 8.15312],
			"rotation": {"angle": 0, "axis": "y", "origin": [8, 0, 7.54063]},
			"faces": {
				"north": {"uv": [2, 4, 3, 5], "texture": "#3"},
				"east": {"uv": [4, 4, 5, 5], "texture": "#3"},
				"south": {"uv": [6, 0, 7, 1], "texture": "#3"},
				"west": {"uv": [2, 6, 3, 7], "texture": "#3"},
				"up": {"uv": [7, 3, 6, 2], "texture": "#3"},
				"down": {"uv": [5, 6, 4, 7], "texture": "#3"}
			}
		},
		{
			"from": [7.3875, 0, 4.325],
			"to": [9.07188, 4.44063, 6.00938],
			"rotation": {"angle": 0, "axis": "y", "origin": [8, 0, 4.9375]},
			"faces": {
				"north": {"uv": [0, 0, 1, 4], "texture": "#3"},
				"east": {"uv": [2, 0, 3, 4], "texture": "#3"},
				"south": {"uv": [0, 4, 1, 8], "texture": "#3"},
				"west": {"uv": [4, 0, 5, 4], "texture": "#3"},
				"up": {"uv": [7, 5, 6, 4], "texture": "#3"},
				"down": {"uv": [7, 6, 6, 7], "texture": "#3"}
			}
		},
		{
			"from": [7.84688, 4.44063, 4.78438],
			"to": [8.6125, 5.66563, 5.55],
			"rotation": {"angle": 0, "axis": "y", "origin": [8, 0, 4.9375]},
			"faces": {
				"north": {"uv": [2, 4, 3, 5], "texture": "#3"},
				"east": {"uv": [4, 4, 5, 5], "texture": "#3"},
				"south": {"uv": [6, 0, 7, 1], "texture": "#3"},
				"west": {"uv": [2, 6, 3, 7], "texture": "#3"},
				"up": {"uv": [7, 3, 6, 2], "texture": "#3"},
				"down": {"uv": [5, 6, 4, 7], "texture": "#3"}
			}
		},
		{
			"from": [10.29688, 0, 4.325],
			"to": [11.98125, 4.44063, 6.00938],
			"rotation": {"angle": 0, "axis": "y", "origin": [10.90938, 0, 4.9375]},
			"faces": {
				"north": {"uv": [0, 0, 1, 4], "texture": "#3"},
				"east": {"uv": [2, 0, 3, 4], "texture": "#3"},
				"south": {"uv": [0, 4, 1, 8], "texture": "#3"},
				"west": {"uv": [4, 0, 5, 4], "texture": "#3"},
				"up": {"uv": [7, 5, 6, 4], "texture": "#3"},
				"down": {"uv": [7, 6, 6, 7], "texture": "#3"}
			}
		},
		{
			"from": [10.75625, 4.44063, 4.78438],
			"to": [11.52188, 5.66563, 5.55],
			"rotation": {"angle": 0, "axis": "y", "origin": [10.90938, 0, 4.9375]},
			"faces": {
				"north": {"uv": [2, 4, 3, 5], "texture": "#3"},
				"east": {"uv": [4, 4, 5, 5], "texture": "#3"},
				"south": {"uv": [6, 0, 7, 1], "texture": "#3"},
				"west": {"uv": [2, 6, 3, 7], "texture": "#3"},
				"up": {"uv": [7, 3, 6, 2], "texture": "#3"},
				"down": {"uv": [5, 6, 4, 7], "texture": "#3"}
			}
		},
		{
			"from": [10.29688, 0, 6.92813],
			"to": [11.98125, 4.44063, 8.6125],
			"rotation": {"angle": 0, "axis": "y", "origin": [10.90938, 0, 7.54063]},
			"faces": {
				"north": {"uv": [0, 0, 1, 4], "texture": "#3"},
				"east": {"uv": [2, 0, 3, 4], "texture": "#3"},
				"south": {"uv": [0, 4, 1, 8], "texture": "#3"},
				"west": {"uv": [4, 0, 5, 4], "texture": "#3"},
				"up": {"uv": [7, 5, 6, 4], "texture": "#3"},
				"down": {"uv": [7, 6, 6, 7], "texture": "#3"}
			}
		},
		{
			"from": [10.75625, 4.44063, 7.3875],
			"to": [11.52188, 5.66563, 8.15312],
			"rotation": {"angle": 0, "axis": "y", "origin": [10.90938, 0, 7.54063]},
			"faces": {
				"north": {"uv": [2, 4, 3, 5], "texture": "#3"},
				"east": {"uv": [4, 4, 5, 5], "texture": "#3"},
				"south": {"uv": [6, 0, 7, 1], "texture": "#3"},
				"west": {"uv": [2, 6, 3, 7], "texture": "#3"},
				"up": {"uv": [7, 3, 6, 2], "texture": "#3"},
				"down": {"uv": [5, 6, 4, 7], "texture": "#3"}
			}
		},
		{
			"from": [10.29688, 0, 9.68437],
			"to": [11.98125, 4.44063, 11.36875],
			"rotation": {"angle": 0, "axis": "y", "origin": [10.90938, 0, 10.29688]},
			"faces": {
				"north": {"uv": [0, 0, 1, 4], "texture": "#3"},
				"east": {"uv": [2, 0, 3, 4], "texture": "#3"},
				"south": {"uv": [0, 4, 1, 8], "texture": "#3"},
				"west": {"uv": [4, 0, 5, 4], "texture": "#3"},
				"up": {"uv": [7, 5, 6, 4], "texture": "#3"},
				"down": {"uv": [7, 6, 6, 7], "texture": "#3"}
			}
		},
		{
			"from": [10.75625, 4.44063, 10.14375],
			"to": [11.52188, 5.66563, 10.90938],
			"rotation": {"angle": 0, "axis": "y", "origin": [10.90938, 0, 10.29688]},
			"faces": {
				"north": {"uv": [2, 4, 3, 5], "texture": "#3"},
				"east": {"uv": [4, 4, 5, 5], "texture": "#3"},
				"south": {"uv": [6, 0, 7, 1], "texture": "#3"},
				"west": {"uv": [2, 6, 3, 7], "texture": "#3"},
				"up": {"uv": [7, 3, 6, 2], "texture": "#3"},
				"down": {"uv": [5, 6, 4, 7], "texture": "#3"}
			}
		},
		{
			"from": [10.29688, 0, 12.2875],
			"to": [11.98125, 4.44063, 13.97188],
			"rotation": {"angle": 0, "axis": "y", "origin": [10.90938, 0, 12.9]},
			"faces": {
				"north": {"uv": [0, 0, 1, 4], "texture": "#3"},
				"east": {"uv": [2, 0, 3, 4], "texture": "#3"},
				"south": {"uv": [0, 4, 1, 8], "texture": "#3"},
				"west": {"uv": [4, 0, 5, 4], "texture": "#3"},
				"up": {"uv": [7, 5, 6, 4], "texture": "#3"},
				"down": {"uv": [7, 6, 6, 7], "texture": "#3"}
			}
		},
		{
			"from": [10.75625, 4.44063, 12.74688],
			"to": [11.52188, 5.66563, 13.5125],
			"rotation": {"angle": 0, "axis": "y", "origin": [10.90938, 0, 12.9]},
			"faces": {
				"north": {"uv": [2, 4, 3, 5], "texture": "#3"},
				"east": {"uv": [4, 4, 5, 5], "texture": "#3"},
				"south": {"uv": [6, 0, 7, 1], "texture": "#3"},
				"west": {"uv": [2, 6, 3, 7], "texture": "#3"},
				"up": {"uv": [7, 3, 6, 2], "texture": "#3"},
				"down": {"uv": [5, 6, 4, 7], "texture": "#3"}
			}
		},
		{
			"from": [11.98125, 0, 0.49687],
			"to": [13.66563, 4.44063, 2.18125],
			"rotation": {"angle": -22.5, "axis": "y", "origin": [12.59375, 0, 1.56875]},
			"faces": {
				"north": {"uv": [2, 0, 3, 4], "texture": "#3"},
				"east": {"uv": [0, 4, 1, 8], "texture": "#3"},
				"south": {"uv": [4, 0, 5, 4], "texture": "#3"},
				"west": {"uv": [0, 0, 1, 4], "texture": "#3"},
				"up": {"uv": [7, 5, 6, 4], "rotation": 270, "texture": "#3"},
				"down": {"uv": [7, 6, 6, 7], "rotation": 90, "texture": "#3"}
			}
		},
		{
			"from": [12.44063, 4.44063, 0.95625],
			"to": [13.20625, 5.66563, 1.72187],
			"rotation": {"angle": -22.5, "axis": "y", "origin": [12.59375, 0, 1.56875]},
			"faces": {
				"north": {"uv": [4, 4, 5, 5], "texture": "#3"},
				"east": {"uv": [6, 0, 7, 1], "texture": "#3"},
				"south": {"uv": [2, 6, 3, 7], "texture": "#3"},
				"west": {"uv": [2, 4, 3, 5], "texture": "#3"},
				"up": {"uv": [7, 3, 6, 2], "rotation": 270, "texture": "#3"},
				"down": {"uv": [5, 6, 4, 7], "rotation": 90, "texture": "#3"}
			}
		},
		{
			"from": [7.54063, 0, 0.0375],
			"to": [9.225, 4.44063, 1.72187],
			"rotation": {"angle": 45, "axis": "y", "origin": [8.6125, 0, 0.65]},
			"faces": {
				"north": {"uv": [4, 0, 5, 4], "texture": "#3"},
				"east": {"uv": [0, 0, 1, 4], "texture": "#3"},
				"south": {"uv": [2, 0, 3, 4], "texture": "#3"},
				"west": {"uv": [0, 4, 1, 8], "texture": "#3"},
				"up": {"uv": [7, 5, 6, 4], "rotation": 90, "texture": "#3"},
				"down": {"uv": [7, 6, 6, 7], "rotation": 270, "texture": "#3"}
			}
		},
		{
			"from": [8, 4.44063, 0.49687],
			"to": [8.76563, 5.66563, 1.2625],
			"rotation": {"angle": 45, "axis": "y", "origin": [8.6125, 0, 0.65]},
			"faces": {
				"north": {"uv": [2, 6, 3, 7], "texture": "#3"},
				"east": {"uv": [2, 4, 3, 5], "texture": "#3"},
				"south": {"uv": [4, 4, 5, 5], "texture": "#3"},
				"west": {"uv": [6, 0, 7, 1], "texture": "#3"},
				"up": {"uv": [7, 3, 6, 2], "rotation": 90, "texture": "#3"},
				"down": {"uv": [5, 6, 4, 7], "rotation": 270, "texture": "#3"}
			}
		},
		{
			"from": [1.2625, 0, 1.41562],
			"to": [2.94687, 1.68438, 5.85625],
			"rotation": {"angle": 0, "axis": "y", "origin": [1.875, 1.07188, 1.41562]},
			"faces": {
				"north": {"uv": [7, 6, 6, 7], "rotation": 180, "texture": "#3"},
				"east": {"uv": [2, 0, 3, 4], "rotation": 270, "texture": "#3"},
				"south": {"uv": [7, 5, 6, 4], "texture": "#3"},
				"west": {"uv": [4, 0, 5, 4], "rotation": 90, "texture": "#3"},
				"up": {"uv": [0, 0, 1, 4], "rotation": 180, "texture": "#3"},
				"down": {"uv": [0, 4, 1, 8], "texture": "#3"}
			}
		},
		{
			"from": [1.72187, 0.45938, 5.85625],
			"to": [2.4875, 1.225, 7.08125],
			"rotation": {"angle": 0, "axis": "y", "origin": [1.875, 1.07188, 1.41562]},
			"faces": {
				"north": {"uv": [5, 6, 4, 7], "rotation": 180, "texture": "#3"},
				"east": {"uv": [4, 4, 5, 5], "rotation": 270, "texture": "#3"},
				"south": {"uv": [7, 3, 6, 2], "texture": "#3"},
				"west": {"uv": [2, 6, 3, 7], "rotation": 90, "texture": "#3"},
				"up": {"uv": [2, 4, 3, 5], "rotation": 180, "texture": "#3"},
				"down": {"uv": [6, 0, 7, 1], "texture": "#3"}
			}
		},
		{
			"from": [4.17188, 0, -0.72813],
			"to": [5.85625, 4.44063, 0.95625],
			"rotation": {"angle": 45, "axis": "y", "origin": [5.24375, 0, -0.11563]},
			"faces": {
				"north": {"uv": [4, 0, 5, 4], "texture": "#3"},
				"east": {"uv": [0, 0, 1, 4], "texture": "#3"},
				"south": {"uv": [2, 0, 3, 4], "texture": "#3"},
				"west": {"uv": [0, 4, 1, 8], "texture": "#3"},
				"up": {"uv": [7, 5, 6, 4], "rotation": 90, "texture": "#3"},
				"down": {"uv": [7, 6, 6, 7], "rotation": 270, "texture": "#3"}
			}
		},
		{
			"from": [4.63125, 4.44063, -0.26875],
			"to": [5.39688, 5.66563, 0.49687],
			"rotation": {"angle": 45, "axis": "y", "origin": [5.24375, 0, -0.11563]},
			"faces": {
				"north": {"uv": [2, 6, 3, 7], "texture": "#3"},
				"east": {"uv": [2, 4, 3, 5], "texture": "#3"},
				"south": {"uv": [4, 4, 5, 5], "texture": "#3"},
				"west": {"uv": [6, 0, 7, 1], "texture": "#3"},
				"up": {"uv": [7, 3, 6, 2], "rotation": 90, "texture": "#3"},
				"down": {"uv": [5, 6, 4, 7], "rotation": 270, "texture": "#3"}
			}
		}
	],
	"display": {
		"thirdperson_righthand": {
			"rotation": [71, 0, 0],
			"translation": [0, 7.5, 2.5],
			"scale": [1.07961, 1.15711, 1.01891]
		},
		"thirdperson_lefthand": {
			"rotation": [73, 0, 0],
			"translation": [0, 5.75, 1.75],
			"scale": [0.79477, 0.85469, 0.85094]
		},
		"ground": {
			"translation": [0, 18.25, 0],
			"scale": [1.97461, 2.14063, 1.83789]
		},
		"fixed": {
			"rotation": [-90, 0, 0],
			"translation": [0, -2, -18],
			"scale": [2.47656, 2.48243, 2.57227]
		}
	}
}