{
	"credit": "Made with Blockbench",
	"texture_size": [8, 8],
	"textures": {
		"0": "item/razerbude",
		"1": "item/razerbude2",
		"2": "item/razerwesen",
		"3": "item/razerdoor",
		"particle": "item/razerbude"
	},
	"elements": [
		{
			"from": [5, 0, 6],
			"to": [11, 5, 10],
			"rotation": {"angle": 0, "axis": "y", "origin": [7, 0, 7]},
			"faces": {
				"north": {"uv": [0, 0, 6, 5], "texture": "#0"},
				"east": {"uv": [6, 8, 10, 13], "texture": "#0"},
				"south": {"uv": [0, 5, 6, 10], "texture": "#0"},
				"west": {"uv": [0, 10, 4, 15], "texture": "#0"},
				"up": {"uv": [12, 4, 6, 0], "texture": "#0"},
				"down": {"uv": [12, 4, 6, 8], "texture": "#0"}
			}
		},
		{
			"from": [5, 5, 6],
			"to": [11, 5.25, 6.125],
			"rotation": {"angle": 0, "axis": "y", "origin": [6, 4, 6]},
			"faces": {
				"north": {"uv": [0, 4, 6, 4.25], "texture": "#1"},
				"east": {"uv": [8, 5, 8.25, 5.25], "texture": "#1"},
				"south": {"uv": [0, 5, 6, 5.25], "texture": "#1"},
				"west": {"uv": [6, 8, 6.25, 8.25], "texture": "#1"},
				"up": {"uv": [6, 6.25, 0, 6], "texture": "#1"},
				"down": {"uv": [12, 0, 6, 0.25], "texture": "#1"}
			}
		},
		{
			"from": [5, 5, 9.875],
			"to": [11, 5.25, 10],
			"rotation": {"angle": 0, "axis": "y", "origin": [6, 4, 9.875]},
			"faces": {
				"north": {"uv": [0, 0, 6, 0.25], "texture": "#1"},
				"east": {"uv": [2, 8, 2.25, 8.25], "texture": "#1"},
				"south": {"uv": [0, 1, 6, 1.25], "texture": "#1"},
				"west": {"uv": [3, 8, 3.25, 8.25], "texture": "#1"},
				"up": {"uv": [6, 2.25, 0, 2], "texture": "#1"},
				"down": {"uv": [6, 3, 0, 3.25], "texture": "#1"}
			}
		},
		{
			"from": [5, 5, 6.125],
			"to": [5.125, 5.25, 9.875],
			"rotation": {"angle": 0, "axis": "y", "origin": [6, 4, 9.875]},
			"faces": {
				"north": {"uv": [4, 8, 4.25, 8.25], "texture": "#1"},
				"east": {"uv": [1, 7, 4.75, 7.25], "texture": "#1"},
				"south": {"uv": [8, 4, 8.25, 4.25], "texture": "#1"},
				"west": {"uv": [7, 3, 10.75, 3.25], "texture": "#1"},
				"up": {"uv": [7.25, 7.75, 7, 4], "texture": "#1"},
				"down": {"uv": [5.25, 7, 5, 10.75], "texture": "#1"}
			}
		},
		{
			"from": [10.875, 5, 6.125],
			"to": [11, 5.25, 9.875],
			"rotation": {"angle": 0, "axis": "y", "origin": [11.875, 4, 9.875]},
			"faces": {
				"north": {"uv": [6, 7, 6.25, 7.25], "texture": "#1"},
				"east": {"uv": [6, 1, 9.75, 1.25], "texture": "#1"},
				"south": {"uv": [1, 8, 1.25, 8.25], "texture": "#1"},
				"west": {"uv": [6, 2, 9.75, 2.25], "texture": "#1"},
				"up": {"uv": [6.25, 6.75, 6, 3], "texture": "#1"},
				"down": {"uv": [0.25, 7, 0, 10.75], "texture": "#1"}
			}
		},
		{
			"from": [7.6875, 5.1875, 7.9375],
			"to": [7.875, 5.4375, 8.6875],
			"rotation": {"angle": 0, "axis": "y", "origin": [7.625, 5.1875, 7.1875]},
			"faces": {
				"north": {"uv": [8, 8, 8.5, 8.5], "texture": "#2"},
				"east": {"uv": [0, 0, 1.5, 0.5], "texture": "#2"},
				"south": {"uv": [0, 10, 0.5, 10.5], "texture": "#2"},
				"west": {"uv": [0, 2, 1.5, 2.5], "texture": "#2"},
				"up": {"uv": [2.5, 1.5, 2, 0], "texture": "#2"},
				"down": {"uv": [2.5, 2, 2, 3.5], "texture": "#2"}
			}
		},
		{
			"from": [7.625, 5, 8.125],
			"to": [7.6875, 5.4375, 8.1875],
			"rotation": {"angle": 0, "axis": "y", "origin": [7.625, 5.1875, 7.1875]},
			"faces": {
				"north": {"uv": [6, 2, 6.5, 3], "texture": "#2"},
				"east": {"uv": [4, 6, 4.5, 7], "texture": "#2"},
				"south": {"uv": [6, 4, 6.5, 5], "texture": "#2"},
				"west": {"uv": [6, 6, 6.5, 7], "texture": "#2"},
				"up": {"uv": [2.5, 12.5, 2, 12], "texture": "#2"},
				"down": {"uv": [12.5, 2, 12, 2.5], "texture": "#2"}
			}
		},
		{
			"from": [7.875, 5, 8.125],
			"to": [7.9375, 5.4375, 8.1875],
			"rotation": {"angle": 0, "axis": "y", "origin": [7.875, 5.1875, 7.1875]},
			"faces": {
				"north": {"uv": [0, 8, 0.5, 9], "texture": "#2"},
				"east": {"uv": [8, 0, 8.5, 1], "texture": "#2"},
				"south": {"uv": [2, 8, 2.5, 9], "texture": "#2"},
				"west": {"uv": [8, 2, 8.5, 3], "texture": "#2"},
				"up": {"uv": [4.5, 12.5, 4, 12], "texture": "#2"},
				"down": {"uv": [12.5, 4, 12, 4.5], "texture": "#2"}
			}
		},
		{
			"from": [7.875, 5, 8.5],
			"to": [7.9375, 5.4375, 8.5625],
			"rotation": {"angle": 0, "axis": "y", "origin": [7.875, 5.1875, 7.5625]},
			"faces": {
				"north": {"uv": [0, 4, 0.5, 5], "texture": "#2"},
				"east": {"uv": [4, 0, 4.5, 1], "texture": "#2"},
				"south": {"uv": [2, 4, 2.5, 5], "texture": "#2"},
				"west": {"uv": [4, 2, 4.5, 3], "texture": "#2"},
				"up": {"uv": [4.5, 8.5, 4, 8], "texture": "#2"},
				"down": {"uv": [8.5, 4, 8, 4.5], "texture": "#2"}
			}
		},
		{
			"from": [7.625, 5, 8.5],
			"to": [7.6875, 5.4375, 8.5625],
			"rotation": {"angle": 0, "axis": "y", "origin": [7.625, 5.1875, 7.5625]},
			"faces": {
				"north": {"uv": [4, 4, 4.5, 5], "texture": "#2"},
				"east": {"uv": [0, 6, 0.5, 7], "texture": "#2"},
				"south": {"uv": [6, 0, 6.5, 1], "texture": "#2"},
				"west": {"uv": [2, 6, 2.5, 7], "texture": "#2"},
				"up": {"uv": [6.5, 8.5, 6, 8], "texture": "#2"},
				"down": {"uv": [8.5, 6, 8, 6.5], "texture": "#2"}
			}
		},
		{
			"from": [7.6875, 5.4375, 8.5625],
			"to": [7.875, 5.75, 8.6875],
			"rotation": {"angle": 0, "axis": "y", "origin": [7.625, 5.1875, 7.25]},
			"faces": {
				"north": {"uv": [10, 0, 10.5, 0.5], "texture": "#2"},
				"east": {"uv": [2, 10, 2.5, 10.5], "texture": "#2"},
				"south": {"uv": [10, 2, 10.5, 2.5], "texture": "#2"},
				"west": {"uv": [4, 10, 4.5, 10.5], "texture": "#2"},
				"up": {"uv": [10.5, 4.5, 10, 4], "texture": "#2"},
				"down": {"uv": [6.5, 10, 6, 10.5], "texture": "#2"}
			}
		},
		{
			"from": [7.6875, 5.625, 8.6875],
			"to": [7.875, 5.6875, 8.875],
			"rotation": {"angle": 0, "axis": "y", "origin": [7.625, 5.1875, 7.25]},
			"faces": {
				"north": {"uv": [10, 6, 10.5, 6.5], "texture": "#2"},
				"east": {"uv": [8, 10, 8.5, 10.5], "texture": "#2"},
				"south": {"uv": [10, 8, 10.5, 8.5], "texture": "#2"},
				"west": {"uv": [10, 10, 10.5, 10.5], "texture": "#2"},
				"up": {"uv": [0.5, 12.5, 0, 12], "texture": "#2"},
				"down": {"uv": [12.5, 0, 12, 0.5], "texture": "#2"}
			}
		},
		{
			"from": [7, 1.3125, 10],
			"to": [9, 1.625, 10.25],
			"rotation": {"angle": 0, "axis": "y", "origin": [7, 0, 9]},
			"faces": {
				"north": {"uv": [4, 0, 8, 0.5], "texture": "#3"},
				"east": {"uv": [4, 12, 4.5, 12.5], "texture": "#3"},
				"south": {"uv": [4, 2, 8, 2.5], "texture": "#3"},
				"west": {"uv": [12, 4, 12.5, 4.5], "texture": "#3"},
				"up": {"uv": [8, 4.5, 4, 4], "texture": "#3"},
				"down": {"uv": [8, 6, 4, 6.5], "texture": "#3"}
			}
		},
		{
			"from": [7, 0, 10],
			"to": [7.3125, 1.3125, 10.25],
			"rotation": {"angle": 0, "axis": "y", "origin": [7, 0, 9]},
			"faces": {
				"north": {"uv": [0, 10, 0.5, 12.5], "texture": "#3"},
				"east": {"uv": [2, 10, 2.5, 12.5], "texture": "#3"},
				"south": {"uv": [10, 2, 10.5, 4.5], "texture": "#3"},
				"west": {"uv": [10, 6, 10.5, 8.5], "texture": "#3"},
				"up": {"uv": [6.5, 12.5, 6, 12], "texture": "#3"},
				"down": {"uv": [12.5, 6, 12, 6.5], "texture": "#3"}
			}
		},
		{
			"from": [8.6875, 0, 10],
			"to": [9, 1.3125, 10.25],
			"rotation": {"angle": 0, "axis": "y", "origin": [8.6875, 0, 9]},
			"faces": {
				"north": {"uv": [8, 2, 8.5, 4.5], "texture": "#3"},
				"east": {"uv": [4, 8, 4.5, 10.5], "texture": "#3"},
				"south": {"uv": [6, 8, 6.5, 10.5], "texture": "#3"},
				"west": {"uv": [8, 6, 8.5, 8.5], "texture": "#3"},
				"up": {"uv": [12.5, 0.5, 12, 0], "texture": "#3"},
				"down": {"uv": [12.5, 2, 12, 2.5], "texture": "#3"}
			}
		},
		{
			"from": [7.3125, 0, 10],
			"to": [8.6875, 1.3125, 10.0625],
			"rotation": {"angle": 0, "axis": "y", "origin": [8.6875, 0, 9]},
			"faces": {
				"north": {"uv": [0, 0, 3, 2.5], "texture": "#3"},
				"east": {"uv": [8, 10, 8.5, 12.5], "texture": "#3"},
				"south": {"uv": [0, 4, 3, 6.5], "texture": "#3"},
				"west": {"uv": [10, 10, 10.5, 12.5], "texture": "#3"},
				"up": {"uv": [3, 8.5, 0, 8], "texture": "#3"},
				"down": {"uv": [11, 0, 8, 0.5], "texture": "#3"}
			}
		}
	],
	"display": {
		"thirdperson_righthand": {
			"translation": [0, 8, 0]
		},
		"thirdperson_lefthand": {
			"translation": [0, 8, 0]
		},
		"firstperson_righthand": {
			"translation": [0, 9.25, 0]
		},
		"firstperson_lefthand": {
			"translation": [0, 9.25, 0]
		},
		"ground": {
			"translation": [0, 3.75, 0]
		},
		"gui": {
			"translation": [0, 9.75, 0],
			"scale": [2.12, 1.94, 1.96]
		},
		"head": {
			"rotation": [0, 180, 0],
			"translation": [0, 26.5, 0],
			"scale": [4, 4, 4]
		},
		"fixed": {
			"rotation": [-89, 180, 0],
			"translation": [0, 0, -32.25],
			"scale": [4, 4, 4]
		}
	}
}