{
	"credit": "Made with Blockbench",
	"texture_size": [32, 32],
	"textures": {
		"0": "item/gasmask",
		"particle": "item/gasmask"
	},
	"elements": [
		{
			"from": [3, 0, 3],
			"to": [13, 10, 13],
			"rotation": {"angle": 0, "axis": "y", "origin": [7, 0, 7]},
			"faces": {
				"north": {"uv": [0, 0, 5, 5], "texture": "#0"},
				"east": {"uv": [0, 5, 5, 10], "texture": "#0"},
				"south": {"uv": [5, 0, 10, 5], "texture": "#0"},
				"west": {"uv": [5, 5, 10, 10], "texture": "#0"},
				"up": {"uv": [5, 15, 0, 10], "texture": "#0"},
				"down": {"uv": [15, 0, 10, 5], "texture": "#0"}
			}
		},
		{
			"from": [6.5, -2.6875, 5.125],
			"to": [9.5, -0.4375, 8.625],
			"rotation": {"angle": -45, "axis": "x", "origin": [7, -4.9375, 0.875]},
			"faces": {
				"north": {"uv": [12, 5, 13.5, 6.125], "texture": "#0"},
				"east": {"uv": [11.5, 8.5, 13.25, 9.625], "texture": "#0"},
				"south": {"uv": [7, 12, 8.5, 13.125], "texture": "#0"},
				"west": {"uv": [5, 12, 6.75, 13.125], "texture": "#0"},
				"up": {"uv": [8.5, 11.75, 7, 10], "texture": "#0"},
				"down": {"uv": [11.5, 7, 10, 8.75], "texture": "#0"}
			}
		},
		{
			"from": [6.25, -4.25, 3.0625],
			"to": [9.75, -0.75, 5.3125],
			"rotation": {"angle": -45, "axis": "x", "origin": [7, -5.5, -0.6875]},
			"faces": {
				"north": {"uv": [5, 10, 7, 12], "texture": "#0"},
				"east": {"uv": [8.5, 10, 9.625, 12], "texture": "#0"},
				"south": {"uv": [10, 5, 12, 7], "texture": "#0"},
				"west": {"uv": [10, 9, 11.125, 11], "texture": "#0"},
				"up": {"uv": [12, 12.125, 10, 11], "texture": "#0"},
				"down": {"uv": [13.5, 7, 11.5, 8.125], "texture": "#0"}
			}
		},
		{
			"from": [5.75, -4.75, 2.1875],
			"to": [10.25, -0.25, 3.0625],
			"rotation": {"angle": -45, "axis": "x", "origin": [7, -5.5, -0.6875]},
			"faces": {
				"north": {"uv": [5, 10, 7, 12], "texture": "#0"},
				"east": {"uv": [8.5, 10, 9.625, 12], "texture": "#0"},
				"south": {"uv": [10, 5, 12, 7], "texture": "#0"},
				"west": {"uv": [10, 9, 11.125, 11], "texture": "#0"},
				"up": {"uv": [12, 12.125, 10, 11], "texture": "#0"},
				"down": {"uv": [13.5, 7, 11.5, 8.125], "texture": "#0"}
			}
		}
	],
	"display": {
		"thirdperson_righthand": {
			"scale": [0.4, 0.37, 0.37]
		},
		"thirdperson_lefthand": {
			"scale": [0.43, 0.43, 0.4]
		},
		"ground": {
			"translation": [0, 5.5, 0]
		},
		"gui": {
			"rotation": [-177, 0, 180],
			"translation": [0, 3.75, 0]
		},
		"head": {
			"translation": [0, 3.82813, 0],
			"scale": [1.38656, 1.46555, 1.33609]
		}
	}
}