{
	"credit": "Made with Blockbench",
	"texture_size": [64, 64],
	"textures": {
		"0": "item/deskfan_body",
		"1": "item/A10",
		"particle": "item/deskfan_body"
	},
	"elements": [
		{
			"from": [4, -0.25, -9.75],
			"to": [12, 3.25, 12.75],
			"rotation": {"angle": 0, "axis": "y", "origin": [9, 0, -4]},
			"faces": {
				"north": {"uv": [5, 1.5, 7.5, 2], "texture": "#1"},
				"east": {"uv": [5, 0.5, 12.25, 1], "texture": "#1"},
				"south": {"uv": [5, 1, 7.5, 1.5], "texture": "#1"},
				"west": {"uv": [5, 0, 12.25, 0.5], "texture": "#1"},
				"up": {"uv": [2.5, 7.25, 0, 0], "rotation": 180, "texture": "#1"},
				"down": {"uv": [5, 0, 2.5, 7.25], "rotation": 180, "texture": "#1"}
			}
		},
		{
			"from": [3.5, 0.25, -10.75],
			"to": [12.5, 2.75, 13.75],
			"rotation": {"angle": 0, "axis": "y", "origin": [7, 0, 7]},
			"faces": {
				"north": {"uv": [0, 0, 11, 1.5], "texture": "#0"},
				"east": {"uv": [0, 0, 16, 1.5], "texture": "#0"},
				"south": {"uv": [0, 0, 11, 1.5], "texture": "#0"},
				"west": {"uv": [0, 0, 16, 1.5], "texture": "#0"},
				"up": {"uv": [0, 0, 11, 16], "texture": "#0"},
				"down": {"uv": [0, 0, 11, 16], "texture": "#0"}
			}
		}
	],
	"display": {
		"thirdperson_righthand": {
			"rotation": [-13.44, -3.54, 67.97],
			"translation": [-7.75, 6.25, 13.25]
		},
		"thirdperson_lefthand": {
			"rotation": [-13.44, -3.54, 67.97],
			"translation": [-7.75, 6.25, 13.25]
		},
		"firstperson_righthand": {
			"rotation": [-95, 0, 98],
			"translation": [-7.25, 9.75, 3.75]
		},
		"firstperson_lefthand": {
			"rotation": [-95, 0, 98],
			"translation": [-7.25, 9.75, 3.75]
		},
		"ground": {
			"translation": [0, 4.25, 6]
		},
		"gui": {
			"rotation": [86, -44, 0],
			"translation": [-3.75, -3, 0],
			"scale": [0.72, 0.69, 0.61]
		},
		"head": {
			"translation": [0, 0, -1]
		},
		"fixed": {
			"translation": [0, 15.75, 77.5],
			"scale": [2.62891, 2.61133, 2.13672]
		}
	}
}