{
    "fuck": {
         "sounds":[
             {
                 "name": "custom/fuck",
                 "weight": 1
             },  
         ]
    }
	
	"oicw_shoot": {
         "sounds":[
             {
                 "name": "custom/oicw_shoot",
                 "weight": 1
             },  
         ]
    }
	"oicw_click": {
         "sounds":[
             {
                 "name": "custom/oicw_click",
                 "weight": 1
             },  
         ]
    }
	
	
}