{
	"credit": "Made with Blockbench",
	"texture_size": [4, 4],
	"textures": {
		"0": "item/fanblades",
		"1": "item/grid",
		"2": "item/deskfan_body",
		"3": "item/buttons",
		"particle": "item/fanblades"
	},
	"elements": [
		{
			"from": [4.44, 0, 0.88],
			"to": [11.56, 1.335, 8],
			"rotation": {"angle": 0, "axis": "y", "origin": [4.44, 0, 0.88]},
			"faces": {
				"north": {"uv": [4, 2, 6, 3], "texture": "#2"},
				"east": {"uv": [3, 4, 5, 5], "texture": "#2"},
				"south": {"uv": [4, 3, 6, 4], "texture": "#2"},
				"west": {"uv": [5, 0, 7, 1], "texture": "#2"},
				"up": {"uv": [2, 2, 0, 0], "texture": "#2"},
				"down": {"uv": [2, 2, 0, 4], "texture": "#2"}
			}
		},
		{
			"from": [7.11, 1.335, 3.55],
			"to": [8.89, 8.01, 5.33],
			"rotation": {"angle": 0, "axis": "y", "origin": [4.44, 1.335, 0.88]},
			"faces": {
				"north": {"uv": [0, 4, 1, 6], "texture": "#2"},
				"east": {"uv": [4, 0, 5, 2], "texture": "#2"},
				"south": {"uv": [1, 4, 2, 6], "texture": "#2"},
				"west": {"uv": [2, 4, 3, 6], "texture": "#2"},
				"up": {"uv": [8, 7, 7, 6], "texture": "#2"},
				"down": {"uv": [8, 7, 7, 8], "texture": "#2"}
			}
		},
		{
			"from": [6.22, 8.01, 2.66],
			"to": [9.78, 11.57, 8],
			"rotation": {"angle": 0, "axis": "y", "origin": [4.44, 8.01, 0.88]},
			"faces": {
				"north": {"uv": [3, 7, 4, 8], "texture": "#2"},
				"east": {"uv": [2, 0, 4, 1], "texture": "#2"},
				"south": {"uv": [7, 5, 8, 6], "texture": "#2"},
				"west": {"uv": [2, 1, 4, 2], "texture": "#2"},
				"up": {"uv": [3, 4, 2, 2], "texture": "#2"},
				"down": {"uv": [4, 2, 3, 4], "texture": "#2"}
			}
		},
		{
			"from": [3.55, 5.59, 1.5475],
			"to": [12.45, 14.49, 1.9925],
			"rotation": {"angle": 0, "axis": "y", "origin": [4.44, 8.26, -1.5675]},
			"faces": {
				"north": {"uv": [0, 0, 2.8125, 2.8125], "texture": "#0"},
				"east": {"uv": [3, 0, 4, 3], "texture": "#0"},
				"south": {"uv": [0, 2.875, 2.875, 5.6875], "texture": "#0"},
				"west": {"uv": [3, 3, 4, 6], "texture": "#0"},
				"up": {"uv": [7, 1, 4, 0], "texture": "#0"},
				"down": {"uv": [7, 1, 4, 2], "texture": "#0"}
			}
		},
		{
			"from": [2.66, 4.45, 0.6575],
			"to": [13.34, 15.13, 2.8825],
			"rotation": {"angle": 0, "axis": "y", "origin": [4.44, 8.01, -1.5675]},
			"faces": {
				"north": {"uv": [0, 0, 6, 6], "texture": "#1"},
				"east": {"uv": [6, 0, 7.25, 6], "texture": "#1"},
				"south": {"uv": [0, 6, 6, 12], "texture": "#1"},
				"west": {"uv": [6, 6, 7.25, 12], "texture": "#1"},
				"up": {"uv": [14, 1.25, 8, 0], "texture": "#1"},
				"down": {"uv": [14, 2, 8, 3.25], "texture": "#1"}
			}
		},
		{
			"from": [7.7775, 9.5675, 1.1025],
			"to": [8.2225, 10.0125, 2.66],
			"rotation": {"angle": 0, "axis": "y", "origin": [4.44, 9.5675, -4.46]},
			"faces": {
				"north": {"uv": [0, 0, 0.5, 0.5], "texture": "#2"},
				"east": {"uv": [0, 0, 1.75, 0.5], "texture": "#2"},
				"south": {"uv": [0, 0, 0.5, 0.5], "texture": "#2"},
				"west": {"uv": [0, 0, 1.75, 0.5], "texture": "#2"},
				"up": {"uv": [0, 0, 0.5, 1.75], "texture": "#2"},
				"down": {"uv": [0, 0, 0.5, 1.75], "texture": "#2"}
			}
		},
		{
			"from": [3.55, 0, 0.88],
			"to": [4.44, 1.335, 8],
			"rotation": {"angle": 0, "axis": "y", "origin": [4.44, 0, 0.88]},
			"faces": {
				"north": {"uv": [3, 8, 4, 9], "texture": "#2"},
				"east": {"uv": [5, 6, 7, 7], "texture": "#2"},
				"south": {"uv": [4, 8, 5, 9], "texture": "#2"},
				"west": {"uv": [0, 7, 2, 8], "texture": "#2"},
				"up": {"uv": [8, 2, 7, 0], "texture": "#2"},
				"down": {"uv": [3, 7, 2, 9], "texture": "#2"}
			}
		},
		{
			"from": [11.56, 0, 0.88],
			"to": [12.45, 1.335, 8],
			"rotation": {"angle": 0, "axis": "y", "origin": [12.45, 0, 0.88]},
			"faces": {
				"north": {"uv": [1, 8, 2, 9], "texture": "#2"},
				"east": {"uv": [0, 6, 2, 7], "texture": "#2"},
				"south": {"uv": [8, 1, 9, 2], "texture": "#2"},
				"west": {"uv": [2, 6, 4, 7], "texture": "#2"},
				"up": {"uv": [7, 4, 6, 2], "texture": "#2"},
				"down": {"uv": [5, 6, 4, 8], "texture": "#2"}
			}
		},
		{
			"from": [4.44, 0, -0.01],
			"to": [11.56, 1.335, 0.88],
			"rotation": {"angle": 0, "axis": "y", "origin": [4.44, 0, -6.24]},
			"faces": {
				"north": {"uv": [7, 2, 9, 3], "texture": "#2"},
				"east": {"uv": [5, 8, 6, 9], "texture": "#2"},
				"south": {"uv": [7, 3, 9, 4], "texture": "#2"},
				"west": {"uv": [8, 5, 9, 6], "texture": "#2"},
				"up": {"uv": [9, 5, 7, 4], "texture": "#2"},
				"down": {"uv": [7, 7, 5, 8], "texture": "#2"}
			}
		},
		{
			"from": [9.1125, 0.2225, 1.77],
			"to": [9.5575, 1.5575, 2.66],
			"rotation": {"angle": 0, "axis": "y", "origin": [2.4375, 0.2225, -4.46]},
			"faces": {
				"north": {"uv": [4, 0, 4.5, 1.5], "texture": "#3"},
				"east": {"uv": [0, 0, 1, 1.5], "texture": "#3"},
				"south": {"uv": [4, 4, 4.5, 5.5], "texture": "#3"},
				"west": {"uv": [0, 4, 1, 5.5], "texture": "#3"},
				"up": {"uv": [0.5, 9, 0, 8], "texture": "#3"},
				"down": {"uv": [8.5, 0, 8, 1], "texture": "#3"}
			}
		},
		{
			"from": [8.2225, 0.2225, 1.77],
			"to": [8.6675, 1.5575, 2.66],
			"rotation": {"angle": 0, "axis": "y", "origin": [1.5475, 0.2225, -4.46]},
			"faces": {
				"north": {"uv": [4, 0, 4.5, 1.5], "texture": "#3"},
				"east": {"uv": [0, 0, 1, 1.5], "texture": "#3"},
				"south": {"uv": [4, 4, 4.5, 5.5], "texture": "#3"},
				"west": {"uv": [0, 4, 1, 5.5], "texture": "#3"},
				"up": {"uv": [0.5, 9, 0, 8], "texture": "#3"},
				"down": {"uv": [8.5, 0, 8, 1], "texture": "#3"}
			}
		},
		{
			"from": [7.3325, 0.2225, 1.77],
			"to": [7.7775, 1.5575, 2.66],
			"rotation": {"angle": 0, "axis": "y", "origin": [0.6575, 0.2225, -4.46]},
			"faces": {
				"north": {"uv": [4, 0, 4.5, 1.5], "texture": "#3"},
				"east": {"uv": [0, 0, 1, 1.5], "texture": "#3"},
				"south": {"uv": [4, 4, 4.5, 5.5], "texture": "#3"},
				"west": {"uv": [0, 4, 1, 5.5], "texture": "#3"},
				"up": {"uv": [0.5, 9, 0, 8], "texture": "#3"},
				"down": {"uv": [8.5, 0, 8, 1], "texture": "#3"}
			}
		},
		{
			"from": [6.4425, 0.2225, 1.77],
			"to": [6.8875, 1.5575, 2.66],
			"rotation": {"angle": 0, "axis": "y", "origin": [-0.2325, 0.2225, -4.46]},
			"faces": {
				"north": {"uv": [4, 0, 4.5, 1.5], "texture": "#3"},
				"east": {"uv": [0, 0, 1, 1.5], "texture": "#3"},
				"south": {"uv": [4, 4, 4.5, 5.5], "texture": "#3"},
				"west": {"uv": [0, 4, 1, 5.5], "texture": "#3"},
				"up": {"uv": [0.5, 9, 0, 8], "texture": "#3"},
				"down": {"uv": [8.5, 0, 8, 1], "texture": "#3"}
			}
		},
		{
			"from": [4.44, 0, 8],
			"to": [11.56, 1.335, 8.89],
			"rotation": {"angle": 0, "axis": "y", "origin": [4.44, 0, 1.77]},
			"faces": {
				"north": {"uv": [5, 1, 7, 2], "texture": "#2"},
				"east": {"uv": [0, 8, 1, 9], "texture": "#2"},
				"south": {"uv": [3, 5, 5, 6], "texture": "#2"},
				"west": {"uv": [8, 0, 9, 1], "texture": "#2"},
				"up": {"uv": [7, 5, 5, 4], "texture": "#2"},
				"down": {"uv": [7, 5, 5, 6], "texture": "#2"}
			}
		}
	],
	"display": {
		"thirdperson_righthand": {
			"rotation": [73.5, 0, 0],
			"translation": [0, -0.25, 3.75],
			"scale": [0.63, 0.57, 0.55]
		},
		"thirdperson_lefthand": {
			"rotation": [73.5, 0, 0],
			"translation": [0, -0.25, 3.75],
			"scale": [0.63, 0.57, 0.55]
		},
		"ground": {
			"translation": [0, 6.25, 0]
		},
		"gui": {
			"rotation": [0, 180, 0]
		},
		"head": {
			"translation": [0, 13.75, 3.25]
		},
		"fixed": {
			"rotation": [-90, 0, 0],
			"translation": [0, 6.5, -13.5],
			"scale": [1.87, 1.87, 1.87]
		}
	}
}