{
	"format_version": "1.9.0",
	"texture_size": [8, 8],
	"textures": {
		"0": "item/shop_1",
		"particle": "item/shop_1"
	},
	"elements": [
		{
			"from": [7.5475, 0.4375, 4.7375],
			"to": [8.8275, 1.9825, 6.0175],
			"rotation": {"angle": 0, "axis": "y", "origin": [7.5475, 0, 4.7375]},
			"faces": {
				"north": {"uv": [0, 0, 2, 3], "texture": "#0"},
				"east": {"uv": [2, 0, 4, 3], "texture": "#0"},
				"south": {"uv": [0, 3, 2, 6], "texture": "#0"},
				"west": {"uv": [2, 3, 4, 6], "texture": "#0"},
				"up": {"uv": [6, 2, 4, 0], "texture": "#0"},
				"down": {"uv": [6, 2, 4, 4], "texture": "#0"}
			}
		},
		{
			"from": [6.0725, 0.4375, 4.7375],
			"to": [7.3525, 1.9825, 6.0175],
			"rotation": {"angle": 0, "axis": "y", "origin": [6.0725, 0, 4.7375]},
			"faces": {
				"north": {"uv": [0, 0, 2, 3], "texture": "#0"},
				"east": {"uv": [2, 0, 4, 3], "texture": "#0"},
				"south": {"uv": [0, 3, 2, 6], "texture": "#0"},
				"west": {"uv": [2, 3, 4, 6], "texture": "#0"},
				"up": {"uv": [6, 2, 4, 0], "texture": "#0"},
				"down": {"uv": [6, 2, 4, 4], "texture": "#0"}
			}
		},
		{
			"from": [9.0075, 0.4375, 4.7375],
			"to": [10.2875, 1.9825, 6.0175],
			"rotation": {"angle": 0, "axis": "y", "origin": [9.0075, 0, 4.7375]},
			"faces": {
				"north": {"uv": [0, 0, 2, 3], "texture": "#0"},
				"east": {"uv": [2, 0, 4, 3], "texture": "#0"},
				"south": {"uv": [0, 3, 2, 6], "texture": "#0"},
				"west": {"uv": [2, 3, 4, 6], "texture": "#0"},
				"up": {"uv": [6, 2, 4, 0], "texture": "#0"},
				"down": {"uv": [6, 2, 4, 4], "texture": "#0"}
			}
		},
		{
			"from": [9.0875, 1.9175, 4.8175],
			"to": [10.2075, 4.32, 5.9375],
			"rotation": {"angle": 0, "axis": "y", "origin": [9.0075, 0.48, 4.7375]},
			"faces": {
				"north": {"uv": [16, 16, 15, 15], "texture": "#0"},
				"east": {"uv": [16, 16, 15, 15], "texture": "#0"},
				"south": {"uv": [16, 15, 15, 16], "texture": "#0"},
				"west": {"uv": [16, 15, 15, 16], "texture": "#0"},
				"up": {"uv": [15, 15, 16, 16], "texture": "#0"},
				"down": {"uv": [15, 16, 16, 15], "texture": "#0"}
			}
		},
		{
			"from": [7.6275, 1.9175, 4.8175],
			"to": [8.7475, 4.32, 5.9375],
			"rotation": {"angle": 0, "axis": "y", "origin": [7.5475, 0.48, 4.7375]},
			"faces": {
				"north": {"uv": [16, 16, 15, 15], "texture": "#0"},
				"east": {"uv": [16, 16, 15, 15], "texture": "#0"},
				"south": {"uv": [16, 15, 15, 16], "texture": "#0"},
				"west": {"uv": [16, 15, 15, 16], "texture": "#0"},
				"up": {"uv": [15, 15, 16, 16], "texture": "#0"},
				"down": {"uv": [15, 16, 16, 15], "texture": "#0"}
			}
		},
		{
			"from": [6.1525, 1.9175, 4.8175],
			"to": [7.2725, 4.32, 5.9375],
			"rotation": {"angle": 0, "axis": "y", "origin": [6.0725, 0.48, 4.7375]},
			"faces": {
				"north": {"uv": [16, 16, 15, 15], "texture": "#0"},
				"east": {"uv": [16, 16, 15, 15], "texture": "#0"},
				"south": {"uv": [16, 15, 15, 16], "texture": "#0"},
				"west": {"uv": [16, 15, 15, 16], "texture": "#0"},
				"up": {"uv": [15, 15, 16, 16], "texture": "#0"},
				"down": {"uv": [15, 16, 16, 15], "texture": "#0"}
			}
		},
		{
			"from": [6.2325, 4.32, 4.8975],
			"to": [7.1925, 5, 5.8575],
			"rotation": {"angle": 0, "axis": "y", "origin": [6.0725, 4.96, 4.7375]},
			"faces": {
				"north": {"uv": [0, 0, 2, 3], "texture": "#0"},
				"east": {"uv": [2, 0, 4, 3], "texture": "#0"},
				"south": {"uv": [0, 3, 2, 6], "texture": "#0"},
				"west": {"uv": [2, 3, 4, 6], "texture": "#0"},
				"up": {"uv": [6, 2, 4, 0], "texture": "#0"},
				"down": {"uv": [6, 2, 4, 4], "texture": "#0"}
			}
		},
		{
			"from": [7.7075, 4.32, 4.8975],
			"to": [8.6675, 5, 5.8575],
			"rotation": {"angle": 0, "axis": "y", "origin": [7.5475, 4.96, 4.7375]},
			"faces": {
				"north": {"uv": [0, 0, 2, 3], "texture": "#0"},
				"east": {"uv": [2, 0, 4, 3], "texture": "#0"},
				"south": {"uv": [0, 3, 2, 6], "texture": "#0"},
				"west": {"uv": [2, 3, 4, 6], "texture": "#0"},
				"up": {"uv": [6, 2, 4, 0], "texture": "#0"},
				"down": {"uv": [6, 2, 4, 4], "texture": "#0"}
			}
		},
		{
			"from": [9.1675, 4.32, 4.8975],
			"to": [10.1275, 5, 5.8575],
			"rotation": {"angle": 0, "axis": "y", "origin": [9.0075, 4.96, 4.7375]},
			"faces": {
				"north": {"uv": [0, 0, 2, 3], "texture": "#0"},
				"east": {"uv": [2, 0, 4, 3], "texture": "#0"},
				"south": {"uv": [0, 3, 2, 6], "texture": "#0"},
				"west": {"uv": [2, 3, 4, 6], "texture": "#0"},
				"up": {"uv": [6, 2, 4, 0], "texture": "#0"},
				"down": {"uv": [6, 2, 4, 4], "texture": "#0"}
			}
		},
		{
			"from": [6.3125, 5, 4.9775],
			"to": [7.1125, 5.16, 5.7775],
			"rotation": {"angle": 0, "axis": "y", "origin": [6.0725, 5.24, 4.7375]},
			"faces": {
				"north": {"uv": [0, 0, 2, 3], "texture": "#0"},
				"east": {"uv": [2, 0, 4, 3], "texture": "#0"},
				"south": {"uv": [0, 3, 2, 6], "texture": "#0"},
				"west": {"uv": [2, 3, 4, 6], "texture": "#0"},
				"up": {"uv": [6, 2, 4, 0], "texture": "#0"},
				"down": {"uv": [6, 2, 4, 4], "texture": "#0"}
			}
		},
		{
			"from": [7.7875, 5, 4.9775],
			"to": [8.5875, 5.16, 5.7775],
			"rotation": {"angle": 0, "axis": "y", "origin": [7.5475, 5.24, 4.7375]},
			"faces": {
				"north": {"uv": [0, 0, 2, 3], "texture": "#0"},
				"east": {"uv": [2, 0, 4, 3], "texture": "#0"},
				"south": {"uv": [0, 3, 2, 6], "texture": "#0"},
				"west": {"uv": [2, 3, 4, 6], "texture": "#0"},
				"up": {"uv": [6, 2, 4, 0], "texture": "#0"},
				"down": {"uv": [6, 2, 4, 4], "texture": "#0"}
			}
		},
		{
			"from": [9.2475, 5, 4.9775],
			"to": [10.0475, 5.16, 5.7775],
			"rotation": {"angle": 0, "axis": "y", "origin": [9.0075, 5.24, 4.7375]},
			"faces": {
				"north": {"uv": [0, 0, 2, 3], "texture": "#0"},
				"east": {"uv": [2, 0, 4, 3], "texture": "#0"},
				"south": {"uv": [0, 3, 2, 6], "texture": "#0"},
				"west": {"uv": [2, 3, 4, 6], "texture": "#0"},
				"up": {"uv": [6, 2, 4, 0], "texture": "#0"},
				"down": {"uv": [6, 2, 4, 4], "texture": "#0"}
			}
		},
		{
			"from": [9.4875, 5.16, 5.2175],
			"to": [9.8075, 5.36, 5.5375],
			"rotation": {"angle": 0, "axis": "y", "origin": [9.0075, 5.4, 4.7375]},
			"faces": {
				"north": {"uv": [16, 15, 15, 16], "texture": "#0"},
				"east": {"uv": [15, 15, 16, 16], "texture": "#0"},
				"south": {"uv": [15, 15, 16, 16], "texture": "#0"},
				"west": {"uv": [15, 15, 16, 16], "texture": "#0"},
				"up": {"uv": [15, 15, 16, 16], "texture": "#0"},
				"down": {"uv": [6, 2, 4, 4], "texture": "#0"}
			}
		},
		{
			"from": [8.0275, 5.16, 5.2175],
			"to": [8.3475, 5.36, 5.5375],
			"rotation": {"angle": 0, "axis": "y", "origin": [7.5475, 5.4, 4.7375]},
			"faces": {
				"north": {"uv": [15, 15, 16, 16], "texture": "#0"},
				"east": {"uv": [15, 15, 16, 16], "texture": "#0"},
				"south": {"uv": [15, 15, 16, 16], "texture": "#0"},
				"west": {"uv": [15, 15, 16, 16], "texture": "#0"},
				"up": {"uv": [15, 15, 16, 16], "texture": "#0"},
				"down": {"uv": [6, 2, 4, 4], "texture": "#0"}
			}
		},
		{
			"from": [6.5525, 5.16, 5.2175],
			"to": [6.8725, 5.36, 5.5375],
			"rotation": {"angle": 0, "axis": "y", "origin": [6.0725, 5.4, 4.7375]},
			"faces": {
				"north": {"uv": [15, 15, 16, 16], "texture": "#0"},
				"east": {"uv": [15, 15, 16, 16], "texture": "#0"},
				"south": {"uv": [15, 15, 16, 16], "texture": "#0"},
				"west": {"uv": [15, 15, 16, 16], "texture": "#0"},
				"up": {"uv": [15, 15, 16, 16], "texture": "#0"},
				"down": {"uv": [6, 2, 4, 4], "texture": "#0"}
			}
		},
		{
			"from": [9.0475, 2.4, 4.7775],
			"to": [10.2475, 4.32, 5.9775],
			"rotation": {"angle": 0, "axis": "y", "origin": [9.0075, 2.4, 4.7375]},
			"faces": {
				"north": {"uv": [16, 16, 15, 15], "texture": "#0"},
				"east": {"uv": [16, 16, 15, 15], "texture": "#0"},
				"south": {"uv": [16, 15, 15, 16], "texture": "#0"},
				"west": {"uv": [16, 15, 15, 16], "texture": "#0"},
				"up": {"uv": [15, 15, 16, 16], "texture": "#0"},
				"down": {"uv": [15, 16, 16, 15], "texture": "#0"}
			}
		},
		{
			"from": [7.5875, 2.4, 4.7775],
			"to": [8.7875, 4.32, 5.9775],
			"rotation": {"angle": 0, "axis": "y", "origin": [7.5475, 2.4, 4.7375]},
			"faces": {
				"north": {"uv": [16, 16, 15, 15], "texture": "#0"},
				"east": {"uv": [16, 16, 15, 15], "texture": "#0"},
				"south": {"uv": [16, 15, 15, 16], "texture": "#0"},
				"west": {"uv": [16, 15, 15, 16], "texture": "#0"},
				"up": {"uv": [15, 15, 16, 16], "texture": "#0"},
				"down": {"uv": [15, 16, 16, 15], "texture": "#0"}
			}
		},
		{
			"from": [6.1125, 2.4, 4.7775],
			"to": [7.3125, 4.32, 5.9775],
			"rotation": {"angle": 0, "axis": "y", "origin": [6.0725, 2.4, 4.7375]},
			"faces": {
				"north": {"uv": [16, 16, 15, 15], "texture": "#0"},
				"east": {"uv": [16, 16, 15, 15], "texture": "#0"},
				"south": {"uv": [16, 15, 15, 16], "texture": "#0"},
				"west": {"uv": [16, 15, 15, 16], "texture": "#0"},
				"up": {"uv": [15, 15, 16, 16], "texture": "#0"},
				"down": {"uv": [15, 16, 16, 15], "texture": "#0"}
			}
		},
		{
			"from": [7.5475, 0.4375, 6.175],
			"to": [8.8275, 1.9825, 7.455],
			"rotation": {"angle": 0, "axis": "y", "origin": [7.5475, 0, 6.175]},
			"faces": {
				"north": {"uv": [0, 0, 2, 3], "texture": "#0"},
				"east": {"uv": [2, 0, 4, 3], "texture": "#0"},
				"south": {"uv": [0, 3, 2, 6], "texture": "#0"},
				"west": {"uv": [2, 3, 4, 6], "texture": "#0"},
				"up": {"uv": [6, 2, 4, 0], "texture": "#0"},
				"down": {"uv": [6, 2, 4, 4], "texture": "#0"}
			}
		},
		{
			"from": [6.0725, 0.4375, 6.175],
			"to": [7.3525, 1.9825, 7.455],
			"rotation": {"angle": 0, "axis": "y", "origin": [6.0725, 0, 6.175]},
			"faces": {
				"north": {"uv": [0, 0, 2, 3], "texture": "#0"},
				"east": {"uv": [2, 0, 4, 3], "texture": "#0"},
				"south": {"uv": [0, 3, 2, 6], "texture": "#0"},
				"west": {"uv": [2, 3, 4, 6], "texture": "#0"},
				"up": {"uv": [6, 2, 4, 0], "texture": "#0"},
				"down": {"uv": [6, 2, 4, 4], "texture": "#0"}
			}
		},
		{
			"from": [9.0075, 0.4375, 6.175],
			"to": [10.2875, 1.9825, 7.455],
			"rotation": {"angle": 0, "axis": "y", "origin": [9.0075, 0, 6.175]},
			"faces": {
				"north": {"uv": [0, 0, 2, 3], "texture": "#0"},
				"east": {"uv": [2, 0, 4, 3], "texture": "#0"},
				"south": {"uv": [0, 3, 2, 6], "texture": "#0"},
				"west": {"uv": [2, 3, 4, 6], "texture": "#0"},
				"up": {"uv": [6, 2, 4, 0], "texture": "#0"},
				"down": {"uv": [6, 2, 4, 4], "texture": "#0"}
			}
		},
		{
			"from": [6.1525, 1.9175, 6.255],
			"to": [7.2725, 4.32, 7.375],
			"rotation": {"angle": 0, "axis": "y", "origin": [6.0725, 0.48, 6.175]},
			"faces": {
				"north": {"uv": [16, 16, 15, 15], "texture": "#0"},
				"east": {"uv": [16, 16, 15, 15], "texture": "#0"},
				"south": {"uv": [16, 15, 15, 16], "texture": "#0"},
				"west": {"uv": [16, 15, 15, 16], "texture": "#0"},
				"up": {"uv": [15, 15, 16, 16], "texture": "#0"},
				"down": {"uv": [15, 16, 16, 15], "texture": "#0"}
			}
		},
		{
			"from": [7.6275, 1.9175, 6.255],
			"to": [8.7475, 4.32, 7.375],
			"rotation": {"angle": 0, "axis": "y", "origin": [7.5475, 0.48, 6.175]},
			"faces": {
				"north": {"uv": [16, 16, 15, 15], "texture": "#0"},
				"east": {"uv": [16, 16, 15, 15], "texture": "#0"},
				"south": {"uv": [16, 15, 15, 16], "texture": "#0"},
				"west": {"uv": [16, 15, 15, 16], "texture": "#0"},
				"up": {"uv": [15, 15, 16, 16], "texture": "#0"},
				"down": {"uv": [15, 16, 16, 15], "texture": "#0"}
			}
		},
		{
			"from": [9.0875, 1.9175, 6.255],
			"to": [10.2075, 4.32, 7.375],
			"rotation": {"angle": 0, "axis": "y", "origin": [9.0075, 0.48, 6.175]},
			"faces": {
				"north": {"uv": [16, 16, 15, 15], "texture": "#0"},
				"east": {"uv": [16, 16, 15, 15], "texture": "#0"},
				"south": {"uv": [16, 15, 15, 16], "texture": "#0"},
				"west": {"uv": [16, 15, 15, 16], "texture": "#0"},
				"up": {"uv": [15, 15, 16, 16], "texture": "#0"},
				"down": {"uv": [15, 16, 16, 15], "texture": "#0"}
			}
		},
		{
			"from": [6.1125, 2.4, 6.215],
			"to": [7.3125, 4.32, 7.415],
			"rotation": {"angle": 0, "axis": "y", "origin": [6.0725, 2.4, 6.175]},
			"faces": {
				"north": {"uv": [16, 16, 15, 15], "texture": "#0"},
				"east": {"uv": [16, 16, 15, 15], "texture": "#0"},
				"south": {"uv": [16, 15, 15, 16], "texture": "#0"},
				"west": {"uv": [16, 15, 15, 16], "texture": "#0"},
				"up": {"uv": [15, 15, 16, 16], "texture": "#0"},
				"down": {"uv": [15, 16, 16, 15], "texture": "#0"}
			}
		},
		{
			"from": [7.5875, 2.4, 6.215],
			"to": [8.7875, 4.32, 7.415],
			"rotation": {"angle": 0, "axis": "y", "origin": [7.5475, 2.4, 6.175]},
			"faces": {
				"north": {"uv": [16, 16, 15, 15], "texture": "#0"},
				"east": {"uv": [16, 16, 15, 15], "texture": "#0"},
				"south": {"uv": [16, 15, 15, 16], "texture": "#0"},
				"west": {"uv": [16, 15, 15, 16], "texture": "#0"},
				"up": {"uv": [15, 15, 16, 16], "texture": "#0"},
				"down": {"uv": [15, 16, 16, 15], "texture": "#0"}
			}
		},
		{
			"from": [9.0475, 2.4, 6.215],
			"to": [10.2475, 4.32, 7.415],
			"rotation": {"angle": 0, "axis": "y", "origin": [9.0075, 2.4, 6.175]},
			"faces": {
				"north": {"uv": [16, 16, 15, 15], "texture": "#0"},
				"east": {"uv": [16, 16, 15, 15], "texture": "#0"},
				"south": {"uv": [16, 15, 15, 16], "texture": "#0"},
				"west": {"uv": [16, 15, 15, 16], "texture": "#0"},
				"up": {"uv": [15, 15, 16, 16], "texture": "#0"},
				"down": {"uv": [15, 16, 16, 15], "texture": "#0"}
			}
		},
		{
			"from": [9.1675, 4.32, 6.335],
			"to": [10.1275, 5, 7.295],
			"rotation": {"angle": 0, "axis": "y", "origin": [9.0075, 4.96, 6.175]},
			"faces": {
				"north": {"uv": [0, 0, 2, 3], "texture": "#0"},
				"east": {"uv": [2, 0, 4, 3], "texture": "#0"},
				"south": {"uv": [0, 3, 2, 6], "texture": "#0"},
				"west": {"uv": [2, 3, 4, 6], "texture": "#0"},
				"up": {"uv": [6, 2, 4, 0], "texture": "#0"},
				"down": {"uv": [6, 2, 4, 4], "texture": "#0"}
			}
		},
		{
			"from": [7.7075, 4.32, 6.335],
			"to": [8.6675, 5, 7.295],
			"rotation": {"angle": 0, "axis": "y", "origin": [7.5475, 4.96, 6.175]},
			"faces": {
				"north": {"uv": [0, 0, 2, 3], "texture": "#0"},
				"east": {"uv": [2, 0, 4, 3], "texture": "#0"},
				"south": {"uv": [0, 3, 2, 6], "texture": "#0"},
				"west": {"uv": [2, 3, 4, 6], "texture": "#0"},
				"up": {"uv": [6, 2, 4, 0], "texture": "#0"},
				"down": {"uv": [6, 2, 4, 4], "texture": "#0"}
			}
		},
		{
			"from": [6.2325, 4.32, 6.335],
			"to": [7.1925, 5, 7.295],
			"rotation": {"angle": 0, "axis": "y", "origin": [6.0725, 4.96, 6.175]},
			"faces": {
				"north": {"uv": [0, 0, 2, 3], "texture": "#0"},
				"east": {"uv": [2, 0, 4, 3], "texture": "#0"},
				"south": {"uv": [0, 3, 2, 6], "texture": "#0"},
				"west": {"uv": [2, 3, 4, 6], "texture": "#0"},
				"up": {"uv": [6, 2, 4, 0], "texture": "#0"},
				"down": {"uv": [6, 2, 4, 4], "texture": "#0"}
			}
		},
		{
			"from": [9.2475, 5, 6.415],
			"to": [10.0475, 5.16, 7.215],
			"rotation": {"angle": 0, "axis": "y", "origin": [9.0075, 5.24, 6.175]},
			"faces": {
				"north": {"uv": [0, 0, 2, 3], "texture": "#0"},
				"east": {"uv": [2, 0, 4, 3], "texture": "#0"},
				"south": {"uv": [0, 3, 2, 6], "texture": "#0"},
				"west": {"uv": [2, 3, 4, 6], "texture": "#0"},
				"up": {"uv": [6, 2, 4, 0], "texture": "#0"},
				"down": {"uv": [6, 2, 4, 4], "texture": "#0"}
			}
		},
		{
			"from": [7.7875, 5, 6.415],
			"to": [8.5875, 5.16, 7.215],
			"rotation": {"angle": 0, "axis": "y", "origin": [7.5475, 5.24, 6.175]},
			"faces": {
				"north": {"uv": [0, 0, 2, 3], "texture": "#0"},
				"east": {"uv": [2, 0, 4, 3], "texture": "#0"},
				"south": {"uv": [0, 3, 2, 6], "texture": "#0"},
				"west": {"uv": [2, 3, 4, 6], "texture": "#0"},
				"up": {"uv": [6, 2, 4, 0], "texture": "#0"},
				"down": {"uv": [6, 2, 4, 4], "texture": "#0"}
			}
		},
		{
			"from": [6.3125, 5, 6.415],
			"to": [7.1125, 5.16, 7.215],
			"rotation": {"angle": 0, "axis": "y", "origin": [6.0725, 5.24, 6.175]},
			"faces": {
				"north": {"uv": [0, 0, 2, 3], "texture": "#0"},
				"east": {"uv": [2, 0, 4, 3], "texture": "#0"},
				"south": {"uv": [0, 3, 2, 6], "texture": "#0"},
				"west": {"uv": [2, 3, 4, 6], "texture": "#0"},
				"up": {"uv": [6, 2, 4, 0], "texture": "#0"},
				"down": {"uv": [6, 2, 4, 4], "texture": "#0"}
			}
		},
		{
			"from": [6.5525, 5.16, 6.655],
			"to": [6.8725, 5.36, 6.975],
			"rotation": {"angle": 0, "axis": "y", "origin": [6.0725, 5.4, 6.175]},
			"faces": {
				"north": {"uv": [15, 15, 16, 16], "texture": "#0"},
				"east": {"uv": [15, 15, 16, 16], "texture": "#0"},
				"south": {"uv": [15, 15, 16, 16], "texture": "#0"},
				"west": {"uv": [15, 15, 16, 16], "texture": "#0"},
				"up": {"uv": [15, 15, 16, 16], "texture": "#0"},
				"down": {"uv": [6, 2, 4, 4], "texture": "#0"}
			}
		},
		{
			"from": [8.0275, 5.16, 6.655],
			"to": [8.3475, 5.36, 6.975],
			"rotation": {"angle": 0, "axis": "y", "origin": [7.5475, 5.4, 6.175]},
			"faces": {
				"north": {"uv": [15, 15, 16, 16], "texture": "#0"},
				"east": {"uv": [15, 15, 16, 16], "texture": "#0"},
				"south": {"uv": [15, 15, 16, 16], "texture": "#0"},
				"west": {"uv": [15, 15, 16, 16], "texture": "#0"},
				"up": {"uv": [15, 15, 16, 16], "texture": "#0"},
				"down": {"uv": [6, 2, 4, 4], "texture": "#0"}
			}
		},
		{
			"from": [9.4875, 5.16, 6.655],
			"to": [9.8075, 5.36, 6.975],
			"rotation": {"angle": 0, "axis": "y", "origin": [9.0075, 5.4, 6.175]},
			"faces": {
				"north": {"uv": [16, 15, 15, 16], "texture": "#0"},
				"east": {"uv": [15, 15, 16, 16], "texture": "#0"},
				"south": {"uv": [15, 15, 16, 16], "texture": "#0"},
				"west": {"uv": [15, 15, 16, 16], "texture": "#0"},
				"up": {"uv": [15, 15, 16, 16], "texture": "#0"},
				"down": {"uv": [6, 2, 4, 4], "texture": "#0"}
			}
		}
	],
	"display": {
		"thirdperson_righthand": {
			"translation": [0, 6, 3.5]
		},
		"firstperson_righthand": {
			"rotation": [-180, 53.5, -180],
			"translation": [0, 12.75, 0]
		},
		"firstperson_lefthand": {
			"rotation": [-180, 53.5, -180],
			"translation": [0, 12.75, 0]
		},
		"ground": {
			"translation": [0, 2.25, 0]
		},
		"fixed": {
			"rotation": [-90, -180, 0],
			"translation": [0.5, -6.75, -25.5],
			"scale": [3.64, 3.64, 3.64]
		}
	}
}