{
	"model": {
		"type": "select",
		"property": "custom_model_data",
		"fallback": {
			"type": "model",
			"model": "block/carved_pumpkin"
		},
		"cases": [
		{
		"when": "tornado",
		"model": {
			"type": "model",
			"model": "item/tornado"
		}
		},
		
		
		{
		"when": "blackhawk",
		"model": {
			"type": "model",
			"model": "item/blackhawk"
		}
		},
		
		{
		"when": "fedora",
		"model": {
			"type": "model",
			"model": "item/fedora"
		}
		},
		
		{
		"when": "mriya",
		"model": {
			"type": "model",
			"model": "item/mriya"
		}
		},
		
		{
		"when": "transall",
		"model": {
			"type": "model",
			"model": "item/transall"
		}
		},
		
		{
		"when": "tornado_desert",
		"model": {
			"type": "model",
			"model": "item/desert_tornado"
		}
		}
		

		]
	}
}