{
	"credit": "Made with Blockbench",
	"textures": {
		"0": "item/pictureframe",
		"1": "item/picture",
		"particle": "item/pictureframe"
	},
	"elements": [
		{
			"from": [15.56125, 0.49313, 3.23313],
			"to": [16.21875, 8.87625, 3.72625],
			"rotation": {"angle": 22.5, "axis": "x", "origin": [8, 0.49313, 2.74]},
			"faces": {
				"north": {"uv": [4, 8, 4.5, 11], "texture": "#0"},
				"east": {"uv": [5, 8, 5.5, 11], "texture": "#0"},
				"south": {"uv": [6, 8, 6.5, 11], "texture": "#0"},
				"west": {"uv": [7, 8, 7.5, 11], "texture": "#0"},
				"up": {"uv": [4.5, 11.5, 4, 11], "texture": "#0"},
				"down": {"uv": [5.5, 11, 5, 11.5], "texture": "#0"}
			}
		},
		{
			"from": [-0.21875, 0.49313, 3.23313],
			"to": [0.43875, 8.87625, 3.72625],
			"rotation": {"angle": 22.5, "axis": "x", "origin": [-8.10875, 0.49313, 2.74]},
			"faces": {
				"north": {"uv": [8, 8, 8.5, 11], "texture": "#0"},
				"east": {"uv": [9, 8, 9.5, 11], "texture": "#0"},
				"south": {"uv": [0, 10, 0.5, 13], "texture": "#0"},
				"west": {"uv": [1, 10, 1.5, 13], "texture": "#0"},
				"up": {"uv": [6.5, 11.5, 6, 11], "texture": "#0"},
				"down": {"uv": [7.5, 11, 7, 11.5], "texture": "#0"}
			}
		},
		{
			"from": [0.11, 0.49313, 3.3975],
			"to": [15.89, 8.87625, 3.72625],
			"rotation": {"angle": 22.5, "axis": "x", "origin": [8, 0.49313, 2.74]},
			"faces": {
				"north": {"uv": [0, 0, 6, 3], "texture": "#0"},
				"east": {"uv": [2, 8, 2.5, 11], "texture": "#0"},
				"south": {"uv": [0, 3, 6, 6], "texture": "#0"},
				"west": {"uv": [3, 8, 3.5, 11], "texture": "#0"},
				"up": {"uv": [13, 6.5, 7, 6], "texture": "#0"},
				"down": {"uv": [13, 7, 7, 7.5], "texture": "#0"}
			}
		},
		{
			"from": [0.11, 0.6575, 3.3975],
			"to": [15.89, 9.04063, 3.56188],
			"rotation": {"angle": 22.5, "axis": "x", "origin": [8, 0.6575, 2.57563]},
			"faces": {
				"north": {"uv": [0, 0, 6, 3.1875], "texture": "#1"},
				"east": {"uv": [6, 2, 6.125, 5.1875], "texture": "#1"},
				"south": {"uv": [0, 4, 6, 7.1875], "texture": "#1"},
				"west": {"uv": [6, 6, 6.125, 9.1875], "texture": "#1"},
				"up": {"uv": [12, 0.125, 6, 0], "texture": "#1"},
				"down": {"uv": [12, 1, 6, 1.125], "texture": "#1"}
			}
		},
		{
			"from": [-0.21875, 8.5475, 3.23313],
			"to": [16.21875, 9.205, 3.72625],
			"rotation": {"angle": 22.5, "axis": "x", "origin": [8, 0.49313, 2.74]},
			"faces": {
				"north": {"uv": [0, 6, 6.5, 6.5], "texture": "#0"},
				"east": {"uv": [8, 11, 8.5, 11.5], "texture": "#0"},
				"south": {"uv": [6, 0, 12.5, 0.5], "texture": "#0"},
				"west": {"uv": [11, 8, 11.5, 8.5], "texture": "#0"},
				"up": {"uv": [12.5, 1.5, 6, 1], "texture": "#0"},
				"down": {"uv": [12.5, 2, 6, 2.5], "texture": "#0"}
			}
		},
		{
			"from": [-0.21875, 0.82187, -0.12012],
			"to": [16.21875, 1.47938, 0.373],
			"rotation": {"angle": 22.5, "axis": "x", "origin": [8, -7.56125, -0.61325]},
			"faces": {
				"north": {"uv": [6, 3, 12.5, 3.5], "texture": "#0"},
				"east": {"uv": [9, 11, 9.5, 11.5], "texture": "#0"},
				"south": {"uv": [6, 4, 12.5, 4.5], "texture": "#0"},
				"west": {"uv": [11, 9, 11.5, 9.5], "texture": "#0"},
				"up": {"uv": [12.5, 5.5, 6, 5], "texture": "#0"},
				"down": {"uv": [6.5, 7, 0, 7.5], "texture": "#0"}
			}
		},
		{
			"from": [6.685, -2.13687, 7.3425],
			"to": [9.315, 2.95875, 8],
			"rotation": {"angle": -22.5, "axis": "x", "origin": [5.37, -2.13687, 2.74]},
			"faces": {
				"north": {"uv": [0, 8, 1, 10], "texture": "#0"},
				"east": {"uv": [10, 8, 10.5, 10], "texture": "#0"},
				"south": {"uv": [1, 8, 2, 10], "texture": "#0"},
				"west": {"uv": [10, 10, 10.5, 12], "texture": "#0"},
				"up": {"uv": [3, 11.5, 2, 11], "texture": "#0"},
				"down": {"uv": [4, 11, 3, 11.5], "texture": "#0"}
			}
		}
	],
	"display": {
		"thirdperson_righthand": {
			"rotation": [50, 0, 0],
			"translation": [1, 1, 3.5],
			"scale": [0.46, 0.46, 0.46]
		},
		"thirdperson_lefthand": {
			"rotation": [50, 0, 0],
			"translation": [1, 1, 3.5],
			"scale": [0.46, 0.46, 0.46]
		},
		"firstperson_righthand": {
			"rotation": [0, 124, 0],
			"translation": [0, 8.5, 0],
			"scale": [0.69, 0.67, 0.64]
		},
		"firstperson_lefthand": {
			"rotation": [0, 124, 0],
			"translation": [0, 8.5, 0],
			"scale": [0.69, 0.67, 0.64]
		},
		"ground": {
			"translation": [0, 2, 0]
		},
		"head": {
			"translation": [0, 14.25, 0]
		},
		"fixed": {
			"rotation": [-90, 0, 0],
			"translation": [0, -4.25, -7.5],
			"scale": [0.87, 0.99, 1.04]
		}
	}
}