{
    "parent": "item/generated",
    "textures": {
        "layer0": "item/ghast_tear"
    },
    "display": {
        "thirdperson_righthand": {
            "rotation": [ -90, 0, -60 ],
            "translation": [ 2, 0.1, -3 ],
            "scale": [ 0.9, 0.9, 0.9 ]
        },
        "thirdperson_lefthand": {
            "rotation": [ -90, 0, 30 ],
            "translation": [ 2, 0.1, -3 ],
            "scale": [ 0.9, 0.9, 0.9 ]
        },
        "firstperson_righthand": {
            "rotation": [ -90, 0, -55 ],
            "translation": [ 1.13, 3.2, 1.13],
            "scale": [ 0.68, 0.68, 0.68 ]
        },
        "firstperson_lefthand": {
            "rotation": [ -90, 0, 35 ],
            "translation": [ 1.13, 3.2, 1.13],
            "scale": [ 0.68, 0.68, 0.68 ]
        }
    },
    "overrides":[
        
        {"predicate":{"custom_model_data":1},"model":"tornado:gun/p30"},
        {"predicate":{"custom_model_data":2},"model":"tornado:gun/pkp"},
        {"predicate":{"custom_model_data":3},"model":"tornado:gun/mp5"},
        {"predicate":{"custom_model_data":4},"model":"tornado:gun/ak47"},
        {"predicate":{"custom_model_data":5},"model":"tornado:gun/ak47u"},
        {"predicate":{"custom_model_data":6},"model":"tornado:gun/m16"},
        {"predicate":{"custom_model_data":7},"model":"tornado:gun/remmington"},
        {"predicate":{"custom_model_data":8},"model":"tornado:gun/fnfal"},
        {"predicate":{"custom_model_data":9},"model":"tornado:gun/rpg"},
        {"predicate":{"custom_model_data":10},"model":"tornado:gun/ump"},
        {"predicate":{"custom_model_data":11},"model":"tornado:gun/sw1911"},
        {"predicate":{"custom_model_data":12},"model":"tornado:gun/m40"},
        {"predicate":{"custom_model_data":13},"model":"tornado:gun/enfield"},
        {"predicate":{"custom_model_data":14},"model":"tornado:gun/mauser"},
        {"predicate":{"custom_model_data":15},"model":"tornado:misc/grenade"},
        {"predicate":{"custom_model_data":16},"model":"tornado:gun/dragunov"},
        {"predicate":{"custom_model_data":17},"model":"tornado:gun/spas"},
        {"predicate":{"custom_model_data":18},"model":"tornado:gun/aa12"},
        {"predicate":{"custom_model_data":19},"model":"tornado:gun/magnum"},
        {"predicate":{"custom_model_data":20},"model":"tornado:gun/awp"},
        {"predicate":{"custom_model_data":21},"model":"tornado:misc/smokegrenade"},
        {"predicate":{"custom_model_data":22},"model":"tornado:misc/flashbang"},
        {"predicate":{"custom_model_data":23},"model":"tornado:gun/p30sil"},
        {"predicate":{"custom_model_data":24},"model":"tornado:gun/awp2"},
        {"predicate":{"custom_model_data":25},"model":"tornado:gun/m4a1s"},
        {"predicate":{"custom_model_data":26},"model":"tornado:gun/rpk"},
        {"predicate":{"custom_model_data":27},"model":"tornado:gun/sg553"},
        {"predicate":{"custom_model_data":28},"model":"tornado:gun/dp27"},
        {"predicate":{"custom_model_data":29},"model":"tornado:misc/incendarygrenade"},
        {"predicate":{"custom_model_data":30},"model":"tornado:gun/homingrpg"},
        {"predicate":{"custom_model_data":31},"model":"tornado:gun/musketpistol"},
        {"predicate":{"custom_model_data":32},"model":"tornado:gun/lazerrifle"},
        {"predicate":{"custom_model_data":33},"model":"tornado:gun/fatman"},
        {"predicate":{"custom_model_data":34},"model":"tornado:gun/fo10mm"},
        {"predicate":{"custom_model_data":35},"model":"tornado:gun/instituterifle"},
        {"predicate":{"custom_model_data":36},"model":"tornado:gun/musketrifle"},
        {"predicate":{"custom_model_data":37},"model":"tornado:gun/aliens"},
        {"predicate":{"custom_model_data":38},"model":"tornado:gun/auto9"},
        {"predicate":{"custom_model_data":39},"model":"tornado:gun/arcgun"},
        {"predicate":{"custom_model_data":40},"model":"tornado:gun/halo"},
        {"predicate":{"custom_model_data":41},"model":"tornado:gun/needler"},
        {"predicate":{"custom_model_data":42},"model":"tornado:gun/thatgun"},
        {"predicate":{"custom_model_data":43},"model":"tornado:gun/swblaster"},
        {"predicate":{"custom_model_data":44},"model":"tornado:gun/overwatchpulsegun"},
        {"predicate":{"custom_model_data":45},"model":"tornado:gun/vera"},
        {"predicate":{"custom_model_data":46},"model":"tornado:melee/lightsaberblue"},
        {"predicate":{"custom_model_data":47},"model":"tornado:melee/lightsaberred"},
        {"predicate":{"custom_model_data":48},"model":"tornado:gun/mac10"},
        {"predicate":{"custom_model_data":49},"model":"tornado:gun/uzi"},
        {"predicate":{"custom_model_data":50},"model":"tornado:gun/skorpion"},
        {"predicate":{"custom_model_data":51},"model":"tornado:gun/sks"},
        {"predicate":{"custom_model_data":52},"model":"tornado:gun/barrett"},
        {"predicate":{"custom_model_data":53},"model":"tornado:gun/makarov"},
        {"predicate":{"custom_model_data":54},"model":"tornado:gun/ppsh41"},
        {"predicate":{"custom_model_data":55},"model":"tornado:gun/m79"},
        {"predicate":{"custom_model_data":56},"model":"tornado:gun/minigun"},
        {"predicate":{"custom_model_data":57},"model":"tornado:gun/mark19"},
        {"predicate":{"custom_model_data":58},"model":"tornado:gun/asval"},
        {"predicate":{"custom_model_data":59},"model":"tornado:gun/fnp90"},
        {"predicate":{"custom_model_data":60},"model":"tornado:gun/kar98k"},
        {"predicate":{"custom_model_data":61},"model":"tornado:gun/mp40"},
        {"predicate":{"custom_model_data":62},"model":"tornado:gun/stg44"},
        {"predicate":{"custom_model_data":63},"model":"tornado:gun/sawshotgun"},
        {"predicate":{"custom_model_data":64},"model":"tornado:gun/famas"},
        {"predicate":{"custom_model_data":65},"model":"tornado:gun/flamer"},
        {"predicate":{"custom_model_data":66},"model":"tornado:gun/stengun"},
        {"predicate":{"custom_model_data":67},"model":"tornado:gun/m32a1"},
        {"predicate":{"custom_model_data":68},"model":"tornado:misc/aiming"},
        {"predicate":{"custom_model_data":69},"model":"tornado:gun/fivesevenfive"},
        {"predicate":{"custom_model_data":70},"model":"tornado:melee/lightsaberblack"},
        {"predicate":{"custom_model_data":71},"model":"tornado:melee/lightsaberwhite"},
        {"predicate":{"custom_model_data":72},"model":"tornado:melee/lightsabergreen"},
        {"predicate":{"custom_model_data":73},"model":"tornado:melee/lightsaberpurple"},
        {"predicate":{"custom_model_data":74},"model":"tornado:melee/lightsaberorange"},
        {"predicate":{"custom_model_data":75},"model":"tornado:gun/uzicorn"},
        {"predicate":{"custom_model_data":76},"model":"tornado:gun/henry"},
        {"predicate":{"custom_model_data":77},"model":"tornado:melee/spear"},
        {"predicate":{"custom_model_data":78},"model":"tornado:gun/deagle"},
        {"predicate":{"custom_model_data":79},"model":"tornado:gun/pancorjackhammer"},
        {"predicate":{"custom_model_data":80},"model":"tornado:misc/molotov"},
        {"predicate":{"custom_model_data":81},"model":"tornado:misc/proxymine"},
        {"predicate":{"custom_model_data":82},"model":"tornado:gun/m1garand"},
        {"predicate":{"custom_model_data":83},"model":"tornado:gun/galil"},
        {"predicate":{"custom_model_data":84},"model":"tornado:gun/ctar21"},	
        {"predicate":{"custom_model_data":85},"model":"tornado:misc/ammobag"},
		{"predicate":{"custom_model_data":86},"model":"tornado:misc/oicw"},
		{"predicate":{"custom_model_data":87},"model":"tornado:misc/falcon"}
	]
}