{
	"credit": "Made with Blockbench",
	"textures": {
		"0": "item/palm_leaves",
		"1": "item/palmbark",
		"particle": "item/palm_leaves"
	},
	"elements": [
		{
			"from": [6.125, 0, 6.125],
			"to": [9.875, 5, 9.875],
			"rotation": {"angle": 0, "axis": "y", "origin": [5.5, 0, 5.5]},
			"faces": {
				"north": {"uv": [0, 0, 1.5, 2], "texture": "#1"},
				"east": {"uv": [0, 2, 1.5, 4], "texture": "#1"},
				"south": {"uv": [2, 0, 3.5, 2], "texture": "#1"},
				"west": {"uv": [2, 2, 3.5, 4], "texture": "#1"},
				"up": {"uv": [5.5, 5.5, 4, 4], "texture": "#1"},
				"down": {"uv": [1.5, 6, 0, 7.5], "texture": "#1"}
			}
		},
		{
			"from": [6.59375, 5, 6.59375],
			"to": [9.40625, 10, 9.40625],
			"rotation": {"angle": 0, "axis": "y", "origin": [5.5, 5, 5.5]},
			"faces": {
				"north": {"uv": [0, 4, 1.25, 6], "texture": "#1"},
				"east": {"uv": [4, 0, 5.25, 2], "texture": "#1"},
				"south": {"uv": [2, 4, 3.25, 6], "texture": "#1"},
				"west": {"uv": [4, 2, 5.25, 4], "texture": "#1"},
				"up": {"uv": [8.25, 1.25, 7, 0], "texture": "#1"},
				"down": {"uv": [8.25, 2, 7, 3.25], "texture": "#1"}
			}
		},
		{
			"from": [6.75, 10, 6.75],
			"to": [9.25, 15, 9.25],
			"rotation": {"angle": 0, "axis": "y", "origin": [5.5, 10, 5.5]},
			"faces": {
				"north": {"uv": [4, 6, 5, 8], "texture": "#1"},
				"east": {"uv": [6, 4, 7, 6], "texture": "#1"},
				"south": {"uv": [5, 6, 6, 8], "texture": "#1"},
				"west": {"uv": [6, 6, 7, 8], "texture": "#1"},
				"up": {"uv": [10, 2, 9, 1], "texture": "#1"},
				"down": {"uv": [10, 2, 9, 3], "texture": "#1"}
			}
		},
		{
			"from": [6.90625, 13.59375, 6.90625],
			"to": [9.09375, 18.59375, 9.09375],
			"rotation": {"angle": -22.5, "axis": "x", "origin": [5.5, 13.59375, 5.5]},
			"faces": {
				"north": {"uv": [6, 0, 7, 2], "texture": "#1"},
				"east": {"uv": [2, 6, 3, 8], "texture": "#1"},
				"south": {"uv": [6, 2, 7, 4], "texture": "#1"},
				"west": {"uv": [3, 6, 4, 8], "texture": "#1"},
				"up": {"uv": [9, 9, 8, 8], "texture": "#1"},
				"down": {"uv": [10, 0, 9, 1], "texture": "#1"}
			}
		},
		{
			"from": [7.0625, 17.96875, 5.1875],
			"to": [8.9375, 22.96875, 7.0625],
			"rotation": {"angle": -22.5, "axis": "x", "origin": [5.5, 17.96875, 3.625]},
			"faces": {
				"north": {"uv": [2, 8, 2.75, 10], "texture": "#1"},
				"east": {"uv": [3, 8, 3.75, 10], "texture": "#1"},
				"south": {"uv": [4, 8, 4.75, 10], "texture": "#1"},
				"west": {"uv": [8, 4, 8.75, 6], "texture": "#1"},
				"up": {"uv": [9.75, 5.75, 9, 5], "texture": "#1"},
				"down": {"uv": [9.75, 6, 9, 6.75], "texture": "#1"}
			}
		},
		{
			"from": [7.21875, 21.40625, 4.25],
			"to": [8.78125, 26.40625, 5.8125],
			"rotation": {"angle": -45, "axis": "x", "origin": [5.5, 21.40625, 2.53125]},
			"faces": {
				"north": {"uv": [7, 4, 7.75, 6], "texture": "#1"},
				"east": {"uv": [7, 6, 7.75, 8], "texture": "#1"},
				"south": {"uv": [0, 8, 0.75, 10], "texture": "#1"},
				"west": {"uv": [1, 8, 1.75, 10], "texture": "#1"},
				"up": {"uv": [9.75, 3.75, 9, 3], "texture": "#1"},
				"down": {"uv": [9.75, 4, 9, 4.75], "texture": "#1"}
			}
		},
		{
			"from": [7.375, 23.90625, 1.90625],
			"to": [8.625, 28.90625, 3.15625],
			"rotation": {"angle": -45, "axis": "x", "origin": [5.5, 23.90625, 0.03125]},
			"faces": {
				"north": {"uv": [5, 8, 5.5, 10], "texture": "#1"},
				"east": {"uv": [6, 8, 6.5, 10], "texture": "#1"},
				"south": {"uv": [8, 6, 8.5, 8], "texture": "#1"},
				"west": {"uv": [7, 8, 7.5, 10], "texture": "#1"},
				"up": {"uv": [9.5, 7.5, 9, 7], "texture": "#1"},
				"down": {"uv": [8.5, 9, 8, 9.5], "texture": "#1"}
			}
		},
		{
			"from": [1.75, 29.6875, -2.625],
			"to": [4.40625, 30.15625, 2.375],
			"rotation": {"angle": 22.5, "axis": "z", "origin": [2.53125, 26.875, -2.625]},
			"faces": {
				"north": {"uv": [14, 1, 15.0625, 1.1875], "texture": "#0"},
				"east": {"uv": [8, 12, 10, 12.1875], "texture": "#0"},
				"south": {"uv": [2, 14, 3.0625, 14.1875], "texture": "#0"},
				"west": {"uv": [12, 8, 14, 8.1875], "texture": "#0"},
				"up": {"uv": [1.0625, 6, 0, 4], "texture": "#0"},
				"down": {"uv": [5.0625, 0, 4, 2], "texture": "#0"}
			}
		},
		{
			"from": [1.75, 30, -2.625],
			"to": [4.40625, 30.46875, 2.375],
			"rotation": {"angle": -22.5, "axis": "z", "origin": [2.53125, 27.1875, -2.625]},
			"faces": {
				"north": {"uv": [0, 14, 1.0625, 14.1875], "texture": "#0"},
				"east": {"uv": [4, 12, 6, 12.1875], "texture": "#0"},
				"south": {"uv": [14, 0, 15.0625, 0.1875], "texture": "#0"},
				"west": {"uv": [6, 12, 8, 12.1875], "texture": "#0"},
				"up": {"uv": [3.0625, 2, 2, 0], "texture": "#0"},
				"down": {"uv": [3.0625, 2, 2, 4], "texture": "#0"}
			}
		},
		{
			"from": [4.875, 28.125, -3.09375],
			"to": [11.125, 28.59375, 3],
			"rotation": {"angle": 0, "axis": "z", "origin": [7.375, 25.3125, -2.625]},
			"faces": {
				"north": {"uv": [0, 14, 1.0625, 14.1875], "texture": "#0"},
				"east": {"uv": [4, 12, 6, 12.1875], "texture": "#0"},
				"south": {"uv": [14, 0, 15.0625, 0.1875], "texture": "#0"},
				"west": {"uv": [6, 12, 8, 12.1875], "texture": "#0"},
				"up": {"uv": [3.0625, 2, 2, 0], "texture": "#0"},
				"down": {"uv": [3.0625, 2, 2, 4], "texture": "#0"}
			}
		},
		{
			"from": [0.5, 28.59375, -2.625],
			"to": [3.15625, 29.0625, 2.375],
			"rotation": {"angle": 45, "axis": "z", "origin": [1.28125, 25.78125, -2.625]},
			"faces": {
				"north": {"uv": [14, 2, 15.0625, 2.1875], "texture": "#0"},
				"east": {"uv": [12, 9, 14, 9.1875], "texture": "#0"},
				"south": {"uv": [14, 3, 15.0625, 3.1875], "texture": "#0"},
				"west": {"uv": [10, 12, 12, 12.1875], "texture": "#0"},
				"up": {"uv": [3.0625, 6, 2, 4], "texture": "#0"},
				"down": {"uv": [5.0625, 2, 4, 4], "texture": "#0"}
			}
		},
		{
			"from": [3, 29.21875, -2.625],
			"to": [5.65625, 29.6875, 2.375],
			"rotation": {"angle": -45, "axis": "z", "origin": [3.78125, 26.40625, -2.625]},
			"faces": {
				"north": {"uv": [10, 13, 11.0625, 13.1875], "texture": "#0"},
				"east": {"uv": [0, 12, 2, 12.1875], "texture": "#0"},
				"south": {"uv": [12, 13, 13.0625, 13.1875], "texture": "#0"},
				"west": {"uv": [2, 12, 4, 12.1875], "texture": "#0"},
				"up": {"uv": [1.0625, 2, 0, 0], "texture": "#0"},
				"down": {"uv": [1.0625, 2, 0, 4], "texture": "#0"}
			}
		},
		{
			"from": [13, 28.90625, -2.625],
			"to": [15.65625, 29.375, 2.375],
			"rotation": {"angle": -45, "axis": "z", "origin": [13.78125, 26.09375, -2.625]},
			"faces": {
				"north": {"uv": [8, 14, 9.0625, 14.1875], "texture": "#0"},
				"east": {"uv": [6, 13, 8, 13.1875], "texture": "#0"},
				"south": {"uv": [14, 8, 15.0625, 8.1875], "texture": "#0"},
				"west": {"uv": [8, 13, 10, 13.1875], "texture": "#0"},
				"up": {"uv": [7.0625, 6, 6, 4], "texture": "#0"},
				"down": {"uv": [7.0625, 6, 6, 8], "texture": "#0"}
			}
		},
		{
			"from": [11.75, 29.6875, -2.625],
			"to": [14.40625, 30.15625, 2.375],
			"rotation": {"angle": -22.5, "axis": "z", "origin": [12.53125, 26.875, -2.625]},
			"faces": {
				"north": {"uv": [14, 6, 15.0625, 6.1875], "texture": "#0"},
				"east": {"uv": [2, 13, 4, 13.1875], "texture": "#0"},
				"south": {"uv": [14, 7, 15.0625, 7.1875], "texture": "#0"},
				"west": {"uv": [4, 13, 6, 13.1875], "texture": "#0"},
				"up": {"uv": [7.0625, 4, 6, 2], "texture": "#0"},
				"down": {"uv": [5.0625, 6, 4, 8], "texture": "#0"}
			}
		},
		{
			"from": [11.75, 29.375, -2.625],
			"to": [14.40625, 29.84375, 2.375],
			"rotation": {"angle": 22.5, "axis": "z", "origin": [12.53125, 26.5625, -2.625]},
			"faces": {
				"north": {"uv": [14, 5, 15.0625, 5.1875], "texture": "#0"},
				"east": {"uv": [12, 12, 14, 12.1875], "texture": "#0"},
				"south": {"uv": [6, 14, 7.0625, 14.1875], "texture": "#0"},
				"west": {"uv": [0, 13, 2, 13.1875], "texture": "#0"},
				"up": {"uv": [7.0625, 2, 6, 0], "texture": "#0"},
				"down": {"uv": [3.0625, 6, 2, 8], "texture": "#0"}
			}
		},
		{
			"from": [10.5, 28.28125, -2.625],
			"to": [13.15625, 28.75, 2.375],
			"rotation": {"angle": 45, "axis": "z", "origin": [11.28125, 25.46875, -2.625]},
			"faces": {
				"north": {"uv": [4, 14, 5.0625, 14.1875], "texture": "#0"},
				"east": {"uv": [12, 10, 14, 10.1875], "texture": "#0"},
				"south": {"uv": [14, 4, 15.0625, 4.1875], "texture": "#0"},
				"west": {"uv": [12, 11, 14, 11.1875], "texture": "#0"},
				"up": {"uv": [5.0625, 6, 4, 4], "texture": "#0"},
				"down": {"uv": [1.0625, 6, 0, 8], "texture": "#0"}
			}
		},
		{
			"from": [5.5, 30.46875, -5.125],
			"to": [10.65625, 30.9375, -2.625],
			"rotation": {"angle": 45, "axis": "x", "origin": [7.53125, 27.65625, -6.375]},
			"faces": {
				"north": {"uv": [11, 1, 13.0625, 1.1875], "texture": "#0"},
				"east": {"uv": [14, 12, 15, 12.1875], "texture": "#0"},
				"south": {"uv": [11, 2, 13.0625, 2.1875], "texture": "#0"},
				"west": {"uv": [13, 14, 14, 14.1875], "texture": "#0"},
				"up": {"uv": [10.0625, 5, 8, 4], "texture": "#0"},
				"down": {"uv": [10.0625, 5, 8, 6], "texture": "#0"}
			}
		},
		{
			"from": [5.5, 30.15625, -6.84375],
			"to": [10.65625, 30.625, -4.34375],
			"rotation": {"angle": 22.5, "axis": "x", "origin": [7.53125, 27.34375, -8.09375]},
			"faces": {
				"north": {"uv": [0, 11, 2.0625, 11.1875], "texture": "#0"},
				"east": {"uv": [14, 11, 15, 11.1875], "texture": "#0"},
				"south": {"uv": [11, 0, 13.0625, 0.1875], "texture": "#0"},
				"west": {"uv": [12, 14, 13, 14.1875], "texture": "#0"},
				"up": {"uv": [5.0625, 9, 3, 8], "texture": "#0"},
				"down": {"uv": [10.0625, 3, 8, 4], "texture": "#0"}
			}
		},
		{
			"from": [5.5, 28.125, -6.84375],
			"to": [10.65625, 28.59375, -4.34375],
			"rotation": {"angle": -22.5, "axis": "x", "origin": [7.53125, 25.3125, -8.09375]},
			"faces": {
				"north": {"uv": [6, 10, 8.0625, 10.1875], "texture": "#0"},
				"east": {"uv": [14, 10, 15, 10.1875], "texture": "#0"},
				"south": {"uv": [9, 10, 11.0625, 10.1875], "texture": "#0"},
				"west": {"uv": [11, 14, 12, 14.1875], "texture": "#0"},
				"up": {"uv": [10.0625, 2, 8, 1], "texture": "#0"},
				"down": {"uv": [10.0625, 2, 8, 3], "texture": "#0"}
			}
		},
		{
			"from": [5.5, 26.71875, -7.3125],
			"to": [10.65625, 27.1875, -4.8125],
			"rotation": {"angle": -45, "axis": "x", "origin": [7.53125, 23.90625, -8.5625]},
			"faces": {
				"north": {"uv": [0, 10, 2.0625, 10.1875], "texture": "#0"},
				"east": {"uv": [14, 9, 15, 9.1875], "texture": "#0"},
				"south": {"uv": [3, 10, 5.0625, 10.1875], "texture": "#0"},
				"west": {"uv": [10, 14, 11, 14.1875], "texture": "#0"},
				"up": {"uv": [2.0625, 9, 0, 8], "texture": "#0"},
				"down": {"uv": [10.0625, 0, 8, 1], "texture": "#0"}
			}
		},
		{
			"from": [5.5, 26.71875, 3.78125],
			"to": [10.65625, 27.1875, 6.28125],
			"rotation": {"angle": -45, "axis": "x", "origin": [7.53125, 23.90625, 2.53125]},
			"faces": {
				"north": {"uv": [3, 11, 5.0625, 11.1875], "texture": "#0"},
				"east": {"uv": [14, 13, 15, 13.1875], "texture": "#0"},
				"south": {"uv": [11, 3, 13.0625, 3.1875], "texture": "#0"},
				"west": {"uv": [14, 14, 15, 14.1875], "texture": "#0"},
				"up": {"uv": [8.0625, 9, 6, 8], "texture": "#0"},
				"down": {"uv": [10.0625, 6, 8, 7], "texture": "#0"}
			}
		},
		{
			"from": [5.5, 28.125, 4.25],
			"to": [10.65625, 28.59375, 6.75],
			"rotation": {"angle": -22.5, "axis": "x", "origin": [7.53125, 25.3125, 3]},
			"faces": {
				"north": {"uv": [11, 4, 13.0625, 4.1875], "texture": "#0"},
				"east": {"uv": [0, 15, 1, 15.1875], "texture": "#0"},
				"south": {"uv": [11, 5, 13.0625, 5.1875], "texture": "#0"},
				"west": {"uv": [1, 15, 2, 15.1875], "texture": "#0"},
				"up": {"uv": [10.0625, 8, 8, 7], "texture": "#0"},
				"down": {"uv": [2.0625, 9, 0, 10], "texture": "#0"}
			}
		},
		{
			"from": [5.5, 30.15625, 4.25],
			"to": [10.65625, 30.625, 6.75],
			"rotation": {"angle": 22.5, "axis": "x", "origin": [7.53125, 27.34375, 3]},
			"faces": {
				"north": {"uv": [6, 11, 8.0625, 11.1875], "texture": "#0"},
				"east": {"uv": [2, 15, 3, 15.1875], "texture": "#0"},
				"south": {"uv": [11, 6, 13.0625, 6.1875], "texture": "#0"},
				"west": {"uv": [3, 15, 4, 15.1875], "texture": "#0"},
				"up": {"uv": [5.0625, 10, 3, 9], "texture": "#0"},
				"down": {"uv": [8.0625, 9, 6, 10], "texture": "#0"}
			}
		},
		{
			"from": [5.5, 30.46875, 5.96875],
			"to": [10.65625, 30.9375, 8.46875],
			"rotation": {"angle": 45, "axis": "x", "origin": [7.53125, 27.65625, 4.71875]},
			"faces": {
				"north": {"uv": [11, 7, 13.0625, 7.1875], "texture": "#0"},
				"east": {"uv": [4, 15, 5, 15.1875], "texture": "#0"},
				"south": {"uv": [9, 11, 11.0625, 11.1875], "texture": "#0"},
				"west": {"uv": [5, 15, 6, 15.1875], "texture": "#0"},
				"up": {"uv": [11.0625, 9, 9, 8], "texture": "#0"},
				"down": {"uv": [11.0625, 9, 9, 10], "texture": "#0"}
			}
		}
	],
	"display": {
		"thirdperson_righthand": {
			"rotation": [167.23, -2.28, 179.04],
			"translation": [-5.75, 0, 0]
		},
		"thirdperson_lefthand": {
			"rotation": [167.23, -2.28, 179.04],
			"translation": [-5.75, 0, 0]
		},
		"firstperson_righthand": {
			"translation": [0, -7.75, 0]
		},
		"firstperson_lefthand": {
			"translation": [0, -7.75, 0]
		},
		"gui": {
			"rotation": [0, -48.25, 0],
			"translation": [-1.75, -4.75, 0],
			"scale": [1.43, 0.6, 1]
		},
		"head": {
			"rotation": [0, 54.5, 0]
		},
		"fixed": {
			"rotation": [-90, 0, 0],
			"scale": [4, 4, 4]
		}
	}
}