{
	"credit": "Made with Blockbench",
	"texture_size": [32, 32],
	"textures": {
		"0": "item/poster",
		"particle": "item/poster"
	},
	"elements": [
		{
			"from": [3.59375, 2.15625, 3.09375],
			"to": [12.40625, 2.34375, 15.90625],
			"rotation": {"angle": 0, "axis": "y", "origin": [6.5, 4.5, 5]},
			"faces": {
				"north": {"uv": [8, 7.5, 10.5, 9], "texture": "#0"},
				"east": {"uv": [2.5, 6, 8, 7.5], "texture": "#0"},
				"south": {"uv": [8.5, 0, 11, 1.5], "texture": "#0"},
				"west": {"uv": [2.5, 7.5, 8, 9], "texture": "#0"},
				"up": {"uv": [2.5, 11.5, 0, 6], "texture": "#0"},
				"down": {"uv": [8.5, 0, 6, 5.5], "texture": "#0"}
			}
		},
		{
			"from": [3.5, 2.0625, 3],
			"to": [12.5, 2.25, 16],
			"rotation": {"angle": 0, "axis": "y", "origin": [6.5, 3, 5]},
			"faces": {
				"north": {"uv": [8.5, 1.5, 11.5, 2.5], "texture": "#0"},
				"east": {"uv": [8, 5.5, 14, 6.5], "texture": "#0"},
				"south": {"uv": [8.5, 2.5, 11.5, 3.5], "texture": "#0"},
				"west": {"uv": [8, 6.5, 14, 7.5], "texture": "#0"},
				"up": {"uv": [3, 6, 0, 0], "texture": "#0"},
				"down": {"uv": [6, 0, 3, 6], "texture": "#0"}
			}
		}
	],
	"display": {
		"thirdperson_righthand": {
			"translation": [-5.75, 7.25, 3.5]
		},
		"thirdperson_lefthand": {
			"translation": [-5.75, 7.25, 3.5]
		},
		"firstperson_righthand": {
			"rotation": [-99, 9.29, 143.66],
			"translation": [-6.5, 8.25, 9],
			"scale": [0.79, 1.76, 1]
		},
		"firstperson_lefthand": {
			"rotation": [-99, 9.29, 143.66],
			"translation": [-6.5, 8.25, 9],
			"scale": [0.79, 1.76, 1]
		},
		"ground": {
			"translation": [0, 8, 0],
			"scale": [1.69, 1.72, 1.63]
		},
		"gui": {
			"rotation": [-89, 0, 180],
			"scale": [1.54, 1.29, 1.31]
		},
		"head": {
			"rotation": [-90, 0, 0],
			"translation": [0, -15, -21.25],
			"scale": [3.19, 3.19, 3.13]
		},
		"fixed": {
			"rotation": [-90, 0, 0],
			"translation": [0, -15.25, -24],
			"scale": [4, 4, 4]
		}
	}
}