{
	"credit": "Made with Blockbench",
	"texture_size": [64, 64],
	"textures": {
		"0": "item/wandschrank",
		"particle": "item/wandschrank"
	},
	"elements": [
		{
			"from": [-0.25, -0.125, -0.125],
			"to": [16.25, 16.125, 16.125],
			"faces": {
				"north": {"uv": [0, 0, 4, 4], "texture": "#0"},
				"east": {"uv": [0, 4, 4, 8], "texture": "#0"},
				"south": {"uv": [4, 0, 8, 4], "texture": "#0"},
				"west": {"uv": [4, 4, 8, 8], "texture": "#0"},
				"up": {"uv": [4, 12, 0, 8], "texture": "#0"},
				"down": {"uv": [12, 0, 8, 4], "texture": "#0"}
			}
		},
		{
			"from": [9, 2, -1],
			"to": [10, 6, 0],
			"rotation": {"angle": 0, "axis": "y", "origin": [1, -5, 0]},
			"faces": {
				"north": {"uv": [4, 8, 4.25, 9], "texture": "#0"},
				"east": {"uv": [8, 4, 8.25, 5], "texture": "#0"},
				"south": {"uv": [4.25, 8, 4.5, 9], "texture": "#0"},
				"west": {"uv": [4.5, 8, 4.75, 9], "texture": "#0"},
				"up": {"uv": [5.75, 8.25, 5.5, 8], "texture": "#0"},
				"down": {"uv": [6, 8, 5.75, 8.25], "texture": "#0"}
			}
		},
		{
			"from": [6, 2, -1],
			"to": [7, 6, 0],
			"rotation": {"angle": 0, "axis": "y", "origin": [-2, -5, 0]},
			"faces": {
				"north": {"uv": [4.75, 8, 5, 9], "texture": "#0"},
				"east": {"uv": [5, 8, 5.25, 9], "texture": "#0"},
				"south": {"uv": [8, 5, 8.25, 6], "texture": "#0"},
				"west": {"uv": [5.25, 8, 5.5, 9], "texture": "#0"},
				"up": {"uv": [6.25, 8.25, 6, 8], "texture": "#0"},
				"down": {"uv": [8.25, 6, 8, 6.25], "texture": "#0"}
			}
		}
	],
	"display": {
		"thirdperson_righthand": {
			"rotation": [75, 45, 0],
			"translation": [0, 2.5, 0],
			"scale": [0.375, 0.375, 0.375]
		},
		"thirdperson_lefthand": {
			"rotation": [75, 45, 0],
			"translation": [0, 2.5, 0],
			"scale": [0.375, 0.375, 0.375]
		},
		"firstperson_righthand": {
			"rotation": [0, 45, 0],
			"scale": [0.4, 0.4, 0.4]
		},
		"firstperson_lefthand": {
			"rotation": [0, 225, 0],
			"scale": [0.4, 0.4, 0.4]
		},
		"ground": {
			"translation": [0, 3, 0],
			"scale": [0.25, 0.25, 0.25]
		},
		"gui": {
			"rotation": [30, 225, 0],
			"scale": [0.625, 0.625, 0.625]
		},
		"fixed": {
			"rotation": [90, 0, 0],
			"translation": [0, 0, 17],
			"scale": [2, 2.13672, 2]
		}
	}
}