{
	"credit": "Made with Blockbench",
	"texture_size": [64, 64],
	"textures": {
		"0": "item/kassierer",
		"particle": "item/kassierer"
	},
	"elements": [
		{
			"from": [4.46, 14.16, 0.92],
			"to": [11.54, 17.7, 8.66375],
			"rotation": {"angle": 0, "axis": "y", "origin": [8, 10.62, 8]},
			"faces": {
				"north": {"uv": [1.5, 5.5, 3.26563, 6.39063], "texture": "#0"},
				"east": {"uv": [4.75, 4.75, 6.6875, 5.64063], "texture": "#0"},
				"south": {"uv": [5.75, 1, 7.51563, 1.89063], "texture": "#0"},
				"west": {"uv": [5.5, 0, 7.4375, 0.89063], "texture": "#0"},
				"up": {"uv": [1.76563, 1.9375, 0, 0], "texture": "#0"},
				"down": {"uv": [1.76563, 2, 0, 3.9375], "texture": "#0"}
			}
		},
		{
			"from": [4.46, 10.62, 0.92],
			"to": [11.54, 14.16, 4.46],
			"rotation": {"angle": 0, "axis": "y", "origin": [8, 10.62, 8]},
			"faces": {
				"north": {"uv": [5.75, 2, 7.51563, 2.89063], "texture": "#0"},
				"east": {"uv": [5, 7.75, 5.89063, 8.64063], "texture": "#0"},
				"south": {"uv": [3.5, 5.75, 5.26563, 6.64063], "texture": "#0"},
				"west": {"uv": [8.25, 2.75, 9.14063, 3.64063], "texture": "#0"},
				"up": {"uv": [7.26563, 6.64063, 5.5, 5.75], "texture": "#0"},
				"down": {"uv": [8.01563, 3, 6.25, 3.89063], "texture": "#0"}
			}
		},
		{
			"from": [4.46, 17.7, 5.1475],
			"to": [11.54, 24.78, 8.66375],
			"rotation": {"angle": 0, "axis": "y", "origin": [8, 17.7, 8]},
			"faces": {
				"north": {"uv": [2, 0, 3.76563, 1.76563], "texture": "#0"},
				"east": {"uv": [0, 5.75, 0.875, 7.51563], "texture": "#0"},
				"south": {"uv": [2, 2, 3.76563, 3.76563], "texture": "#0"},
				"west": {"uv": [1, 6.5, 1.875, 8.26563], "texture": "#0"},
				"up": {"uv": [3.76563, 7.625, 2, 6.75], "texture": "#0"},
				"down": {"uv": [5.76563, 6.75, 4, 7.625], "texture": "#0"}
			}
		},
		{
			"from": [4.9025, 24.78, 3.35375],
			"to": [10.87625, 30.5325, 9.77],
			"rotation": {"angle": 0, "axis": "y", "origin": [8, 24.78, 8]},
			"faces": {
				"north": {"uv": [3.25, 4, 4.75, 5.4375], "texture": "#0"},
				"east": {"uv": [1.5, 4, 3.10938, 5.4375], "texture": "#0"},
				"south": {"uv": [4.75, 3.25, 6.25, 4.6875], "texture": "#0"},
				"west": {"uv": [4, 1.75, 5.60938, 3.1875], "texture": "#0"},
				"up": {"uv": [1.5, 5.60938, 0, 4], "texture": "#0"},
				"down": {"uv": [5.5, 0, 4, 1.60938], "texture": "#0"}
			}
		},
		{
			"from": [2.02625, 18.24875, 2.02625],
			"to": [4.46, 21.125, 9.10625],
			"rotation": {"angle": -22.5, "axis": "x", "origin": [0.92, 17.585, 2.02625]},
			"faces": {
				"north": {"uv": [0.75, 8.5, 1.35938, 9.21875], "texture": "#0"},
				"east": {"uv": [6.25, 4, 8.01563, 4.71875], "texture": "#0"},
				"south": {"uv": [8.5, 0.75, 9.10938, 1.46875], "texture": "#0"},
				"west": {"uv": [6.75, 4.75, 8.51563, 5.46875], "texture": "#0"},
				"up": {"uv": [0.60938, 9.51563, 0, 7.75], "texture": "#0"},
				"down": {"uv": [8.35938, 0, 7.75, 1.76563], "texture": "#0"}
			}
		},
		{
			"from": [2.2475, 18.44125, -3.28375],
			"to": [4.23875, 20.65375, 2.46875],
			"rotation": {"angle": 0, "axis": "x", "origin": [5.345, 17.55625, -3.28375]},
			"faces": {
				"north": {"uv": [1, 5.75, 1.5, 6.29688], "texture": "#0"},
				"east": {"uv": [8.25, 3.75, 9.6875, 4.29688], "texture": "#0"},
				"south": {"uv": [1.5, 8.5, 2, 9.04688], "texture": "#0"},
				"west": {"uv": [8.25, 5.5, 9.6875, 6.04688], "texture": "#0"},
				"up": {"uv": [8.75, 7.6875, 8.25, 6.25], "texture": "#0"},
				"down": {"uv": [8.75, 7.75, 8.25, 9.1875], "texture": "#0"}
			}
		},
		{
			"from": [11.9825, 17.335, -3.0625],
			"to": [13.97375, 19.5475, 4.0175],
			"rotation": {"angle": 0, "axis": "x", "origin": [15.08, 16.45, -3.0625]},
			"faces": {
				"north": {"uv": [2, 8.5, 2.5, 9.04688], "texture": "#0"},
				"east": {"uv": [2, 7.75, 3.76563, 8.29688], "texture": "#0"},
				"south": {"uv": [2.5, 8.5, 3, 9.04688], "texture": "#0"},
				"west": {"uv": [7.75, 2, 9.51563, 2.54688], "texture": "#0"},
				"up": {"uv": [4.5, 9.51563, 4, 7.75], "texture": "#0"},
				"down": {"uv": [5, 7.75, 4.5, 9.51563], "texture": "#0"}
			}
		},
		{
			"from": [11.54, 16.2575, 0.69875],
			"to": [14.195, 23.3375, 3.575],
			"rotation": {"angle": 45, "axis": "x", "origin": [10.655, 16.2575, 4.23875]},
			"faces": {
				"north": {"uv": [7.5, 5.5, 8.15625, 7.26563], "texture": "#0"},
				"east": {"uv": [6, 6.75, 6.71875, 8.51563], "texture": "#0"},
				"south": {"uv": [7.5, 7.5, 8.15625, 9.26563], "texture": "#0"},
				"west": {"uv": [6.75, 6.75, 7.46875, 8.51563], "texture": "#0"},
				"up": {"uv": [4.65625, 3.96875, 4, 3.25], "texture": "#0"},
				"down": {"uv": [9.15625, 0, 8.5, 0.71875], "texture": "#0"}
			}
		}
	],
	"display": {
		"thirdperson_righthand": {
			"rotation": [59.7, 42.24, 5.28],
			"translation": [0, 1.75, 3]
		},
		"thirdperson_lefthand": {
			"rotation": [59.7, 42.24, 5.28],
			"translation": [0, 1.75, 3]
		},
		"firstperson_righthand": {
			"rotation": [-180, 57, -180],
			"translation": [0, 5.75, 0]
		},
		"firstperson_lefthand": {
			"rotation": [-180, 57, -180],
			"translation": [0, 5.75, 0]
		},
		"fixed": {
			"rotation": [-90, 0, 0],
			"translation": [0, 1.5, 29.5],
			"scale": [2.72, 2.68, 2.63]
		}
	}
}