{
	
	"credit": "Made with Blockbench",
	"texture_size": [32, 32],
	"textures": {
		"0": "item/cat_ears",
		"particle": "item/cat_ears"
	},
	"elements": [
		{
			"from": [8.8125, 1, 6.375],
			"to": [11.125, 1.75, 7.375],
			"rotation": {"angle": 0, "axis": "z", "origin": [10.25, 0, 6.875]},
			"faces": {
				"north": {"uv": [4.5, 1, 5.625, 1.375], "texture": "#0"},
				"east": {"uv": [3, 2.5, 3.5, 2.875], "texture": "#0"},
				"south": {"uv": [4, 4.5, 5.125, 4.875], "texture": "#0"},
				"west": {"uv": [1, 3.5, 1.5, 3.875], "texture": "#0"},
				"up": {"uv": [1.125, 0.5, 0, 0], "texture": "#0"},
				"down": {"uv": [1.125, 0.5, 0, 1], "texture": "#0"}
			}
		},
		{
			"from": [8.875, 0.75, 6.375],
			"to": [11.0625, 1, 7.4375],
			"rotation": {"angle": 0, "axis": "z", "origin": [10.25, 0, 6.875]},
			"faces": {
				"north": {"uv": [6.5, 4, 7.5, 4.125], "texture": "#0"},
				"east": {"uv": [7.5, 8.5, 8, 8.625], "texture": "#0"},
				"south": {"uv": [4.5, 6.5, 5.5, 6.625], "texture": "#0"},
				"west": {"uv": [8, 8.5, 8.5, 8.625], "texture": "#0"},
				"up": {"uv": [3, 4.5, 2, 4], "texture": "#0"},
				"down": {"uv": [1, 4.5, 0, 5], "texture": "#0"}
			}
		},
		{
			"from": [8.9375, 0.5, 6.375],
			"to": [11, 0.75, 7.5],
			"rotation": {"angle": 0, "axis": "z", "origin": [10.1875, 0, 6.875]},
			"faces": {
				"north": {"uv": [7, 7, 7.875, 7.125], "texture": "#0"},
				"east": {"uv": [7, 8, 7.625, 8.125], "texture": "#0"},
				"south": {"uv": [0, 7.5, 0.875, 7.625], "texture": "#0"},
				"west": {"uv": [8, 7, 8.625, 7.125], "texture": "#0"},
				"up": {"uv": [2.375, 3.625, 1.5, 3], "texture": "#0"},
				"down": {"uv": [3.875, 1.5, 3, 2.125], "texture": "#0"}
			}
		},
		{
			"from": [9, 0.25, 6.375],
			"to": [10.9375, 0.5, 7.5625],
			"rotation": {"angle": 0, "axis": "z", "origin": [10.125, 0, 6.875]},
			"faces": {
				"north": {"uv": [1, 7.5, 1.875, 7.625], "texture": "#0"},
				"east": {"uv": [8, 7.5, 8.625, 7.625], "texture": "#0"},
				"south": {"uv": [2, 7.5, 2.875, 7.625], "texture": "#0"},
				"west": {"uv": [8, 8, 8.625, 8.125], "texture": "#0"},
				"up": {"uv": [3.375, 3.625, 2.5, 3], "texture": "#0"},
				"down": {"uv": [0.875, 3.5, 0, 4.125], "texture": "#0"}
			}
		},
		{
			"from": [9.125, 0, 6.375],
			"to": [10.8125, 0.25, 7.625],
			"rotation": {"angle": 0, "axis": "z", "origin": [10, 0, 6.875]},
			"faces": {
				"north": {"uv": [1, 8, 1.75, 8.125], "texture": "#0"},
				"east": {"uv": [0, 8.5, 0.625, 8.625], "texture": "#0"},
				"south": {"uv": [8, 1, 8.75, 1.125], "texture": "#0"},
				"west": {"uv": [1, 8.5, 1.625, 8.625], "texture": "#0"},
				"up": {"uv": [2.75, 5.125, 2, 4.5], "texture": "#0"},
				"down": {"uv": [5.25, 2.5, 4.5, 3.125], "texture": "#0"}
			}
		},
		{
			"from": [8.8125, 1.75, 6.375],
			"to": [11.125, 2, 7.25],
			"rotation": {"angle": 0, "axis": "z", "origin": [10.25, 0, 6.875]},
			"faces": {
				"north": {"uv": [6, 5, 7.125, 5.125], "texture": "#0"},
				"east": {"uv": [8.5, 6.5, 9, 6.625], "texture": "#0"},
				"south": {"uv": [6, 5.5, 7.125, 5.625], "texture": "#0"},
				"west": {"uv": [7, 8.5, 7.5, 8.625], "texture": "#0"},
				"up": {"uv": [1.125, 1.5, 0, 1], "texture": "#0"},
				"down": {"uv": [1.125, 1.5, 0, 2], "texture": "#0"}
			}
		},
		{
			"from": [9.0625, 2.5, 6.375],
			"to": [10.875, 2.75, 7.0625],
			"rotation": {"angle": 0, "axis": "z", "origin": [10.3125, 0, 6.875]},
			"faces": {
				"north": {"uv": [6.5, 4.5, 7.5, 4.625], "texture": "#0"},
				"east": {"uv": [9, 2.5, 9.375, 2.625], "texture": "#0"},
				"south": {"uv": [5.5, 6.5, 6.5, 6.625], "texture": "#0"},
				"west": {"uv": [3, 9, 3.375, 9.125], "texture": "#0"},
				"up": {"uv": [6, 2.375, 5, 2], "texture": "#0"},
				"down": {"uv": [5, 5, 4, 5.375], "texture": "#0"}
			}
		},
		{
			"from": [9.1875, 3, 6.375],
			"to": [10.75, 3.25, 6.875],
			"rotation": {"angle": 0, "axis": "z", "origin": [10.375, 0, 6.875]},
			"faces": {
				"north": {"uv": [5, 7, 5.875, 7.125], "texture": "#0"},
				"east": {"uv": [8, 9, 8.25, 9.125], "texture": "#0"},
				"south": {"uv": [6, 7, 6.875, 7.125], "texture": "#0"},
				"west": {"uv": [9, 8, 9.25, 8.125], "texture": "#0"},
				"up": {"uv": [6.375, 2.75, 5.5, 2.5], "texture": "#0"},
				"down": {"uv": [3.875, 5.5, 3, 5.75], "texture": "#0"}
			}
		},
		{
			"from": [9.4375, 3.5, 6.375],
			"to": [10.5, 3.75, 6.75],
			"rotation": {"angle": 0, "axis": "z", "origin": [10.375, 0, 6.875]},
			"faces": {
				"north": {"uv": [7, 7.5, 7.75, 7.625], "texture": "#0"},
				"east": {"uv": [8.5, 9, 8.75, 9.125], "texture": "#0"},
				"south": {"uv": [0, 8, 0.75, 8.125], "texture": "#0"},
				"west": {"uv": [9, 8.5, 9.25, 8.625], "texture": "#0"},
				"up": {"uv": [0.75, 6.25, 0, 6], "texture": "#0"},
				"down": {"uv": [1.75, 6, 1, 6.25], "texture": "#0"}
			}
		},
		{
			"from": [9.5, 3.75, 6.375],
			"to": [10.375, 4, 6.75],
			"rotation": {"angle": 0, "axis": "z", "origin": [10.375, 0, 6.875]},
			"faces": {
				"north": {"uv": [8, 0, 8.75, 0.125], "texture": "#0"},
				"east": {"uv": [9, 9, 9.25, 9.125], "texture": "#0"},
				"south": {"uv": [8, 0.5, 8.75, 0.625], "texture": "#0"},
				"west": {"uv": [0, 9.5, 0.25, 9.625], "texture": "#0"},
				"up": {"uv": [6.75, 1.25, 6, 1], "texture": "#0"},
				"down": {"uv": [2.75, 6, 2, 6.25], "texture": "#0"}
			}
		},
		{
			"from": [9.625, 4, 6.375],
			"to": [10.25, 4.25, 6.6875],
			"rotation": {"angle": 0, "axis": "z", "origin": [10.375, 0, 6.875]},
			"faces": {
				"north": {"uv": [8, 3.5, 8.625, 3.625], "texture": "#0"},
				"east": {"uv": [9.5, 2.5, 9.625, 2.625], "texture": "#0"},
				"south": {"uv": [4, 8, 4.625, 8.125], "texture": "#0"},
				"west": {"uv": [3, 9.5, 3.125, 9.625], "texture": "#0"},
				"up": {"uv": [5.625, 8.125, 5, 8], "texture": "#0"},
				"down": {"uv": [6.625, 8, 6, 8.125], "texture": "#0"}
			}
		},
		{
			"from": [9.8125, 4.25, 6.375],
			"to": [10.0625, 4.4375, 6.625],
			"rotation": {"angle": 0, "axis": "z", "origin": [10.375, 0, 6.875]},
			"faces": {
				"north": {"uv": [9, 3, 9.375, 3.125], "texture": "#0"},
				"east": {"uv": [9.5, 3, 9.625, 3.125], "texture": "#0"},
				"south": {"uv": [3.5, 9, 3.875, 9.125], "texture": "#0"},
				"west": {"uv": [3.5, 9.5, 3.625, 9.625], "texture": "#0"},
				"up": {"uv": [9.375, 3.625, 9, 3.5], "texture": "#0"},
				"down": {"uv": [4.375, 9, 4, 9.125], "texture": "#0"}
			}
		},
		{
			"from": [8.875, 2, 6.375],
			"to": [11.0625, 2.25, 7.25],
			"rotation": {"angle": 0, "axis": "z", "origin": [10.3125, 0, 6.875]},
			"faces": {
				"north": {"uv": [1.5, 6.5, 2.625, 6.625], "texture": "#0"},
				"east": {"uv": [9, 1, 9.5, 1.125], "texture": "#0"},
				"south": {"uv": [6.5, 1.5, 7.625, 1.625], "texture": "#0"},
				"west": {"uv": [1.5, 9, 2, 9.125], "texture": "#0"},
				"up": {"uv": [1.125, 3, 0, 2.5], "texture": "#0"},
				"down": {"uv": [2.625, 2.5, 1.5, 3], "texture": "#0"}
			}
		},
		{
			"from": [8.9375, 2.25, 6.375],
			"to": [11, 2.5, 7.25],
			"rotation": {"angle": 0, "axis": "z", "origin": [10.3125, 0, 6.875]},
			"faces": {
				"north": {"uv": [6.5, 2.5, 7.625, 2.625], "texture": "#0"},
				"east": {"uv": [9, 1.5, 9.5, 1.625], "texture": "#0"},
				"south": {"uv": [3, 6.5, 4.125, 6.625], "texture": "#0"},
				"west": {"uv": [2, 9, 2.5, 9.125], "texture": "#0"},
				"up": {"uv": [1.125, 3.5, 0, 3], "texture": "#0"},
				"down": {"uv": [4.125, 0, 3, 0.5], "texture": "#0"}
			}
		},
		{
			"from": [9.125, 2.75, 6.375],
			"to": [10.8125, 3, 7.0625],
			"rotation": {"angle": 0, "axis": "z", "origin": [10.375, 0, 6.875]},
			"faces": {
				"north": {"uv": [3, 7, 4, 7.125], "texture": "#0"},
				"east": {"uv": [7.5, 9, 7.875, 9.125], "texture": "#0"},
				"south": {"uv": [4, 7, 5, 7.125], "texture": "#0"},
				"west": {"uv": [9, 7.5, 9.375, 7.625], "texture": "#0"},
				"up": {"uv": [2, 5.875, 1, 5.5], "texture": "#0"},
				"down": {"uv": [3, 5.5, 2, 5.875], "texture": "#0"}
			}
		},
		{
			"from": [9.3125, 3.25, 6.375],
			"to": [10.625, 3.5, 6.875],
			"rotation": {"angle": 0, "axis": "z", "origin": [10.375, 0, 6.875]},
			"faces": {
				"north": {"uv": [7.5, 6, 8.375, 6.125], "texture": "#0"},
				"east": {"uv": [9.5, 2, 9.75, 2.125], "texture": "#0"},
				"south": {"uv": [7.5, 6.5, 8.375, 6.625], "texture": "#0"},
				"west": {"uv": [2.5, 9.5, 2.75, 9.625], "texture": "#0"},
				"up": {"uv": [6.375, 4.75, 5.5, 4.5], "texture": "#0"},
				"down": {"uv": [5.875, 5.5, 5, 5.75], "texture": "#0"}
			}
		},
		{
			"from": [5.8125, 4.25, 6.375],
			"to": [6.0625, 4.4375, 6.625],
			"rotation": {"angle": 0, "axis": "z", "origin": [6.375, 0, 6.875]},
			"faces": {
				"north": {"uv": [9, 3, 9.375, 3.125], "texture": "#0"},
				"east": {"uv": [9.5, 3, 9.625, 3.125], "texture": "#0"},
				"south": {"uv": [3.5, 9, 3.875, 9.125], "texture": "#0"},
				"west": {"uv": [3.5, 9.5, 3.625, 9.625], "texture": "#0"},
				"up": {"uv": [9.375, 3.625, 9, 3.5], "texture": "#0"},
				"down": {"uv": [4.375, 9, 4, 9.125], "texture": "#0"}
			}
		},
		{
			"from": [4.8125, 1, 6.375],
			"to": [7.125, 1.75, 7.375],
			"rotation": {"angle": 0, "axis": "z", "origin": [6.25, 0, 6.875]},
			"faces": {
				"north": {"uv": [4.5, 1, 5.625, 1.375], "texture": "#0"},
				"east": {"uv": [3, 2.5, 3.5, 2.875], "texture": "#0"},
				"south": {"uv": [4, 4.5, 5.125, 4.875], "texture": "#0"},
				"west": {"uv": [1, 3.5, 1.5, 3.875], "texture": "#0"},
				"up": {"uv": [1.125, 0.5, 0, 0], "texture": "#0"},
				"down": {"uv": [1.125, 0.5, 0, 1], "texture": "#0"}
			}
		},
		{
			"from": [4.875, 0.75, 6.375],
			"to": [7.0625, 1, 7.4375],
			"rotation": {"angle": 0, "axis": "z", "origin": [6.25, 0, 6.875]},
			"faces": {
				"north": {"uv": [6.5, 4, 7.5, 4.125], "texture": "#0"},
				"east": {"uv": [7.5, 8.5, 8, 8.625], "texture": "#0"},
				"south": {"uv": [4.5, 6.5, 5.5, 6.625], "texture": "#0"},
				"west": {"uv": [8, 8.5, 8.5, 8.625], "texture": "#0"},
				"up": {"uv": [3, 4.5, 2, 4], "texture": "#0"},
				"down": {"uv": [1, 4.5, 0, 5], "texture": "#0"}
			}
		},
		{
			"from": [4.9375, 0.5, 6.375],
			"to": [7, 0.75, 7.5],
			"rotation": {"angle": 0, "axis": "z", "origin": [6.1875, 0, 6.875]},
			"faces": {
				"north": {"uv": [7, 7, 7.875, 7.125], "texture": "#0"},
				"east": {"uv": [7, 8, 7.625, 8.125], "texture": "#0"},
				"south": {"uv": [0, 7.5, 0.875, 7.625], "texture": "#0"},
				"west": {"uv": [8, 7, 8.625, 7.125], "texture": "#0"},
				"up": {"uv": [2.375, 3.625, 1.5, 3], "texture": "#0"},
				"down": {"uv": [3.875, 1.5, 3, 2.125], "texture": "#0"}
			}
		},
		{
			"from": [5, 0.25, 6.375],
			"to": [6.9375, 0.5, 7.5625],
			"rotation": {"angle": 0, "axis": "z", "origin": [6.125, 0, 6.875]},
			"faces": {
				"north": {"uv": [1, 7.5, 1.875, 7.625], "texture": "#0"},
				"east": {"uv": [8, 7.5, 8.625, 7.625], "texture": "#0"},
				"south": {"uv": [2, 7.5, 2.875, 7.625], "texture": "#0"},
				"west": {"uv": [8, 8, 8.625, 8.125], "texture": "#0"},
				"up": {"uv": [3.375, 3.625, 2.5, 3], "texture": "#0"},
				"down": {"uv": [0.875, 3.5, 0, 4.125], "texture": "#0"}
			}
		},
		{
			"from": [5.125, 0, 6.375],
			"to": [6.8125, 0.25, 7.625],
			"rotation": {"angle": 0, "axis": "z", "origin": [6, 0, 6.875]},
			"faces": {
				"north": {"uv": [1, 8, 1.75, 8.125], "texture": "#0"},
				"east": {"uv": [0, 8.5, 0.625, 8.625], "texture": "#0"},
				"south": {"uv": [8, 1, 8.75, 1.125], "texture": "#0"},
				"west": {"uv": [1, 8.5, 1.625, 8.625], "texture": "#0"},
				"up": {"uv": [2.75, 5.125, 2, 4.5], "texture": "#0"},
				"down": {"uv": [5.25, 2.5, 4.5, 3.125], "texture": "#0"}
			}
		},
		{
			"from": [4.8125, 1.75, 6.375],
			"to": [7.125, 2, 7.25],
			"rotation": {"angle": 0, "axis": "z", "origin": [6.25, 0, 6.875]},
			"faces": {
				"north": {"uv": [6, 5, 7.125, 5.125], "texture": "#0"},
				"east": {"uv": [8.5, 6.5, 9, 6.625], "texture": "#0"},
				"south": {"uv": [6, 5.5, 7.125, 5.625], "texture": "#0"},
				"west": {"uv": [7, 8.5, 7.5, 8.625], "texture": "#0"},
				"up": {"uv": [1.125, 1.5, 0, 1], "texture": "#0"},
				"down": {"uv": [1.125, 1.5, 0, 2], "texture": "#0"}
			}
		},
		{
			"from": [5.0625, 2.5, 6.375],
			"to": [6.875, 2.75, 7.0625],
			"rotation": {"angle": 0, "axis": "z", "origin": [6.3125, 0, 6.875]},
			"faces": {
				"north": {"uv": [6.5, 4.5, 7.5, 4.625], "texture": "#0"},
				"east": {"uv": [9, 2.5, 9.375, 2.625], "texture": "#0"},
				"south": {"uv": [5.5, 6.5, 6.5, 6.625], "texture": "#0"},
				"west": {"uv": [3, 9, 3.375, 9.125], "texture": "#0"},
				"up": {"uv": [6, 2.375, 5, 2], "texture": "#0"},
				"down": {"uv": [5, 5, 4, 5.375], "texture": "#0"}
			}
		},
		{
			"from": [5.1875, 3, 6.375],
			"to": [6.75, 3.25, 6.875],
			"rotation": {"angle": 0, "axis": "z", "origin": [6.375, 0, 6.875]},
			"faces": {
				"north": {"uv": [5, 7, 5.875, 7.125], "texture": "#0"},
				"east": {"uv": [8, 9, 8.25, 9.125], "texture": "#0"},
				"south": {"uv": [6, 7, 6.875, 7.125], "texture": "#0"},
				"west": {"uv": [9, 8, 9.25, 8.125], "texture": "#0"},
				"up": {"uv": [6.375, 2.75, 5.5, 2.5], "texture": "#0"},
				"down": {"uv": [3.875, 5.5, 3, 5.75], "texture": "#0"}
			}
		},
		{
			"from": [5.4375, 3.5, 6.375],
			"to": [6.5, 3.75, 6.75],
			"rotation": {"angle": 0, "axis": "z", "origin": [6.375, 0, 6.875]},
			"faces": {
				"north": {"uv": [7, 7.5, 7.75, 7.625], "texture": "#0"},
				"east": {"uv": [8.5, 9, 8.75, 9.125], "texture": "#0"},
				"south": {"uv": [0, 8, 0.75, 8.125], "texture": "#0"},
				"west": {"uv": [9, 8.5, 9.25, 8.625], "texture": "#0"},
				"up": {"uv": [0.75, 6.25, 0, 6], "texture": "#0"},
				"down": {"uv": [1.75, 6, 1, 6.25], "texture": "#0"}
			}
		},
		{
			"from": [5.5, 3.75, 6.375],
			"to": [6.375, 4, 6.75],
			"rotation": {"angle": 0, "axis": "z", "origin": [6.375, 0, 6.875]},
			"faces": {
				"north": {"uv": [8, 0, 8.75, 0.125], "texture": "#0"},
				"east": {"uv": [9, 9, 9.25, 9.125], "texture": "#0"},
				"south": {"uv": [8, 0.5, 8.75, 0.625], "texture": "#0"},
				"west": {"uv": [0, 9.5, 0.25, 9.625], "texture": "#0"},
				"up": {"uv": [6.75, 1.25, 6, 1], "texture": "#0"},
				"down": {"uv": [2.75, 6, 2, 6.25], "texture": "#0"}
			}
		},
		{
			"from": [5.625, 4, 6.375],
			"to": [6.25, 4.25, 6.6875],
			"rotation": {"angle": 0, "axis": "z", "origin": [6.375, 0, 6.875]},
			"faces": {
				"north": {"uv": [8, 3.5, 8.625, 3.625], "texture": "#0"},
				"east": {"uv": [9.5, 2.5, 9.625, 2.625], "texture": "#0"},
				"south": {"uv": [4, 8, 4.625, 8.125], "texture": "#0"},
				"west": {"uv": [3, 9.5, 3.125, 9.625], "texture": "#0"},
				"up": {"uv": [5.625, 8.125, 5, 8], "texture": "#0"},
				"down": {"uv": [6.625, 8, 6, 8.125], "texture": "#0"}
			}
		},
		{
			"from": [4.875, 2, 6.375],
			"to": [7.0625, 2.25, 7.25],
			"rotation": {"angle": 0, "axis": "z", "origin": [6.3125, 0, 6.875]},
			"faces": {
				"north": {"uv": [1.5, 6.5, 2.625, 6.625], "texture": "#0"},
				"east": {"uv": [9, 1, 9.5, 1.125], "texture": "#0"},
				"south": {"uv": [6.5, 1.5, 7.625, 1.625], "texture": "#0"},
				"west": {"uv": [1.5, 9, 2, 9.125], "texture": "#0"},
				"up": {"uv": [1.125, 3, 0, 2.5], "texture": "#0"},
				"down": {"uv": [2.625, 2.5, 1.5, 3], "texture": "#0"}
			}
		},
		{
			"from": [4.9375, 2.25, 6.375],
			"to": [7, 2.5, 7.25],
			"rotation": {"angle": 0, "axis": "z", "origin": [6.3125, 0, 6.875]},
			"faces": {
				"north": {"uv": [6.5, 2.5, 7.625, 2.625], "texture": "#0"},
				"east": {"uv": [9, 1.5, 9.5, 1.625], "texture": "#0"},
				"south": {"uv": [3, 6.5, 4.125, 6.625], "texture": "#0"},
				"west": {"uv": [2, 9, 2.5, 9.125], "texture": "#0"},
				"up": {"uv": [1.125, 3.5, 0, 3], "texture": "#0"},
				"down": {"uv": [4.125, 0, 3, 0.5], "texture": "#0"}
			}
		},
		{
			"from": [5.125, 2.75, 6.375],
			"to": [6.8125, 3, 7.0625],
			"rotation": {"angle": 0, "axis": "z", "origin": [6.375, 0, 6.875]},
			"faces": {
				"north": {"uv": [3, 7, 4, 7.125], "texture": "#0"},
				"east": {"uv": [7.5, 9, 7.875, 9.125], "texture": "#0"},
				"south": {"uv": [4, 7, 5, 7.125], "texture": "#0"},
				"west": {"uv": [9, 7.5, 9.375, 7.625], "texture": "#0"},
				"up": {"uv": [2, 5.875, 1, 5.5], "texture": "#0"},
				"down": {"uv": [3, 5.5, 2, 5.875], "texture": "#0"}
			}
		},
		{
			"from": [5.3125, 3.25, 6.375],
			"to": [6.625, 3.5, 6.875],
			"rotation": {"angle": 0, "axis": "z", "origin": [6.375, 0, 6.875]},
			"faces": {
				"north": {"uv": [7.5, 6, 8.375, 6.125], "texture": "#0"},
				"east": {"uv": [9.5, 2, 9.75, 2.125], "texture": "#0"},
				"south": {"uv": [7.5, 6.5, 8.375, 6.625], "texture": "#0"},
				"west": {"uv": [2.5, 9.5, 2.75, 9.625], "texture": "#0"},
				"up": {"uv": [6.375, 4.75, 5.5, 4.5], "texture": "#0"},
				"down": {"uv": [5.875, 5.5, 5, 5.75], "texture": "#0"}
			}
		},
		{
			"from": [6.75, -6, 5.75],
			"to": [9.25, -4, 5.75],
			"rotation": {"angle": 0, "axis": "y", "origin": [7, -6, 3.75]},
			"faces": {
				"north": {"uv": [10.5, 13.625, 13.5, 15.75], "texture": "#0"},
				"east": {"uv": [0, 0, 0, 1], "texture": "#0"},
				"south": {"uv": [9.75, 14.5, 11, 15.5], "texture": "#0"},
				"west": {"uv": [0, 0, 0, 1], "texture": "#0"},
				"up": {"uv": [0, 0, 1.25, 0], "texture": "#0"},
				"down": {"uv": [0, 0, 1.25, 0], "texture": "#0"}
			}
		}
	],
	"display": {
		"thirdperson_righthand": {
			"rotation": [75, 45, 0],
			"translation": [0, 1.25, 3.75],
			"scale": [0.375, 0.375, 0.375]
		},
		"thirdperson_lefthand": {
			"rotation": [75, 45, 0],
			"translation": [0, 1.25, 3.75],
			"scale": [0.375, 0.375, 0.375]
		},
		"firstperson_righthand": {
			"translation": [0, 6.75, 0]
		},
		"firstperson_lefthand": {
			"translation": [0, 7.25, 0]
		},
		"gui": {
			"rotation": [0, -180, 0],
			"translation": [0, 12, 0.75],
			"scale": [1.94, 2.57, 1.43]
		},
		"head": {
			"rotation": [0.75, 0, 0],
			"translation": [0, 18, -2.5],
			"scale": [2.34148, 1.70922, 1.76]
		},
		"fixed": {
			"rotation": [-85, 0, 0],
			"translation": [0, 2.5, -17.5],
			"scale": [2.5, 2.5, 2.5]
		}
	}
}