{
	
	"texture_size": [32, 32],
	"textures": {
		"0": "item/pictureframe",
		"1": "item/hardybunker",
		"particle": "item/pictureframe"
	},
	"elements": [
		{
			"from": [4.25, 1.75, 2],
			"to": [11.75, 16.5, 2.0625],
			"rotation": {"angle": 22.5, "axis": "x", "origin": [7, 0, 1.0625]},
			"faces": {
				"north": {"uv": [0, 0, 16, 16], "texture": "#1"},
				"east": {"uv": [8, 0, 8.25, 7.5], "texture": "#1"},
				"south": {"uv": [4, 0, 7.75, 7.5], "texture": "#1"},
				"west": {"uv": [8, 7.5, 8.25, 15], "texture": "#1"},
				"up": {"uv": [12.25, 0.25, 8.5, 0], "texture": "#1"},
				"down": {"uv": [12.25, 0.5, 8.5, 0.75], "texture": "#1"}
			}
		},
		{
			"from": [4.25, 0.75, 15.0625],
			"to": [11.75, 15.25, 15.125],
			"rotation": {"angle": -22.5, "axis": "x", "origin": [7, 0, 13.0625]},
			"faces": {
				"north": {"uv": [0, 0, 16, 16], "texture": "#1"},
				"east": {"uv": [0, 0, 0, 7.25], "texture": "#1"},
				"south": {"uv": [0, 0, 16, 16], "texture": "#1"},
				"west": {"uv": [0, 0, 0, 7.25], "texture": "#1"},
				"up": {"uv": [3.75, 0, 0, 0], "texture": "#1"},
				"down": {"uv": [3.75, 0, 0, 0], "texture": "#1"}
			}
		},
		{
			"from": [4, 1.5, 2.0625],
			"to": [12, 16.75, 2.3125],
			"rotation": {"angle": 22.5, "axis": "x", "origin": [7, 0, 1.0625]},
			"faces": {
				"north": {"uv": [0, 0, 8, 15.25], "texture": "#0"},
				"east": {"uv": [0, 0, 0.25, 15.25], "texture": "#0"},
				"south": {"uv": [0, 0, 8, 15.25], "texture": "#0"},
				"west": {"uv": [0, 0, 0.25, 15.25], "texture": "#0"},
				"up": {"uv": [0, 0, 8, 0.25], "texture": "#0"},
				"down": {"uv": [0, 0, 8, 0.25], "texture": "#0"}
			}
		},
		{
			"from": [4, 0.5, 14.8125],
			"to": [12, 15.5, 15.0625],
			"rotation": {"angle": -22.5, "axis": "x", "origin": [7, 0, 13.0625]},
			"faces": {
				"north": {"uv": [0, 0, 8, 15], "texture": "#0"},
				"east": {"uv": [0, 0, 0.25, 15], "texture": "#0"},
				"south": {"uv": [0, 0, 8, 15], "texture": "#0"},
				"west": {"uv": [0, 0, 0.25, 15], "texture": "#0"},
				"up": {"uv": [0, 0, 8, 0.25], "texture": "#0"},
				"down": {"uv": [0, 0, 8, 0.25], "texture": "#0"}
			}
		},
		{
			"from": [11, -0.5, 15],
			"to": [12, 1.5, 15.25],
			"rotation": {"angle": -22.5, "axis": "x", "origin": [14, -1, 13.25]},
			"faces": {
				"north": {"uv": [0, 0, 1, 2], "texture": "#0"},
				"east": {"uv": [0, 0, 0.25, 2], "texture": "#0"},
				"south": {"uv": [0, 0, 1, 2], "texture": "#0"},
				"west": {"uv": [0, 0, 0.25, 2], "texture": "#0"},
				"up": {"uv": [0, 0, 1, 0.25], "texture": "#0"},
				"down": {"uv": [0, 0, 1, 0.25], "texture": "#0"}
			}
		},
		{
			"from": [11, 0.5, 1.9375],
			"to": [12, 2.75, 2.1875],
			"rotation": {"angle": 22.5, "axis": "x", "origin": [14, -1, 0.9375]},
			"faces": {
				"north": {"uv": [0, 0, 1, 2.25], "texture": "#0"},
				"east": {"uv": [0, 0, 0.25, 2.25], "texture": "#0"},
				"south": {"uv": [0, 0, 1, 2.25], "texture": "#0"},
				"west": {"uv": [0, 0, 0.25, 2.25], "texture": "#0"},
				"up": {"uv": [0, 0, 1, 0.25], "texture": "#0"},
				"down": {"uv": [0, 0, 1, 0.25], "texture": "#0"}
			}
		},
		{
			"from": [4, -0.5, 15],
			"to": [5, 1.5, 15.25],
			"rotation": {"angle": -22.5, "axis": "x", "origin": [7, -1, 13.25]},
			"faces": {
				"north": {"uv": [0, 0, 1, 2], "texture": "#0"},
				"east": {"uv": [0, 0, 0.25, 2], "texture": "#0"},
				"south": {"uv": [0, 0, 1, 2], "texture": "#0"},
				"west": {"uv": [0, 0, 0.25, 2], "texture": "#0"},
				"up": {"uv": [0, 0, 1, 0.25], "texture": "#0"},
				"down": {"uv": [0, 0, 1, 0.25], "texture": "#0"}
			}
		},
		{
			"from": [4, 0.5, 1.9375],
			"to": [5, 2.75, 2.1875],
			"rotation": {"angle": 22.5, "axis": "x", "origin": [7, -1, 0.9375]},
			"faces": {
				"north": {"uv": [0, 0, 1, 2.25], "texture": "#0"},
				"east": {"uv": [0, 0, 0.25, 2.25], "texture": "#0"},
				"south": {"uv": [0, 0, 1, 2.25], "texture": "#0"},
				"west": {"uv": [0, 0, 0.25, 2.25], "texture": "#0"},
				"up": {"uv": [0, 0, 1, 0.25], "texture": "#0"},
				"down": {"uv": [0, 0, 1, 0.25], "texture": "#0"}
			}
		},
		{
			"from": [12, 9.75, 6.1875],
			"to": [12.25, 10, 11.125],
			"rotation": {"angle": 0, "axis": "y", "origin": [11, 8, 7]},
			"faces": {
				"north": {"uv": [0, 0, 0.25, 0.25], "texture": "#0"},
				"east": {"uv": [0, 0, 4.9375, 0.25], "texture": "#0"},
				"south": {"uv": [0, 0, 0.25, 0.25], "texture": "#0"},
				"west": {"uv": [0, 0, 4.9375, 0.25], "texture": "#0"},
				"up": {"uv": [0, 0, 0.25, 4.9375], "texture": "#0"},
				"down": {"uv": [0, 0, 0.25, 4.9375], "texture": "#0"}
			}
		},
		{
			"from": [3.75, 9.75, 6.1875],
			"to": [4, 10, 11.125],
			"rotation": {"angle": 0, "axis": "y", "origin": [2.75, 8, 7]},
			"faces": {
				"north": {"uv": [0, 0, 0.25, 0.25], "texture": "#0"},
				"east": {"uv": [0, 0, 4.9375, 0.25], "texture": "#0"},
				"south": {"uv": [0, 0, 0.25, 0.25], "texture": "#0"},
				"west": {"uv": [0, 0, 4.9375, 0.25], "texture": "#0"},
				"up": {"uv": [0, 0, 0.25, 4.9375], "texture": "#0"},
				"down": {"uv": [0, 0, 0.25, 4.9375], "texture": "#0"}
			}
		}
	],
	"display": {
		"thirdperson_righthand": {
			"rotation": [48, 0, 0],
			"translation": [0.25, 4.25, 1.75]
		},
		"thirdperson_lefthand": {
			"rotation": [48, 0, 0],
			"translation": [0.25, 4.25, 1.75]
		},
		"head": {
			"translation": [0, 11, 0]
		},
		"fixed": {
			"rotation": [-90, 0, 0],
			"translation": [0, -1.75, -18],
			"scale": [2.71094, 2.28711, 2.06055]
		}
	}
}