{
	
	"textures": {
		"0": "item/dc3",
		"1": "item/cockpit",
		"particle": "item/dc3"
	},
	"elements": [
		{
			"from": [9.125, 3, 0],
			"to": [14.75, 6.6875, 2],
			"rotation": {"angle": 0, "axis": "y", "origin": [7, 6, 0]},
			"faces": {
				"north": {"uv": [0, 9.10938, 13.5, 12.79688], "texture": "#1"},
				"east": {"uv": [12.71875, 3.17188, 14.64063, 4.125], "texture": "#1"},
				"south": {"uv": [0, 11.28125, 13.5, 14.96875], "texture": "#1"},
				"west": {"uv": [0, 0, 2, 3.6875], "texture": "#1"},
				"up": {"uv": [1.5, 10.73438, 15, 12.73438], "texture": "#1"},
				"down": {"uv": [0, 13.0625, 13.5, 15.0625], "texture": "#1"}
			}
		},
		{
			"from": [1.25, 3, 0],
			"to": [6.875, 6.6875, 2],
			"rotation": {"angle": 0, "axis": "y", "origin": [-1.625, 6, 0]},
			"faces": {
				"north": {"uv": [0, 9.10938, 13.5, 12.79688], "texture": "#1"},
				"east": {"uv": [0, 0, 2, 3.6875], "texture": "#1"},
				"south": {"uv": [0, 11.28125, 13.5, 14.96875], "texture": "#1"},
				"west": {"uv": [11.875, 3.875, 13.4375, 4.90625], "texture": "#1"},
				"up": {"uv": [1.5, 10.73438, 15, 12.73438], "texture": "#1"},
				"down": {"uv": [0, 13.0625, 13.5, 15.0625], "texture": "#1"}
			}
		},
		{
			"from": [6.875, 4.1875, 0],
			"to": [9.125, 6.6875, 2],
			"rotation": {"angle": 0, "axis": "y", "origin": [-1.625, 6, 0]},
			"faces": {
				"north": {"uv": [0, 9.10938, 13.5, 12.79688], "texture": "#1"},
				"east": {"uv": [0, 0, 2, 3.6875], "texture": "#1"},
				"south": {"uv": [0, 11.28125, 13.5, 14.96875], "texture": "#1"},
				"west": {"uv": [0, 0, 2, 3.6875], "texture": "#1"},
				"up": {"uv": [1.5, 10.73438, 15, 12.73438], "texture": "#1"},
				"down": {"uv": [0, 13.0625, 13.5, 15.0625], "texture": "#1"}
			}
		},
		{
			"from": [0, 6.6875, 0],
			"to": [16, 7.5, 2],
			"rotation": {"angle": 0, "axis": "y", "origin": [7, 9.6875, 0]},
			"faces": {
				"north": {"uv": [0, 9.10938, 13.5, 12.79688], "texture": "#1"},
				"east": {"uv": [11.28125, 1.26563, 13.28125, 4.95313], "texture": "#1"},
				"south": {"uv": [0, 11.28125, 13.5, 14.96875], "texture": "#1"},
				"west": {"uv": [11.53125, 1.15625, 13.53125, 4.84375], "texture": "#1"},
				"up": {"uv": [1.5, 10.73438, 15, 12.73438], "texture": "#1"},
				"down": {"uv": [0, 13.0625, 13.5, 15.0625], "texture": "#1"}
			}
		},
		{
			"from": [14.75, 5, 0],
			"to": [15.75, 6.6875, 16],
			"rotation": {"angle": 0, "axis": "y", "origin": [7, 6, 0]},
			"faces": {
				"north": {"uv": [13.625, 2.42188, 14.625, 6.10938], "texture": "#1"},
				"east": {"uv": [0, 12.3125, 16, 16], "texture": "#1"},
				"south": {"uv": [11.64063, 1.625, 12.64063, 5.3125], "texture": "#1"},
				"west": {"uv": [0, 10.53125, 16, 14.21875], "texture": "#1"},
				"up": {"uv": [15, 0, 16, 16], "texture": "#1"},
				"down": {"uv": [14.0625, 0, 15.0625, 16], "texture": "#1"}
			}
		},
		{
			"from": [0.25, 5, 0],
			"to": [1.25, 6.6875, 16],
			"rotation": {"angle": 0, "axis": "y", "origin": [-7.5, 6, 0]},
			"faces": {
				"north": {"uv": [13.70313, 0.82813, 14.70313, 4.51563], "texture": "#1"},
				"east": {"uv": [0, 12.3125, 16, 16], "texture": "#1"},
				"south": {"uv": [11.71875, 1.34375, 12.71875, 5.03125], "texture": "#1"},
				"west": {"uv": [0, 12.3125, 16, 16], "texture": "#1"},
				"up": {"uv": [15, 0, 16, 16], "texture": "#1"},
				"down": {"uv": [12.90625, 0, 13.90625, 16], "texture": "#1"}
			}
		},
		{
			"from": [9.875, 3.25, -0.875],
			"to": [13.125, 6.4375, 0],
			"rotation": {"angle": 0, "axis": "y", "origin": [10.5, 4, -2]},
			"faces": {
				"north": {"uv": [0, 0, 2.09375, 1.125], "texture": "#1"},
				"east": {"uv": [0, 0, 1.34375, 1.09375], "texture": "#1"},
				"south": {"uv": [0, 0, 3.25, 3.1875], "texture": "#1"},
				"west": {"uv": [0, 0, 0.875, 0.96875], "texture": "#1"},
				"up": {"uv": [0, 0, 3.25, 0.875], "texture": "#1"},
				"down": {"uv": [0, 0, 3.25, 0.875], "texture": "#1"}
			}
		},
		{
			"from": [2.875, 3.25, -0.875],
			"to": [6.125, 6.4375, 0],
			"rotation": {"angle": 0, "axis": "y", "origin": [3.5, 4, -2]},
			"faces": {
				"north": {"uv": [0, 0, 3.25, 1.04688], "texture": "#1"},
				"east": {"uv": [0, 0, 1.42188, 1.60938], "texture": "#1"},
				"south": {"uv": [0, 0, 3.25, 3.1875], "texture": "#1"},
				"west": {"uv": [0, 0, 1.85938, 1.25], "texture": "#1"},
				"up": {"uv": [0, 0, 3.25, 0.875], "texture": "#1"},
				"down": {"uv": [0, 0, 3.25, 0.875], "texture": "#1"}
			}
		},
		{
			"from": [3.125, 3.5, -1.125],
			"to": [5.875, 6.1875, -0.75],
			"rotation": {"angle": 0, "axis": "y", "origin": [3.5, 4, -2.75]},
			"faces": {
				"north": {"uv": [10.33594, 11.52344, 13.08594, 14.21094], "texture": "#0"},
				"east": {"uv": [0, 0, 0.375, 2.6875], "texture": "#0"},
				"south": {"uv": [0, 0, 2.75, 2.6875], "texture": "#0"},
				"west": {"uv": [0, 0, 0.375, 2.6875], "texture": "#0"},
				"up": {"uv": [0, 0, 2.75, 0.375], "texture": "#0"},
				"down": {"uv": [0, 0, 2.75, 0.375], "texture": "#0"}
			}
		},
		{
			"from": [11.125, 4.5, -3.125],
			"to": [11.875, 5.1875, -2.75],
			"rotation": {"angle": 0, "axis": "y", "origin": [10.5, 4, -4.75]},
			"faces": {
				"north": {"uv": [10.33594, 11.52344, 13.08594, 14.21094], "texture": "#0"},
				"east": {"uv": [0, 0, 0.375, 2.6875], "texture": "#0"},
				"south": {"uv": [0, 0, 2.75, 2.6875], "texture": "#0"},
				"west": {"uv": [0, 0, 0.375, 2.6875], "texture": "#0"},
				"up": {"uv": [0, 0, 2.75, 0.375], "texture": "#0"},
				"down": {"uv": [0, 0, 2.75, 0.375], "texture": "#0"}
			}
		},
		{
			"from": [10.375, 3.75, -1.75],
			"to": [12.625, 5.9375, -0.75],
			"rotation": {"angle": 0, "axis": "y", "origin": [10.5, 4, -2.75]},
			"faces": {
				"north": {"uv": [0, 0, 2.25, 2.1875], "texture": "#1"},
				"east": {"uv": [0, 0, 1, 2.1875], "texture": "#1"},
				"south": {"uv": [0, 0, 2.25, 2.1875], "texture": "#1"},
				"west": {"uv": [0, 0, 1, 2.1875], "texture": "#1"},
				"up": {"uv": [0, 0, 2.25, 1], "texture": "#1"},
				"down": {"uv": [0, 0, 2.25, 1], "texture": "#1"}
			}
		},
		{
			"from": [10.875, 4.25, -2.8125],
			"to": [12.125, 5.4375, -1.75],
			"rotation": {"angle": 0, "axis": "y", "origin": [10.5, 4, -2.75]},
			"faces": {
				"north": {"uv": [0, 0, 1.25, 1.1875], "texture": "#1"},
				"east": {"uv": [0, 0, 1.0625, 1.1875], "texture": "#1"},
				"south": {"uv": [0, 0, 1.25, 1.1875], "texture": "#1"},
				"west": {"uv": [0, 0, 1.0625, 1.1875], "texture": "#1"},
				"up": {"uv": [0, 0, 1.25, 1.0625], "texture": "#1"},
				"down": {"uv": [0, 0, 1.25, 1.0625], "texture": "#1"}
			}
		}
	],
	"display": {
		"thirdperson_righthand": {
			"scale": [0.28, 0.28, 0.28]
		},
		"thirdperson_lefthand": {
			"scale": [0.28, 0.28, 0.28]
		},
		"firstperson_righthand": {
			"rotation": [-155.4, 38.96, 143.96],
			"translation": [0, 7.75, 0],
			"scale": [0.54, 0.54, 0.54]
		},
		"firstperson_lefthand": {
			"rotation": [-155.4, 38.96, 143.96],
			"translation": [0, 7.75, 0],
			"scale": [0.54, 0.54, 0.54]
		},
		"ground": {
			"translation": [0, 2.5, 0],
			"scale": [0.52, 0.52, 0.52]
		},
		"gui": {
			"rotation": [-151, 29.5, -180],
			"translation": [0, 2, 0],
			"scale": [0.91, 0.91, 0.91]
		},
		"fixed": {
			"rotation": [-81.25, 0, 0],
			"translation": [0, 0, -4]
		}
	}
}