{
	
	"texture_size": [128, 128],
	"textures": {
		"0": "item/td4",
		"1": "item/police_wheel",
		"particle": "item/td4"
	},
	"elements": [
		{
			"from": [3.6, 1.5125, -6.025],
			"to": [12.4, 5.9125, 22.025],
			"rotation": {"angle": 0, "axis": "y", "origin": [5.8, 1.5125, 5.8]},
			"faces": {
				"north": {"uv": [5.125, 2.5, 6.21875, 3.04688], "texture": "#0"},
				"east": {"uv": [0, 9.625, 3.5, 10.17188], "texture": "#0"},
				"south": {"uv": [5.375, 10.25, 6.46875, 10.79688], "texture": "#0"},
				"west": {"uv": [3.5, 9.625, 7, 10.17188], "texture": "#0"},
				"up": {"uv": [5.96875, 9.625, 4.875, 6.125], "texture": "#0"},
				"down": {"uv": [7.09375, 6.125, 6, 9.625], "texture": "#0"}
			}
		},
		{
			"from": [1.2625, 1.5125, -7.4],
			"to": [14.7375, 5.9125, -5.475],
			"rotation": {"angle": 0, "axis": "y", "origin": [5.8, 1.5125, 7.175]},
			"faces": {
				"north": {"uv": [9.875, 1.875, 11.5625, 2.42188], "texture": "#0"},
				"east": {"uv": [6.25, 2.5, 6.48438, 3.04688], "texture": "#0"},
				"south": {"uv": [9.875, 2.5, 11.5625, 3.04688], "texture": "#0"},
				"west": {"uv": [4, 10.5, 4.23438, 11.04688], "texture": "#0"},
				"up": {"uv": [11.9375, 5.85938, 10.25, 5.625], "texture": "#0"},
				"down": {"uv": [11.9375, 5.875, 10.25, 6.10938], "texture": "#0"}
			}
		},
		{
			"from": [5.3875, 1.5125, -8.1375],
			"to": [6.2125, 5.475, -7.4],
			"rotation": {"angle": 0, "axis": "y", "origin": [3.6, 1.5125, 7.175]},
			"faces": {
				"north": {"uv": [7, 5, 7.10938, 5.54688], "texture": "#0"},
				"east": {"uv": [3.25, 10.875, 3.40625, 11.42188], "texture": "#0"},
				"south": {"uv": [8.75, 6.75, 8.85938, 7.29688], "texture": "#0"},
				"west": {"uv": [3.5, 10.875, 3.65625, 11.42188], "texture": "#0"},
				"up": {"uv": [6.23438, 3.28125, 6.125, 3.125], "texture": "#0"},
				"down": {"uv": [6.23438, 3.375, 6.125, 3.53125], "texture": "#0"}
			}
		},
		{
			"from": [5.4625, 5.475, -8.1375],
			"to": [10.5375, 5.725, -7.4],
			"rotation": {"angle": 0, "axis": "y", "origin": [3.6, 1.5125, 7.175]},
			"faces": {
				"north": {"uv": [6.5, 5.625, 6.95313, 5.71875], "texture": "#0"},
				"east": {"uv": [3.625, 10.5, 3.78125, 10.59375], "texture": "#0"},
				"south": {"uv": [6.5, 5.75, 6.95313, 5.84375], "texture": "#0"},
				"west": {"uv": [4.25, 10.5, 4.40625, 10.59375], "texture": "#0"},
				"up": {"uv": [5.57813, 3.28125, 5.125, 3.125], "texture": "#0"},
				"down": {"uv": [5.57813, 3.375, 5.125, 3.53125], "texture": "#0"}
			}
		},
		{
			"from": [6.2125, 4.15, -8.1375],
			"to": [9.7875, 4.5875, -7.4],
			"rotation": {"angle": 0, "axis": "y", "origin": [3.6, -6.75, 7.175]},
			"faces": {
				"north": {"uv": [6.5, 5.875, 6.95313, 5.96875], "texture": "#0"},
				"east": {"uv": [4.5, 10.5, 4.65625, 10.59375], "texture": "#0"},
				"south": {"uv": [6.5, 6, 6.95313, 6.09375], "texture": "#0"},
				"west": {"uv": [4.75, 10.5, 4.90625, 10.59375], "texture": "#0"},
				"up": {"uv": [6.07813, 3.28125, 5.625, 3.125], "texture": "#0"},
				"down": {"uv": [6.07813, 3.375, 5.625, 3.53125], "texture": "#0"}
			}
		},
		{
			"from": [6.2125, 2.65, -8.1375],
			"to": [9.7875, 3.0875, -7.4],
			"rotation": {"angle": 0, "axis": "y", "origin": [3.6, -8.25, 7.175]},
			"faces": {
				"north": {"uv": [6.5, 5.875, 6.95313, 5.96875], "texture": "#0"},
				"east": {"uv": [4.5, 10.5, 4.65625, 10.59375], "texture": "#0"},
				"south": {"uv": [6.5, 6, 6.95313, 6.09375], "texture": "#0"},
				"west": {"uv": [4.75, 10.5, 4.90625, 10.59375], "texture": "#0"},
				"up": {"uv": [6.07813, 3.28125, 5.625, 3.125], "texture": "#0"},
				"down": {"uv": [6.07813, 3.375, 5.625, 3.53125], "texture": "#0"}
			}
		},
		{
			"from": [9.7875, 1.5125, -8.1375],
			"to": [10.6125, 5.475, -7.4],
			"rotation": {"angle": 0, "axis": "y", "origin": [8, 1.5125, 7.175]},
			"faces": {
				"north": {"uv": [8.125, 10.875, 8.23438, 11.42188], "texture": "#0"},
				"east": {"uv": [3.75, 10.875, 3.90625, 11.42188], "texture": "#0"},
				"south": {"uv": [8.25, 10.875, 8.35938, 11.42188], "texture": "#0"},
				"west": {"uv": [5.75, 10.875, 5.90625, 11.42188], "texture": "#0"},
				"up": {"uv": [6.35938, 3.28125, 6.25, 3.125], "texture": "#0"},
				"down": {"uv": [6.35938, 3.375, 6.25, 3.53125], "texture": "#0"}
			}
		},
		{
			"from": [1.4, 5.9125, -7.2625],
			"to": [14.6, 6.325, -5.475],
			"rotation": {"angle": 0, "axis": "y", "origin": [5.8, 1.5125, 7.175]},
			"faces": {
				"north": {"uv": [6.375, 10.875, 8.03125, 10.92188], "texture": "#0"},
				"east": {"uv": [5, 10.5, 5.21875, 10.54688], "texture": "#0"},
				"south": {"uv": [10.375, 10.875, 12.03125, 10.92188], "texture": "#0"},
				"west": {"uv": [4.25, 10.625, 4.46875, 10.67188], "texture": "#0"},
				"up": {"uv": [11.90625, 6.34375, 10.25, 6.125], "texture": "#0"},
				"down": {"uv": [11.90625, 6.375, 10.25, 6.59375], "texture": "#0"}
			}
		},
		{
			"from": [1.4, 6.325, -7.125],
			"to": [14.6, 6.7375, -5.475],
			"rotation": {"angle": 0, "axis": "y", "origin": [5.8, 1.5125, 7.175]},
			"faces": {
				"north": {"uv": [0, 11, 1.65625, 11.04688], "texture": "#0"},
				"east": {"uv": [4.5, 10.625, 4.70313, 10.67188], "texture": "#0"},
				"south": {"uv": [6.375, 11, 8.03125, 11.04688], "texture": "#0"},
				"west": {"uv": [4.75, 10.625, 4.95313, 10.67188], "texture": "#0"},
				"up": {"uv": [12.03125, 7.32813, 10.375, 7.125], "texture": "#0"},
				"down": {"uv": [12.03125, 7.375, 10.375, 7.57813], "texture": "#0"}
			}
		},
		{
			"from": [1.675, 6.7375, -6.85],
			"to": [14.325, 7.0125, -5.475],
			"rotation": {"angle": 0, "axis": "y", "origin": [5.8, 1.5125, 7.175]},
			"faces": {
				"north": {"uv": [0, 11.125, 1.57813, 11.15625], "texture": "#0"},
				"east": {"uv": [5, 10.625, 5.17188, 10.65625], "texture": "#0"},
				"south": {"uv": [1.625, 11.125, 3.20313, 11.15625], "texture": "#0"},
				"west": {"uv": [4.25, 10.75, 4.42188, 10.78125], "texture": "#0"},
				"up": {"uv": [11.95313, 8.79688, 10.375, 8.625], "texture": "#0"},
				"down": {"uv": [11.95313, 8.875, 10.375, 9.04688], "texture": "#0"}
			}
		},
		{
			"from": [1.95, 7.0125, -6.85],
			"to": [14.05, 7.15, -5.475],
			"rotation": {"angle": 0, "axis": "y", "origin": [5.8, 1.5125, 7.175]},
			"faces": {
				"north": {"uv": [0, 11.375, 1.51563, 11.39063], "texture": "#0"},
				"east": {"uv": [4.875, 10.75, 5.04688, 10.76563], "texture": "#0"},
				"south": {"uv": [1.625, 11.375, 3.14063, 11.39063], "texture": "#0"},
				"west": {"uv": [5.125, 10.75, 5.29688, 10.76563], "texture": "#0"},
				"up": {"uv": [11.89063, 9.29688, 10.375, 9.125], "texture": "#0"},
				"down": {"uv": [11.89063, 9.375, 10.375, 9.54688], "texture": "#0"}
			}
		},
		{
			"from": [1.2625, 1.5125, 20.2375],
			"to": [14.7375, 5.9125, 23.4],
			"rotation": {"angle": 0, "axis": "y", "origin": [5.8, 1.5125, 36.6]},
			"faces": {
				"north": {"uv": [9.875, 3.125, 11.5625, 3.67188], "texture": "#0"},
				"east": {"uv": [6.5, 5, 6.89063, 5.54688], "texture": "#0"},
				"south": {"uv": [9.875, 3.75, 11.5625, 4.29688], "texture": "#0"},
				"west": {"uv": [6.5, 10.25, 6.89063, 10.79688], "texture": "#0"},
				"up": {"uv": [11.9375, 5.01563, 10.25, 4.625], "texture": "#0"},
				"down": {"uv": [11.9375, 5.125, 10.25, 5.51563], "texture": "#0"}
			}
		},
		{
			"from": [1.2625, 1.5125, -0.525],
			"to": [14.7375, 5.9125, 15.15],
			"rotation": {"angle": 0, "axis": "y", "origin": [5.8, 1.5125, 21.2]},
			"faces": {
				"north": {"uv": [7, 10, 8.6875, 10.54688], "texture": "#0"},
				"east": {"uv": [9.875, 0, 11.82813, 0.54688], "texture": "#0"},
				"south": {"uv": [0, 10.25, 1.6875, 10.79688], "texture": "#0"},
				"west": {"uv": [9.875, 0.625, 11.82813, 1.17188], "texture": "#0"},
				"up": {"uv": [8.8125, 9.32813, 7.125, 7.375], "texture": "#0"},
				"down": {"uv": [9.8125, 2.5, 8.125, 4.45313], "texture": "#0"}
			}
		},
		{
			"from": [1.4, 5.3625, -5.475],
			"to": [14.6, 7.0125, 23.2625],
			"rotation": {"angle": 0, "axis": "y", "origin": [5.8, 1.5125, 5.8]},
			"faces": {
				"north": {"uv": [10.375, 6.625, 12.03125, 6.82813], "texture": "#0"},
				"east": {"uv": [1.75, 10.25, 5.34375, 10.45313], "texture": "#0"},
				"south": {"uv": [10.375, 6.875, 12.03125, 7.07813], "texture": "#0"},
				"west": {"uv": [10.25, 4.375, 13.84375, 4.57813], "texture": "#0"},
				"up": {"uv": [1.65625, 3.59375, 0, 0], "texture": "#0"},
				"down": {"uv": [3.40625, 0, 1.75, 3.59375], "texture": "#0"}
			}
		},
		{
			"from": [1.5375, 7.0125, -5.475],
			"to": [14.4625, 7.15, 23.2625],
			"rotation": {"angle": 0, "axis": "y", "origin": [5.8, 1.5125, 5.8]},
			"faces": {
				"north": {"uv": [6.375, 11.125, 7.98438, 11.14063], "texture": "#0"},
				"east": {"uv": [8.375, 11.125, 11.96875, 11.14063], "texture": "#0"},
				"south": {"uv": [0, 11.25, 1.60938, 11.26563], "texture": "#0"},
				"west": {"uv": [8.375, 11.25, 11.96875, 11.26563], "texture": "#0"},
				"up": {"uv": [5.10938, 3.59375, 3.5, 0], "texture": "#0"},
				"down": {"uv": [1.60938, 3.625, 0, 7.21875], "texture": "#0"}
			}
		},
		{
			"from": [9.175, 12.1625, 22.7],
			"to": [9.9375, 14.775, 23.2],
			"rotation": {"angle": -45, "axis": "z", "origin": [3.175, 10.5125, 5.2375]},
			"faces": {
				"north": {"uv": [6.375, 11.125, 7.98438, 11.14063], "rotation": 270, "texture": "#0"},
				"east": {"uv": [5.10938, 3.59375, 3.5, 0], "rotation": 90, "texture": "#0"},
				"south": {"uv": [10.39062, 6.92188, 10.48438, 6.76563], "texture": "#0"},
				"west": {"uv": [1.60938, 3.625, 0, 7.21875], "rotation": 90, "texture": "#0"},
				"up": {"uv": [8.375, 11.25, 11.96875, 11.26563], "rotation": 90, "texture": "#0"},
				"down": {"uv": [8.375, 11.125, 11.96875, 11.14063], "rotation": 90, "texture": "#0"}
			}
		},
		{
			"from": [1.8125, 7.15, -4.925],
			"to": [14.1875, 7.2875, 23.2625],
			"rotation": {"angle": 0, "axis": "y", "origin": [5.8, 1.5125, 5.8]},
			"faces": {
				"north": {"uv": [1.625, 11.25, 3.17188, 11.26563], "texture": "#0"},
				"east": {"uv": [8.375, 11.375, 11.90625, 11.39063], "texture": "#0"},
				"south": {"uv": [6.375, 11.25, 7.92188, 11.26563], "texture": "#0"},
				"west": {"uv": [0, 11.5, 3.53125, 11.51563], "texture": "#0"},
				"up": {"uv": [3.17188, 7.15625, 1.625, 3.625], "texture": "#0"},
				"down": {"uv": [4.79688, 3.625, 3.25, 7.15625], "texture": "#0"}
			}
		},
		{
			"from": [1.5625, 7.15, 9.825],
			"to": [14.4375, 11.6625, 10.575],
			"rotation": {"angle": 0, "axis": "y", "origin": [5.8, 1.5125, 4.175]},
			"faces": {
				"north": {"uv": [1.625, 11.25, 3.17188, 11.26563], "texture": "#0"},
				"east": {"uv": [8.375, 11.375, 11.90625, 11.39063], "texture": "#0"},
				"south": {"uv": [6.375, 11.25, 7.92188, 11.26563], "texture": "#0"},
				"west": {"uv": [0, 11.5, 3.53125, 11.51563], "texture": "#0"},
				"up": {"uv": [3.17188, 7.15625, 1.625, 3.625], "texture": "#0"},
				"down": {"uv": [4.79688, 3.625, 3.25, 7.15625], "texture": "#0"}
			}
		},
		{
			"from": [1.5625, 7.15, 15.0125],
			"to": [14.4375, 11.6625, 15.7625],
			"rotation": {"angle": 0, "axis": "y", "origin": [5.8, 1.5125, 9.3625]},
			"faces": {
				"north": {"uv": [1.625, 11.25, 3.17188, 11.26563], "texture": "#0"},
				"east": {"uv": [8.375, 11.375, 11.90625, 11.39063], "texture": "#0"},
				"south": {"uv": [6.375, 11.25, 7.92188, 11.26563], "texture": "#0"},
				"west": {"uv": [0, 11.5, 3.53125, 11.51563], "texture": "#0"},
				"up": {"uv": [3.17188, 7.15625, 1.625, 3.625], "texture": "#0"},
				"down": {"uv": [4.79688, 3.625, 3.25, 7.15625], "texture": "#0"}
			}
		},
		{
			"from": [1.675, 7.0125, 3.4625],
			"to": [14.325, 7.975, 23],
			"rotation": {"angle": 0, "axis": "y", "origin": [5.8, 1.5125, 5.8]},
			"faces": {
				"north": {"uv": [10.375, 9.625, 11.95313, 9.75], "texture": "#0"},
				"east": {"uv": [10.375, 7.625, 12.82813, 7.75], "texture": "#0"},
				"south": {"uv": [10.375, 9.75, 11.95313, 9.875], "texture": "#0"},
				"west": {"uv": [10.375, 7.75, 12.82813, 7.875], "texture": "#0"},
				"up": {"uv": [6.45313, 6.07813, 4.875, 3.625], "texture": "#0"},
				"down": {"uv": [6.70313, 0, 5.125, 2.45313], "texture": "#0"}
			}
		},
		{
			"from": [0.2375, 7.325, 3.9],
			"to": [15.7625, 8.6, 4.5625],
			"rotation": {"angle": 0, "axis": "y", "origin": [5.8, 1.825, 6.2375]},
			"faces": {
				"north": {"uv": [10.375, 9.625, 11.95313, 9.75], "texture": "#0"},
				"east": {"uv": [10.375, 7.625, 12.82813, 7.75], "texture": "#0"},
				"south": {"uv": [10.375, 9.75, 11.95313, 9.875], "texture": "#0"},
				"west": {"uv": [10.375, 7.75, 12.82813, 7.875], "texture": "#0"},
				"up": {"uv": [6.45313, 6.07813, 4.875, 3.625], "texture": "#0"},
				"down": {"uv": [6.70313, 0, 5.125, 2.45313], "texture": "#0"}
			}
		},
		{
			"from": [1.8125, 7.975, 3.7375],
			"to": [14.1875, 8.9375, 22.6125],
			"rotation": {"angle": 0, "axis": "y", "origin": [5.8, 2.475, 5.8]},
			"faces": {
				"north": {"uv": [10.375, 9.875, 11.92188, 10], "texture": "#0"},
				"east": {"uv": [10.375, 7.875, 12.78125, 8], "texture": "#0"},
				"south": {"uv": [10.375, 10, 11.92188, 10.125], "texture": "#0"},
				"west": {"uv": [10.375, 8, 12.78125, 8.125], "texture": "#0"},
				"up": {"uv": [8.04688, 4.90625, 6.5, 2.5], "texture": "#0"},
				"down": {"uv": [8.29688, 0, 6.75, 2.40625], "texture": "#0"}
			}
		},
		{
			"from": [1.8125, 8.9375, 4.2875],
			"to": [14.1875, 9.9, 22.1625],
			"rotation": {"angle": 0, "axis": "y", "origin": [5.8, 3.4375, 5.8]},
			"faces": {
				"north": {"uv": [10.375, 10.125, 11.92188, 10.25], "texture": "#0"},
				"east": {"uv": [10.375, 8.125, 12.70313, 8.25], "texture": "#0"},
				"south": {"uv": [10.375, 10.25, 11.92188, 10.375], "texture": "#0"},
				"west": {"uv": [10.375, 8.25, 12.70313, 8.375], "texture": "#0"},
				"up": {"uv": [8.67188, 7.32813, 7.125, 5], "texture": "#0"},
				"down": {"uv": [1.54688, 7.25, 0, 9.57813], "texture": "#0"}
			}
		},
		{
			"from": [1.825, 9.9, 4.5625],
			"to": [14.175, 10.8625, 21.8375],
			"rotation": {"angle": 0, "axis": "y", "origin": [5.8, 4.4, 5.8]},
			"faces": {
				"north": {"uv": [10.375, 10.375, 11.89063, 10.5], "texture": "#0"},
				"east": {"uv": [10.375, 8.375, 12.64063, 8.5], "texture": "#0"},
				"south": {"uv": [1.75, 10.5, 3.26563, 10.625], "texture": "#0"},
				"west": {"uv": [10.375, 8.5, 12.64063, 8.625], "texture": "#0"},
				"up": {"uv": [3.14063, 9.51563, 1.625, 7.25], "texture": "#0"},
				"down": {"uv": [4.76563, 7.25, 3.25, 9.51563], "texture": "#0"}
			}
		},
		{
			"from": [1.95, 6.6, 2.3625],
			"to": [14.05, 11.55, 2.775],
			"rotation": {"angle": 22.5, "axis": "x", "origin": [5.8, 5.3625, 4.2875]},
			"faces": {
				"north": {"uv": [7.125, 9.375, 8.64063, 10], "texture": "#0"},
				"east": {"uv": [4.25, 11, 4.29688, 11.625], "texture": "#0"},
				"south": {"uv": [9.875, 1.25, 11.39063, 1.875], "texture": "#0"},
				"west": {"uv": [4.375, 11, 4.42188, 11.625], "texture": "#0"},
				"up": {"uv": [10.39063, 11.04688, 8.875, 11], "texture": "#0"},
				"down": {"uv": [12.01563, 11, 10.5, 11.04688], "texture": "#0"}
			}
		},
		{
			"from": [0.05, 7.35, 4.2375],
			"to": [15.65, 8.6125, 4.65],
			"rotation": {"angle": 0, "axis": "y", "origin": [10.05, 5.3625, 2.725]},
			"faces": {
				"north": {"uv": [9.875, 1.25, 11.39063, 1.875], "texture": "#0"},
				"east": {"uv": [4.375, 11, 4.42188, 11.625], "texture": "#0"},
				"south": {"uv": [7.1875, 9.375, 8.57813, 10], "texture": "#0"},
				"west": {"uv": [4.25, 11, 4.29688, 11.625], "texture": "#0"},
				"up": {"uv": [10.39063, 11.04688, 8.875, 11], "rotation": 180, "texture": "#0"},
				"down": {"uv": [12.01563, 11, 10.5, 11.04688], "rotation": 180, "texture": "#0"}
			}
		},
		{
			"from": [1.9875, 6.6625, 23.675],
			"to": [14.0875, 11.6125, 23.9625],
			"rotation": {"angle": -22.5, "axis": "x", "origin": [10.2375, 5.425, 22.1625]},
			"faces": {
				"north": {"uv": [9.875, 1.25, 11.39063, 1.875], "texture": "#0"},
				"east": {"uv": [4.375, 11, 4.42188, 11.625], "texture": "#0"},
				"south": {"uv": [7.125, 9.375, 8.64063, 10], "texture": "#0"},
				"west": {"uv": [4.25, 11, 4.29688, 11.625], "texture": "#0"},
				"up": {"uv": [10.39063, 11.04688, 8.875, 11], "rotation": 180, "texture": "#0"},
				"down": {"uv": [12.01563, 11, 10.5, 11.04688], "rotation": 180, "texture": "#0"}
			}
		},
		{
			"from": [1.625, 6.9125, 5.0375],
			"to": [2.0375, 11.8625, 21.45],
			"rotation": {"angle": 0, "axis": "z", "origin": [3.55, 5.675, 14.1625]},
			"faces": {
				"north": {"uv": [4.25, 11, 4.29688, 11.625], "texture": "#0"},
				"east": {"uv": [9.875, 1.25, 11.39063, 1.875], "texture": "#0"},
				"south": {"uv": [4.375, 11, 4.42188, 11.625], "texture": "#0"},
				"west": {"uv": [7.125, 9.375, 8.64063, 10], "texture": "#0"},
				"up": {"uv": [10.39063, 11.04688, 8.875, 11], "rotation": 270, "texture": "#0"},
				"down": {"uv": [12.01563, 11, 10.5, 11.04688], "rotation": 90, "texture": "#0"}
			}
		},
		{
			"from": [13.9375, 6.9125, 4.9375],
			"to": [14.35, 11.8625, 21.35],
			"rotation": {"angle": 0, "axis": "y", "origin": [12.425, 5.675, 12.225]},
			"faces": {
				"north": {"uv": [4.375, 11, 4.42188, 11.625], "texture": "#0"},
				"east": {"uv": [7.125, 9.375, 8.64063, 10], "texture": "#0"},
				"south": {"uv": [4.25, 11, 4.29688, 11.625], "texture": "#0"},
				"west": {"uv": [9.875, 1.25, 11.39063, 1.875], "texture": "#0"},
				"up": {"uv": [10.39063, 11.04688, 8.875, 11], "rotation": 90, "texture": "#0"},
				"down": {"uv": [12.01563, 11, 10.5, 11.04688], "rotation": 270, "texture": "#0"}
			}
		},
		{
			"from": [1.9, 10.8625, 4.975],
			"to": [14.1, 11.4125, 21.6875],
			"rotation": {"angle": 0, "axis": "y", "origin": [5.8, 5.3625, 5.8]},
			"faces": {
				"north": {"uv": [8.375, 2.25, 9.85938, 2.3125], "texture": "#0"},
				"east": {"uv": [10.375, 10.5, 12.5625, 10.5625], "texture": "#0"},
				"south": {"uv": [8.375, 2.375, 9.85938, 2.4375], "texture": "#0"},
				"west": {"uv": [1.75, 10.625, 3.9375, 10.6875], "texture": "#0"},
				"up": {"uv": [9.85938, 2.1875, 8.375, 0], "texture": "#0"},
				"down": {"uv": [10.23438, 4.5, 8.75, 6.6875], "texture": "#0"}
			}
		},
		{
			"from": [2.225, 11.4125, 4.975],
			"to": [13.775, 11.9625, 21.75],
			"rotation": {"angle": 0, "axis": "y", "origin": [5.8, 5.9125, 5.8]},
			"faces": {
				"north": {"uv": [1.75, 10.875, 3.1875, 10.9375], "texture": "#0"},
				"east": {"uv": [10.375, 10.625, 12.46875, 10.6875], "texture": "#0"},
				"south": {"uv": [4.25, 10.875, 5.6875, 10.9375], "texture": "#0"},
				"west": {"uv": [1.75, 10.75, 3.84375, 10.8125], "texture": "#0"},
				"up": {"uv": [10.3125, 8.84375, 8.875, 6.75], "texture": "#0"},
				"down": {"uv": [10.3125, 8.875, 8.875, 10.96875], "texture": "#0"}
			}
		},
		{
			"from": [2.7875, 12.85, 6.475],
			"to": [3.2125, 13.4, 20.25],
			"rotation": {"angle": 0, "axis": "y", "origin": [0.8, 7.35, 5.8]},
			"faces": {
				"north": {"uv": [3.875, 10.75, 3.92188, 10.8125], "texture": "#0"},
				"east": {"uv": [7, 10.625, 8.71875, 10.6875], "texture": "#0"},
				"south": {"uv": [4.5, 10.75, 4.54688, 10.8125], "texture": "#0"},
				"west": {"uv": [7, 10.75, 8.71875, 10.8125], "texture": "#0"},
				"up": {"uv": [8.79688, 11.09375, 8.75, 9.375], "texture": "#0"},
				"down": {"uv": [6.04688, 10.875, 6, 12.59375], "texture": "#0"}
			}
		},
		{
			"from": [2.725, 8.5375, 11.225],
			"to": [3.275, 9.0875, 13.25],
			"rotation": {"angle": -45, "axis": "x", "origin": [0.8, 3.0375, 4.675]},
			"faces": {
				"north": {"uv": [10.25, 6.625, 10.3125, 6.6875], "texture": "#0"},
				"east": {"uv": [8.375, 4.5, 8.625, 4.5625], "texture": "#0"},
				"south": {"uv": [3.875, 10.5, 3.9375, 10.5625], "texture": "#0"},
				"west": {"uv": [8.375, 4.625, 8.625, 4.6875], "texture": "#0"},
				"up": {"uv": [8.4375, 5, 8.375, 4.75], "texture": "#0"},
				"down": {"uv": [8.5625, 4.75, 8.5, 5], "texture": "#0"}
			}
		},
		{
			"from": [12.725, 8.5375, 11.225],
			"to": [13.275, 9.0875, 13.25],
			"rotation": {"angle": -45, "axis": "x", "origin": [10.8, 3.0375, 4.675]},
			"faces": {
				"north": {"uv": [5.25, 10.5, 5.3125, 10.5625], "texture": "#0"},
				"east": {"uv": [9.875, 4.375, 10.125, 4.4375], "texture": "#0"},
				"south": {"uv": [5.25, 10.625, 5.3125, 10.6875], "texture": "#0"},
				"west": {"uv": [3.375, 10.5, 3.625, 10.5625], "texture": "#0"},
				"up": {"uv": [8.6875, 4.75, 8.625, 4.5], "texture": "#0"},
				"down": {"uv": [8.6875, 4.75, 8.625, 5], "texture": "#0"}
			}
		},
		{
			"from": [12.725, 11.4678, 20.53944],
			"to": [13.275, 13.4928, 21.08944],
			"rotation": {"angle": -45, "axis": "x", "origin": [10.8, 12.475, 20.8]},
			"faces": {
				"north": {"uv": [6.375, 3.125, 6.4375, 3.375], "texture": "#0"},
				"east": {"uv": [6.375, 3.375, 6.4375, 3.625], "texture": "#0"},
				"south": {"uv": [7, 5.625, 7.0625, 5.875], "texture": "#0"},
				"west": {"uv": [7, 5.875, 7.0625, 6.125], "texture": "#0"},
				"up": {"uv": [7.0625, 9.6875, 7, 9.625], "texture": "#0"},
				"down": {"uv": [7.0625, 9.75, 7, 9.8125], "texture": "#0"}
			}
		},
		{
			"from": [2.725, 11.4678, 20.53944],
			"to": [3.275, 13.4928, 21.08944],
			"rotation": {"angle": -45, "axis": "x", "origin": [10.8, 12.475, 20.8]},
			"faces": {
				"north": {"uv": [8.125, 4.5, 8.1875, 4.75], "texture": "#0"},
				"east": {"uv": [8.125, 4.75, 8.1875, 5], "texture": "#0"},
				"south": {"uv": [8.25, 4.5, 8.3125, 4.75], "texture": "#0"},
				"west": {"uv": [8.25, 4.75, 8.3125, 5], "texture": "#0"},
				"up": {"uv": [7.0625, 9.9375, 7, 9.875], "texture": "#0"},
				"down": {"uv": [10.1875, 4.375, 10.125, 4.4375], "texture": "#0"}
			}
		},
		{
			"from": [12.7875, 12.85, 6.475],
			"to": [13.2125, 13.4, 20.25],
			"rotation": {"angle": 0, "axis": "y", "origin": [10.8, 7.35, 5.8]},
			"faces": {
				"north": {"uv": [4.625, 10.75, 4.67188, 10.8125], "texture": "#0"},
				"east": {"uv": [10.375, 10.75, 12.09375, 10.8125], "texture": "#0"},
				"south": {"uv": [4.75, 10.75, 4.79688, 10.8125], "texture": "#0"},
				"west": {"uv": [0, 10.875, 1.71875, 10.9375], "texture": "#0"},
				"up": {"uv": [6.17188, 12.59375, 6.125, 10.875], "texture": "#0"},
				"down": {"uv": [6.29688, 10.875, 6.25, 12.59375], "texture": "#0"}
			}
		},
		{
			"from": [1, 0.5625, 15.75],
			"to": [2.875, 4.4375, 19.625],
			"rotation": {"angle": 0, "axis": "y", "origin": [0.9375, 1.5, 16.6875]},
			"faces": {
				"north": {"uv": [0, 0, 0.25, 0.60938], "texture": "#1"},
				"east": {"uv": [0, 0, 16, 16], "texture": "#1"},
				"south": {"uv": [0, 0, 0.25, 0.60938], "texture": "#1"},
				"west": {"uv": [0, 0, 16, 16], "texture": "#1"},
				"up": {"uv": [0, 0, 0.25, 0.60938], "texture": "#1"},
				"down": {"uv": [0, 0, 0.25, 0.60938], "texture": "#1"}
			}
		},
		{
			"from": [0.9375, 0.0625, 17.125],
			"to": [2.9375, 0.9375, 18.25],
			"rotation": {"angle": 0, "axis": "y", "origin": [0.9375, 2.5, 17.6875]},
			"faces": {
				"north": {"uv": [0, 0, 0.25, 0.10938], "texture": "#0"},
				"east": {"uv": [0, 0, 0.14063, 0.10938], "texture": "#0"},
				"south": {"uv": [0, 0, 0.25, 0.10938], "texture": "#0"},
				"west": {"uv": [0, 0, 0.14063, 0.10938], "texture": "#0"},
				"up": {"uv": [0, 0, 0.25, 0.14063], "texture": "#0"},
				"down": {"uv": [0, 0, 0.25, 0.14063], "texture": "#0"}
			}
		},
		{
			"from": [0.9375, 0.0625, 17.125],
			"to": [2.9375, 0.9375, 18.25],
			"rotation": {"angle": 22.5, "axis": "x", "origin": [0.9375, 2.5, 17.6875]},
			"faces": {
				"north": {"uv": [0, 0, 0.25, 0.10938], "texture": "#0"},
				"east": {"uv": [0, 0, 0.14063, 0.10938], "texture": "#0"},
				"south": {"uv": [0, 0, 0.25, 0.10938], "texture": "#0"},
				"west": {"uv": [0, 0, 0.14063, 0.10938], "texture": "#0"},
				"up": {"uv": [0, 0, 0.25, 0.14063], "texture": "#0"},
				"down": {"uv": [0, 0, 0.25, 0.14063], "texture": "#0"}
			}
		},
		{
			"from": [0.9375, 0.0625, 17.125],
			"to": [2.9375, 0.9375, 18.25],
			"rotation": {"angle": 45, "axis": "x", "origin": [0.9375, 2.5, 17.6875]},
			"faces": {
				"north": {"uv": [0, 0, 0.25, 0.10938], "texture": "#0"},
				"east": {"uv": [0, 0, 0.14063, 0.10938], "texture": "#0"},
				"south": {"uv": [0, 0, 0.25, 0.10938], "texture": "#0"},
				"west": {"uv": [0, 0, 0.14063, 0.10938], "texture": "#0"},
				"up": {"uv": [0, 0, 0.25, 0.14063], "texture": "#0"},
				"down": {"uv": [0, 0, 0.25, 0.14063], "texture": "#0"}
			}
		},
		{
			"from": [0.9375, 1.9375, 15.25],
			"to": [2.9375, 3.0625, 16.125],
			"rotation": {"angle": -22.5, "axis": "x", "origin": [0.9375, 2.5, 17.6875]},
			"faces": {
				"north": {"uv": [0, 0, 0.25, 0.14063], "rotation": 180, "texture": "#0"},
				"east": {"uv": [0, 0, 0.14063, 0.10938], "rotation": 270, "texture": "#0"},
				"south": {"uv": [0, 0, 0.25, 0.14063], "texture": "#0"},
				"west": {"uv": [0, 0, 0.14063, 0.10938], "rotation": 90, "texture": "#0"},
				"up": {"uv": [0, 0, 0.25, 0.10938], "rotation": 180, "texture": "#0"},
				"down": {"uv": [0, 0, 0.25, 0.10938], "texture": "#0"}
			}
		},
		{
			"from": [0.9375, 1.9375, 15.25],
			"to": [2.9375, 3.0625, 16.125],
			"rotation": {"angle": 0, "axis": "x", "origin": [0.9375, 2.5, 17.6875]},
			"faces": {
				"north": {"uv": [0, 0, 0.25, 0.14063], "rotation": 180, "texture": "#0"},
				"east": {"uv": [0, 0, 0.14063, 0.10938], "rotation": 270, "texture": "#0"},
				"south": {"uv": [0, 0, 0.25, 0.14063], "texture": "#0"},
				"west": {"uv": [0, 0, 0.14063, 0.10938], "rotation": 90, "texture": "#0"},
				"up": {"uv": [0, 0, 0.25, 0.10938], "rotation": 180, "texture": "#0"},
				"down": {"uv": [0, 0, 0.25, 0.10938], "texture": "#0"}
			}
		},
		{
			"from": [0.9375, 1.9375, 15.25],
			"to": [2.9375, 3.0625, 16.125],
			"rotation": {"angle": 22.5, "axis": "x", "origin": [0.9375, 2.5, 17.6875]},
			"faces": {
				"north": {"uv": [0, 0, 0.25, 0.14063], "rotation": 180, "texture": "#0"},
				"east": {"uv": [0, 0, 0.14063, 0.10938], "rotation": 270, "texture": "#0"},
				"south": {"uv": [0, 0, 0.25, 0.14063], "texture": "#0"},
				"west": {"uv": [0, 0, 0.14063, 0.10938], "rotation": 90, "texture": "#0"},
				"up": {"uv": [0, 0, 0.25, 0.10938], "rotation": 180, "texture": "#0"},
				"down": {"uv": [0, 0, 0.25, 0.10938], "texture": "#0"}
			}
		},
		{
			"from": [0.9375, 1.9375, 15.25],
			"to": [2.9375, 3.0625, 16.125],
			"rotation": {"angle": 45, "axis": "x", "origin": [0.9375, 2.5, 17.6875]},
			"faces": {
				"north": {"uv": [0, 0, 0.25, 0.14063], "rotation": 180, "texture": "#0"},
				"east": {"uv": [0, 0, 0.14063, 0.10938], "rotation": 270, "texture": "#0"},
				"south": {"uv": [0, 0, 0.25, 0.14063], "texture": "#0"},
				"west": {"uv": [0, 0, 0.14063, 0.10938], "rotation": 90, "texture": "#0"},
				"up": {"uv": [0, 0, 0.25, 0.10938], "rotation": 180, "texture": "#0"},
				"down": {"uv": [0, 0, 0.25, 0.10938], "texture": "#0"}
			}
		},
		{
			"from": [0.9375, 4.0625, 17.125],
			"to": [2.9375, 4.9375, 18.25],
			"rotation": {"angle": -22.5, "axis": "x", "origin": [0.9375, 2.5, 17.6875]},
			"faces": {
				"north": {"uv": [0, 0, 0.25, 0.10938], "rotation": 180, "texture": "#0"},
				"east": {"uv": [0, 0, 0.14063, 0.10938], "rotation": 180, "texture": "#0"},
				"south": {"uv": [0, 0, 0.25, 0.10938], "rotation": 180, "texture": "#0"},
				"west": {"uv": [0, 0, 0.14063, 0.10938], "rotation": 180, "texture": "#0"},
				"up": {"uv": [0, 0, 0.25, 0.14063], "texture": "#0"},
				"down": {"uv": [0, 0, 0.25, 0.14063], "texture": "#0"}
			}
		},
		{
			"from": [0.9375, 4.0625, 17.125],
			"to": [2.9375, 4.9375, 18.25],
			"rotation": {"angle": 0, "axis": "x", "origin": [0.9375, 2.5, 17.6875]},
			"faces": {
				"north": {"uv": [0, 0, 0.25, 0.10938], "rotation": 180, "texture": "#0"},
				"east": {"uv": [0, 0, 0.14063, 0.10938], "rotation": 180, "texture": "#0"},
				"south": {"uv": [0, 0, 0.25, 0.10938], "rotation": 180, "texture": "#0"},
				"west": {"uv": [0, 0, 0.14063, 0.10938], "rotation": 180, "texture": "#0"},
				"up": {"uv": [0, 0, 0.25, 0.14063], "texture": "#0"},
				"down": {"uv": [0, 0, 0.25, 0.14063], "texture": "#0"}
			}
		},
		{
			"from": [0.9375, 4.0625, 17.125],
			"to": [2.9375, 4.9375, 18.25],
			"rotation": {"angle": 22.5, "axis": "x", "origin": [0.9375, 2.5, 17.6875]},
			"faces": {
				"north": {"uv": [0, 0, 0.25, 0.10938], "rotation": 180, "texture": "#0"},
				"east": {"uv": [0, 0, 0.14063, 0.10938], "rotation": 180, "texture": "#0"},
				"south": {"uv": [0, 0, 0.25, 0.10938], "rotation": 180, "texture": "#0"},
				"west": {"uv": [0, 0, 0.14063, 0.10938], "rotation": 180, "texture": "#0"},
				"up": {"uv": [0, 0, 0.25, 0.14063], "texture": "#0"},
				"down": {"uv": [0, 0, 0.25, 0.14063], "texture": "#0"}
			}
		},
		{
			"from": [0.9375, 4.0625, 17.125],
			"to": [2.9375, 4.9375, 18.25],
			"rotation": {"angle": 45, "axis": "x", "origin": [0.9375, 2.5, 17.6875]},
			"faces": {
				"north": {"uv": [0, 0, 0.25, 0.10938], "rotation": 180, "texture": "#0"},
				"east": {"uv": [0, 0, 0.14063, 0.10938], "rotation": 180, "texture": "#0"},
				"south": {"uv": [0, 0, 0.25, 0.10938], "rotation": 180, "texture": "#0"},
				"west": {"uv": [0, 0, 0.14063, 0.10938], "rotation": 180, "texture": "#0"},
				"up": {"uv": [0, 0, 0.25, 0.14063], "texture": "#0"},
				"down": {"uv": [0, 0, 0.25, 0.14063], "texture": "#0"}
			}
		},
		{
			"from": [0.9375, 1.9375, 19.25],
			"to": [2.9375, 3.0625, 20.125],
			"rotation": {"angle": -22.5, "axis": "x", "origin": [0.9375, 2.5, 17.6875]},
			"faces": {
				"north": {"uv": [0, 0, 0.25, 0.14063], "rotation": 180, "texture": "#0"},
				"east": {"uv": [0, 0, 0.14063, 0.10938], "rotation": 90, "texture": "#0"},
				"south": {"uv": [0, 0, 0.25, 0.14063], "texture": "#0"},
				"west": {"uv": [0, 0, 0.14063, 0.10938], "rotation": 270, "texture": "#0"},
				"up": {"uv": [0, 0, 0.25, 0.10938], "texture": "#0"},
				"down": {"uv": [0, 0, 0.25, 0.10938], "rotation": 180, "texture": "#0"}
			}
		},
		{
			"from": [0.9375, 1.9375, 19.25],
			"to": [2.9375, 3.0625, 20.125],
			"rotation": {"angle": 0, "axis": "x", "origin": [0.9375, 2.5, 17.6875]},
			"faces": {
				"north": {"uv": [0, 0, 0.25, 0.14063], "rotation": 180, "texture": "#0"},
				"east": {"uv": [0, 0, 0.14063, 0.10938], "rotation": 90, "texture": "#0"},
				"south": {"uv": [0, 0, 0.25, 0.14063], "texture": "#0"},
				"west": {"uv": [0, 0, 0.14063, 0.10938], "rotation": 270, "texture": "#0"},
				"up": {"uv": [0, 0, 0.25, 0.10938], "texture": "#0"},
				"down": {"uv": [0, 0, 0.25, 0.10938], "rotation": 180, "texture": "#0"}
			}
		},
		{
			"from": [0.9375, 1.9375, 19.25],
			"to": [2.9375, 3.0625, 20.125],
			"rotation": {"angle": 22.5, "axis": "x", "origin": [0.9375, 2.5, 17.6875]},
			"faces": {
				"north": {"uv": [0, 0, 0.25, 0.14063], "rotation": 180, "texture": "#0"},
				"east": {"uv": [0, 0, 0.14063, 0.10938], "rotation": 90, "texture": "#0"},
				"south": {"uv": [0, 0, 0.25, 0.14063], "texture": "#0"},
				"west": {"uv": [0, 0, 0.14063, 0.10938], "rotation": 270, "texture": "#0"},
				"up": {"uv": [0, 0, 0.25, 0.10938], "texture": "#0"},
				"down": {"uv": [0, 0, 0.25, 0.10938], "rotation": 180, "texture": "#0"}
			}
		},
		{
			"from": [0.9375, 1.9375, 19.25],
			"to": [2.9375, 3.0625, 20.125],
			"rotation": {"angle": 45, "axis": "x", "origin": [0.9375, 2.5, 17.6875]},
			"faces": {
				"north": {"uv": [0, 0, 0.25, 0.14063], "rotation": 180, "texture": "#0"},
				"east": {"uv": [0, 0, 0.14063, 0.10938], "rotation": 90, "texture": "#0"},
				"south": {"uv": [0, 0, 0.25, 0.14063], "texture": "#0"},
				"west": {"uv": [0, 0, 0.14063, 0.10938], "rotation": 270, "texture": "#0"},
				"up": {"uv": [0, 0, 0.25, 0.10938], "texture": "#0"},
				"down": {"uv": [0, 0, 0.25, 0.10938], "rotation": 180, "texture": "#0"}
			}
		},
		{
			"from": [0.9375, 0.0625, 17.125],
			"to": [2.9375, 0.9375, 18.25],
			"rotation": {"angle": -22.5, "axis": "x", "origin": [0.9375, 2.5, 17.6875]},
			"faces": {
				"north": {"uv": [0, 0, 0.25, 0.10938], "texture": "#0"},
				"east": {"uv": [0, 0, 0.14063, 0.10938], "texture": "#0"},
				"south": {"uv": [0, 0, 0.25, 0.10938], "texture": "#0"},
				"west": {"uv": [0, 0, 0.14063, 0.10938], "texture": "#0"},
				"up": {"uv": [0, 0, 0.25, 0.14063], "texture": "#0"},
				"down": {"uv": [0, 0, 0.25, 0.14063], "texture": "#0"}
			}
		},
		{
			"from": [13.0625, 0.0625, -3.5625],
			"to": [15.0625, 0.9375, -2.4375],
			"rotation": {"angle": 0, "axis": "y", "origin": [13.0625, 2.5, -3]},
			"faces": {
				"north": {"uv": [0, 0, 0.25, 0.10938], "texture": "#0"},
				"east": {"uv": [0, 0, 0.14063, 0.10938], "texture": "#0"},
				"south": {"uv": [0, 0, 0.25, 0.10938], "texture": "#0"},
				"west": {"uv": [0, 0, 0.14063, 0.10938], "texture": "#0"},
				"up": {"uv": [0, 0, 0.25, 0.14063], "texture": "#0"},
				"down": {"uv": [0, 0, 0.25, 0.14063], "texture": "#0"}
			}
		},
		{
			"from": [13.0625, 0.0625, -3.5625],
			"to": [15.0625, 0.9375, -2.4375],
			"rotation": {"angle": 22.5, "axis": "x", "origin": [13.0625, 2.5, -3]},
			"faces": {
				"north": {"uv": [0, 0, 0.25, 0.10938], "texture": "#0"},
				"east": {"uv": [0, 0, 0.14063, 0.10938], "texture": "#0"},
				"south": {"uv": [0, 0, 0.25, 0.10938], "texture": "#0"},
				"west": {"uv": [0, 0, 0.14063, 0.10938], "texture": "#0"},
				"up": {"uv": [0, 0, 0.25, 0.14063], "texture": "#0"},
				"down": {"uv": [0, 0, 0.25, 0.14063], "texture": "#0"}
			}
		},
		{
			"from": [13.0625, 0.0625, -3.5625],
			"to": [15.0625, 0.9375, -2.4375],
			"rotation": {"angle": 45, "axis": "x", "origin": [13.0625, 2.5, -3]},
			"faces": {
				"north": {"uv": [0, 0, 0.25, 0.10938], "texture": "#0"},
				"east": {"uv": [0, 0, 0.14063, 0.10938], "texture": "#0"},
				"south": {"uv": [0, 0, 0.25, 0.10938], "texture": "#0"},
				"west": {"uv": [0, 0, 0.14063, 0.10938], "texture": "#0"},
				"up": {"uv": [0, 0, 0.25, 0.14063], "texture": "#0"},
				"down": {"uv": [0, 0, 0.25, 0.14063], "texture": "#0"}
			}
		},
		{
			"from": [13.0625, 1.9375, -5.4375],
			"to": [15.0625, 3.0625, -4.5625],
			"rotation": {"angle": -22.5, "axis": "x", "origin": [13.0625, 2.5, -3]},
			"faces": {
				"north": {"uv": [0, 0, 0.25, 0.14063], "rotation": 180, "texture": "#0"},
				"east": {"uv": [0, 0, 0.14063, 0.10938], "rotation": 270, "texture": "#0"},
				"south": {"uv": [0, 0, 0.25, 0.14063], "texture": "#0"},
				"west": {"uv": [0, 0, 0.14063, 0.10938], "rotation": 90, "texture": "#0"},
				"up": {"uv": [0, 0, 0.25, 0.10938], "rotation": 180, "texture": "#0"},
				"down": {"uv": [0, 0, 0.25, 0.10938], "texture": "#0"}
			}
		},
		{
			"from": [13.0625, 1.9375, -5.4375],
			"to": [15.0625, 3.0625, -4.5625],
			"rotation": {"angle": 0, "axis": "x", "origin": [13.0625, 2.5, -3]},
			"faces": {
				"north": {"uv": [0, 0, 0.25, 0.14063], "rotation": 180, "texture": "#0"},
				"east": {"uv": [0, 0, 0.14063, 0.10938], "rotation": 270, "texture": "#0"},
				"south": {"uv": [0, 0, 0.25, 0.14063], "texture": "#0"},
				"west": {"uv": [0, 0, 0.14063, 0.10938], "rotation": 90, "texture": "#0"},
				"up": {"uv": [0, 0, 0.25, 0.10938], "rotation": 180, "texture": "#0"},
				"down": {"uv": [0, 0, 0.25, 0.10938], "texture": "#0"}
			}
		},
		{
			"from": [13.0625, 1.9375, -5.4375],
			"to": [15.0625, 3.0625, -4.5625],
			"rotation": {"angle": 22.5, "axis": "x", "origin": [13.0625, 2.5, -3]},
			"faces": {
				"north": {"uv": [0, 0, 0.25, 0.14063], "rotation": 180, "texture": "#0"},
				"east": {"uv": [0, 0, 0.14063, 0.10938], "rotation": 270, "texture": "#0"},
				"south": {"uv": [0, 0, 0.25, 0.14063], "texture": "#0"},
				"west": {"uv": [0, 0, 0.14063, 0.10938], "rotation": 90, "texture": "#0"},
				"up": {"uv": [0, 0, 0.25, 0.10938], "rotation": 180, "texture": "#0"},
				"down": {"uv": [0, 0, 0.25, 0.10938], "texture": "#0"}
			}
		},
		{
			"from": [13.0625, 1.9375, -5.4375],
			"to": [15.0625, 3.0625, -4.5625],
			"rotation": {"angle": 45, "axis": "x", "origin": [13.0625, 2.5, -3]},
			"faces": {
				"north": {"uv": [0, 0, 0.25, 0.14063], "rotation": 180, "texture": "#0"},
				"east": {"uv": [0, 0, 0.14063, 0.10938], "rotation": 270, "texture": "#0"},
				"south": {"uv": [0, 0, 0.25, 0.14063], "texture": "#0"},
				"west": {"uv": [0, 0, 0.14063, 0.10938], "rotation": 90, "texture": "#0"},
				"up": {"uv": [0, 0, 0.25, 0.10938], "rotation": 180, "texture": "#0"},
				"down": {"uv": [0, 0, 0.25, 0.10938], "texture": "#0"}
			}
		},
		{
			"from": [13.0625, 4.0625, -3.5625],
			"to": [15.0625, 4.9375, -2.4375],
			"rotation": {"angle": -22.5, "axis": "x", "origin": [13.0625, 2.5, -3]},
			"faces": {
				"north": {"uv": [0, 0, 0.25, 0.10938], "rotation": 180, "texture": "#0"},
				"east": {"uv": [0, 0, 0.14063, 0.10938], "rotation": 180, "texture": "#0"},
				"south": {"uv": [0, 0, 0.25, 0.10938], "rotation": 180, "texture": "#0"},
				"west": {"uv": [0, 0, 0.14063, 0.10938], "rotation": 180, "texture": "#0"},
				"up": {"uv": [0, 0, 0.25, 0.14063], "texture": "#0"},
				"down": {"uv": [0, 0, 0.25, 0.14063], "texture": "#0"}
			}
		},
		{
			"from": [13.0625, 4.0625, -3.5625],
			"to": [15.0625, 4.9375, -2.4375],
			"rotation": {"angle": 0, "axis": "x", "origin": [13.0625, 2.5, -3]},
			"faces": {
				"north": {"uv": [0, 0, 0.25, 0.10938], "rotation": 180, "texture": "#0"},
				"east": {"uv": [0, 0, 0.14063, 0.10938], "rotation": 180, "texture": "#0"},
				"south": {"uv": [0, 0, 0.25, 0.10938], "rotation": 180, "texture": "#0"},
				"west": {"uv": [0, 0, 0.14063, 0.10938], "rotation": 180, "texture": "#0"},
				"up": {"uv": [0, 0, 0.25, 0.14063], "texture": "#0"},
				"down": {"uv": [0, 0, 0.25, 0.14063], "texture": "#0"}
			}
		},
		{
			"from": [13.0625, 4.0625, -3.5625],
			"to": [15.0625, 4.9375, -2.4375],
			"rotation": {"angle": 22.5, "axis": "x", "origin": [13.0625, 2.5, -3]},
			"faces": {
				"north": {"uv": [0, 0, 0.25, 0.10938], "rotation": 180, "texture": "#0"},
				"east": {"uv": [0, 0, 0.14063, 0.10938], "rotation": 180, "texture": "#0"},
				"south": {"uv": [0, 0, 0.25, 0.10938], "rotation": 180, "texture": "#0"},
				"west": {"uv": [0, 0, 0.14063, 0.10938], "rotation": 180, "texture": "#0"},
				"up": {"uv": [0, 0, 0.25, 0.14063], "texture": "#0"},
				"down": {"uv": [0, 0, 0.25, 0.14063], "texture": "#0"}
			}
		},
		{
			"from": [13.0625, 4.0625, -3.5625],
			"to": [15.0625, 4.9375, -2.4375],
			"rotation": {"angle": 45, "axis": "x", "origin": [13.0625, 2.5, -3]},
			"faces": {
				"north": {"uv": [0, 0, 0.25, 0.10938], "rotation": 180, "texture": "#0"},
				"east": {"uv": [0, 0, 0.14063, 0.10938], "rotation": 180, "texture": "#0"},
				"south": {"uv": [0, 0, 0.25, 0.10938], "rotation": 180, "texture": "#0"},
				"west": {"uv": [0, 0, 0.14063, 0.10938], "rotation": 180, "texture": "#0"},
				"up": {"uv": [0, 0, 0.25, 0.14063], "texture": "#0"},
				"down": {"uv": [0, 0, 0.25, 0.14063], "texture": "#0"}
			}
		},
		{
			"from": [13.0625, 1.9375, -1.4375],
			"to": [15.0625, 3.0625, -0.5625],
			"rotation": {"angle": -22.5, "axis": "x", "origin": [13.0625, 2.5, -3]},
			"faces": {
				"north": {"uv": [0, 0, 0.25, 0.14063], "rotation": 180, "texture": "#0"},
				"east": {"uv": [0, 0, 0.14063, 0.10938], "rotation": 90, "texture": "#0"},
				"south": {"uv": [0, 0, 0.25, 0.14063], "texture": "#0"},
				"west": {"uv": [0, 0, 0.14063, 0.10938], "rotation": 270, "texture": "#0"},
				"up": {"uv": [0, 0, 0.25, 0.10938], "texture": "#0"},
				"down": {"uv": [0, 0, 0.25, 0.10938], "rotation": 180, "texture": "#0"}
			}
		},
		{
			"from": [13.0625, 1.9375, -1.4375],
			"to": [15.0625, 3.0625, -0.5625],
			"rotation": {"angle": 0, "axis": "x", "origin": [13.0625, 2.5, -3]},
			"faces": {
				"north": {"uv": [0, 0, 0.25, 0.14063], "rotation": 180, "texture": "#0"},
				"east": {"uv": [0, 0, 0.14063, 0.10938], "rotation": 90, "texture": "#0"},
				"south": {"uv": [0, 0, 0.25, 0.14063], "texture": "#0"},
				"west": {"uv": [0, 0, 0.14063, 0.10938], "rotation": 270, "texture": "#0"},
				"up": {"uv": [0, 0, 0.25, 0.10938], "texture": "#0"},
				"down": {"uv": [0, 0, 0.25, 0.10938], "rotation": 180, "texture": "#0"}
			}
		},
		{
			"from": [13.0625, 1.9375, -1.4375],
			"to": [15.0625, 3.0625, -0.5625],
			"rotation": {"angle": 22.5, "axis": "x", "origin": [13.0625, 2.5, -3]},
			"faces": {
				"north": {"uv": [0, 0, 0.25, 0.14063], "rotation": 180, "texture": "#0"},
				"east": {"uv": [0, 0, 0.14063, 0.10938], "rotation": 90, "texture": "#0"},
				"south": {"uv": [0, 0, 0.25, 0.14063], "texture": "#0"},
				"west": {"uv": [0, 0, 0.14063, 0.10938], "rotation": 270, "texture": "#0"},
				"up": {"uv": [0, 0, 0.25, 0.10938], "texture": "#0"},
				"down": {"uv": [0, 0, 0.25, 0.10938], "rotation": 180, "texture": "#0"}
			}
		},
		{
			"from": [13.0625, 1.9375, -1.4375],
			"to": [15.0625, 3.0625, -0.5625],
			"rotation": {"angle": 45, "axis": "x", "origin": [13.0625, 2.5, -3]},
			"faces": {
				"north": {"uv": [0, 0, 0.25, 0.14063], "rotation": 180, "texture": "#0"},
				"east": {"uv": [0, 0, 0.14063, 0.10938], "rotation": 90, "texture": "#0"},
				"south": {"uv": [0, 0, 0.25, 0.14063], "texture": "#0"},
				"west": {"uv": [0, 0, 0.14063, 0.10938], "rotation": 270, "texture": "#0"},
				"up": {"uv": [0, 0, 0.25, 0.10938], "texture": "#0"},
				"down": {"uv": [0, 0, 0.25, 0.10938], "rotation": 180, "texture": "#0"}
			}
		},
		{
			"from": [13.0625, 0.0625, -3.5625],
			"to": [15.0625, 0.9375, -2.4375],
			"rotation": {"angle": -22.5, "axis": "x", "origin": [13.0625, 2.5, -3]},
			"faces": {
				"north": {"uv": [0, 0, 0.25, 0.10938], "texture": "#0"},
				"east": {"uv": [0, 0, 0.14063, 0.10938], "texture": "#0"},
				"south": {"uv": [0, 0, 0.25, 0.10938], "texture": "#0"},
				"west": {"uv": [0, 0, 0.14063, 0.10938], "texture": "#0"},
				"up": {"uv": [0, 0, 0.25, 0.14063], "texture": "#0"},
				"down": {"uv": [0, 0, 0.25, 0.14063], "texture": "#0"}
			}
		},
		{
			"from": [13.125, 0.5625, -4.9375],
			"to": [15, 4.4375, -1.0625],
			"rotation": {"angle": 0, "axis": "y", "origin": [13.0625, 1.5, -4]},
			"faces": {
				"north": {"uv": [0, 0, 0.25, 0.60938], "texture": "#1"},
				"east": {"uv": [0, 0, 16, 16], "texture": "#1"},
				"south": {"uv": [0, 0, 0.25, 0.60938], "texture": "#1"},
				"west": {"uv": [0, 0, 16, 16], "texture": "#1"},
				"up": {"uv": [0, 0, 0.25, 0.60938], "texture": "#1"},
				"down": {"uv": [0, 0, 0.25, 0.60938], "texture": "#1"}
			}
		},
		{
			"from": [13.0625, 0.0625, 17.125],
			"to": [15.0625, 0.9375, 18.25],
			"rotation": {"angle": 0, "axis": "y", "origin": [13.0625, 2.5, 17.6875]},
			"faces": {
				"north": {"uv": [0, 0, 0.25, 0.10938], "texture": "#0"},
				"east": {"uv": [0, 0, 0.14063, 0.10938], "texture": "#0"},
				"south": {"uv": [0, 0, 0.25, 0.10938], "texture": "#0"},
				"west": {"uv": [0, 0, 0.14063, 0.10938], "texture": "#0"},
				"up": {"uv": [0, 0, 0.25, 0.14063], "texture": "#0"},
				"down": {"uv": [0, 0, 0.25, 0.14063], "texture": "#0"}
			}
		},
		{
			"from": [13.0625, 0.0625, 17.125],
			"to": [15.0625, 0.9375, 18.25],
			"rotation": {"angle": 22.5, "axis": "x", "origin": [13.0625, 2.5, 17.6875]},
			"faces": {
				"north": {"uv": [0, 0, 0.25, 0.10938], "texture": "#0"},
				"east": {"uv": [0, 0, 0.14063, 0.10938], "texture": "#0"},
				"south": {"uv": [0, 0, 0.25, 0.10938], "texture": "#0"},
				"west": {"uv": [0, 0, 0.14063, 0.10938], "texture": "#0"},
				"up": {"uv": [0, 0, 0.25, 0.14063], "texture": "#0"},
				"down": {"uv": [0, 0, 0.25, 0.14063], "texture": "#0"}
			}
		},
		{
			"from": [13.0625, 0.0625, 17.125],
			"to": [15.0625, 0.9375, 18.25],
			"rotation": {"angle": 45, "axis": "x", "origin": [13.0625, 2.5, 17.6875]},
			"faces": {
				"north": {"uv": [0, 0, 0.25, 0.10938], "texture": "#0"},
				"east": {"uv": [0, 0, 0.14063, 0.10938], "texture": "#0"},
				"south": {"uv": [0, 0, 0.25, 0.10938], "texture": "#0"},
				"west": {"uv": [0, 0, 0.14063, 0.10938], "texture": "#0"},
				"up": {"uv": [0, 0, 0.25, 0.14063], "texture": "#0"},
				"down": {"uv": [0, 0, 0.25, 0.14063], "texture": "#0"}
			}
		},
		{
			"from": [13.0625, 1.9375, 15.25],
			"to": [15.0625, 3.0625, 16.125],
			"rotation": {"angle": -22.5, "axis": "x", "origin": [13.0625, 2.5, 17.6875]},
			"faces": {
				"north": {"uv": [0, 0, 0.25, 0.14063], "rotation": 180, "texture": "#0"},
				"east": {"uv": [0, 0, 0.14063, 0.10938], "rotation": 270, "texture": "#0"},
				"south": {"uv": [0, 0, 0.25, 0.14063], "texture": "#0"},
				"west": {"uv": [0, 0, 0.14063, 0.10938], "rotation": 90, "texture": "#0"},
				"up": {"uv": [0, 0, 0.25, 0.10938], "rotation": 180, "texture": "#0"},
				"down": {"uv": [0, 0, 0.25, 0.10938], "texture": "#0"}
			}
		},
		{
			"from": [13.0625, 1.9375, 15.25],
			"to": [15.0625, 3.0625, 16.125],
			"rotation": {"angle": 0, "axis": "x", "origin": [13.0625, 2.5, 17.6875]},
			"faces": {
				"north": {"uv": [0, 0, 0.25, 0.14063], "rotation": 180, "texture": "#0"},
				"east": {"uv": [0, 0, 0.14063, 0.10938], "rotation": 270, "texture": "#0"},
				"south": {"uv": [0, 0, 0.25, 0.14063], "texture": "#0"},
				"west": {"uv": [0, 0, 0.14063, 0.10938], "rotation": 90, "texture": "#0"},
				"up": {"uv": [0, 0, 0.25, 0.10938], "rotation": 180, "texture": "#0"},
				"down": {"uv": [0, 0, 0.25, 0.10938], "texture": "#0"}
			}
		},
		{
			"from": [13.0625, 1.9375, 15.25],
			"to": [15.0625, 3.0625, 16.125],
			"rotation": {"angle": 22.5, "axis": "x", "origin": [13.0625, 2.5, 17.6875]},
			"faces": {
				"north": {"uv": [0, 0, 0.25, 0.14063], "rotation": 180, "texture": "#0"},
				"east": {"uv": [0, 0, 0.14063, 0.10938], "rotation": 270, "texture": "#0"},
				"south": {"uv": [0, 0, 0.25, 0.14063], "texture": "#0"},
				"west": {"uv": [0, 0, 0.14063, 0.10938], "rotation": 90, "texture": "#0"},
				"up": {"uv": [0, 0, 0.25, 0.10938], "rotation": 180, "texture": "#0"},
				"down": {"uv": [0, 0, 0.25, 0.10938], "texture": "#0"}
			}
		},
		{
			"from": [13.0625, 1.9375, 15.25],
			"to": [15.0625, 3.0625, 16.125],
			"rotation": {"angle": 45, "axis": "x", "origin": [13.0625, 2.5, 17.6875]},
			"faces": {
				"north": {"uv": [0, 0, 0.25, 0.14063], "rotation": 180, "texture": "#0"},
				"east": {"uv": [0, 0, 0.14063, 0.10938], "rotation": 270, "texture": "#0"},
				"south": {"uv": [0, 0, 0.25, 0.14063], "texture": "#0"},
				"west": {"uv": [0, 0, 0.14063, 0.10938], "rotation": 90, "texture": "#0"},
				"up": {"uv": [0, 0, 0.25, 0.10938], "rotation": 180, "texture": "#0"},
				"down": {"uv": [0, 0, 0.25, 0.10938], "texture": "#0"}
			}
		},
		{
			"from": [13.0625, 4.0625, 17.125],
			"to": [15.0625, 4.9375, 18.25],
			"rotation": {"angle": -22.5, "axis": "x", "origin": [13.0625, 2.5, 17.6875]},
			"faces": {
				"north": {"uv": [0, 0, 0.25, 0.10938], "rotation": 180, "texture": "#0"},
				"east": {"uv": [0, 0, 0.14063, 0.10938], "rotation": 180, "texture": "#0"},
				"south": {"uv": [0, 0, 0.25, 0.10938], "rotation": 180, "texture": "#0"},
				"west": {"uv": [0, 0, 0.14063, 0.10938], "rotation": 180, "texture": "#0"},
				"up": {"uv": [0, 0, 0.25, 0.14063], "texture": "#0"},
				"down": {"uv": [0, 0, 0.25, 0.14063], "texture": "#0"}
			}
		},
		{
			"from": [13.0625, 4.0625, 17.125],
			"to": [15.0625, 4.9375, 18.25],
			"rotation": {"angle": 0, "axis": "x", "origin": [13.0625, 2.5, 17.6875]},
			"faces": {
				"north": {"uv": [0, 0, 0.25, 0.10938], "rotation": 180, "texture": "#0"},
				"east": {"uv": [0, 0, 0.14063, 0.10938], "rotation": 180, "texture": "#0"},
				"south": {"uv": [0, 0, 0.25, 0.10938], "rotation": 180, "texture": "#0"},
				"west": {"uv": [0, 0, 0.14063, 0.10938], "rotation": 180, "texture": "#0"},
				"up": {"uv": [0, 0, 0.25, 0.14063], "texture": "#0"},
				"down": {"uv": [0, 0, 0.25, 0.14063], "texture": "#0"}
			}
		},
		{
			"from": [13.0625, 4.0625, 17.125],
			"to": [15.0625, 4.9375, 18.25],
			"rotation": {"angle": 22.5, "axis": "x", "origin": [13.0625, 2.5, 17.6875]},
			"faces": {
				"north": {"uv": [0, 0, 0.25, 0.10938], "rotation": 180, "texture": "#0"},
				"east": {"uv": [0, 0, 0.14063, 0.10938], "rotation": 180, "texture": "#0"},
				"south": {"uv": [0, 0, 0.25, 0.10938], "rotation": 180, "texture": "#0"},
				"west": {"uv": [0, 0, 0.14063, 0.10938], "rotation": 180, "texture": "#0"},
				"up": {"uv": [0, 0, 0.25, 0.14063], "texture": "#0"},
				"down": {"uv": [0, 0, 0.25, 0.14063], "texture": "#0"}
			}
		},
		{
			"from": [13.0625, 4.0625, 17.125],
			"to": [15.0625, 4.9375, 18.25],
			"rotation": {"angle": 45, "axis": "x", "origin": [13.0625, 2.5, 17.6875]},
			"faces": {
				"north": {"uv": [0, 0, 0.25, 0.10938], "rotation": 180, "texture": "#0"},
				"east": {"uv": [0, 0, 0.14063, 0.10938], "rotation": 180, "texture": "#0"},
				"south": {"uv": [0, 0, 0.25, 0.10938], "rotation": 180, "texture": "#0"},
				"west": {"uv": [0, 0, 0.14063, 0.10938], "rotation": 180, "texture": "#0"},
				"up": {"uv": [0, 0, 0.25, 0.14063], "texture": "#0"},
				"down": {"uv": [0, 0, 0.25, 0.14063], "texture": "#0"}
			}
		},
		{
			"from": [13.0625, 1.875, 19.3125],
			"to": [15.0625, 3, 20.1875],
			"rotation": {"angle": -22.5, "axis": "x", "origin": [13.0625, 2.4375, 17.75]},
			"faces": {
				"north": {"uv": [0, 0, 0.25, 0.14063], "rotation": 180, "texture": "#0"},
				"east": {"uv": [0, 0, 0.14063, 0.10938], "rotation": 90, "texture": "#0"},
				"south": {"uv": [0, 0, 0.25, 0.14063], "texture": "#0"},
				"west": {"uv": [0, 0, 0.14063, 0.10938], "rotation": 270, "texture": "#0"},
				"up": {"uv": [0, 0, 0.25, 0.10938], "texture": "#0"},
				"down": {"uv": [0, 0, 0.25, 0.10938], "rotation": 180, "texture": "#0"}
			}
		},
		{
			"from": [13.0625, 1.875, 19.3125],
			"to": [15.0625, 3, 20.1875],
			"rotation": {"angle": 0, "axis": "x", "origin": [13.0625, 2.4375, 17.75]},
			"faces": {
				"north": {"uv": [0, 0, 0.25, 0.14063], "rotation": 180, "texture": "#0"},
				"east": {"uv": [0, 0, 0.14063, 0.10938], "rotation": 90, "texture": "#0"},
				"south": {"uv": [0, 0, 0.25, 0.14063], "texture": "#0"},
				"west": {"uv": [0, 0, 0.14063, 0.10938], "rotation": 270, "texture": "#0"},
				"up": {"uv": [0, 0, 0.25, 0.10938], "texture": "#0"},
				"down": {"uv": [0, 0, 0.25, 0.10938], "rotation": 180, "texture": "#0"}
			}
		},
		{
			"from": [13.0625, 1.875, 19.3125],
			"to": [15.0625, 3, 20.1875],
			"rotation": {"angle": 22.5, "axis": "x", "origin": [13.0625, 2.4375, 17.75]},
			"faces": {
				"north": {"uv": [0, 0, 0.25, 0.14063], "rotation": 180, "texture": "#0"},
				"east": {"uv": [0, 0, 0.14063, 0.10938], "rotation": 90, "texture": "#0"},
				"south": {"uv": [0, 0, 0.25, 0.14063], "texture": "#0"},
				"west": {"uv": [0, 0, 0.14063, 0.10938], "rotation": 270, "texture": "#0"},
				"up": {"uv": [0, 0, 0.25, 0.10938], "texture": "#0"},
				"down": {"uv": [0, 0, 0.25, 0.10938], "rotation": 180, "texture": "#0"}
			}
		},
		{
			"from": [13.0625, 1.9375, 19.25],
			"to": [15.0625, 3.0625, 20.125],
			"rotation": {"angle": 45, "axis": "x", "origin": [13.0625, 2.5, 17.6875]},
			"faces": {
				"north": {"uv": [0, 0, 0.25, 0.14063], "rotation": 180, "texture": "#0"},
				"east": {"uv": [0, 0, 0.14063, 0.10938], "rotation": 90, "texture": "#0"},
				"south": {"uv": [0, 0, 0.25, 0.14063], "texture": "#0"},
				"west": {"uv": [0, 0, 0.14063, 0.10938], "rotation": 270, "texture": "#0"},
				"up": {"uv": [0, 0, 0.25, 0.10938], "texture": "#0"},
				"down": {"uv": [0, 0, 0.25, 0.10938], "rotation": 180, "texture": "#0"}
			}
		},
		{
			"from": [13.0625, 0.0625, 17.125],
			"to": [15.0625, 0.9375, 18.25],
			"rotation": {"angle": -22.5, "axis": "x", "origin": [13.0625, 2.5, 17.6875]},
			"faces": {
				"north": {"uv": [0, 0, 0.25, 0.10938], "texture": "#0"},
				"east": {"uv": [0, 0, 0.14063, 0.10938], "texture": "#0"},
				"south": {"uv": [0, 0, 0.25, 0.10938], "texture": "#0"},
				"west": {"uv": [0, 0, 0.14063, 0.10938], "texture": "#0"},
				"up": {"uv": [0, 0, 0.25, 0.14063], "texture": "#0"},
				"down": {"uv": [0, 0, 0.25, 0.14063], "texture": "#0"}
			}
		},
		{
			"from": [13.125, 0.5625, 15.75],
			"to": [15, 4.4375, 19.625],
			"rotation": {"angle": 0, "axis": "y", "origin": [13.0625, 1.5, 16.6875]},
			"faces": {
				"north": {"uv": [0, 0, 0.25, 0.60938], "texture": "#1"},
				"east": {"uv": [0, 0, 16, 16], "texture": "#1"},
				"south": {"uv": [0, 0, 0.25, 0.60938], "texture": "#1"},
				"west": {"uv": [0, 0, 16, 16], "texture": "#1"},
				"up": {"uv": [0, 0, 0.25, 0.60938], "texture": "#1"},
				"down": {"uv": [0, 0, 0.25, 0.60938], "texture": "#1"}
			}
		},
		{
			"from": [0.9375, 0.0625, -3.5625],
			"to": [2.9375, 0.9375, -2.4375],
			"rotation": {"angle": 0, "axis": "y", "origin": [0.9375, 2.5, -3]},
			"faces": {
				"north": {"uv": [0, 0, 0.25, 0.10938], "texture": "#0"},
				"east": {"uv": [0, 0, 0.14063, 0.10938], "texture": "#0"},
				"south": {"uv": [0, 0, 0.25, 0.10938], "texture": "#0"},
				"west": {"uv": [0, 0, 0.14063, 0.10938], "texture": "#0"},
				"up": {"uv": [0, 0, 0.25, 0.14063], "texture": "#0"},
				"down": {"uv": [0, 0, 0.25, 0.14063], "texture": "#0"}
			}
		},
		{
			"from": [0.9375, 0.0625, -3.5625],
			"to": [2.9375, 0.9375, -2.4375],
			"rotation": {"angle": 22.5, "axis": "x", "origin": [0.9375, 2.5, -3]},
			"faces": {
				"north": {"uv": [0, 0, 0.25, 0.10938], "texture": "#0"},
				"east": {"uv": [0, 0, 0.14063, 0.10938], "texture": "#0"},
				"south": {"uv": [0, 0, 0.25, 0.10938], "texture": "#0"},
				"west": {"uv": [0, 0, 0.14063, 0.10938], "texture": "#0"},
				"up": {"uv": [0, 0, 0.25, 0.14063], "texture": "#0"},
				"down": {"uv": [0, 0, 0.25, 0.14063], "texture": "#0"}
			}
		},
		{
			"from": [0.9375, 0.0625, -3.5625],
			"to": [2.9375, 0.9375, -2.4375],
			"rotation": {"angle": 45, "axis": "x", "origin": [0.9375, 2.5, -3]},
			"faces": {
				"north": {"uv": [0, 0, 0.25, 0.10938], "texture": "#0"},
				"east": {"uv": [0, 0, 0.14063, 0.10938], "texture": "#0"},
				"south": {"uv": [0, 0, 0.25, 0.10938], "texture": "#0"},
				"west": {"uv": [0, 0, 0.14063, 0.10938], "texture": "#0"},
				"up": {"uv": [0, 0, 0.25, 0.14063], "texture": "#0"},
				"down": {"uv": [0, 0, 0.25, 0.14063], "texture": "#0"}
			}
		},
		{
			"from": [0.9375, 1.9375, -5.4375],
			"to": [2.9375, 3.0625, -4.5625],
			"rotation": {"angle": -22.5, "axis": "x", "origin": [0.9375, 2.5, -3]},
			"faces": {
				"north": {"uv": [0, 0, 0.25, 0.14063], "rotation": 180, "texture": "#0"},
				"east": {"uv": [0, 0, 0.14063, 0.10938], "rotation": 270, "texture": "#0"},
				"south": {"uv": [0, 0, 0.25, 0.14063], "texture": "#0"},
				"west": {"uv": [0, 0, 0.14063, 0.10938], "rotation": 90, "texture": "#0"},
				"up": {"uv": [0, 0, 0.25, 0.10938], "rotation": 180, "texture": "#0"},
				"down": {"uv": [0, 0, 0.25, 0.10938], "texture": "#0"}
			}
		},
		{
			"from": [0.9375, 1.9375, -5.4375],
			"to": [2.9375, 3.0625, -4.5625],
			"rotation": {"angle": 0, "axis": "x", "origin": [0.9375, 2.5, -3]},
			"faces": {
				"north": {"uv": [0, 0, 0.25, 0.14063], "rotation": 180, "texture": "#0"},
				"east": {"uv": [0, 0, 0.14063, 0.10938], "rotation": 270, "texture": "#0"},
				"south": {"uv": [0, 0, 0.25, 0.14063], "texture": "#0"},
				"west": {"uv": [0, 0, 0.14063, 0.10938], "rotation": 90, "texture": "#0"},
				"up": {"uv": [0, 0, 0.25, 0.10938], "rotation": 180, "texture": "#0"},
				"down": {"uv": [0, 0, 0.25, 0.10938], "texture": "#0"}
			}
		},
		{
			"from": [0.9375, 1.9375, -5.4375],
			"to": [2.9375, 3.0625, -4.5625],
			"rotation": {"angle": 22.5, "axis": "x", "origin": [0.9375, 2.5, -3]},
			"faces": {
				"north": {"uv": [0, 0, 0.25, 0.14063], "rotation": 180, "texture": "#0"},
				"east": {"uv": [0, 0, 0.14063, 0.10938], "rotation": 270, "texture": "#0"},
				"south": {"uv": [0, 0, 0.25, 0.14063], "texture": "#0"},
				"west": {"uv": [0, 0, 0.14063, 0.10938], "rotation": 90, "texture": "#0"},
				"up": {"uv": [0, 0, 0.25, 0.10938], "rotation": 180, "texture": "#0"},
				"down": {"uv": [0, 0, 0.25, 0.10938], "texture": "#0"}
			}
		},
		{
			"from": [0.9375, 1.9375, -5.4375],
			"to": [2.9375, 3.0625, -4.5625],
			"rotation": {"angle": 45, "axis": "x", "origin": [0.9375, 2.5, -3]},
			"faces": {
				"north": {"uv": [0, 0, 0.25, 0.14063], "rotation": 180, "texture": "#0"},
				"east": {"uv": [0, 0, 0.14063, 0.10938], "rotation": 270, "texture": "#0"},
				"south": {"uv": [0, 0, 0.25, 0.14063], "texture": "#0"},
				"west": {"uv": [0, 0, 0.14063, 0.10938], "rotation": 90, "texture": "#0"},
				"up": {"uv": [0, 0, 0.25, 0.10938], "rotation": 180, "texture": "#0"},
				"down": {"uv": [0, 0, 0.25, 0.10938], "texture": "#0"}
			}
		},
		{
			"from": [0.9375, 4.0625, -3.5625],
			"to": [2.9375, 4.9375, -2.4375],
			"rotation": {"angle": -22.5, "axis": "x", "origin": [0.9375, 2.5, -3]},
			"faces": {
				"north": {"uv": [0, 0, 0.25, 0.10938], "rotation": 180, "texture": "#0"},
				"east": {"uv": [0, 0, 0.14063, 0.10938], "rotation": 180, "texture": "#0"},
				"south": {"uv": [0, 0, 0.25, 0.10938], "rotation": 180, "texture": "#0"},
				"west": {"uv": [0, 0, 0.14063, 0.10938], "rotation": 180, "texture": "#0"},
				"up": {"uv": [0, 0, 0.25, 0.14063], "texture": "#0"},
				"down": {"uv": [0, 0, 0.25, 0.14063], "texture": "#0"}
			}
		},
		{
			"from": [0.9375, 4.0625, -3.5625],
			"to": [2.9375, 4.9375, -2.4375],
			"rotation": {"angle": 0, "axis": "x", "origin": [0.9375, 2.5, -3]},
			"faces": {
				"north": {"uv": [0, 0, 0.25, 0.10938], "rotation": 180, "texture": "#0"},
				"east": {"uv": [0, 0, 0.14063, 0.10938], "rotation": 180, "texture": "#0"},
				"south": {"uv": [0, 0, 0.25, 0.10938], "rotation": 180, "texture": "#0"},
				"west": {"uv": [0, 0, 0.14063, 0.10938], "rotation": 180, "texture": "#0"},
				"up": {"uv": [0, 0, 0.25, 0.14063], "texture": "#0"},
				"down": {"uv": [0, 0, 0.25, 0.14063], "texture": "#0"}
			}
		},
		{
			"from": [0.9375, 4.0625, -3.5625],
			"to": [2.9375, 4.9375, -2.4375],
			"rotation": {"angle": 22.5, "axis": "x", "origin": [0.9375, 2.5, -3]},
			"faces": {
				"north": {"uv": [0, 0, 0.25, 0.10938], "rotation": 180, "texture": "#0"},
				"east": {"uv": [0, 0, 0.14063, 0.10938], "rotation": 180, "texture": "#0"},
				"south": {"uv": [0, 0, 0.25, 0.10938], "rotation": 180, "texture": "#0"},
				"west": {"uv": [0, 0, 0.14063, 0.10938], "rotation": 180, "texture": "#0"},
				"up": {"uv": [0, 0, 0.25, 0.14063], "texture": "#0"},
				"down": {"uv": [0, 0, 0.25, 0.14063], "texture": "#0"}
			}
		},
		{
			"from": [0.9375, 4.0625, -3.5625],
			"to": [2.9375, 4.9375, -2.4375],
			"rotation": {"angle": 45, "axis": "x", "origin": [0.9375, 2.5, -3]},
			"faces": {
				"north": {"uv": [0, 0, 0.25, 0.10938], "rotation": 180, "texture": "#0"},
				"east": {"uv": [0, 0, 0.14063, 0.10938], "rotation": 180, "texture": "#0"},
				"south": {"uv": [0, 0, 0.25, 0.10938], "rotation": 180, "texture": "#0"},
				"west": {"uv": [0, 0, 0.14063, 0.10938], "rotation": 180, "texture": "#0"},
				"up": {"uv": [0, 0, 0.25, 0.14063], "texture": "#0"},
				"down": {"uv": [0, 0, 0.25, 0.14063], "texture": "#0"}
			}
		},
		{
			"from": [0.9375, 1.9375, -1.4375],
			"to": [2.9375, 3.0625, -0.5625],
			"rotation": {"angle": -22.5, "axis": "x", "origin": [0.9375, 2.5, -3]},
			"faces": {
				"north": {"uv": [0, 0, 0.25, 0.14063], "rotation": 180, "texture": "#0"},
				"east": {"uv": [0, 0, 0.14063, 0.10938], "rotation": 90, "texture": "#0"},
				"south": {"uv": [0, 0, 0.25, 0.14063], "texture": "#0"},
				"west": {"uv": [0, 0, 0.14063, 0.10938], "rotation": 270, "texture": "#0"},
				"up": {"uv": [0, 0, 0.25, 0.10938], "texture": "#0"},
				"down": {"uv": [0, 0, 0.25, 0.10938], "rotation": 180, "texture": "#0"}
			}
		},
		{
			"from": [0.9375, 1.9375, -1.4375],
			"to": [2.9375, 3.0625, -0.5625],
			"rotation": {"angle": 0, "axis": "x", "origin": [0.9375, 2.5, -3]},
			"faces": {
				"north": {"uv": [0, 0, 0.25, 0.14063], "rotation": 180, "texture": "#0"},
				"east": {"uv": [0, 0, 0.14063, 0.10938], "rotation": 90, "texture": "#0"},
				"south": {"uv": [0, 0, 0.25, 0.14063], "texture": "#0"},
				"west": {"uv": [0, 0, 0.14063, 0.10938], "rotation": 270, "texture": "#0"},
				"up": {"uv": [0, 0, 0.25, 0.10938], "texture": "#0"},
				"down": {"uv": [0, 0, 0.25, 0.10938], "rotation": 180, "texture": "#0"}
			}
		},
		{
			"from": [0.9375, 1.9375, -1.4375],
			"to": [2.9375, 3.0625, -0.5625],
			"rotation": {"angle": 22.5, "axis": "x", "origin": [0.9375, 2.5, -3]},
			"faces": {
				"north": {"uv": [0, 0, 0.25, 0.14063], "rotation": 180, "texture": "#0"},
				"east": {"uv": [0, 0, 0.14063, 0.10938], "rotation": 90, "texture": "#0"},
				"south": {"uv": [0, 0, 0.25, 0.14063], "texture": "#0"},
				"west": {"uv": [0, 0, 0.14063, 0.10938], "rotation": 270, "texture": "#0"},
				"up": {"uv": [0, 0, 0.25, 0.10938], "texture": "#0"},
				"down": {"uv": [0, 0, 0.25, 0.10938], "rotation": 180, "texture": "#0"}
			}
		},
		{
			"from": [0.9375, 1.9375, -1.4375],
			"to": [2.9375, 3.0625, -0.5625],
			"rotation": {"angle": 45, "axis": "x", "origin": [0.9375, 2.5, -3]},
			"faces": {
				"north": {"uv": [0, 0, 0.25, 0.14063], "rotation": 180, "texture": "#0"},
				"east": {"uv": [0, 0, 0.14063, 0.10938], "rotation": 90, "texture": "#0"},
				"south": {"uv": [0, 0, 0.25, 0.14063], "texture": "#0"},
				"west": {"uv": [0, 0, 0.14063, 0.10938], "rotation": 270, "texture": "#0"},
				"up": {"uv": [0, 0, 0.25, 0.10938], "texture": "#0"},
				"down": {"uv": [0, 0, 0.25, 0.10938], "rotation": 180, "texture": "#0"}
			}
		},
		{
			"from": [0.9375, 0.0625, -3.5625],
			"to": [2.9375, 0.9375, -2.4375],
			"rotation": {"angle": -22.5, "axis": "x", "origin": [0.9375, 2.5, -3]},
			"faces": {
				"north": {"uv": [0, 0, 0.25, 0.10938], "texture": "#0"},
				"east": {"uv": [0, 0, 0.14063, 0.10938], "texture": "#0"},
				"south": {"uv": [0, 0, 0.25, 0.10938], "texture": "#0"},
				"west": {"uv": [0, 0, 0.14063, 0.10938], "texture": "#0"},
				"up": {"uv": [0, 0, 0.25, 0.14063], "texture": "#0"},
				"down": {"uv": [0, 0, 0.25, 0.14063], "texture": "#0"}
			}
		},
		{
			"from": [1, 0.5625, -4.9375],
			"to": [2.875, 4.4375, -1.0625],
			"rotation": {"angle": 0, "axis": "y", "origin": [0.9375, 1.5, -4]},
			"faces": {
				"north": {"uv": [0, 0, 0.25, 0.60938], "texture": "#1"},
				"east": {"uv": [0, 0, 16, 16], "texture": "#1"},
				"south": {"uv": [0, 0, 0.25, 0.60938], "texture": "#1"},
				"west": {"uv": [0, 0, 16, 16], "texture": "#1"},
				"up": {"uv": [0, 0, 0.25, 0.60938], "texture": "#1"},
				"down": {"uv": [0, 0, 0.25, 0.60938], "texture": "#1"}
			}
		},
		{
			"from": [7.5, 4.3125, 23.375],
			"to": [8.625, 5.1875, 25.375],
			"rotation": {"angle": 0, "axis": "y", "origin": [8.0625, 6.75, 24.375]},
			"faces": {
				"north": {"uv": [0, 0, 0.14063, 0.10938], "texture": "#0"},
				"east": {"uv": [0, 0, 0.25, 0.10938], "texture": "#0"},
				"south": {"uv": [0, 0, 0.14063, 0.10938], "texture": "#0"},
				"west": {"uv": [0, 0, 0.25, 0.10938], "texture": "#0"},
				"up": {"uv": [0, 0, 0.25, 0.14063], "rotation": 90, "texture": "#0"},
				"down": {"uv": [0, 0, 0.25, 0.14063], "rotation": 270, "texture": "#0"}
			}
		},
		{
			"from": [5.625, 6.1875, 23.375],
			"to": [6.5, 7.3125, 25.375],
			"rotation": {"angle": 22.5, "axis": "z", "origin": [8.0625, 6.75, 24.375]},
			"faces": {
				"north": {"uv": [0, 0, 0.14063, 0.10938], "rotation": 270, "texture": "#0"},
				"east": {"uv": [0, 0, 0.25, 0.14063], "rotation": 180, "texture": "#0"},
				"south": {"uv": [0, 0, 0.14063, 0.10938], "rotation": 90, "texture": "#0"},
				"west": {"uv": [0, 0, 0.25, 0.14063], "texture": "#0"},
				"up": {"uv": [0, 0, 0.25, 0.10938], "rotation": 90, "texture": "#0"},
				"down": {"uv": [0, 0, 0.25, 0.10938], "rotation": 90, "texture": "#0"}
			}
		},
		{
			"from": [7.5, 4.3125, 23.375],
			"to": [8.625, 5.1875, 25.375],
			"rotation": {"angle": -45, "axis": "z", "origin": [8.0625, 6.75, 24.375]},
			"faces": {
				"north": {"uv": [0, 0, 0.14063, 0.10938], "texture": "#0"},
				"east": {"uv": [0, 0, 0.25, 0.10938], "texture": "#0"},
				"south": {"uv": [0, 0, 0.14063, 0.10938], "texture": "#0"},
				"west": {"uv": [0, 0, 0.25, 0.10938], "texture": "#0"},
				"up": {"uv": [0, 0, 0.25, 0.14063], "rotation": 90, "texture": "#0"},
				"down": {"uv": [0, 0, 0.25, 0.14063], "rotation": 270, "texture": "#0"}
			}
		},
		{
			"from": [9.625, 6.1875, 23.375],
			"to": [10.5, 7.3125, 25.375],
			"rotation": {"angle": 0, "axis": "y", "origin": [8.0625, 6.75, 24.375]},
			"faces": {
				"north": {"uv": [0, 0, 0.14063, 0.10938], "rotation": 90, "texture": "#0"},
				"east": {"uv": [0, 0, 0.25, 0.14063], "rotation": 180, "texture": "#0"},
				"south": {"uv": [0, 0, 0.14063, 0.10938], "rotation": 270, "texture": "#0"},
				"west": {"uv": [0, 0, 0.25, 0.14063], "texture": "#0"},
				"up": {"uv": [0, 0, 0.25, 0.10938], "rotation": 270, "texture": "#0"},
				"down": {"uv": [0, 0, 0.25, 0.10938], "rotation": 270, "texture": "#0"}
			}
		},
		{
			"from": [7.5, 4.3125, 23.375],
			"to": [8.625, 5.1875, 25.375],
			"rotation": {"angle": 22.5, "axis": "z", "origin": [8.0625, 6.75, 24.375]},
			"faces": {
				"north": {"uv": [0, 0, 0.14063, 0.10938], "texture": "#0"},
				"east": {"uv": [0, 0, 0.25, 0.10938], "texture": "#0"},
				"south": {"uv": [0, 0, 0.14063, 0.10938], "texture": "#0"},
				"west": {"uv": [0, 0, 0.25, 0.10938], "texture": "#0"},
				"up": {"uv": [0, 0, 0.25, 0.14063], "rotation": 90, "texture": "#0"},
				"down": {"uv": [0, 0, 0.25, 0.14063], "rotation": 270, "texture": "#0"}
			}
		},
		{
			"from": [9.625, 6.1875, 23.375],
			"to": [10.5, 7.3125, 25.375],
			"rotation": {"angle": -45, "axis": "z", "origin": [8.0625, 6.75, 24.375]},
			"faces": {
				"north": {"uv": [0, 0, 0.14063, 0.10938], "rotation": 90, "texture": "#0"},
				"east": {"uv": [0, 0, 0.25, 0.14063], "rotation": 180, "texture": "#0"},
				"south": {"uv": [0, 0, 0.14063, 0.10938], "rotation": 270, "texture": "#0"},
				"west": {"uv": [0, 0, 0.25, 0.14063], "texture": "#0"},
				"up": {"uv": [0, 0, 0.25, 0.10938], "rotation": 270, "texture": "#0"},
				"down": {"uv": [0, 0, 0.25, 0.10938], "rotation": 270, "texture": "#0"}
			}
		},
		{
			"from": [9.625, 6.1875, 23.375],
			"to": [10.5, 7.3125, 25.375],
			"rotation": {"angle": -22.5, "axis": "z", "origin": [8.0625, 6.75, 24.375]},
			"faces": {
				"north": {"uv": [0, 0, 0.14063, 0.10938], "rotation": 90, "texture": "#0"},
				"east": {"uv": [0, 0, 0.25, 0.14063], "rotation": 180, "texture": "#0"},
				"south": {"uv": [0, 0, 0.14063, 0.10938], "rotation": 270, "texture": "#0"},
				"west": {"uv": [0, 0, 0.25, 0.14063], "texture": "#0"},
				"up": {"uv": [0, 0, 0.25, 0.10938], "rotation": 270, "texture": "#0"},
				"down": {"uv": [0, 0, 0.25, 0.10938], "rotation": 270, "texture": "#0"}
			}
		},
		{
			"from": [7.5, 8.3125, 23.375],
			"to": [8.625, 9.1875, 25.375],
			"rotation": {"angle": 0, "axis": "y", "origin": [8.0625, 6.75, 24.375]},
			"faces": {
				"north": {"uv": [0, 0, 0.14063, 0.10938], "rotation": 180, "texture": "#0"},
				"east": {"uv": [0, 0, 0.25, 0.10938], "rotation": 180, "texture": "#0"},
				"south": {"uv": [0, 0, 0.14063, 0.10938], "rotation": 180, "texture": "#0"},
				"west": {"uv": [0, 0, 0.25, 0.10938], "rotation": 180, "texture": "#0"},
				"up": {"uv": [0, 0, 0.25, 0.14063], "rotation": 90, "texture": "#0"},
				"down": {"uv": [0, 0, 0.25, 0.14063], "rotation": 270, "texture": "#0"}
			}
		},
		{
			"from": [9.625, 6.1875, 23.375],
			"to": [10.5, 7.3125, 25.375],
			"rotation": {"angle": 22.5, "axis": "z", "origin": [8.0625, 6.75, 24.375]},
			"faces": {
				"north": {"uv": [0, 0, 0.14063, 0.10938], "rotation": 90, "texture": "#0"},
				"east": {"uv": [0, 0, 0.25, 0.14063], "rotation": 180, "texture": "#0"},
				"south": {"uv": [0, 0, 0.14063, 0.10938], "rotation": 270, "texture": "#0"},
				"west": {"uv": [0, 0, 0.25, 0.14063], "texture": "#0"},
				"up": {"uv": [0, 0, 0.25, 0.10938], "rotation": 270, "texture": "#0"},
				"down": {"uv": [0, 0, 0.25, 0.10938], "rotation": 270, "texture": "#0"}
			}
		},
		{
			"from": [9.625, 6.1875, 23.375],
			"to": [10.5, 7.3125, 25.375],
			"rotation": {"angle": 45, "axis": "z", "origin": [8.0625, 6.75, 24.375]},
			"faces": {
				"north": {"uv": [0, 0, 0.14063, 0.10938], "rotation": 90, "texture": "#0"},
				"east": {"uv": [0, 0, 0.25, 0.14063], "rotation": 180, "texture": "#0"},
				"south": {"uv": [0, 0, 0.14063, 0.10938], "rotation": 270, "texture": "#0"},
				"west": {"uv": [0, 0, 0.25, 0.14063], "texture": "#0"},
				"up": {"uv": [0, 0, 0.25, 0.10938], "rotation": 270, "texture": "#0"},
				"down": {"uv": [0, 0, 0.25, 0.10938], "rotation": 270, "texture": "#0"}
			}
		},
		{
			"from": [7.5, 8.3125, 23.375],
			"to": [8.625, 9.1875, 25.375],
			"rotation": {"angle": -22.5, "axis": "z", "origin": [8.0625, 6.75, 24.375]},
			"faces": {
				"north": {"uv": [0, 0, 0.14063, 0.10938], "rotation": 180, "texture": "#0"},
				"east": {"uv": [0, 0, 0.25, 0.10938], "rotation": 180, "texture": "#0"},
				"south": {"uv": [0, 0, 0.14063, 0.10938], "rotation": 180, "texture": "#0"},
				"west": {"uv": [0, 0, 0.25, 0.10938], "rotation": 180, "texture": "#0"},
				"up": {"uv": [0, 0, 0.25, 0.14063], "rotation": 90, "texture": "#0"},
				"down": {"uv": [0, 0, 0.25, 0.14063], "rotation": 270, "texture": "#0"}
			}
		},
		{
			"from": [5.625, 6.1875, 23.375],
			"to": [6.5, 7.3125, 25.375],
			"rotation": {"angle": 0, "axis": "z", "origin": [8.0625, 6.75, 24.375]},
			"faces": {
				"north": {"uv": [0, 0, 0.14063, 0.10938], "rotation": 270, "texture": "#0"},
				"east": {"uv": [0, 0, 0.25, 0.14063], "rotation": 180, "texture": "#0"},
				"south": {"uv": [0, 0, 0.14063, 0.10938], "rotation": 90, "texture": "#0"},
				"west": {"uv": [0, 0, 0.25, 0.14063], "texture": "#0"},
				"up": {"uv": [0, 0, 0.25, 0.10938], "rotation": 90, "texture": "#0"},
				"down": {"uv": [0, 0, 0.25, 0.10938], "rotation": 90, "texture": "#0"}
			}
		},
		{
			"from": [7.5, 8.3125, 23.375],
			"to": [8.625, 9.1875, 25.375],
			"rotation": {"angle": 22.5, "axis": "z", "origin": [8.0625, 6.75, 24.375]},
			"faces": {
				"north": {"uv": [0, 0, 0.14063, 0.10938], "rotation": 180, "texture": "#0"},
				"east": {"uv": [0, 0, 0.25, 0.10938], "rotation": 180, "texture": "#0"},
				"south": {"uv": [0, 0, 0.14063, 0.10938], "rotation": 180, "texture": "#0"},
				"west": {"uv": [0, 0, 0.25, 0.10938], "rotation": 180, "texture": "#0"},
				"up": {"uv": [0, 0, 0.25, 0.14063], "rotation": 90, "texture": "#0"},
				"down": {"uv": [0, 0, 0.25, 0.14063], "rotation": 270, "texture": "#0"}
			}
		},
		{
			"from": [5.625, 6.1875, 23.375],
			"to": [6.5, 7.3125, 25.375],
			"rotation": {"angle": -45, "axis": "z", "origin": [8.0625, 6.75, 24.375]},
			"faces": {
				"north": {"uv": [0, 0, 0.14063, 0.10938], "rotation": 270, "texture": "#0"},
				"east": {"uv": [0, 0, 0.25, 0.14063], "rotation": 180, "texture": "#0"},
				"south": {"uv": [0, 0, 0.14063, 0.10938], "rotation": 90, "texture": "#0"},
				"west": {"uv": [0, 0, 0.25, 0.14063], "texture": "#0"},
				"up": {"uv": [0, 0, 0.25, 0.10938], "rotation": 90, "texture": "#0"},
				"down": {"uv": [0, 0, 0.25, 0.10938], "rotation": 90, "texture": "#0"}
			}
		},
		{
			"from": [5.625, 6.1875, 23.375],
			"to": [6.5, 7.3125, 25.375],
			"rotation": {"angle": -22.5, "axis": "z", "origin": [8.0625, 6.75, 24.375]},
			"faces": {
				"north": {"uv": [0, 0, 0.14063, 0.10938], "rotation": 270, "texture": "#0"},
				"east": {"uv": [0, 0, 0.25, 0.14063], "rotation": 180, "texture": "#0"},
				"south": {"uv": [0, 0, 0.14063, 0.10938], "rotation": 90, "texture": "#0"},
				"west": {"uv": [0, 0, 0.25, 0.14063], "texture": "#0"},
				"up": {"uv": [0, 0, 0.25, 0.10938], "rotation": 90, "texture": "#0"},
				"down": {"uv": [0, 0, 0.25, 0.10938], "rotation": 90, "texture": "#0"}
			}
		},
		{
			"from": [7.5, 4.3125, 23.375],
			"to": [8.625, 5.1875, 25.375],
			"rotation": {"angle": -22.5, "axis": "z", "origin": [8.0625, 6.75, 24.375]},
			"faces": {
				"north": {"uv": [0, 0, 0.14063, 0.10938], "texture": "#0"},
				"east": {"uv": [0, 0, 0.25, 0.10938], "texture": "#0"},
				"south": {"uv": [0, 0, 0.14063, 0.10938], "texture": "#0"},
				"west": {"uv": [0, 0, 0.25, 0.10938], "texture": "#0"},
				"up": {"uv": [0, 0, 0.25, 0.14063], "rotation": 90, "texture": "#0"},
				"down": {"uv": [0, 0, 0.25, 0.14063], "rotation": 270, "texture": "#0"}
			}
		},
		{
			"from": [6.125, 4.8125, 23.4375],
			"to": [10, 8.6875, 25.3125],
			"rotation": {"angle": 0, "axis": "y", "origin": [8.0625, 6.75, 24.375]},
			"faces": {
				"north": {"uv": [0, 0, 16, 16], "texture": "#1"},
				"east": {"uv": [0, 0, 0.25, 0.60938], "texture": "#1"},
				"south": {"uv": [0, 0, 16, 16], "texture": "#1"},
				"west": {"uv": [0, 0, 0.25, 0.60938], "texture": "#1"},
				"up": {"uv": [0, 0, 0.25, 0.60938], "rotation": 90, "texture": "#1"},
				"down": {"uv": [0, 0, 0.25, 0.60938], "rotation": 270, "texture": "#1"}
			}
		}
	],
	"display": {
		"ground": {
			"translation": [0, 1.5, 0],
			"scale": [0.24, 0.24, 0.24]
		},
		"gui": {
			"rotation": [35, -35, 0],
			"scale": [0.51, 0.51, 0.51]
		},
		"head": {
			"translation": [0, -14.5, -0.5],
			"scale": [3.66, 3.66, 3.66]
		},
		"fixed": {
			"rotation": [-90, 0, 0],
			"translation": [0, 0, -6.25],
			"scale": [0.78, 0.78, 0.78]
		}
	}
}