{
	
	"texture_size": [128, 128],
	"textures": {
		"0": "item/twingo",
		"particle": "item/twingo"
	},
	"elements": [
		{
			"from": [2.5, 0.0625, -2],
			"to": [13.5, 5, 14.1875],
			"rotation": {"angle": 0, "axis": "y", "origin": [7, 0, 0]},
			"faces": {
				"north": {"uv": [5.875, 5.75, 7.25, 6.375], "texture": "#0"},
				"east": {"uv": [4.875, 1.875, 6.90625, 2.5], "texture": "#0"},
				"south": {"uv": [6.25, 0, 7.625, 0.625], "texture": "#0"},
				"west": {"uv": [1.5, 5.25, 3.53125, 5.875], "texture": "#0"},
				"up": {"uv": [1.375, 4.78125, 0, 2.75], "texture": "#0"},
				"down": {"uv": [2.75, 2.75, 1.375, 4.78125], "texture": "#0"}
			}
		},
		{
			"from": [1.75, 3.0625, -6],
			"to": [14.25, 5.3125, 15.4375],
			"rotation": {"angle": 0, "axis": "y", "origin": [7, 0, 0]},
			"faces": {
				"north": {"uv": [7.375, 6.75, 8.9375, 7], "texture": "#0"},
				"east": {"uv": [7, 1.875, 9.6875, 2.125], "texture": "#0"},
				"south": {"uv": [5.5, 7.5, 7.0625, 7.75], "texture": "#0"},
				"west": {"uv": [7, 2.125, 9.6875, 2.375], "texture": "#0"},
				"up": {"uv": [1.5625, 2.6875, 0, 0], "texture": "#0"},
				"down": {"uv": [3.1875, 0, 1.625, 2.6875], "texture": "#0"}
			}
		},
		{
			"from": [0, 6.0625, -4.25],
			"to": [2, 7.25, -2.8125],
			"rotation": {"angle": 0, "axis": "y", "origin": [7.25, 2, -2.25]},
			"faces": {
				"north": {"uv": [5.25, 8.25, 5.5, 8.40625], "texture": "#0"},
				"east": {"uv": [8.25, 7.75, 8.4375, 7.90625], "texture": "#0"},
				"south": {"uv": [5.5, 8.25, 5.75, 8.40625], "texture": "#0"},
				"west": {"uv": [8.25, 8, 8.4375, 8.15625], "texture": "#0"},
				"up": {"uv": [1.625, 8.4375, 1.375, 8.25], "texture": "#0"},
				"down": {"uv": [1.875, 8.25, 1.625, 8.4375], "texture": "#0"}
			}
		},
		{
			"from": [1, 5.5625, -4.5],
			"to": [2, 6.5625, -3.0625],
			"rotation": {"angle": 0, "axis": "y", "origin": [7.25, 2.5, -2.5]},
			"faces": {
				"north": {"uv": [4.25, 4, 4.375, 4.125], "texture": "#0"},
				"east": {"uv": [1.5, 5.125, 1.6875, 5.25], "texture": "#0"},
				"south": {"uv": [4.75, 1.25, 4.875, 1.375], "texture": "#0"},
				"west": {"uv": [1.75, 5.125, 1.9375, 5.25], "texture": "#0"},
				"up": {"uv": [4.375, 3.9375, 4.25, 3.75], "texture": "#0"},
				"down": {"uv": [4.875, 1, 4.75, 1.1875], "texture": "#0"}
			}
		},
		{
			"from": [4, 0.375, 14.0625],
			"to": [4.5625, 1, 16],
			"rotation": {"angle": 0, "axis": "y", "origin": [10.25, -3.0625, 16.0625]},
			"faces": {
				"north": {"uv": [4.25, 4, 4.375, 4.125], "texture": "#0"},
				"east": {"uv": [1.5, 5.125, 1.6875, 5.25], "texture": "#0"},
				"south": {"uv": [4.75, 1.25, 4.875, 1.375], "texture": "#0"},
				"west": {"uv": [1.75, 5.125, 1.9375, 5.25], "texture": "#0"},
				"up": {"uv": [4.375, 3.9375, 4.25, 3.75], "texture": "#0"},
				"down": {"uv": [4.875, 1, 4.75, 1.1875], "texture": "#0"}
			}
		},
		{
			"from": [14, 6.0625, -4.25],
			"to": [16, 7.25, -2.8125],
			"rotation": {"angle": 0, "axis": "y", "origin": [21.25, 2, -2.25]},
			"faces": {
				"north": {"uv": [5.75, 8.25, 6, 8.40625], "texture": "#0"},
				"east": {"uv": [8.25, 8.25, 8.4375, 8.40625], "texture": "#0"},
				"south": {"uv": [6, 8.25, 6.25, 8.40625], "texture": "#0"},
				"west": {"uv": [0, 8.375, 0.1875, 8.53125], "texture": "#0"},
				"up": {"uv": [2.125, 8.4375, 1.875, 8.25], "texture": "#0"},
				"down": {"uv": [2.375, 8.25, 2.125, 8.4375], "texture": "#0"}
			}
		},
		{
			"from": [14, 5.5625, -4.5],
			"to": [15, 6.5625, -3.0625],
			"rotation": {"angle": 0, "axis": "y", "origin": [20.25, 2.5, -2.5]},
			"faces": {
				"north": {"uv": [2.5, 5.125, 2.625, 5.25], "texture": "#0"},
				"east": {"uv": [2, 5.125, 2.1875, 5.25], "texture": "#0"},
				"south": {"uv": [2.625, 5.125, 2.75, 5.25], "texture": "#0"},
				"west": {"uv": [2.25, 5.125, 2.4375, 5.25], "texture": "#0"},
				"up": {"uv": [2.75, 5.0625, 2.625, 4.875], "texture": "#0"},
				"down": {"uv": [5.875, 3.5, 5.75, 3.6875], "texture": "#0"}
			}
		},
		{
			"from": [1.5, 1.125, 13],
			"to": [14.5, 3.0625, 15.9375],
			"rotation": {"angle": 0, "axis": "y", "origin": [7, -1.9375, 0]},
			"faces": {
				"north": {"uv": [7.25, 4.75, 8.875, 5], "texture": "#0"},
				"east": {"uv": [4.125, 8.125, 4.375, 8.375], "texture": "#0"},
				"south": {"uv": [7.25, 5.75, 8.875, 6], "texture": "#0"},
				"west": {"uv": [4.375, 8.125, 4.625, 8.375], "texture": "#0"},
				"up": {"uv": [8.875, 6.25, 7.25, 6], "texture": "#0"},
				"down": {"uv": [9, 5, 7.375, 5.25], "texture": "#0"}
			}
		},
		{
			"from": [1.5, 1.125, 0],
			"to": [14.5, 3.0625, 8.9375],
			"rotation": {"angle": 0, "axis": "y", "origin": [7, -1.9375, -7]},
			"faces": {
				"north": {"uv": [7.375, 5.25, 9, 5.5], "texture": "#0"},
				"east": {"uv": [1.5, 4.875, 2.625, 5.125], "texture": "#0"},
				"south": {"uv": [7.375, 5.5, 9, 5.75], "texture": "#0"},
				"west": {"uv": [7.5, 7.25, 8.625, 7.5], "texture": "#0"},
				"up": {"uv": [4.875, 2.5, 3.25, 1.375], "texture": "#0"},
				"down": {"uv": [4.375, 4.125, 2.75, 5.25], "texture": "#0"}
			}
		},
		{
			"from": [13.5, -0.1875, 9],
			"to": [14.5, 3.8125, 13],
			"rotation": {"angle": 0, "axis": "y", "origin": [7, -1.1875, 6]},
			"faces": {
				"north": {"uv": [0.875, 8.125, 1, 8.625], "texture": "#0"},
				"east": {"uv": [3.625, 5.25, 4.125, 5.75], "texture": "#0"},
				"south": {"uv": [4.625, 8.125, 4.75, 8.625], "texture": "#0"},
				"west": {"uv": [2.75, 7.625, 3.25, 8.125], "texture": "#0"},
				"up": {"uv": [4.875, 8.625, 4.75, 8.125], "texture": "#0"},
				"down": {"uv": [5, 8.125, 4.875, 8.625], "texture": "#0"}
			}
		},
		{
			"from": [1.5, -0.1875, 9],
			"to": [2.5, 3.8125, 13],
			"rotation": {"angle": 0, "axis": "y", "origin": [-5, -1.1875, 6]},
			"faces": {
				"north": {"uv": [5, 8.125, 5.125, 8.625], "texture": "#0"},
				"east": {"uv": [3.25, 7.625, 3.75, 8.125], "texture": "#0"},
				"south": {"uv": [5.125, 8.125, 5.25, 8.625], "texture": "#0"},
				"west": {"uv": [3.75, 7.625, 4.25, 8.125], "texture": "#0"},
				"up": {"uv": [7.125, 8.625, 7, 8.125], "texture": "#0"},
				"down": {"uv": [7.25, 8.125, 7.125, 8.625], "texture": "#0"}
			}
		},
		{
			"from": [1.5, -0.1875, -4],
			"to": [2.5, 3.8125, 0],
			"rotation": {"angle": 0, "axis": "y", "origin": [-5, -1.1875, -7]},
			"faces": {
				"north": {"uv": [7.75, 8.125, 7.875, 8.625], "texture": "#0"},
				"east": {"uv": [5.25, 7.75, 5.75, 8.25], "texture": "#0"},
				"south": {"uv": [7.875, 8.125, 8, 8.625], "texture": "#0"},
				"west": {"uv": [5.75, 7.75, 6.25, 8.25], "texture": "#0"},
				"up": {"uv": [8.125, 8.625, 8, 8.125], "texture": "#0"},
				"down": {"uv": [8.25, 8.125, 8.125, 8.625], "texture": "#0"}
			}
		},
		{
			"from": [13.5, -0.1875, -4],
			"to": [14.5, 3.8125, 0],
			"rotation": {"angle": 0, "axis": "y", "origin": [7, -1.1875, -7]},
			"faces": {
				"north": {"uv": [7.25, 8.125, 7.375, 8.625], "texture": "#0"},
				"east": {"uv": [4.25, 7.625, 4.75, 8.125], "texture": "#0"},
				"south": {"uv": [7.375, 8.125, 7.5, 8.625], "texture": "#0"},
				"west": {"uv": [4.75, 7.625, 5.25, 8.125], "texture": "#0"},
				"up": {"uv": [7.625, 8.625, 7.5, 8.125], "texture": "#0"},
				"down": {"uv": [7.75, 8.125, 7.625, 8.625], "texture": "#0"}
			}
		},
		{
			"from": [1.5, 1.125, -8.1875],
			"to": [14.5, 3.0625, -4.0625],
			"rotation": {"angle": 0, "axis": "y", "origin": [7, -1.9375, -20]},
			"faces": {
				"north": {"uv": [7.375, 6.25, 9, 6.5], "texture": "#0"},
				"east": {"uv": [1.375, 8, 1.89063, 8.25], "texture": "#0"},
				"south": {"uv": [7.375, 6.5, 9, 6.75], "texture": "#0"},
				"west": {"uv": [8, 1.5, 8.51563, 1.75], "texture": "#0"},
				"up": {"uv": [8, 1.14063, 6.375, 0.625], "texture": "#0"},
				"down": {"uv": [8, 1.25, 6.375, 1.76563], "texture": "#0"}
			}
		},
		{
			"from": [2.25, 1.6875, -8.125],
			"to": [13.75, 4.3125, -2],
			"rotation": {"angle": 0, "axis": "y", "origin": [7, 0, 0]},
			"faces": {
				"north": {"uv": [2.5, 7.25, 3.9375, 7.57813], "texture": "#0"},
				"east": {"uv": [1, 7.625, 1.76563, 7.95313], "texture": "#0"},
				"south": {"uv": [7.25, 3.25, 8.6875, 3.57813], "texture": "#0"},
				"west": {"uv": [1.875, 7.625, 2.64063, 7.95313], "texture": "#0"},
				"up": {"uv": [2.8125, 6.64063, 1.375, 5.875], "texture": "#0"},
				"down": {"uv": [4.3125, 5.875, 2.875, 6.64063], "texture": "#0"}
			}
		},
		{
			"from": [2.5, 0.0625, -7.5],
			"to": [13.5, 1.6875, -1.875],
			"rotation": {"angle": 0, "axis": "y", "origin": [7, 0, 0]},
			"faces": {
				"north": {"uv": [7.625, 0, 9, 0.20313], "texture": "#0"},
				"east": {"uv": [3.25, 2.5, 3.95313, 2.70313], "texture": "#0"},
				"south": {"uv": [7.625, 0.25, 9, 0.45313], "texture": "#0"},
				"west": {"uv": [8, 1.25, 8.70313, 1.45313], "texture": "#0"},
				"up": {"uv": [7.25, 4.20313, 5.875, 3.5], "texture": "#0"},
				"down": {"uv": [7.25, 4.25, 5.875, 4.95313], "texture": "#0"}
			}
		},
		{
			"from": [2, 5, 2.375],
			"to": [14, 12.4375, 12.9375],
			"rotation": {"angle": 0, "axis": "y", "origin": [7, 5, 0]},
			"faces": {
				"north": {"uv": [4.75, 0, 6.25, 0.9375], "texture": "#0"},
				"east": {"uv": [5.75, 2.5, 7.07813, 3.4375], "texture": "#0"},
				"south": {"uv": [0, 4.875, 1.5, 5.8125], "texture": "#0"},
				"west": {"uv": [0, 5.875, 1.32813, 6.8125], "texture": "#0"},
				"up": {"uv": [4.25, 4.07813, 2.75, 2.75], "texture": "#0"},
				"down": {"uv": [4.75, 0, 3.25, 1.32813], "texture": "#0"}
			}
		},
		{
			"from": [2.0625, 15.5, 10.8125],
			"to": [13.9375, 17.125, 13.25],
			"rotation": {"angle": 22.5, "axis": "x", "origin": [7, 10, 0]},
			"faces": {
				"north": {"uv": [4.375, 5.875, 5.875, 6.51563], "texture": "#0"},
				"east": {"uv": [4.84375, 3.9375, 5.15625, 4.57813], "texture": "#0"},
				"south": {"uv": [5.875, 5, 7.375, 5.64063], "texture": "#0"},
				"west": {"uv": [1, 8, 1.3125, 8.64063], "texture": "#0"},
				"up": {"uv": [8.75, 3.9375, 7.25, 3.625], "texture": "#0"},
				"down": {"uv": [5.5, 7.25, 4, 7.5625], "texture": "#0"}
			}
		},
		{
			"from": [2, 4.5625, 12.6875],
			"to": [14, 11.375, 14.9375],
			"rotation": {"angle": 0, "axis": "y", "origin": [7, 5.1875, 13.875]},
			"faces": {
				"north": {"uv": [4.875, 1, 6.375, 1.85938], "texture": "#0"},
				"east": {"uv": [6.25, 7.75, 6.53125, 8.60938], "texture": "#0"},
				"south": {"uv": [4.375, 5, 5.875, 5.85938], "texture": "#0"},
				"west": {"uv": [6.625, 7.75, 6.90625, 8.60938], "texture": "#0"},
				"up": {"uv": [8.75, 4.28125, 7.25, 4], "texture": "#0"},
				"down": {"uv": [8.75, 4.375, 7.25, 4.65625], "texture": "#0"}
			}
		},
		{
			"from": [1.8125, 3.1875, -8.125],
			"to": [14.1875, 4.6875, -4.875],
			"rotation": {"angle": -22.5, "axis": "x", "origin": [7, 3, 0]},
			"faces": {
				"north": {"uv": [7.5, 7, 9.04688, 7.1875], "texture": "#0"},
				"east": {"uv": [2, 8, 2.40625, 8.1875], "texture": "#0"},
				"south": {"uv": [7.125, 7.5, 8.67188, 7.6875], "texture": "#0"},
				"west": {"uv": [0, 8.125, 0.40625, 8.3125], "texture": "#0"},
				"up": {"uv": [7.42188, 7.40625, 5.875, 7], "texture": "#0"},
				"down": {"uv": [8.67188, 2.375, 7.125, 2.78125], "texture": "#0"}
			}
		},
		{
			"from": [2.125, -1.75, -1.5],
			"to": [13.9375, 7.4375, 4.3125],
			"rotation": {"angle": 45, "axis": "x", "origin": [7, 9.25, 2.5]},
			"faces": {
				"north": {"uv": [4.25, 2.5, 5.73438, 3.65625], "texture": "#0"},
				"east": {"uv": [0, 6.875, 0.5, 8.03125], "texture": "#0"},
				"south": {"uv": [4.375, 3.75, 5.85938, 4.90625], "texture": "#0"},
				"west": {"uv": [0.5, 6.875, 1, 8.03125], "texture": "#0"},
				"up": {"uv": [2.85938, 7.25, 1.375, 6.75], "texture": "#0"},
				"down": {"uv": [4.35938, 6.75, 2.875, 7.25], "texture": "#0"}
			}
		},
		{
			"from": [2.0625, 4.6875, -0.75],
			"to": [13.875, 12.25, 3.6875],
			"rotation": {"angle": -22.5, "axis": "x", "origin": [7, 9.25, 2.5]},
			"faces": {
				"north": {"uv": [7.125, 2.875, 8.60938, 3.25], "texture": "#0"},
				"east": {"uv": [6.625, 2.5, 7.09375, 3.54688], "texture": "#0"},
				"south": {"uv": [1, 7.25, 2.48438, 7.625], "texture": "#0"},
				"west": {"uv": [7.0625, 2.53125, 6.60938, 3.5625], "texture": "#0"},
				"up": {"uv": [7.35938, 6.9375, 5.875, 6.375], "texture": "#0"},
				"down": {"uv": [5.85938, 6.625, 4.375, 7.1875], "texture": "#0"}
			}
		},
		{
			"from": [1.875, 3.0625, -8.25],
			"to": [3.875, 5.0625, -6.125],
			"rotation": {"angle": 0, "axis": "y", "origin": [1.875, 3.0625, -8.125]},
			"faces": {
				"north": {"uv": [4, 2.5, 4.25, 2.75], "texture": "#0"},
				"east": {"uv": [1, 6.875, 1.26563, 7.125], "texture": "#0"},
				"south": {"uv": [4.125, 5.625, 4.375, 5.875], "texture": "#0"},
				"west": {"uv": [5.5, 7.25, 5.76563, 7.5], "texture": "#0"},
				"up": {"uv": [4.375, 5.51563, 4.125, 5.25], "texture": "#0"},
				"down": {"uv": [2.75, 8, 2.5, 8.26563], "texture": "#0"}
			}
		},
		{
			"from": [12.0625, 3.0625, -8.25],
			"to": [14.0625, 5.0625, -6.125],
			"rotation": {"angle": 0, "axis": "y", "origin": [12.0625, 3.0625, -8.125]},
			"faces": {
				"north": {"uv": [3.625, 8.125, 3.875, 8.375], "texture": "#0"},
				"east": {"uv": [0.5, 8.125, 0.76563, 8.375], "texture": "#0"},
				"south": {"uv": [3.875, 8.125, 4.125, 8.375], "texture": "#0"},
				"west": {"uv": [2.75, 8.125, 3.01563, 8.375], "texture": "#0"},
				"up": {"uv": [3.375, 8.39063, 3.125, 8.125], "texture": "#0"},
				"down": {"uv": [3.625, 8.125, 3.375, 8.39063], "texture": "#0"}
			}
		}
	],
	"display": {
		"thirdperson_righthand": {
			"rotation": [72.05, 52.68, -3.63],
			"translation": [0.75, 0, 0.75],
			"scale": [0.43, 0.42, 0.41]
		},
		"thirdperson_lefthand": {
			"rotation": [72.05, 52.68, -3.63],
			"translation": [0.75, 0, 0.75],
			"scale": [0.43, 0.42, 0.41]
		},
		"firstperson_righthand": {
			"rotation": [-180, 63.25, -180],
			"translation": [0, 6.25, 2.25],
			"scale": [0.38, 0.37, 0.33]
		},
		"firstperson_lefthand": {
			"rotation": [-180, 63.25, -180],
			"translation": [0, 6.25, 2.25],
			"scale": [0.38, 0.37, 0.33]
		},
		"ground": {
			"translation": [0, 3, 2],
			"scale": [0.61, 0.61, 0.6]
		},
		"gui": {
			"rotation": [35, -35, 0],
			"translation": [-1.25, 0.5, 0],
			"scale": [0.77539, 0.58203, 0.63086]
		},
		"head": {
			"translation": [0, -17.5, 8.75],
			"scale": [3.3, 3.33, 3.19]
		},
		"fixed": {
			"rotation": [-90, 0, 0],
			"translation": [0, 3, -5.5],
			"scale": [0.73, 0.66141, 0.73]
		}
	}
}