{
	"format_version": "1.9.0",
	"texture_size": [128, 128],
	"textures": {
		"0": "item/944wheel",
		"1": "item/944body",
		"particle": "item/944wheel"
	},
	"elements": [
		{
			"from": [-0.25, 7.25, 14],
			"to": [16.25, 9, 23.5],
			"rotation": {"angle": 0, "axis": "y", "origin": [7, 3, 0]},
			"faces": {
				"north": {"uv": [8.125, 6.5, 10.1875, 6.71875], "texture": "#1"},
				"east": {"uv": [7.75, 9.75, 8.9375, 9.96875], "texture": "#1"},
				"south": {"uv": [3.875, 9, 5.9375, 9.21875], "texture": "#1"},
				"west": {"uv": [9, 9.75, 10.1875, 9.96875], "texture": "#1"},
				"up": {"uv": [6.0625, 3.9375, 4, 2.75], "texture": "#1"},
				"down": {"uv": [6.0625, 4, 4, 5.1875], "texture": "#1"}
			}
		},
		{
			"from": [0, 7.25, -2],
			"to": [16, 9, 14],
			"rotation": {"angle": 0, "axis": "y", "origin": [7, 3, 0]},
			"faces": {
				"north": {"uv": [1.75, 9.125, 3.75, 9.34375], "texture": "#1"},
				"east": {"uv": [9.125, 8.125, 11.125, 8.34375], "texture": "#1"},
				"south": {"uv": [9.125, 8.375, 11.125, 8.59375], "texture": "#1"},
				"west": {"uv": [3.75, 9.25, 5.75, 9.46875], "texture": "#1"},
				"up": {"uv": [2, 5.5, 0, 3.5], "texture": "#1"},
				"down": {"uv": [4, 3.5, 2, 5.5], "texture": "#1"}
			}
		},
		{
			"from": [0, 3, -2],
			"to": [16, 7.25, 25.25],
			"rotation": {"angle": 0, "axis": "y", "origin": [7, 3, 0]},
			"faces": {
				"north": {"uv": [3.875, 7.125, 5.875, 7.65625], "texture": "#1"},
				"east": {"uv": [5.875, 1, 9.28125, 1.53125], "texture": "#1"},
				"south": {"uv": [0, 7.25, 2, 7.78125], "texture": "#1"},
				"west": {"uv": [5.875, 1.625, 9.28125, 2.15625], "texture": "#1"},
				"up": {"uv": [2, 3.40625, 0, 0], "texture": "#1"},
				"down": {"uv": [4, 0, 2, 3.40625], "texture": "#1"}
			}
		},
		{
			"from": [-0.0625, 1.875, -1.75],
			"to": [1.1875, 7.125, 3.25],
			"rotation": {"angle": 0, "axis": "y", "origin": [-8.0625, 2.125, -22]},
			"faces": {
				"north": {"uv": [2, 3.68, 3.25, 5.17], "texture": "#0"},
				"east": {"uv": [0, 0, 0, 0], "texture": "#0"},
				"south": {"uv": [6.56, 1.44, 8.64, 2.16], "texture": "#0"},
				"west": {"uv": [0, 0, 16, 16], "texture": "#0"},
				"up": {"uv": [5.76, 0.88, 9.25, 2.32], "texture": "#0"},
				"down": {"uv": [6.48, 0.64, 9.2, 2.4], "texture": "#0"}
			}
		},
		{
			"from": [-0.3125, 1.875, 18.75],
			"to": [0.9375, 7.125, 23.75],
			"rotation": {"angle": 0, "axis": "y", "origin": [-8.3125, 2.125, -1.5]},
			"faces": {
				"north": {"uv": [2, 3.68, 3.25, 5.17], "texture": "#0"},
				"east": {"uv": [0, 0, 0, 0], "texture": "#0"},
				"south": {"uv": [6.56, 1.44, 8.64, 2.16], "texture": "#0"},
				"west": {"uv": [0, 0, 16, 16], "texture": "#0"},
				"up": {"uv": [5.76, 0.88, 9.25, 2.32], "texture": "#0"},
				"down": {"uv": [6.48, 0.64, 9.2, 2.4], "texture": "#0"}
			}
		},
		{
			"from": [15.0625, 1.875, 18.75],
			"to": [16.3125, 7.125, 23.75],
			"rotation": {"angle": 0, "axis": "y", "origin": [7.0625, 2.125, -1.5]},
			"faces": {
				"north": {"uv": [2, 3.68, 3.25, 5.17], "texture": "#0"},
				"east": {"uv": [0, 0, 16, 16], "texture": "#0"},
				"south": {"uv": [6.56, 1.44, 8.64, 2.16], "texture": "#0"},
				"west": {"uv": [0, 0, 16, 16], "texture": "#0"},
				"up": {"uv": [5.76, 0.88, 9.25, 2.32], "texture": "#0"},
				"down": {"uv": [6.48, 0.64, 9.2, 2.4], "texture": "#0"}
			}
		},
		{
			"from": [14.8125, 1.875, -1.75],
			"to": [16.0625, 7.125, 3.25],
			"rotation": {"angle": 0, "axis": "y", "origin": [6.8125, 2.125, -22]},
			"faces": {
				"north": {"uv": [2, 3.68, 3.25, 5.17], "texture": "#0"},
				"east": {"uv": [0, 0, 16, 16], "texture": "#0"},
				"south": {"uv": [6.56, 1.44, 8.64, 2.16], "texture": "#0"},
				"west": {"uv": [0, 0, 16, 16], "texture": "#0"},
				"up": {"uv": [5.76, 0.88, 9.25, 2.32], "texture": "#0"},
				"down": {"uv": [6.48, 0.64, 9.2, 2.4], "texture": "#0"}
			}
		},
		{
			"from": [0.375, 9, 8.6875],
			"to": [15.625, 12.5625, 18.8125],
			"rotation": {"angle": 0, "axis": "y", "origin": [7, 9, 6.375]},
			"faces": {
				"north": {"uv": [2, 7.25, 3.875, 7.6875], "texture": "#1"},
				"east": {"uv": [8.125, 6, 9.4375, 6.4375], "texture": "#1"},
				"south": {"uv": [4, 7.75, 5.875, 8.1875], "texture": "#1"},
				"west": {"uv": [7.75, 8.125, 9.0625, 8.5625], "texture": "#1"},
				"up": {"uv": [5.875, 1.3125, 4, 0], "texture": "#1"},
				"down": {"uv": [5.875, 1.375, 4, 2.6875], "texture": "#1"}
			}
		},
		{
			"from": [0.75, 12.5625, 9.4375],
			"to": [15.25, 12.75, 17.375],
			"rotation": {"angle": 0, "axis": "y", "origin": [7, 9, 6.375]},
			"faces": {
				"north": {"uv": [2, 7.25, 3.875, 7.6875], "texture": "#1"},
				"east": {"uv": [11.3125, 14.4375, 10.96875, 13.84375], "texture": "#1"},
				"south": {"uv": [4, 7.75, 5.875, 8.1875], "texture": "#1"},
				"west": {"uv": [7.75, 15.25, 9.0625, 15.1875], "texture": "#1"},
				"up": {"uv": [5.875, 1.3125, 4, 0], "texture": "#1"},
				"down": {"uv": [5.875, 1.375, 4, 2.6875], "texture": "#1"}
			}
		},
		{
			"from": [0.5, 9, 5.625],
			"to": [15.5, 9.3125, 5.875],
			"rotation": {"angle": 0, "axis": "y", "origin": [7, 9, 4.875]},
			"faces": {
				"north": {"uv": [10.375, 0.625, 12.25, 0.65625], "texture": "#1"},
				"east": {"uv": [7.75, 8, 7.78125, 8.03125], "texture": "#1"},
				"south": {"uv": [10.375, 0.75, 12.25, 0.78125], "texture": "#1"},
				"west": {"uv": [7.5, 8.5, 7.53125, 8.53125], "texture": "#1"},
				"up": {"uv": [12.25, 0.90625, 10.375, 0.875], "texture": "#1"},
				"down": {"uv": [12.25, 2.25, 10.375, 2.28125], "texture": "#1"}
			}
		},
		{
			"from": [1, 9, 21.4375],
			"to": [15, 11.5625, 22.75],
			"rotation": {"angle": 0, "axis": "y", "origin": [7, 9, 9]},
			"faces": {
				"north": {"uv": [4, 8.25, 5.75, 8.5625], "texture": "#1"},
				"east": {"uv": [3.125, 10.375, 3.28125, 10.6875], "texture": "#1"},
				"south": {"uv": [5.75, 8.5, 7.5, 8.8125], "texture": "#1"},
				"west": {"uv": [3.375, 10.375, 3.53125, 10.6875], "texture": "#1"},
				"up": {"uv": [11.25, 9.28125, 9.5, 9.125], "texture": "#1"},
				"down": {"uv": [11, 9.5, 9.25, 9.65625], "texture": "#1"}
			}
		},
		{
			"from": [1, 9, 20.125],
			"to": [15, 11.9375, 21.4375],
			"rotation": {"angle": 0, "axis": "y", "origin": [7, 9, 7.6875]},
			"faces": {
				"north": {"uv": [8.125, 4.5, 9.875, 4.875], "texture": "#1"},
				"east": {"uv": [9, 10, 9.15625, 10.375], "texture": "#1"},
				"south": {"uv": [8.125, 4.875, 9.875, 5.25], "texture": "#1"},
				"west": {"uv": [9.25, 10, 9.40625, 10.375], "texture": "#1"},
				"up": {"uv": [9.25, 9.65625, 7.5, 9.5], "texture": "#1"},
				"down": {"uv": [11.25, 8.875, 9.5, 9.03125], "texture": "#1"}
			}
		},
		{
			"from": [1, 9, 18.8125],
			"to": [15, 12.25, 20.125],
			"rotation": {"angle": 0, "axis": "y", "origin": [7, 9, 6.375]},
			"faces": {
				"north": {"uv": [8.125, 2.75, 9.875, 3.15625], "texture": "#1"},
				"east": {"uv": [5.875, 2.25, 6.03125, 2.65625], "texture": "#1"},
				"south": {"uv": [8.125, 3.25, 9.875, 3.65625], "texture": "#1"},
				"west": {"uv": [7.625, 10, 7.78125, 10.40625], "texture": "#1"},
				"up": {"uv": [11.25, 6.15625, 9.5, 6], "texture": "#1"},
				"down": {"uv": [11.25, 6.25, 9.5, 6.40625], "texture": "#1"}
			}
		},
		{
			"from": [1, 9, 25.375],
			"to": [15, 10.5625, 26.6875],
			"rotation": {"angle": 0, "axis": "y", "origin": [7, 9, 12.9375]},
			"faces": {
				"north": {"uv": [0, 9.25, 1.75, 9.4375], "texture": "#1"},
				"east": {"uv": [6.75, 10.375, 6.90625, 10.5625], "texture": "#1"},
				"south": {"uv": [9.375, 1, 11.125, 1.1875], "texture": "#1"},
				"west": {"uv": [7, 10.375, 7.15625, 10.5625], "texture": "#1"},
				"up": {"uv": [11.5, 6.90625, 9.75, 6.75], "texture": "#1"},
				"down": {"uv": [11.5, 7, 9.75, 7.15625], "texture": "#1"}
			}
		},
		{
			"from": [1, 9, 26.6875],
			"to": [15, 10.125, 27.625],
			"rotation": {"angle": 0, "axis": "y", "origin": [7, 9, 14.25]},
			"faces": {
				"north": {"uv": [9.75, 7.25, 11.5, 7.40625], "texture": "#1"},
				"east": {"uv": [5.875, 6.375, 6, 6.53125], "texture": "#1"},
				"south": {"uv": [9.75, 7.5, 11.5, 7.65625], "texture": "#1"},
				"west": {"uv": [5.75, 8.25, 5.875, 8.40625], "texture": "#1"},
				"up": {"uv": [7.5, 9, 5.75, 8.875], "texture": "#1"},
				"down": {"uv": [11.625, 0.125, 9.875, 0.25], "texture": "#1"}
			}
		},
		{
			"from": [0.25, 9, 21.875],
			"to": [15.75, 9.375, 29.4375],
			"rotation": {"angle": 0, "axis": "y", "origin": [7, 9, 14.25]},
			"faces": {
				"north": {"uv": [9.875, 2.875, 11.8125, 2.9375], "texture": "#1"},
				"east": {"uv": [0.75, 9.5, 1.6875, 9.5625], "texture": "#1"},
				"south": {"uv": [9.875, 3, 11.8125, 3.0625], "texture": "#1"},
				"west": {"uv": [10, 4.375, 10.9375, 4.4375], "texture": "#1"},
				"up": {"uv": [3.9375, 6.4375, 2, 5.5], "texture": "#1"},
				"down": {"uv": [7.8125, 0, 5.875, 0.9375], "texture": "#1"}
			}
		},
		{
			"from": [0.25, 9.375, 21.875],
			"to": [15.75, 9.75, 30.125],
			"rotation": {"angle": 0, "axis": "y", "origin": [7, 9.375, 14.25]},
			"faces": {
				"north": {"uv": [9.875, 3.125, 11.8125, 3.1875], "texture": "#1"},
				"east": {"uv": [2.5, 9.625, 3.53125, 9.6875], "texture": "#1"},
				"south": {"uv": [9.875, 3.25, 11.8125, 3.3125], "texture": "#1"},
				"west": {"uv": [10, 2.625, 11.03125, 2.6875], "texture": "#1"},
				"up": {"uv": [5.90625, 6.28125, 3.96875, 5.25], "texture": "#1"},
				"down": {"uv": [1.9375, 5.5, 0, 6.53125], "texture": "#1"}
			}
		},
		{
			"from": [0.25, 8.875, 17.875],
			"to": [15.75, 9.4375, 22.125],
			"rotation": {"angle": 45, "axis": "x", "origin": [7, 9.375, 22.25]},
			"faces": {
				"north": {"uv": [13.5, 5.28125, 15.4375, 3.09375], "texture": "#1"},
				"east": {"uv": [5.5, 10.375, 6.03125, 10.4375], "texture": "#1"},
				"south": {"uv": [9.875, 3.5, 11.8125, 3.5625], "texture": "#1"},
				"west": {"uv": [6.125, 10.375, 6.65625, 10.4375], "texture": "#1"},
				"up": {"uv": [1.9375, 8.40625, 0, 7.875], "texture": "#1"},
				"down": {"uv": [9.8125, 0, 7.875, 0.53125], "texture": "#1"}
			}
		},
		{
			"from": [0.3125, 2.9375, 17.875],
			"to": [15.6875, 9.4375, 22.125],
			"rotation": {"angle": 45, "axis": "x", "origin": [7, 9.375, 22.25]},
			"faces": {
				"north": {"uv": [9.875, 3.15625, 11.8125, 2.125], "texture": "#1"},
				"east": {"uv": [13.78125, 14.09375, 16, 16], "texture": "#1"},
				"south": {"uv": [9.875, 3.5, 11.8125, 3.5625], "texture": "#1"},
				"west": {"uv": [13.65234, 16, 16, 14.15625], "rotation": 180, "texture": "#1"},
				"up": {"uv": [1.9375, 8.40625, 0, 7.875], "texture": "#1"},
				"down": {"uv": [9.8125, 0, 7.875, 0.53125], "texture": "#1"}
			}
		},
		{
			"from": [0.3125, 3.0625, 7.375],
			"to": [15.6875, 9.5625, 11.625],
			"rotation": {"angle": 45, "axis": "x", "origin": [7, 9.5, 11.75]},
			"faces": {
				"north": {"uv": [9.875, 3.375, 11.8125, 3.4375], "texture": "#1"},
				"east": {"uv": [14.25, 12.78125, 16, 13.6875], "rotation": 90, "texture": "#1"},
				"south": {"uv": [9.875, 3.5, 11.8125, 3.5625], "texture": "#1"},
				"west": {"uv": [15.84375, 12.78125, 14.25, 13.65625], "rotation": 270, "texture": "#1"},
				"up": {"uv": [1.9375, 8.40625, 0, 7.875], "texture": "#1"},
				"down": {"uv": [9.8125, 0, 7.875, 0.53125], "texture": "#1"}
			}
		},
		{
			"from": [1, 9, 24.0625],
			"to": [15, 10.9375, 25.375],
			"rotation": {"angle": 0, "axis": "y", "origin": [7, 9, 11.625]},
			"faces": {
				"north": {"uv": [6, 9, 7.75, 9.25], "texture": "#1"},
				"east": {"uv": [1.75, 8.875, 1.90625, 9.125], "texture": "#1"},
				"south": {"uv": [7.75, 9, 9.5, 9.25], "texture": "#1"},
				"west": {"uv": [4, 10.375, 4.15625, 10.625], "texture": "#1"},
				"up": {"uv": [6, 9.90625, 4.25, 9.75], "texture": "#1"},
				"down": {"uv": [7.75, 9.75, 6, 9.90625], "texture": "#1"}
			}
		},
		{
			"from": [1, 9, 22.75],
			"to": [15, 11.25, 24.0625],
			"rotation": {"angle": 0, "axis": "y", "origin": [7, 9, 10.3125]},
			"faces": {
				"north": {"uv": [4, 8.625, 5.75, 8.90625], "texture": "#1"},
				"east": {"uv": [3.625, 10.375, 3.78125, 10.65625], "texture": "#1"},
				"south": {"uv": [0, 8.875, 1.75, 9.15625], "texture": "#1"},
				"west": {"uv": [10.375, 3.625, 10.53125, 3.90625], "texture": "#1"},
				"up": {"uv": [2.5, 9.78125, 0.75, 9.625], "texture": "#1"},
				"down": {"uv": [4.25, 9.75, 2.5, 9.90625], "texture": "#1"}
			}
		},
		{
			"from": [-0.25, 3.125, 23.5],
			"to": [16.25, 9, 26.5],
			"rotation": {"angle": 0, "axis": "y", "origin": [7, 3, 1.25]},
			"faces": {
				"north": {"uv": [6, 5.25, 8.0625, 6], "texture": "#1"},
				"east": {"uv": [0, 9.5, 0.375, 10.25], "texture": "#1"},
				"south": {"uv": [6, 6, 8.0625, 6.75], "texture": "#1"},
				"west": {"uv": [0.375, 9.5, 0.75, 10.25], "texture": "#1"},
				"up": {"uv": [9.9375, 1, 7.875, 0.625], "texture": "#1"},
				"down": {"uv": [9.9375, 7.75, 7.875, 8.125], "texture": "#1"}
			}
		},
		{
			"from": [0, 3.3125, 26.5],
			"to": [16, 9, 27.75],
			"rotation": {"angle": 0, "axis": "y", "origin": [7, 3, 2.5]},
			"faces": {
				"north": {"uv": [6.125, 2.25, 8.125, 2.96875], "texture": "#1"},
				"east": {"uv": [1.5, 9.875, 1.65625, 10.59375], "texture": "#1"},
				"south": {"uv": [6.125, 3, 8.125, 3.71875], "texture": "#1"},
				"west": {"uv": [1.75, 9.875, 1.90625, 10.59375], "texture": "#1"},
				"up": {"uv": [3.75, 9.53125, 1.75, 9.375], "texture": "#1"},
				"down": {"uv": [11.375, 1.75, 9.375, 1.90625], "texture": "#1"}
			}
		},
		{
			"from": [0.5, 3.625, 27.75],
			"to": [15.5, 9, 28.875],
			"rotation": {"angle": 0, "axis": "y", "origin": [7, 3, 2.5]},
			"faces": {
				"north": {"uv": [4, 6.375, 5.875, 7.0625], "texture": "#1"},
				"east": {"uv": [2, 9.875, 2.15625, 10.5625], "texture": "#1"},
				"south": {"uv": [2, 6.5, 3.875, 7.1875], "texture": "#1"},
				"west": {"uv": [2.25, 9.875, 2.40625, 10.5625], "texture": "#1"},
				"up": {"uv": [11.25, 2.15625, 9.375, 2], "texture": "#1"},
				"down": {"uv": [11.25, 8.625, 9.375, 8.78125], "texture": "#1"}
			}
		},
		{
			"from": [1.125, 3.6875, 27.75],
			"to": [2.75, 5.125, 29.5],
			"rotation": {"angle": 0, "axis": "y", "origin": [7.625, 3.0625, 2.5]},
			"faces": {
				"north": {"uv": [4, 6.375, 5.875, 7.0625], "texture": "#1"},
				"east": {"uv": [2.09375, 7.15625, 2.28125, 7.1875], "texture": "#1"},
				"south": {"uv": [2.09375, 7, 2.28125, 7.1875], "texture": "#1"},
				"west": {"uv": [2.09375, 7.1875, 2.125, 7], "texture": "#1"},
				"up": {"uv": [2.28125, 7, 2.25, 7.1875], "texture": "#1"},
				"down": {"uv": [2.28125, 7.1875, 2.09375, 7.15625], "texture": "#1"}
			}
		},
		{
			"from": [0, 3.125, -4.125],
			"to": [16, 8.6875, -2],
			"rotation": {"angle": 0, "axis": "y", "origin": [7, 3, 8]},
			"faces": {
				"north": {"uv": [6.125, 3.75, 8.125, 4.4375], "texture": "#1"},
				"east": {"uv": [0.75, 9.875, 1.03125, 10.5625], "texture": "#1"},
				"south": {"uv": [6.125, 4.5, 8.125, 5.1875], "texture": "#1"},
				"west": {"uv": [1.125, 9.875, 1.40625, 10.5625], "texture": "#1"},
				"up": {"uv": [4, 8.65625, 2, 8.375], "texture": "#1"},
				"down": {"uv": [2, 8.5, 0, 8.78125], "texture": "#1"}
			}
		},
		{
			"from": [0, 3.25, -5.3125],
			"to": [16, 8.25, -4.125],
			"rotation": {"angle": 0, "axis": "y", "origin": [7, 3, 5.875]},
			"faces": {
				"north": {"uv": [0, 6.625, 2, 7.25], "texture": "#1"},
				"east": {"uv": [9.875, 4.5, 10.03125, 5.125], "texture": "#1"},
				"south": {"uv": [5.875, 6.75, 7.875, 7.375], "texture": "#1"},
				"west": {"uv": [2.5, 10, 2.65625, 10.625], "texture": "#1"},
				"up": {"uv": [11.375, 1.40625, 9.375, 1.25], "texture": "#1"},
				"down": {"uv": [11.375, 1.5, 9.375, 1.65625], "texture": "#1"}
			}
		},
		{
			"from": [1, 6.25, -5.9375],
			"to": [3.25, 6.8125, -3.625],
			"rotation": {"angle": 0, "axis": "x", "origin": [7, 0.8125, 5.125]},
			"faces": {
				"north": {"uv": [10.375, 7.75, 10.65625, 7.8125], "texture": "#1"},
				"east": {"uv": [10.375, 7.875, 10.65625, 7.9375], "texture": "#1"},
				"south": {"uv": [9, 10.375, 9.28125, 10.4375], "texture": "#1"},
				"west": {"uv": [9.375, 10.375, 9.65625, 10.4375], "texture": "#1"},
				"up": {"uv": [10.28125, 0.90625, 10, 0.625], "texture": "#1"},
				"down": {"uv": [10.28125, 2.25, 10, 2.53125], "texture": "#1"}
			}
		},
		{
			"from": [12.75, 6.25, -5.9375],
			"to": [15, 6.8125, -3.625],
			"rotation": {"angle": 0, "axis": "x", "origin": [18, 0.8125, 5.125]},
			"faces": {
				"north": {"uv": [9.75, 10.375, 10.03125, 10.4375], "texture": "#1"},
				"east": {"uv": [10.125, 10.375, 10.40625, 10.4375], "texture": "#1"},
				"south": {"uv": [0, 10.5, 0.28125, 10.5625], "texture": "#1"},
				"west": {"uv": [0.375, 10.5, 0.65625, 10.5625], "texture": "#1"},
				"up": {"uv": [3.03125, 10.28125, 2.75, 10], "texture": "#1"},
				"down": {"uv": [3.40625, 10, 3.125, 10.28125], "texture": "#1"}
			}
		},
		{
			"from": [12.75, 5.125, -5.9375],
			"to": [15, 6.0625, -3.625],
			"rotation": {"angle": 0, "axis": "x", "origin": [18, 0.0625, 5.125]},
			"faces": {
				"north": {"uv": [4.625, 10.375, 4.90625, 10.5], "texture": "#1"},
				"east": {"uv": [5, 10.375, 5.28125, 10.5], "texture": "#1"},
				"south": {"uv": [10.375, 5.125, 10.65625, 5.25], "texture": "#1"},
				"west": {"uv": [10.375, 5.25, 10.65625, 5.375], "texture": "#1"},
				"up": {"uv": [5.28125, 10.28125, 5, 10], "texture": "#1"},
				"down": {"uv": [10.28125, 5.125, 10, 5.40625], "texture": "#1"}
			}
		},
		{
			"from": [1, 5.125, -5.9375],
			"to": [3.25, 6.0625, -3.625],
			"rotation": {"angle": 0, "axis": "x", "origin": [7, 0.0625, 5.125]},
			"faces": {
				"north": {"uv": [10.375, 4, 10.65625, 4.125], "texture": "#1"},
				"east": {"uv": [10.375, 4.125, 10.65625, 4.25], "texture": "#1"},
				"south": {"uv": [4.25, 10.375, 4.53125, 10.5], "texture": "#1"},
				"west": {"uv": [10.375, 4.25, 10.65625, 4.375], "texture": "#1"},
				"up": {"uv": [4.53125, 10.28125, 4.25, 10], "texture": "#1"},
				"down": {"uv": [4.90625, 10, 4.625, 10.28125], "texture": "#1"}
			}
		},
		{
			"from": [1, 8, -4.8125],
			"to": [3.25, 10.25, -4.4375],
			"rotation": {"angle": 0, "axis": "x", "origin": [7, 4.25, 6.25]},
			"faces": {
				"north": {"uv": [3.875, 10, 4.15625, 10.28125], "texture": "#1"},
				"east": {"uv": [5.25, 10.5, 5.3125, 10.78125], "texture": "#1"},
				"south": {"uv": [10, 4, 10.28125, 4.28125], "texture": "#1"},
				"west": {"uv": [10.5, 5.375, 10.5625, 5.65625], "texture": "#1"},
				"up": {"uv": [5.78125, 10.5625, 5.5, 10.5], "texture": "#1"},
				"down": {"uv": [10.78125, 5.75, 10.5, 5.8125], "texture": "#1"}
			}
		},
		{
			"from": [12.75, 8, -4.8125],
			"to": [15, 10.25, -4.4375],
			"rotation": {"angle": 0, "axis": "x", "origin": [18, 4.25, 6.25]},
			"faces": {
				"north": {"uv": [3.5, 10, 3.78125, 10.28125], "texture": "#1"},
				"east": {"uv": [4.25, 10.5, 4.3125, 10.78125], "texture": "#1"},
				"south": {"uv": [10, 3.625, 10.28125, 3.90625], "texture": "#1"},
				"west": {"uv": [4.375, 10.5, 4.4375, 10.78125], "texture": "#1"},
				"up": {"uv": [4.78125, 10.5625, 4.5, 10.5], "texture": "#1"},
				"down": {"uv": [5.15625, 10.5, 4.875, 10.5625], "texture": "#1"}
			}
		},
		{
			"from": [1, 8, -4.4375],
			"to": [3.25, 10.0625, -4.0625],
			"rotation": {"angle": 0, "axis": "x", "origin": [7, 4.25, 6.625]},
			"faces": {
				"north": {"uv": [5.75, 10, 6.03125, 10.25], "texture": "#1"},
				"east": {"uv": [2.625, 10.625, 2.6875, 10.875], "texture": "#1"},
				"south": {"uv": [10, 5.75, 10.28125, 6], "texture": "#1"},
				"west": {"uv": [2.75, 10.625, 2.8125, 10.875], "texture": "#1"},
				"up": {"uv": [6.53125, 10.5625, 6.25, 10.5], "texture": "#1"},
				"down": {"uv": [7.53125, 10.5, 7.25, 10.5625], "texture": "#1"}
			}
		},
		{
			"from": [12.75, 8, -4.4375],
			"to": [15, 10.0625, -4.0625],
			"rotation": {"angle": 0, "axis": "x", "origin": [18, 4.25, 6.625]},
			"faces": {
				"north": {"uv": [5.375, 10, 5.65625, 10.25], "texture": "#1"},
				"east": {"uv": [3.875, 8.75, 3.9375, 9], "texture": "#1"},
				"south": {"uv": [10, 5.5, 10.28125, 5.75], "texture": "#1"},
				"west": {"uv": [6.625, 10.5, 6.6875, 10.75], "texture": "#1"},
				"up": {"uv": [6.15625, 10.5625, 5.875, 10.5], "texture": "#1"},
				"down": {"uv": [10.78125, 5.875, 10.5, 5.9375], "texture": "#1"}
			}
		},
		{
			"from": [1, 8, -4.0625],
			"to": [3.25, 9.875, -3.6875],
			"rotation": {"angle": 0, "axis": "x", "origin": [7, 4.25, 7]},
			"faces": {
				"north": {"uv": [6.875, 10, 7.15625, 10.25], "texture": "#1"},
				"east": {"uv": [10.625, 3.625, 10.6875, 3.875], "texture": "#1"},
				"south": {"uv": [7.25, 10, 7.53125, 10.25], "texture": "#1"},
				"west": {"uv": [4, 10.625, 4.0625, 10.875], "texture": "#1"},
				"up": {"uv": [8.65625, 10.5625, 8.375, 10.5], "texture": "#1"},
				"down": {"uv": [9.03125, 10.5, 8.75, 10.5625], "texture": "#1"}
			}
		},
		{
			"from": [12.75, 8, -4.0625],
			"to": [15, 9.875, -3.6875],
			"rotation": {"angle": 0, "axis": "x", "origin": [18, 4.25, 7]},
			"faces": {
				"north": {"uv": [6.125, 10, 6.40625, 10.25], "texture": "#1"},
				"east": {"uv": [2.875, 10.625, 2.9375, 10.875], "texture": "#1"},
				"south": {"uv": [6.5, 10, 6.78125, 10.25], "texture": "#1"},
				"west": {"uv": [3, 10.625, 3.0625, 10.875], "texture": "#1"},
				"up": {"uv": [7.90625, 10.5625, 7.625, 10.5], "texture": "#1"},
				"down": {"uv": [8.28125, 10.5, 8, 10.5625], "texture": "#1"}
			}
		},
		{
			"from": [1, 8, -3.6875],
			"to": [3.25, 9.625, -3.3125],
			"rotation": {"angle": 0, "axis": "x", "origin": [7, 4.25, 7.375]},
			"faces": {
				"north": {"uv": [8.25, 10, 8.53125, 10.21875], "texture": "#1"},
				"east": {"uv": [4.625, 10.625, 4.6875, 10.84375], "texture": "#1"},
				"south": {"uv": [8.625, 10, 8.90625, 10.21875], "texture": "#1"},
				"west": {"uv": [4.75, 10.625, 4.8125, 10.84375], "texture": "#1"},
				"up": {"uv": [10.15625, 10.5625, 9.875, 10.5], "texture": "#1"},
				"down": {"uv": [10.53125, 10.5, 10.25, 10.5625], "texture": "#1"}
			}
		},
		{
			"from": [12.75, 8, -3.6875],
			"to": [15, 9.625, -3.3125],
			"rotation": {"angle": 0, "axis": "x", "origin": [18, 4.25, 7.375]},
			"faces": {
				"north": {"uv": [10, 7.75, 10.28125, 7.96875], "texture": "#1"},
				"east": {"uv": [4.125, 10.625, 4.1875, 10.84375], "texture": "#1"},
				"south": {"uv": [7.875, 10, 8.15625, 10.21875], "texture": "#1"},
				"west": {"uv": [4.5, 10.625, 4.5625, 10.84375], "texture": "#1"},
				"up": {"uv": [9.40625, 10.5625, 9.125, 10.5], "texture": "#1"},
				"down": {"uv": [9.78125, 10.5, 9.5, 10.5625], "texture": "#1"}
			}
		},
		{
			"from": [1, 8, -3.3125],
			"to": [3.25, 9.375, -2.9375],
			"rotation": {"angle": 0, "axis": "x", "origin": [7, 4.25, 7.75]},
			"faces": {
				"north": {"uv": [7.25, 10.25, 7.53125, 10.4375], "texture": "#1"},
				"east": {"uv": [5.75, 10.625, 5.8125, 10.8125], "texture": "#1"},
				"south": {"uv": [7.875, 10.25, 8.15625, 10.4375], "texture": "#1"},
				"west": {"uv": [5.875, 10.625, 5.9375, 10.8125], "texture": "#1"},
				"up": {"uv": [0.65625, 10.6875, 0.375, 10.625], "texture": "#1"},
				"down": {"uv": [1.03125, 10.625, 0.75, 10.6875], "texture": "#1"}
			}
		},
		{
			"from": [12.75, 8, -3.3125],
			"to": [15, 9.375, -2.9375],
			"rotation": {"angle": 0, "axis": "x", "origin": [18, 4.25, 7.75]},
			"faces": {
				"north": {"uv": [0, 10.25, 0.28125, 10.4375], "texture": "#1"},
				"east": {"uv": [5.5, 10.625, 5.5625, 10.8125], "texture": "#1"},
				"south": {"uv": [0.375, 10.25, 0.65625, 10.4375], "texture": "#1"},
				"west": {"uv": [5.625, 10.625, 5.6875, 10.8125], "texture": "#1"},
				"up": {"uv": [10.78125, 10.4375, 10.5, 10.375], "texture": "#1"},
				"down": {"uv": [0.28125, 10.625, 0, 10.6875], "texture": "#1"}
			}
		},
		{
			"from": [1, 7.75, -2.9375],
			"to": [3.25, 9.125, -2.5625],
			"rotation": {"angle": 0, "axis": "x", "origin": [7, 4, 8.125]},
			"faces": {
				"north": {"uv": [10.375, 2.375, 10.65625, 2.5625], "texture": "#1"},
				"east": {"uv": [6.25, 10.625, 6.3125, 10.8125], "texture": "#1"},
				"south": {"uv": [2.75, 10.375, 3.03125, 10.5625], "texture": "#1"},
				"west": {"uv": [6.375, 10.625, 6.4375, 10.8125], "texture": "#1"},
				"up": {"uv": [2.15625, 10.6875, 1.875, 10.625], "texture": "#1"},
				"down": {"uv": [2.53125, 10.625, 2.25, 10.6875], "texture": "#1"}
			}
		},
		{
			"from": [12.75, 7.75, -2.9375],
			"to": [15, 9.125, -2.5625],
			"rotation": {"angle": 0, "axis": "x", "origin": [18, 4, 8.125]},
			"faces": {
				"north": {"uv": [8.25, 10.25, 8.53125, 10.4375], "texture": "#1"},
				"east": {"uv": [6, 10.625, 6.0625, 10.8125], "texture": "#1"},
				"south": {"uv": [8.625, 10.25, 8.90625, 10.4375], "texture": "#1"},
				"west": {"uv": [6.125, 10.625, 6.1875, 10.8125], "texture": "#1"},
				"up": {"uv": [1.40625, 10.6875, 1.125, 10.625], "texture": "#1"},
				"down": {"uv": [1.78125, 10.625, 1.5, 10.6875], "texture": "#1"}
			}
		},
		{
			"from": [0, 3.4375, -5.875],
			"to": [16, 7.75, -5.3125],
			"rotation": {"angle": 0, "axis": "y", "origin": [7, 3, 4.6875]},
			"faces": {
				"north": {"uv": [5.875, 7.375, 7.875, 7.90625], "texture": "#1"},
				"east": {"uv": [5.375, 10.375, 5.4375, 10.90625], "texture": "#1"},
				"south": {"uv": [2, 7.75, 4, 8.28125], "texture": "#1"},
				"west": {"uv": [10.375, 5.375, 10.4375, 5.90625], "texture": "#1"},
				"up": {"uv": [11.875, 0.5625, 9.875, 0.5], "texture": "#1"},
				"down": {"uv": [11.875, 2.75, 9.875, 2.8125], "texture": "#1"}
			}
		}
	],
	"display": {
		"thirdperson_righthand": {
			"translation": [0, 1, 0],
			"scale": [0.1825, 0.2257, 0.17297]
		},
		"thirdperson_lefthand": {
			"translation": [0, 1, 0],
			"scale": [0.1825, 0.2257, 0.17297]
		},
		"firstperson_righthand": {
			"rotation": [-180, 58.75, -180],
			"translation": [-3.25, 6.5, 4.25],
			"scale": [0.1882, 0.22, 0.23]
		},
		"firstperson_lefthand": {
			"rotation": [-180, 58.75, -180],
			"translation": [-3.25, 6.5, 4.25],
			"scale": [0.1882, 0.22, 0.23]
		},
		"ground": {
			"scale": [0.49, 0.47, 0.5]
		},
		"gui": {
			"rotation": [35, -35, 6.91],
			"translation": [0.5, 0.75, 0],
			"scale": [0.4968, 0.52758, 0.53469]
		},
		"head": {
			"rotation": [37.5, 0, 0],
			"translation": [0, 4.5, -15.75],
			"scale": [3.2, 3.2, 3.2]
		},
		"fixed": {
			"rotation": [-90, 0, 0],
			"translation": [0, -2.25, -4],
			"scale": [0.61719, 0.6543, 0.58789]
		}
	}
}