{
	"format_version": "1.21.6",
	"credit": "Made with Blockbench",
	"texture_size": [128, 128],
	"textures": {
		"2": "item/bullipickup",
		"particle": "item/bulli"
	},
	"elements": [
		{
			"from": [-5, 16, 3],
			"to": [21, 23, 12.25],
			"rotation": {"angle": 0, "axis": "y", "origin": [7, 30, 7]},
			"faces": {
				"north": {"uv": [6.625, 2.375, 9.875, 3.25], "texture": "#2"},
				"east": {"uv": [6.875, 10.375, 8.03125, 11.25], "texture": "#2"},
				"south": {"uv": [3.25, 8.25, 6.5, 9.125], "texture": "#2"},
				"west": {"uv": [8.125, 10.375, 9.28125, 11.25], "texture": "#2"},
				"up": {"uv": [3.25, 5.90625, 0, 4.75], "texture": "#2"},
				"down": {"uv": [9.75, 3.25, 6.5, 4.40625], "texture": "#2"}
			}
		},
		{
			"from": [-5, 16, 12.3125],
			"to": [21, 17.5, 31.3125],
			"rotation": {"angle": 0, "axis": "y", "origin": [7, 30, 16.3125]},
			"faces": {
				"north": {"uv": [11.25, 7.125, 14.5, 7.3125], "texture": "#2"},
				"east": {"uv": [6.875, 11.25, 9.25, 11.4375], "texture": "#2"},
				"south": {"uv": [11.25, 7.375, 14.5, 7.5625], "texture": "#2"},
				"west": {"uv": [11.25, 7.625, 13.625, 7.8125], "texture": "#2"},
				"up": {"uv": [3.25, 2.375, 0, 0], "texture": "#2"},
				"down": {"uv": [3.25, 2.375, 0, 4.75], "texture": "#2"}
			}
		},
		{
			"from": [18.8125, 17.5, 12.3125],
			"to": [21, 23, 31.3125],
			"rotation": {"angle": 0, "axis": "y", "origin": [7, 30, 16.3125]},
			"faces": {
				"north": {"uv": [2.375, 11.875, 2.64844, 12.5625], "texture": "#2"},
				"east": {"uv": [0, 9.875, 2.375, 10.5625], "texture": "#2"},
				"south": {"uv": [2.75, 11.875, 3.02344, 12.5625], "texture": "#2"},
				"west": {"uv": [9.875, 0, 12.25, 0.6875], "texture": "#2"},
				"up": {"uv": [10.52344, 13.375, 10.25, 11], "texture": "#2"},
				"down": {"uv": [1.14844, 11.25, 0.875, 13.625], "texture": "#2"}
			}
		},
		{
			"from": [-5, 17.5, 12.3125],
			"to": [-2.75, 23, 31.3125],
			"rotation": {"angle": 0, "axis": "y", "origin": [-17.375, 30, 16.3125]},
			"faces": {
				"north": {"uv": [11.625, 11.375, 11.90625, 12.0625], "texture": "#2"},
				"east": {"uv": [9.875, 0.75, 12.25, 1.4375], "texture": "#2"},
				"south": {"uv": [2, 11.875, 2.28125, 12.5625], "texture": "#2"},
				"west": {"uv": [9.875, 1.5, 12.25, 2.1875], "texture": "#2"},
				"up": {"uv": [5.40625, 13.125, 5.125, 10.75], "texture": "#2"},
				"down": {"uv": [5.78125, 10.75, 5.5, 13.125], "texture": "#2"}
			}
		},
		{
			"from": [-5, 16, 31.3125],
			"to": [21, 23, 32],
			"rotation": {"angle": 0, "axis": "y", "origin": [7, 30, 7]},
			"faces": {
				"north": {"uv": [0, 8.375, 3.25, 9.25], "texture": "#2"},
				"east": {"uv": [9.25, 11.25, 9.33594, 12.125], "texture": "#2"},
				"south": {"uv": [6.5, 9, 9.75, 9.875], "texture": "#2"},
				"west": {"uv": [9.375, 11.875, 9.46094, 12.75], "texture": "#2"},
				"up": {"uv": [14.5, 7.96094, 11.25, 7.875], "texture": "#2"},
				"down": {"uv": [14.5, 11.25, 11.25, 11.33594], "texture": "#2"}
			}
		},
		{
			"from": [-5, 23, 3.125],
			"to": [21, 32, 12.1875],
			"rotation": {"angle": 0, "axis": "y", "origin": [7, 30, 7]},
			"faces": {
				"north": {"uv": [6.75, 6.875, 10, 8], "texture": "#2"},
				"east": {"uv": [10, 5.75, 11.13281, 6.875], "texture": "#2"},
				"south": {"uv": [0, 7.25, 3.25, 8.375], "texture": "#2"},
				"west": {"uv": [10, 6.875, 11.13281, 8], "texture": "#2"},
				"up": {"uv": [9.75, 5.63281, 6.5, 4.5], "texture": "#2"},
				"down": {"uv": [9.875, 0, 6.625, 1.13281], "texture": "#2"}
			}
		},
		{
			"from": [-5, 16, -4],
			"to": [21, 25, 4],
			"rotation": {"angle": 0, "axis": "y", "origin": [7, 30, 0]},
			"faces": {
				"north": {"uv": [6.625, 1.25, 9.875, 2.375], "texture": "#2"},
				"east": {"uv": [2.375, 9.875, 3.375, 11], "texture": "#2"},
				"south": {"uv": [6.75, 5.75, 10, 6.875], "texture": "#2"},
				"west": {"uv": [5.875, 10.375, 6.875, 11.5], "texture": "#2"},
				"up": {"uv": [6.5, 8.25, 3.25, 7.25], "texture": "#2"},
				"down": {"uv": [9.75, 8, 6.5, 9], "texture": "#2"}
			}
		},
		{
			"from": [-5.4375, 14, -2],
			"to": [-3, 21, 5],
			"rotation": {"angle": 0, "axis": "y", "origin": [7, 28, 2]},
			"faces": {
				"north": {"uv": [11.25, 11.375, 11.55469, 12.25], "texture": "#2"},
				"east": {"uv": [1.375, 10.625, 2.25, 11.5], "texture": "#2"},
				"south": {"uv": [1.25, 11.5, 1.55469, 12.375], "texture": "#2"},
				"west": {"uv": [3.375, 10.75, 4.25, 11.625], "texture": "#2"},
				"up": {"uv": [1.92969, 12.375, 1.625, 11.5], "texture": "#2"},
				"down": {"uv": [6.17969, 11.5, 5.875, 12.375], "texture": "#2"}
			}
		},
		{
			"from": [-5.4375, 14, 21],
			"to": [-3, 21, 28],
			"rotation": {"angle": 0, "axis": "y", "origin": [7, 28, 25]},
			"faces": {
				"north": {"uv": [6.25, 11.5, 6.55469, 12.375], "texture": "#2"},
				"east": {"uv": [4.25, 10.75, 5.125, 11.625], "texture": "#2"},
				"south": {"uv": [6.625, 11.5, 6.92969, 12.375], "texture": "#2"},
				"west": {"uv": [10.75, 10.375, 11.625, 11.25], "texture": "#2"},
				"up": {"uv": [7.30469, 12.375, 7, 11.5], "texture": "#2"},
				"down": {"uv": [7.67969, 11.5, 7.375, 12.375], "texture": "#2"}
			}
		},
		{
			"from": [19, 14, 21],
			"to": [21.4375, 21, 28],
			"rotation": {"angle": 0, "axis": "y", "origin": [31.4375, 28, 25]},
			"faces": {
				"north": {"uv": [7.75, 11.5, 8.05469, 12.375], "texture": "#2"},
				"east": {"uv": [2.25, 11, 3.125, 11.875], "texture": "#2"},
				"south": {"uv": [8.125, 11.5, 8.42969, 12.375], "texture": "#2"},
				"west": {"uv": [9.375, 11, 10.25, 11.875], "texture": "#2"},
				"up": {"uv": [8.80469, 12.375, 8.5, 11.5], "texture": "#2"},
				"down": {"uv": [9.17969, 11.5, 8.875, 12.375], "texture": "#2"}
			}
		},
		{
			"from": [19, 14, -2],
			"to": [21.4375, 21, 5],
			"rotation": {"angle": 0, "axis": "y", "origin": [31.4375, 28, 2]},
			"faces": {
				"north": {"uv": [3.125, 11.625, 3.42969, 12.5], "texture": "#2"},
				"east": {"uv": [0, 11.25, 0.875, 12.125], "texture": "#2"},
				"south": {"uv": [3.5, 11.625, 3.80469, 12.5], "texture": "#2"},
				"west": {"uv": [11.25, 5.75, 12.125, 6.625], "texture": "#2"},
				"up": {"uv": [4.17969, 12.5, 3.875, 11.625], "texture": "#2"},
				"down": {"uv": [4.55469, 11.625, 4.25, 12.5], "texture": "#2"}
			}
		},
		{
			"from": [-5, 18.5, -8],
			"to": [21, 23, -6.375],
			"rotation": {"angle": 0, "axis": "y", "origin": [7, 30, -6]},
			"faces": {
				"north": {"uv": [9.75, 8.625, 13, 9.1875], "texture": "#2"},
				"east": {"uv": [6.5, 7.25, 6.70313, 7.8125], "texture": "#2"},
				"south": {"uv": [9.75, 9.25, 13, 9.8125], "texture": "#2"},
				"west": {"uv": [3.125, 11, 3.32813, 11.5625], "texture": "#2"},
				"up": {"uv": [14.5, 6.82813, 11.25, 6.625], "texture": "#2"},
				"down": {"uv": [14.5, 6.875, 11.25, 7.07813], "texture": "#2"}
			}
		},
		{
			"from": [-5, 16, -6.5],
			"to": [21, 21, 4],
			"rotation": {"angle": 0, "axis": "y", "origin": [7, 30, 0]},
			"faces": {
				"north": {"uv": [9.75, 3.875, 13, 4.5], "texture": "#2"},
				"east": {"uv": [9.375, 10.375, 10.6875, 11], "texture": "#2"},
				"south": {"uv": [9.75, 4.5, 13, 5.125], "texture": "#2"},
				"west": {"uv": [0, 10.625, 1.3125, 11.25], "texture": "#2"},
				"up": {"uv": [6.5, 4.5625, 3.25, 3.25], "texture": "#2"},
				"down": {"uv": [6.5, 4.625, 3.25, 5.9375], "texture": "#2"}
			}
		},
		{
			"from": [-5.125, 2, 1.75],
			"to": [21.0625, 15, 11.75],
			"rotation": {"angle": -45, "axis": "x", "origin": [7, 13, -13.25]},
			"faces": {
				"north": {"uv": [3.25, 0, 6.52344, 1.625], "texture": "#2"},
				"east": {"uv": [3.375, 9.125, 4.625, 10.75], "texture": "#2"},
				"south": {"uv": [3.25, 1.625, 6.52344, 3.25], "texture": "#2"},
				"west": {"uv": [4.625, 9.125, 5.875, 10.75], "texture": "#2"},
				"up": {"uv": [3.27344, 7.25, 0, 6], "texture": "#2"},
				"down": {"uv": [6.64844, 6, 3.375, 7.25], "texture": "#2"}
			}
		},
		{
			"from": [-5, 14, -7.25],
			"to": [21, 18, -3.25],
			"rotation": {"angle": -22.5, "axis": "x", "origin": [7, 19, -21.25]},
			"faces": {
				"north": {"uv": [9.875, 2.25, 13.125, 2.75], "texture": "#2"},
				"east": {"uv": [4.625, 11.625, 5.125, 12.125], "texture": "#2"},
				"south": {"uv": [9.875, 2.75, 13.125, 3.25], "texture": "#2"},
				"west": {"uv": [11.625, 10.375, 12.125, 10.875], "texture": "#2"},
				"up": {"uv": [9.125, 10.375, 5.875, 9.875], "texture": "#2"},
				"down": {"uv": [12.375, 9.875, 9.125, 10.375], "texture": "#2"}
			}
		},
		{
			"from": [-5.1875, 10.1875, -8.0625],
			"to": [21.125, 15.1875, -3.25],
			"rotation": {"angle": -22.5, "axis": "x", "origin": [7, 15.1875, -21.25]},
			"faces": {
				"north": {"uv": [0, 9.25, 3.28906, 9.875], "texture": "#2"},
				"east": {"uv": [5.875, 9.125, 6.47656, 9.75], "texture": "#2"},
				"south": {"uv": [9.75, 3.25, 13.03906, 3.875], "texture": "#2"},
				"west": {"uv": [10.625, 11.25, 11.22656, 11.875], "texture": "#2"},
				"up": {"uv": [13.03906, 5.72656, 9.75, 5.125], "texture": "#2"},
				"down": {"uv": [13.03906, 8, 9.75, 8.60156], "texture": "#2"}
			}
		}
	],
	"display": {
		"thirdperson_righthand": {
			"scale": [0.12, 0.1, 0.12]
		},
		"thirdperson_lefthand": {
			"scale": [0.12, 0.1, 0.12]
		},
		"firstperson_righthand": {
			"translation": [0, 3.75, 0],
			"scale": [0.12, 0.1, 0.12]
		},
		"firstperson_lefthand": {
			"translation": [0, 3.75, 0],
			"scale": [0.12, 0.1, 0.12]
		},
		"ground": {
			"translation": [0, 3.75, 0],
			"scale": [0.12, 0.1, 0.12]
		},
		"gui": {
			"rotation": [35, -35, 0],
			"translation": [0, -2.5, 0],
			"scale": [0.27, 0.34, 0.3]
		},
		"head": {
			"translation": [0, -64, -8.25],
			"scale": [2.34766, 3.26953, 4]
		},
		"fixed": {
			"rotation": [-90, 0, 0],
			"translation": [0, -2, 2.25],
			"scale": [0.3425, 0.37891, 0.49414]
		}
	}
}