{
	"texture_size": [32, 32],
	"textures": {
		"0": "item/flamigo",
		"particle": "item/flamigo"
	},
	"elements": [
		{
			"from": [7.875, 0, 7.6875],
			"to": [8.375, 13, 8.1875],
			"rotation": {"angle": 0, "axis": "y", "origin": [6.875, 0, 7.6875]},
			"faces": {
				"north": {"uv": [6, 6, 6.25, 12.5], "texture": "#0"},
				"east": {"uv": [6.5, 4, 6.75, 10.5], "texture": "#0"},
				"south": {"uv": [0, 7, 0.25, 13.5], "texture": "#0"},
				"west": {"uv": [7, 0, 7.25, 6.5], "texture": "#0"},
				"up": {"uv": [4.75, 9.25, 4.5, 9], "texture": "#0"},
				"down": {"uv": [5.75, 9, 5.5, 9.25], "texture": "#0"}
			}
		},
		{
			"from": [5.875, 13, 6.1875],
			"to": [10.375, 17.25, 10.1875],
			"rotation": {"angle": 0, "axis": "y", "origin": [6.875, 0, 7.6875]},
			"faces": {
				"north": {"uv": [0, 0, 2.25, 2.25], "texture": "#0"},
				"east": {"uv": [2.5, 0, 4.5, 2.25], "texture": "#0"},
				"south": {"uv": [0, 2.5, 2.25, 4.75], "texture": "#0"},
				"west": {"uv": [2.5, 2.5, 4.5, 4.75], "texture": "#0"},
				"up": {"uv": [6.75, 2, 4.5, 0], "texture": "#0"},
				"down": {"uv": [6.75, 2, 4.5, 4], "texture": "#0"}
			}
		},
		{
			"from": [6.125, 13.25, 5.1875],
			"to": [10.125, 17, 6.1875],
			"rotation": {"angle": 0, "axis": "y", "origin": [6.875, 0, 7.6875]},
			"faces": {
				"north": {"uv": [4.5, 4, 6.5, 6], "texture": "#0"},
				"east": {"uv": [2.5, 7, 3, 9], "texture": "#0"},
				"south": {"uv": [0, 5, 2, 7], "texture": "#0"},
				"west": {"uv": [3, 7, 3.5, 9], "texture": "#0"},
				"up": {"uv": [9, 7.5, 7, 7], "texture": "#0"},
				"down": {"uv": [9.5, 0, 7.5, 0.5], "texture": "#0"}
			}
		},
		{
			"from": [7.875, 16.25, 4.9375],
			"to": [8.375, 20, 5.6875],
			"rotation": {"angle": 0, "axis": "y", "origin": [6.875, 3, 7.6875]},
			"faces": {
				"north": {"uv": [8, 3.5, 8.25, 5.5], "texture": "#0"},
				"east": {"uv": [3.5, 7, 4, 9], "texture": "#0"},
				"south": {"uv": [4, 8, 4.25, 10], "texture": "#0"},
				"west": {"uv": [0.5, 7.5, 1, 9.5], "texture": "#0"},
				"up": {"uv": [9.25, 2.5, 9, 2], "texture": "#0"},
				"down": {"uv": [2.75, 9, 2.5, 9.5], "texture": "#0"}
			}
		},
		{
			"from": [7.875, 20, 4.6875],
			"to": [8.375, 22.25, 5.4375],
			"rotation": {"angle": 0, "axis": "y", "origin": [6.875, 6.75, 7.4375]},
			"faces": {
				"north": {"uv": [8, 7.5, 8.25, 8.75], "texture": "#0"},
				"east": {"uv": [7.5, 3.5, 8, 4.75], "texture": "#0"},
				"south": {"uv": [1.5, 8.5, 1.75, 9.75], "texture": "#0"},
				"west": {"uv": [7.5, 5, 8, 6.25], "texture": "#0"},
				"up": {"uv": [9.25, 3, 9, 2.5], "texture": "#0"},
				"down": {"uv": [3.25, 9, 3, 9.5], "texture": "#0"}
			}
		},
		{
			"from": [7.625, 22.25, 3.6875],
			"to": [8.625, 23.25, 5.1875],
			"rotation": {"angle": 0, "axis": "y", "origin": [6.875, 6.75, 7.4375]},
			"faces": {
				"north": {"uv": [8.5, 1, 9, 1.5], "texture": "#0"},
				"east": {"uv": [8, 2, 8.75, 2.5], "texture": "#0"},
				"south": {"uv": [8.5, 1.5, 9, 2], "texture": "#0"},
				"west": {"uv": [4.5, 8, 5.25, 8.5], "texture": "#0"},
				"up": {"uv": [6, 8.75, 5.5, 8], "texture": "#0"},
				"down": {"uv": [8.5, 5.5, 8, 6.25], "texture": "#0"}
			}
		},
		{
			"from": [7.6875, 23.25, 3.1875],
			"to": [8.5625, 23.75, 4.6875],
			"rotation": {"angle": 0, "axis": "y", "origin": [6.875, 7.75, 7.4375]},
			"faces": {
				"north": {"uv": [9, 3, 9.5, 3.25], "texture": "#0"},
				"east": {"uv": [8.5, 4.5, 9.25, 4.75], "texture": "#0"},
				"south": {"uv": [3.5, 9, 4, 9.25], "texture": "#0"},
				"west": {"uv": [8.5, 5, 9.25, 5.25], "texture": "#0"},
				"up": {"uv": [7.5, 8.75, 7, 8], "texture": "#0"},
				"down": {"uv": [8, 8, 7.5, 8.75], "texture": "#0"}
			}
		},
		{
			"from": [7.625, 22.25, 2.9375],
			"to": [8.625, 23.25, 3.6875],
			"rotation": {"angle": 0, "axis": "y", "origin": [6.875, 6.75, 5.6875]},
			"faces": {
				"north": {"uv": [2, 8.5, 2.5, 9], "texture": "#0"},
				"east": {"uv": [8.5, 2.5, 9, 3], "texture": "#0"},
				"south": {"uv": [8.5, 3, 9, 3.5], "texture": "#0"},
				"west": {"uv": [8.5, 3.5, 9, 4], "texture": "#0"},
				"up": {"uv": [9, 4.5, 8.5, 4], "texture": "#0"},
				"down": {"uv": [5, 8.5, 4.5, 9], "texture": "#0"}
			}
		},
		{
			"from": [7.875, 21.5, 2.4375],
			"to": [8.375, 23, 2.9375],
			"rotation": {"angle": 0, "axis": "y", "origin": [6.875, 6.75, 4.9375]},
			"faces": {
				"north": {"uv": [5, 8.5, 5.25, 9.25], "texture": "#0"},
				"east": {"uv": [8.5, 5.5, 8.75, 6.25], "texture": "#0"},
				"south": {"uv": [8.5, 7.5, 8.75, 8.25], "texture": "#0"},
				"west": {"uv": [8.5, 8.5, 8.75, 9.25], "texture": "#0"},
				"up": {"uv": [9.25, 5.75, 9, 5.5], "texture": "#0"},
				"down": {"uv": [9.25, 6, 9, 6.25], "texture": "#0"}
			}
		},
		{
			"from": [7.9375, 21.75, 2.1875],
			"to": [8.3125, 22.75, 2.4375],
			"rotation": {"angle": 0, "axis": "y", "origin": [6.875, 6.75, 4.9375]},
			"faces": {
				"north": {"uv": [9, 0.5, 9.25, 1], "texture": "#0"},
				"east": {"uv": [9, 1, 9.25, 1.5], "texture": "#0"},
				"south": {"uv": [9, 1.5, 9.25, 2], "texture": "#0"},
				"west": {"uv": [2, 9, 2.25, 9.5], "texture": "#0"},
				"up": {"uv": [9.25, 3.75, 9, 3.5], "texture": "#0"},
				"down": {"uv": [9.25, 4, 9, 4.25], "texture": "#0"}
			}
		},
		{
			"from": [6.125, 13.25, 10.1875],
			"to": [10.125, 16.75, 11.1875],
			"rotation": {"angle": 0, "axis": "y", "origin": [6.875, 0, 7.6875]},
			"faces": {
				"north": {"uv": [2, 5, 4, 6.75], "texture": "#0"},
				"east": {"uv": [7.5, 0.5, 8, 2.25], "texture": "#0"},
				"south": {"uv": [4, 6, 6, 7.75], "texture": "#0"},
				"west": {"uv": [1, 7.5, 1.5, 9.25], "texture": "#0"},
				"up": {"uv": [2.5, 7.5, 0.5, 7], "texture": "#0"},
				"down": {"uv": [9, 6.5, 7, 7], "texture": "#0"}
			}
		},
		{
			"from": [7.125, 14.25, 11.1875],
			"to": [9.125, 15.75, 12.1875],
			"rotation": {"angle": 0, "axis": "y", "origin": [6.875, 0, 7.6875]},
			"faces": {
				"north": {"uv": [1.5, 7.5, 2.5, 8.25], "texture": "#0"},
				"east": {"uv": [4, 5, 4.5, 5.75], "texture": "#0"},
				"south": {"uv": [7.5, 2.5, 8.5, 3.25], "texture": "#0"},
				"west": {"uv": [8, 1, 8.5, 1.75], "texture": "#0"},
				"up": {"uv": [8, 8, 7, 7.5], "texture": "#0"},
				"down": {"uv": [9, 0.5, 8, 1], "texture": "#0"}
			}
		}
	],
	"display": {
		"head": {
			"translation": [0, -11, 0],
			"scale": [3.48047, 3.21484, 2.64453]
		},
		"fixed": {
			"rotation": [-90, 0, 0],
			"translation": [0, 0, -10.25],
			"scale": [2.53, 2.46, 2.47]
		}
	}
}