{
	"credit": "Made with Blockbench",
	"texture_size": [32, 32],
	"textures": {
		"1": "item/knilz"
	},
	"elements": [
		{
			"from": [4, 1, 4],
			"to": [12, 8, 12],
			"rotation": {"angle": 0, "axis": "y", "origin": [7, 1, 7]},
			"faces": {
				"north": {"uv": [4, 0, 8, 3.5], "texture": "#1"},
				"east": {"uv": [4, 3.5, 8, 7], "texture": "#1"},
				"south": {"uv": [4, 7, 8, 10.5], "texture": "#1"},
				"west": {"uv": [0, 8, 4, 11.5], "texture": "#1"},
				"up": {"uv": [4, 4, 0, 0], "texture": "#1"},
				"down": {"uv": [4, 4, 0, 8], "texture": "#1"}
			}
		},
		{
			"from": [5, 0, 7],
			"to": [7, 2, 9],
			"rotation": {"angle": 0, "axis": "y", "origin": [5, 0, 7]},
			"faces": {
				"north": {"uv": [0, 0, 1, 1], "texture": "#1"},
				"east": {"uv": [0, 0, 1, 1], "texture": "#1"},
				"south": {"uv": [0, 0, 1, 1], "texture": "#1"},
				"west": {"uv": [0, 0, 1, 1], "texture": "#1"},
				"up": {"uv": [0, 0, 1, 1], "texture": "#1"},
				"down": {"uv": [0, 0, 1, 1], "texture": "#1"}
			}
		},
		{
			"from": [3.25, 1.25, 7],
			"to": [3.25, 3.25, 9],
			"rotation": {"angle": -22.5, "axis": "z", "origin": [1.25, 1.25, 7]},
			"faces": {
				"north": {"uv": [0, 0, 0, 1], "texture": "#1"},
				"east": {"uv": [0, 0, 1, 1], "texture": "#1"},
				"south": {"uv": [0, 0, 0, 1], "texture": "#1"},
				"west": {"uv": [0, 0, 1, 1], "texture": "#1"},
				"up": {"uv": [0, 0, 0, 1], "texture": "#1"},
				"down": {"uv": [0, 0, 0, 1], "texture": "#1"}
			}
		},
		{
			"from": [8.5, 8.5, 7],
			"to": [8.5, 10.5, 9],
			"rotation": {"angle": -22.5, "axis": "z", "origin": [6.5, 8.5, 7]},
			"faces": {
				"north": {"uv": [0, 0, 0, 1], "texture": "#1"},
				"east": {"uv": [0, 0, 1, 1], "texture": "#1"},
				"south": {"uv": [0, 0, 0, 1], "texture": "#1"},
				"west": {"uv": [0, 0, 1, 1], "texture": "#1"},
				"up": {"uv": [0, 0, 0, 1], "texture": "#1"},
				"down": {"uv": [0, 0, 0, 1], "texture": "#1"}
			}
		},
		{
			"from": [7.75, 7, 7],
			"to": [7.75, 9, 9],
			"rotation": {"angle": 22.5, "axis": "z", "origin": [5.75, 7, 7]},
			"faces": {
				"north": {"uv": [0, 0, 0, 1], "texture": "#1"},
				"east": {"uv": [0, 0, 1, 1], "texture": "#1"},
				"south": {"uv": [0, 0, 0, 1], "texture": "#1"},
				"west": {"uv": [0, 0, 1, 1], "texture": "#1"},
				"up": {"uv": [0, 0, 0, 1], "texture": "#1"},
				"down": {"uv": [0, 0, 0, 1], "texture": "#1"}
			}
		},
		{
			"from": [7.25, 8.5, 8.75],
			"to": [9.25, 10.5, 8.75],
			"rotation": {"angle": 22.5, "axis": "x", "origin": [9.25, 8.5, 6.75]},
			"faces": {
				"north": {"uv": [0, 0, 1, 1], "texture": "#1"},
				"east": {"uv": [0, 0, 0, 1], "texture": "#1"},
				"south": {"uv": [0, 0, 1, 1], "texture": "#1"},
				"west": {"uv": [0, 0, 0, 1], "texture": "#1"},
				"up": {"uv": [0, 0, 0, 1], "rotation": 90, "texture": "#1"},
				"down": {"uv": [0, 0, 0, 1], "rotation": 270, "texture": "#1"}
			}
		},
		{
			"from": [7, 1.25, 3.25],
			"to": [9, 3.25, 3.25],
			"rotation": {"angle": 22.5, "axis": "x", "origin": [9.25, 1.25, 1.25]},
			"faces": {
				"north": {"uv": [0, 0, 1, 1], "texture": "#1"},
				"east": {"uv": [0, 0, 0, 1], "texture": "#1"},
				"south": {"uv": [0, 0, 1, 1], "texture": "#1"},
				"west": {"uv": [0, 0, 0, 1], "texture": "#1"},
				"up": {"uv": [0, 0, 0, 1], "rotation": 90, "texture": "#1"},
				"down": {"uv": [0, 0, 0, 1], "rotation": 270, "texture": "#1"}
			}
		},
		{
			"from": [4, 1.75, 3.25],
			"to": [6, 3.25, 3.25],
			"rotation": {"angle": 22.5, "axis": "x", "origin": [6, 1.25, 1.25]},
			"faces": {
				"north": {"uv": [0, 0, 1, 0.75], "texture": "#1"},
				"east": {"uv": [0, 0, 0, 0.75], "texture": "#1"},
				"south": {"uv": [0, 0, 1, 0.75], "texture": "#1"},
				"west": {"uv": [0, 0, 0, 0.75], "texture": "#1"},
				"up": {"uv": [0, 0, 0, 1], "rotation": 90, "texture": "#1"},
				"down": {"uv": [0, 0, 0, 1], "rotation": 270, "texture": "#1"}
			}
		},
		{
			"from": [6, 2.5, 3.25],
			"to": [7, 3.25, 3.25],
			"rotation": {"angle": 22.5, "axis": "x", "origin": [6, 1.25, 1.25]},
			"faces": {
				"north": {"uv": [0, 0, 0.5, 0.375], "texture": "#1"},
				"east": {"uv": [0, 0, 0, 0.375], "texture": "#1"},
				"south": {"uv": [0, 0, 0.5, 0.375], "texture": "#1"},
				"west": {"uv": [0, 0, 0, 0.375], "texture": "#1"},
				"up": {"uv": [0, 0, 0, 0.5], "rotation": 90, "texture": "#1"},
				"down": {"uv": [0, 0, 0, 0.5], "rotation": 270, "texture": "#1"}
			}
		},
		{
			"from": [9, 2.5, 3.25],
			"to": [10, 3.25, 3.25],
			"rotation": {"angle": 22.5, "axis": "x", "origin": [8.75, 1.25, 1.25]},
			"faces": {
				"north": {"uv": [0, 0, 0.5, 0.375], "texture": "#1"},
				"east": {"uv": [0, 0, 0, 0.375], "texture": "#1"},
				"south": {"uv": [0, 0, 0.5, 0.375], "texture": "#1"},
				"west": {"uv": [0, 0, 0, 0.375], "texture": "#1"},
				"up": {"uv": [0, 0, 0, 0.5], "rotation": 90, "texture": "#1"},
				"down": {"uv": [0, 0, 0, 0.5], "rotation": 270, "texture": "#1"}
			}
		},
		{
			"from": [10, 1.75, 3.25],
			"to": [12, 3.25, 3.25],
			"rotation": {"angle": 22.5, "axis": "x", "origin": [12, 1.25, 1.25]},
			"faces": {
				"north": {"uv": [0, 0, 1, 0.75], "texture": "#1"},
				"east": {"uv": [0, 0, 0, 0.75], "texture": "#1"},
				"south": {"uv": [0, 0, 1, 0.75], "texture": "#1"},
				"west": {"uv": [0, 0, 0, 0.75], "texture": "#1"},
				"up": {"uv": [0, 0, 0, 1], "rotation": 90, "texture": "#1"},
				"down": {"uv": [0, 0, 0, 1], "rotation": 270, "texture": "#1"}
			}
		},
		{
			"from": [10, 0.92807, 12.11104],
			"to": [12, 2.42807, 12.11104],
			"rotation": {"angle": -22.5, "axis": "x", "origin": [8, 2.5, 12.5]},
			"faces": {
				"north": {"uv": [0, 0, 1, 0.75], "texture": "#1"},
				"east": {"uv": [0, 0, 0, 0.75], "texture": "#1"},
				"south": {"uv": [0, 0, 1, 0.75], "texture": "#1"},
				"west": {"uv": [0, 0, 0, 0.75], "texture": "#1"},
				"up": {"uv": [0, 0, 0, 1], "rotation": 90, "texture": "#1"},
				"down": {"uv": [0, 0, 0, 1], "rotation": 270, "texture": "#1"}
			}
		},
		{
			"from": [9, 1.67807, 12.11104],
			"to": [10, 2.42807, 12.11104],
			"rotation": {"angle": -22.5, "axis": "x", "origin": [8, 2.5, 12.5]},
			"faces": {
				"north": {"uv": [0, 0, 0.5, 0.375], "texture": "#1"},
				"east": {"uv": [0, 0, 0, 0.375], "texture": "#1"},
				"south": {"uv": [0, 0, 0.5, 0.375], "texture": "#1"},
				"west": {"uv": [0, 0, 0, 0.375], "texture": "#1"},
				"up": {"uv": [0, 0, 0, 0.5], "rotation": 90, "texture": "#1"},
				"down": {"uv": [0, 0, 0, 0.5], "rotation": 270, "texture": "#1"}
			}
		},
		{
			"from": [4, 0.92807, 12.11104],
			"to": [6, 2.42807, 12.11104],
			"rotation": {"angle": -22.5, "axis": "x", "origin": [8, 2.5, 12.5]},
			"faces": {
				"north": {"uv": [0, 0, 1, 0.75], "texture": "#1"},
				"east": {"uv": [0, 0, 0, 0.75], "texture": "#1"},
				"south": {"uv": [0, 0, 1, 0.75], "texture": "#1"},
				"west": {"uv": [0, 0, 0, 0.75], "texture": "#1"},
				"up": {"uv": [0, 0, 0, 1], "rotation": 90, "texture": "#1"},
				"down": {"uv": [0, 0, 0, 1], "rotation": 270, "texture": "#1"}
			}
		},
		{
			"from": [7, 0.42807, 12.11104],
			"to": [9, 2.42807, 12.11104],
			"rotation": {"angle": -22.5, "axis": "x", "origin": [8, 2.5, 12.5]},
			"faces": {
				"north": {"uv": [0, 0, 1, 1], "texture": "#1"},
				"east": {"uv": [0, 0, 0, 1], "texture": "#1"},
				"south": {"uv": [0, 0, 1, 1], "texture": "#1"},
				"west": {"uv": [0, 0, 0, 1], "texture": "#1"},
				"up": {"uv": [0, 0, 0, 1], "rotation": 90, "texture": "#1"},
				"down": {"uv": [0, 0, 0, 1], "rotation": 270, "texture": "#1"}
			}
		},
		{
			"from": [6, 1.67807, 12.11104],
			"to": [7, 2.42807, 12.11104],
			"rotation": {"angle": -22.5, "axis": "x", "origin": [8, 2.5, 12.5]},
			"faces": {
				"north": {"uv": [0, 0, 0.5, 0.375], "texture": "#1"},
				"east": {"uv": [0, 0, 0, 0.375], "texture": "#1"},
				"south": {"uv": [0, 0, 0.5, 0.375], "texture": "#1"},
				"west": {"uv": [0, 0, 0, 0.375], "texture": "#1"},
				"up": {"uv": [0, 0, 0, 0.5], "rotation": 90, "texture": "#1"},
				"down": {"uv": [0, 0, 0, 0.5], "rotation": 270, "texture": "#1"}
			}
		},
		{
			"from": [7, 7, 7.5],
			"to": [9, 9, 7.5],
			"rotation": {"angle": -22.5, "axis": "x", "origin": [9, 7, 5.5]},
			"faces": {
				"north": {"uv": [0, 0, 1, 1], "texture": "#1"},
				"east": {"uv": [0, 0, 0, 1], "texture": "#1"},
				"south": {"uv": [0, 0, 1, 1], "texture": "#1"},
				"west": {"uv": [0, 0, 0, 1], "texture": "#1"},
				"up": {"uv": [0, 0, 0, 1], "rotation": 90, "texture": "#1"},
				"down": {"uv": [0, 0, 0, 1], "rotation": 270, "texture": "#1"}
			}
		},
		{
			"from": [3.25, 1.75, 4],
			"to": [3.25, 3.25, 6],
			"rotation": {"angle": -22.5, "axis": "z", "origin": [1.25, 1.25, 4]},
			"faces": {
				"north": {"uv": [0, 0, 0, 0.75], "texture": "#1"},
				"east": {"uv": [0, 0, 1, 0.75], "texture": "#1"},
				"south": {"uv": [0, 0, 0, 0.75], "texture": "#1"},
				"west": {"uv": [0, 0, 1, 0.75], "texture": "#1"},
				"up": {"uv": [0, 0, 0, 1], "texture": "#1"},
				"down": {"uv": [0, 0, 0, 1], "texture": "#1"}
			}
		},
		{
			"from": [3.25, 1.75, 10],
			"to": [3.25, 3.25, 12],
			"rotation": {"angle": -22.5, "axis": "z", "origin": [1.25, 1.25, 10]},
			"faces": {
				"north": {"uv": [0, 0, 0, 0.75], "texture": "#1"},
				"east": {"uv": [0, 0, 1, 0.75], "texture": "#1"},
				"south": {"uv": [0, 0, 0, 0.75], "texture": "#1"},
				"west": {"uv": [0, 0, 1, 0.75], "texture": "#1"},
				"up": {"uv": [0, 0, 0, 1], "texture": "#1"},
				"down": {"uv": [0, 0, 0, 1], "texture": "#1"}
			}
		},
		{
			"from": [3.25, 2.5, 9],
			"to": [3.25, 3.25, 10],
			"rotation": {"angle": -22.5, "axis": "z", "origin": [1.25, 1.25, 10]},
			"faces": {
				"north": {"uv": [0, 0, 0, 0.375], "texture": "#1"},
				"east": {"uv": [0, 0, 0.5, 0.375], "texture": "#1"},
				"south": {"uv": [0, 0, 0, 0.375], "texture": "#1"},
				"west": {"uv": [0, 0, 0.5, 0.375], "texture": "#1"},
				"up": {"uv": [0, 0, 0, 0.5], "texture": "#1"},
				"down": {"uv": [0, 0, 0, 0.5], "texture": "#1"}
			}
		},
		{
			"from": [3.25, 2.5, 6],
			"to": [3.25, 3.25, 7],
			"rotation": {"angle": -22.5, "axis": "z", "origin": [1.25, 1.25, 7]},
			"faces": {
				"north": {"uv": [0, 0, 0, 0.375], "texture": "#1"},
				"east": {"uv": [0, 0, 0.5, 0.375], "texture": "#1"},
				"south": {"uv": [0, 0, 0, 0.375], "texture": "#1"},
				"west": {"uv": [0, 0, 0.5, 0.375], "texture": "#1"},
				"up": {"uv": [0, 0, 0, 0.5], "texture": "#1"},
				"down": {"uv": [0, 0, 0, 0.5], "texture": "#1"}
			}
		},
		{
			"from": [11.95672, 0.8846, 4],
			"to": [11.95672, 2.3846, 6],
			"rotation": {"angle": 22.5, "axis": "z", "origin": [12.25, 2.6875, 4]},
			"faces": {
				"north": {"uv": [0, 0, 0, 0.75], "texture": "#1"},
				"east": {"uv": [0, 0, 1, 0.75], "texture": "#1"},
				"south": {"uv": [0, 0, 0, 0.75], "texture": "#1"},
				"west": {"uv": [0, 0, 1, 0.75], "texture": "#1"},
				"up": {"uv": [0, 0, 0, 1], "texture": "#1"},
				"down": {"uv": [0, 0, 0, 1], "texture": "#1"}
			}
		},
		{
			"from": [11.95672, 1.6346, 6],
			"to": [11.95672, 2.3846, 7],
			"rotation": {"angle": 22.5, "axis": "z", "origin": [12.25, 2.6875, 4]},
			"faces": {
				"north": {"uv": [0, 0, 0, 0.375], "texture": "#1"},
				"east": {"uv": [0, 0, 0.5, 0.375], "texture": "#1"},
				"south": {"uv": [0, 0, 0, 0.375], "texture": "#1"},
				"west": {"uv": [0, 0, 0.5, 0.375], "texture": "#1"},
				"up": {"uv": [0, 0, 0, 0.5], "texture": "#1"},
				"down": {"uv": [0, 0, 0, 0.5], "texture": "#1"}
			}
		},
		{
			"from": [11.95672, 0.3846, 7],
			"to": [11.95672, 2.3846, 9],
			"rotation": {"angle": 22.5, "axis": "z", "origin": [12.25, 2.6875, 4]},
			"faces": {
				"north": {"uv": [0, 0, 0, 1], "texture": "#1"},
				"east": {"uv": [0, 0, 1, 1], "texture": "#1"},
				"south": {"uv": [0, 0, 0, 1], "texture": "#1"},
				"west": {"uv": [0, 0, 1, 1], "texture": "#1"},
				"up": {"uv": [0, 0, 0, 1], "texture": "#1"},
				"down": {"uv": [0, 0, 0, 1], "texture": "#1"}
			}
		},
		{
			"from": [11.95672, 0.8846, 10],
			"to": [11.95672, 2.3846, 12],
			"rotation": {"angle": 22.5, "axis": "z", "origin": [12.25, 2.6875, 4]},
			"faces": {
				"north": {"uv": [0, 0, 0, 0.75], "texture": "#1"},
				"east": {"uv": [0, 0, 1, 0.75], "texture": "#1"},
				"south": {"uv": [0, 0, 0, 0.75], "texture": "#1"},
				"west": {"uv": [0, 0, 1, 0.75], "texture": "#1"},
				"up": {"uv": [0, 0, 0, 1], "texture": "#1"},
				"down": {"uv": [0, 0, 0, 1], "texture": "#1"}
			}
		},
		{
			"from": [11.95672, 1.6346, 9],
			"to": [11.95672, 2.3846, 10],
			"rotation": {"angle": 22.5, "axis": "z", "origin": [12.25, 2.6875, 4]},
			"faces": {
				"north": {"uv": [0, 0, 0, 0.375], "texture": "#1"},
				"east": {"uv": [0, 0, 0.5, 0.375], "texture": "#1"},
				"south": {"uv": [0, 0, 0, 0.375], "texture": "#1"},
				"west": {"uv": [0, 0, 0.5, 0.375], "texture": "#1"},
				"up": {"uv": [0, 0, 0, 0.5], "texture": "#1"},
				"down": {"uv": [0, 0, 0, 0.5], "texture": "#1"}
			}
		},
		{
			"from": [9, 0, 7],
			"to": [11, 2, 9],
			"rotation": {"angle": 0, "axis": "y", "origin": [9, 0, 7]},
			"faces": {
				"north": {"uv": [0, 0, 1, 1], "texture": "#1"},
				"east": {"uv": [0, 0, 1, 1], "texture": "#1"},
				"south": {"uv": [0, 0, 1, 1], "texture": "#1"},
				"west": {"uv": [0, 0, 1, 1], "texture": "#1"},
				"up": {"uv": [0, 0, 1, 1], "texture": "#1"},
				"down": {"uv": [0, 0, 1, 1], "texture": "#1"}
			}
		}
	],
	"display": {
		"thirdperson_righthand": {
			"rotation": [63.5, 0, 0],
			"translation": [0, 3.5, 2.5],
			"scale": [1.07, 1, 1]
		},
		"thirdperson_lefthand": {
			"rotation": [63.5, 0, 0],
			"translation": [0, 3.5, 2.5],
			"scale": [1.07, 1, 1]
		},
		"firstperson_righthand": {
			"rotation": [12, 113, 1],
			"translation": [0, 6.75, 0.5],
			"scale": [0.51, 0.51, 0.49]
		},
		"firstperson_lefthand": {
			"rotation": [12, 113, 1],
			"translation": [0, 6.75, 0.5],
			"scale": [0.51, 0.51, 0.49]
		},
		"ground": {
			"translation": [0, 4.5, 0],
			"scale": [0.93164, 1, 0.79688]
		},
		"gui": {
			"rotation": [180, -28.25, 180],
			"translation": [0, 3.25, 0],
			"scale": [1.34766, 1.4375, 1.66016]
		},
		"head": {
			"translation": [0, 9.25, 0],
			"scale": [2.07031, 2.25781, 1.93945]
		},
		"fixed": {
			"rotation": [-90, 1, 0],
			"translation": [0, 0, -16.5],
			"scale": [2, 2.13672, 2]
		}
	}
}