{
	"credit": "Made with Blockbench",
	"texture_size": [32, 32],
	"textures": {
		"0": "item/plattenspieler",
		"particle": "item/plattenspieler"
	},
	"elements": [
		{
			"from": [5, 0, 5],
			"to": [6, 1, 6],
			"rotation": {"angle": 0, "axis": "y", "origin": [4, 0, 4]},
			"faces": {
				"north": {"uv": [4.5, 7, 5, 7.5], "texture": "#0"},
				"east": {"uv": [6, 7, 6.5, 7.5], "texture": "#0"},
				"south": {"uv": [6.5, 7, 7, 7.5], "texture": "#0"},
				"west": {"uv": [7, 7, 7.5, 7.5], "texture": "#0"},
				"up": {"uv": [2.5, 8, 2, 7.5], "texture": "#0"},
				"down": {"uv": [3, 7.5, 2.5, 8], "texture": "#0"}
			}
		},
		{
			"from": [5, 0, 10],
			"to": [6, 1, 11],
			"rotation": {"angle": 0, "axis": "y", "origin": [4, 0, 9]},
			"faces": {
				"north": {"uv": [3, 7.5, 3.5, 8], "texture": "#0"},
				"east": {"uv": [3.5, 7.5, 4, 8], "texture": "#0"},
				"south": {"uv": [4, 7.5, 4.5, 8], "texture": "#0"},
				"west": {"uv": [4.5, 7.5, 5, 8], "texture": "#0"},
				"up": {"uv": [6.5, 8, 6, 7.5], "texture": "#0"},
				"down": {"uv": [7, 7.5, 6.5, 8], "texture": "#0"}
			}
		},
		{
			"from": [10, 0, 10],
			"to": [11, 1, 11],
			"rotation": {"angle": 0, "axis": "y", "origin": [9, 0, 9]},
			"faces": {
				"north": {"uv": [7, 7.5, 7.5, 8], "texture": "#0"},
				"east": {"uv": [7.5, 7, 8, 7.5], "texture": "#0"},
				"south": {"uv": [7.5, 7.5, 8, 8], "texture": "#0"},
				"west": {"uv": [8, 0, 8.5, 0.5], "texture": "#0"},
				"up": {"uv": [8.5, 1, 8, 0.5], "texture": "#0"},
				"down": {"uv": [8.5, 1, 8, 1.5], "texture": "#0"}
			}
		},
		{
			"from": [10, 0, 5],
			"to": [11, 1, 6],
			"rotation": {"angle": 0, "axis": "y", "origin": [9, 0, 4]},
			"faces": {
				"north": {"uv": [8, 1.5, 8.5, 2], "texture": "#0"},
				"east": {"uv": [2, 8, 2.5, 8.5], "texture": "#0"},
				"south": {"uv": [8, 2, 8.5, 2.5], "texture": "#0"},
				"west": {"uv": [2.5, 8, 3, 8.5], "texture": "#0"},
				"up": {"uv": [3.5, 8.5, 3, 8], "texture": "#0"},
				"down": {"uv": [4, 8, 3.5, 8.5], "texture": "#0"}
			}
		},
		{
			"from": [5, 1, 5],
			"to": [11, 3, 11],
			"faces": {
				"north": {"uv": [2, 6, 5, 7], "texture": "#0"},
				"east": {"uv": [6, 2.5, 9, 3.5], "texture": "#0"},
				"south": {"uv": [6, 3.5, 9, 4.5], "texture": "#0"},
				"west": {"uv": [6, 4.5, 9, 5.5], "texture": "#0"},
				"up": {"uv": [3, 3, 0, 0], "texture": "#0"},
				"down": {"uv": [3, 3, 0, 6], "texture": "#0"}
			}
		},
		{
			"from": [5, 3, 11],
			"to": [11, 8.1875, 12],
			"rotation": {"angle": -22.5, "axis": "x", "origin": [8, 3, 11]},
			"faces": {
				"north": {"uv": [3, 0, 6, 2.625], "texture": "#0"},
				"east": {"uv": [5, 6.5, 5.5, 9.125], "texture": "#0"},
				"south": {"uv": [3, 3, 6, 5.625], "texture": "#0"},
				"west": {"uv": [5.5, 6.5, 6, 9.125], "texture": "#0"},
				"up": {"uv": [8, 6.5, 5, 6], "texture": "#0"},
				"down": {"uv": [9, 5.5, 6, 6], "texture": "#0"}
			}
		},
		{
			"from": [6, 3, 5.75],
			"to": [10, 3.25, 10],
			"rotation": {"angle": 0, "axis": "y", "origin": [0, 0.25, 0]},
			"faces": {
				"north": {"uv": [6, 8, 8, 8.125], "texture": "#0"},
				"east": {"uv": [6, 6.5, 8.125, 6.625], "texture": "#0"},
				"south": {"uv": [8, 6, 10, 6.125], "texture": "#0"},
				"west": {"uv": [2, 7, 4.125, 7.125], "texture": "#0"},
				"up": {"uv": [2, 8.125, 0, 6], "texture": "#0"},
				"down": {"uv": [8, 0, 6, 2.125], "texture": "#0"}
			}
		},
		{
			"from": [7.875, 3, 7.875],
			"to": [8.125, 4, 8.125],
			"rotation": {"angle": 0, "axis": "y", "origin": [2.875, 1, 2.875]},
			"faces": {
				"north": {"uv": [8, 8, 8.125, 8.5], "texture": "#0"},
				"east": {"uv": [0, 8.5, 0.125, 9], "texture": "#0"},
				"south": {"uv": [8.5, 0, 8.625, 0.5], "texture": "#0"},
				"west": {"uv": [0.5, 8.5, 0.625, 9], "texture": "#0"},
				"up": {"uv": [3.125, 8.625, 3, 8.5], "texture": "#0"},
				"down": {"uv": [3.625, 8.5, 3.5, 8.625], "texture": "#0"}
			}
		},
		{
			"from": [7.3125, 3.25, 7.375],
			"to": [7.375, 3.8125, 7.4375],
			"rotation": {"angle": 0, "axis": "y", "origin": [2.1875, 0.8125, 2.3125]},
			"faces": {
				"north": {"uv": [8.5, 1.5, 8.625, 1.75], "texture": "#0"},
				"east": {"uv": [2, 8.5, 2.125, 8.75], "texture": "#0"},
				"south": {"uv": [8.5, 2, 8.625, 2.25], "texture": "#0"},
				"west": {"uv": [2.5, 8.5, 2.625, 8.75], "texture": "#0"},
				"up": {"uv": [7.625, 8.625, 7.5, 8.5], "texture": "#0"},
				"down": {"uv": [8.125, 8.5, 8, 8.625], "texture": "#0"}
			}
		},
		{
			"from": [5.375, 3, 9.125],
			"to": [5.625, 4, 9.375],
			"rotation": {"angle": 0, "axis": "y", "origin": [0.375, 1, 4.125]},
			"faces": {
				"north": {"uv": [8.5, 0.5, 8.625, 1], "texture": "#0"},
				"east": {"uv": [1, 8.5, 1.125, 9], "texture": "#0"},
				"south": {"uv": [8.5, 1, 8.625, 1.5], "texture": "#0"},
				"west": {"uv": [1.5, 8.5, 1.625, 9], "texture": "#0"},
				"up": {"uv": [6.125, 8.625, 6, 8.5], "texture": "#0"},
				"down": {"uv": [6.625, 8.5, 6.5, 8.625], "texture": "#0"}
			}
		},
		{
			"from": [5.5, 3.6875, 6.6875],
			"to": [5.75, 3.9375, 9.4375],
			"rotation": {"angle": -45, "axis": "y", "origin": [5.75, 3.9375, 9.1875]},
			"faces": {
				"north": {"uv": [8.5, 6.5, 8.625, 6.625], "texture": "#0"},
				"east": {"uv": [8, 7, 9.375, 7.125], "texture": "#0"},
				"south": {"uv": [7, 8.5, 7.125, 8.625], "texture": "#0"},
				"west": {"uv": [8, 7.5, 9.375, 7.625], "texture": "#0"},
				"up": {"uv": [4.125, 9.375, 4, 8], "texture": "#0"},
				"down": {"uv": [4.625, 8, 4.5, 9.375], "texture": "#0"}
			}
		}
	],
	"display": {
		"thirdperson_righthand": {
			"rotation": [75, 45, 0],
			"translation": [0, 2.5, 0],
			"scale": [0.375, 0.375, 0.375]
		},
		"thirdperson_lefthand": {
			"rotation": [75, 45, 0],
			"translation": [0, 2.5, 0],
			"scale": [0.375, 0.375, 0.375]
		},
		"firstperson_righthand": {
			"rotation": [0, 45, 0],
			"translation": [0, 4.25, 0],
			"scale": [0.4, 0.4, 0.4]
		},
		"firstperson_lefthand": {
			"rotation": [0, 225, 0],
			"translation": [0, 4.75, 0],
			"scale": [0.4, 0.4, 0.4]
		},
		"ground": {
			"translation": [0, 3.5, 0]
		},
		"fixed": {
			"rotation": [-90, 0, 0],
			"translation": [0, 0, -24],
			"scale": [3, 3, 3]
		}
	}
}