{
	"format_version": "1.21.6",
	"credit": "Made with Blockbench",
	"textures": {
		"0": "item/police_wheel",
		"1": "item/police_car",
		"2": "item/police_spoiler",
		"3": "item/police_lights",
		"particle": "item/police_wheel"
	},
	"elements": [
		{
			"from": [-0.8125, 1.5, -10],
			"to": [16.8125, 4.5, 27.25],
			"rotation": {"angle": 0, "axis": "y", "origin": [7, 1.5, 7]},
			"faces": {
				"north": {"uv": [6.75, 7.25, 9, 7.625], "texture": "#1"},
				"east": {"uv": [6.75, 0, 11.40625, 0.375], "texture": "#1"},
				"south": {"uv": [0, 7.625, 2.25, 8], "texture": "#1"},
				"west": {"uv": [6.75, 0.375, 11.40625, 0.75], "texture": "#1"},
				"up": {"uv": [2.25, 4.65625, 0, 0], "texture": "#1"},
				"down": {"uv": [4.5, 0, 2.25, 4.65625], "texture": "#1"}
			}
		},
		{
			"from": [15.25, -0.125, -5],
			"to": [17.25, 4.875, 0],
			"rotation": {"angle": 0, "axis": "y", "origin": [23.25, 1.875, 12]},
			"faces": {
				"north": {"uv": [5, 0, 7, 5], "texture": "#0"},
				"east": {"uv": [0, 0, 5, 5], "texture": "#0"},
				"south": {"uv": [5, 5, 7, 10], "texture": "#0"},
				"west": {"uv": [0, 5, 5, 10], "texture": "#0"},
				"up": {"uv": [9, 5, 7, 0], "texture": "#0"},
				"down": {"uv": [9, 5, 7, 10], "texture": "#0"}
			}
		},
		{
			"from": [15.25, -0.125, 16],
			"to": [17.25, 4.875, 21],
			"rotation": {"angle": 0, "axis": "y", "origin": [23.25, 1.875, 33]},
			"faces": {
				"north": {"uv": [5, 0, 7, 5], "texture": "#0"},
				"east": {"uv": [0, 0, 5, 5], "texture": "#0"},
				"south": {"uv": [5, 5, 7, 10], "texture": "#0"},
				"west": {"uv": [0, 5, 5, 10], "texture": "#0"},
				"up": {"uv": [9, 5, 7, 0], "texture": "#0"},
				"down": {"uv": [9, 5, 7, 10], "texture": "#0"}
			}
		},
		{
			"from": [-1.25, -0.125, 16],
			"to": [0.75, 4.875, 21],
			"rotation": {"angle": 0, "axis": "y", "origin": [7.5, 1.875, 0]},
			"faces": {
				"north": {"uv": [5, 0, 7, 5], "texture": "#0"},
				"east": {"uv": [0, 0, 5, 5], "texture": "#0"},
				"south": {"uv": [5, 5, 7, 10], "texture": "#0"},
				"west": {"uv": [0, 5, 5, 10], "texture": "#0"},
				"up": {"uv": [9, 5, 7, 0], "texture": "#0"},
				"down": {"uv": [9, 5, 7, 10], "texture": "#0"}
			}
		},
		{
			"from": [-1.25, -0.125, -5],
			"to": [0.75, 4.875, 0],
			"rotation": {"angle": 0, "axis": "y", "origin": [6.75, 1.875, 12]},
			"faces": {
				"north": {"uv": [5, 0, 7, 5], "texture": "#0"},
				"east": {"uv": [0, 0, 5, 5], "texture": "#0"},
				"south": {"uv": [5, 5, 7, 10], "texture": "#0"},
				"west": {"uv": [0, 5, 5, 10], "texture": "#0"},
				"up": {"uv": [9, 5, 7, 0], "texture": "#0"},
				"down": {"uv": [9, 5, 7, 10], "texture": "#0"}
			}
		},
		{
			"from": [10, 1.5, -11],
			"to": [11, 6.5, -10],
			"rotation": {"angle": 0, "axis": "y", "origin": [8, 2.5, 7]},
			"faces": {
				"north": {"uv": [4.5, 8.625, 4.625, 9.25], "texture": "#1"},
				"east": {"uv": [4.625, 8.625, 4.75, 9.25], "texture": "#1"},
				"south": {"uv": [4.75, 8.625, 4.875, 9.25], "texture": "#1"},
				"west": {"uv": [4.875, 8.625, 5, 9.25], "texture": "#1"},
				"up": {"uv": [4.375, 8.125, 4.25, 8], "texture": "#1"},
				"down": {"uv": [4.5, 8, 4.375, 8.125], "texture": "#1"}
			}
		},
		{
			"from": [5, 1.5, -11],
			"to": [6, 6.5, -10],
			"rotation": {"angle": 0, "axis": "y", "origin": [3, 2.5, 7]},
			"faces": {
				"north": {"uv": [5, 8.625, 5.125, 9.25], "texture": "#1"},
				"east": {"uv": [5.125, 8.625, 5.25, 9.25], "texture": "#1"},
				"south": {"uv": [5.25, 8.75, 5.375, 9.375], "texture": "#1"},
				"west": {"uv": [5.375, 8.75, 5.5, 9.375], "texture": "#1"},
				"up": {"uv": [4.375, 8.25, 4.25, 8.125], "texture": "#1"},
				"down": {"uv": [4.5, 8.125, 4.375, 8.25], "texture": "#1"}
			}
		},
		{
			"from": [6, 5.5, -11],
			"to": [10, 6.5, -10],
			"rotation": {"angle": 0, "axis": "y", "origin": [3, 3.5, 7]},
			"faces": {
				"north": {"uv": [3.25, 8, 3.75, 8.125], "texture": "#1"},
				"east": {"uv": [3.125, 8.5, 3.25, 8.625], "texture": "#1"},
				"south": {"uv": [3.75, 8, 4.25, 8.125], "texture": "#1"},
				"west": {"uv": [6, 8.75, 6.125, 8.875], "texture": "#1"},
				"up": {"uv": [3.75, 8.25, 3.25, 8.125], "texture": "#1"},
				"down": {"uv": [4.25, 8.125, 3.75, 8.25], "texture": "#1"}
			}
		},
		{
			"from": [6, 2.5, -11],
			"to": [10, 3.5, -10],
			"rotation": {"angle": 0, "axis": "y", "origin": [3, 0.5, 7]},
			"faces": {
				"north": {"uv": [5.25, 8.25, 5.75, 8.375], "texture": "#1"},
				"east": {"uv": [6.125, 8.75, 6.25, 8.875], "texture": "#1"},
				"south": {"uv": [5.75, 8.25, 6.25, 8.375], "texture": "#1"},
				"west": {"uv": [6.25, 8.75, 6.375, 8.875], "texture": "#1"},
				"up": {"uv": [6.75, 8.375, 6.25, 8.25], "texture": "#1"},
				"down": {"uv": [6, 8.75, 5.5, 8.875], "texture": "#1"}
			}
		},
		{
			"from": [-1, 4.5, -6.75],
			"to": [17, 7.5, 26],
			"rotation": {"angle": 0, "axis": "y", "origin": [7, 4.5, 7]},
			"faces": {
				"north": {"uv": [2.25, 7.625, 4.5, 8], "texture": "#1"},
				"east": {"uv": [6.75, 2.25, 10.84375, 2.625], "texture": "#1"},
				"south": {"uv": [6.75, 7.625, 9, 8], "texture": "#1"},
				"west": {"uv": [6.75, 2.625, 10.84375, 3], "texture": "#1"},
				"up": {"uv": [6.75, 4.09375, 4.5, 0], "texture": "#1"},
				"down": {"uv": [6.75, 4.125, 4.5, 8.21875], "texture": "#1"}
			}
		},
		{
			"from": [-0.4375, 7.5, 3],
			"to": [16.4375, 11.5, 16],
			"rotation": {"angle": 0, "axis": "y", "origin": [7, 7.5, 7]},
			"faces": {
				"north": {"uv": [6.75, 4.25, 9, 4.75], "texture": "#1"},
				"east": {"uv": [0, 8, 1.625, 8.5], "texture": "#1"},
				"south": {"uv": [6.75, 4.75, 9, 5.25], "texture": "#1"},
				"west": {"uv": [1.625, 8, 0, 8.5], "texture": "#1"},
				"up": {"uv": [1.71875, 6.35938, 0.1875, 4.75], "texture": "#1"},
				"down": {"uv": [4.5, 4.75, 2.25, 6.375], "texture": "#1"}
			}
		},
		{
			"from": [2, 11.5, 6.4375],
			"to": [14, 12.875, 8.4375],
			"rotation": {"angle": 0, "axis": "y", "origin": [7, 7.5, 8.4375]},
			"faces": {
				"north": {"uv": [0, 4, 12, 5.375], "texture": "#3"},
				"east": {"uv": [0, 8, 2, 9.375], "texture": "#3"},
				"south": {"uv": [0, 6, 12, 7.375], "texture": "#3"},
				"west": {"uv": [2, 8, 4, 9.375], "texture": "#3"},
				"up": {"uv": [12, 2, 0, 0], "texture": "#3"},
				"down": {"uv": [12, 2, 0, 4], "texture": "#3"}
			}
		},
		{
			"from": [-0.1875, 9.5, 15.25],
			"to": [16.1875, 15.25, 19],
			"rotation": {"angle": -45, "axis": "x", "origin": [7, 9.5, 22]},
			"faces": {
				"north": {"uv": [0, 6.375, 2.1875, 7.09375], "texture": "#1"},
				"east": {"uv": [0, 8.5, 0.46875, 9.21875], "texture": "#1"},
				"south": {"uv": [2.25, 6.375, 4.4375, 7.09375], "texture": "#1"},
				"west": {"uv": [0.5, 8.5, 0.96875, 9.21875], "texture": "#1"},
				"up": {"uv": [8.9375, 5.71875, 6.75, 5.25], "texture": "#1"},
				"down": {"uv": [8.9375, 5.75, 6.75, 6.21875], "texture": "#1"}
			}
		},
		{
			"from": [-0.1875, 6.75, -4.8125],
			"to": [16.1875, 10.5, 0.9375],
			"rotation": {"angle": -45, "axis": "x", "origin": [7, 13.5, 0.9375]},
			"faces": {
				"north": {"uv": [6.75, 6.25, 8.9375, 6.71875], "texture": "#1"},
				"east": {"uv": [2.45313, 8.51563, 1.73438, 8.98438], "texture": "#1"},
				"south": {"uv": [6.75, 6.75, 8.9375, 7.21875], "texture": "#1"},
				"west": {"uv": [1.75, 8.5, 2.46875, 8.96875], "texture": "#1"},
				"up": {"uv": [8.9375, 1.46875, 6.75, 0.75], "texture": "#1"},
				"down": {"uv": [8.9375, 1.5, 6.75, 2.21875], "texture": "#1"}
			}
		},
		{
			"from": [-0.75, 2.875, -13.25],
			"to": [16.75, 6.625, -8.875],
			"rotation": {"angle": -45, "axis": "x", "origin": [7, 9.625, -8.875]},
			"faces": {
				"north": {"uv": [0, 7.125, 2.1875, 7.59375], "texture": "#1"},
				"east": {"uv": [2.5, 8.5, 3.04688, 8.96875], "texture": "#1"},
				"south": {"uv": [2.25, 7.125, 4.4375, 7.59375], "texture": "#1"},
				"west": {"uv": [3.125, 8.625, 3.67188, 9.09375], "texture": "#1"},
				"up": {"uv": [8.9375, 3.54688, 6.75, 3], "texture": "#1"},
				"down": {"uv": [8.9375, 3.625, 6.75, 4.17188], "texture": "#1"}
			}
		},
		{
			"from": [-1, 7.5, 23.25],
			"to": [-0.75, 9.5, 25.25],
			"rotation": {"angle": 0, "axis": "y", "origin": [-1, 7.5, 23.25]},
			"faces": {
				"north": {"uv": [4, 3, 4.125, 4], "texture": "#2"},
				"east": {"uv": [2, 3, 3, 4], "texture": "#2"},
				"south": {"uv": [4, 4, 4.125, 5], "texture": "#2"},
				"west": {"uv": [3, 3, 4, 4], "texture": "#2"},
				"up": {"uv": [2.125, 5.5, 2, 4.5], "texture": "#2"},
				"down": {"uv": [2.625, 4.5, 2.5, 5.5], "texture": "#2"}
			}
		},
		{
			"from": [16.75, 7.5, 23.25],
			"to": [17, 9.5, 25.25],
			"rotation": {"angle": 0, "axis": "y", "origin": [16.75, 7.5, 23.25]},
			"faces": {
				"north": {"uv": [0, 4, 0.125, 5], "texture": "#2"},
				"east": {"uv": [0, 3, 1, 4], "texture": "#2"},
				"south": {"uv": [0.5, 4, 0.625, 5], "texture": "#2"},
				"west": {"uv": [1, 3, 2, 4], "texture": "#2"},
				"up": {"uv": [1.125, 5, 1, 4], "texture": "#2"},
				"down": {"uv": [1.625, 4, 1.5, 5], "texture": "#2"}
			}
		},
		{
			"from": [-0.75, 9.3125, 23.25],
			"to": [16.75, 9.5, 24.5],
			"rotation": {"angle": 0, "axis": "y", "origin": [16.75, 7.5, 23.25]},
			"faces": {
				"north": {"uv": [0, 2, 8.75, 2.125], "texture": "#2"},
				"east": {"uv": [2, 4, 3, 4.125], "texture": "#2"},
				"south": {"uv": [0, 2.5, 8.75, 2.625], "texture": "#2"},
				"west": {"uv": [3, 4, 4, 4.125], "texture": "#2"},
				"up": {"uv": [8.75, 1, 0, 0], "texture": "#2"},
				"down": {"uv": [8.75, 1, 0, 2], "texture": "#2"}
			}
		},
		{
			"from": [-0.75, 9.3125, 24.5],
			"to": [3, 9.5, 25.25],
			"rotation": {"angle": 0, "axis": "y", "origin": [16.75, 7.5, 23.25]},
			"faces": {
				"north": {"uv": [0, 2, 8.75, 2.125], "texture": "#2"},
				"east": {"uv": [2, 4, 3, 4.125], "texture": "#2"},
				"south": {"uv": [0, 2.5, 8.75, 2.625], "texture": "#2"},
				"west": {"uv": [3, 4, 4, 4.125], "texture": "#2"},
				"up": {"uv": [8.75, 1, 0, 0], "texture": "#2"},
				"down": {"uv": [8.75, 1, 0, 2], "texture": "#2"}
			}
		},
		{
			"from": [13, 9.3125, 24.5],
			"to": [16.75, 9.5, 25.25],
			"rotation": {"angle": 0, "axis": "y", "origin": [28.5, 7.5, 23.25]},
			"faces": {
				"north": {"uv": [0, 2, 8.75, 2.125], "texture": "#2"},
				"east": {"uv": [2, 4, 3, 4.125], "texture": "#2"},
				"south": {"uv": [0, 2.5, 8.75, 2.625], "texture": "#2"},
				"west": {"uv": [3, 4, 4, 4.125], "texture": "#2"},
				"up": {"uv": [8.75, 1, 0, 0], "texture": "#2"},
				"down": {"uv": [8.75, 1, 0, 2], "texture": "#2"}
			}
		},
		{
			"from": [3, 8.8125, 24.5],
			"to": [13, 9, 25.6875],
			"rotation": {"angle": -22.5, "axis": "x", "origin": [6.5, 9, 23.25]},
			"faces": {
				"north": {"uv": [0, 2, 8.75, 2.125], "texture": "#2"},
				"east": {"uv": [2, 4, 3, 4.125], "texture": "#2"},
				"south": {"uv": [0, 2.5, 8.75, 2.625], "texture": "#2"},
				"west": {"uv": [3, 4, 4, 4.125], "texture": "#2"},
				"up": {"uv": [8.75, 1, 0, 0], "texture": "#2"},
				"down": {"uv": [8.75, 1, 0, 2], "texture": "#2"}
			}
		}
	],
	"display": {
		"thirdperson_righthand": {
			"rotation": [75, 45, 0],
			"translation": [0, 2.5, 0],
			"scale": [0.375, 0.375, 0.375]
		},
		"thirdperson_lefthand": {
			"rotation": [75, 45, 0],
			"translation": [0, 2.5, 0],
			"scale": [0.375, 0.375, 0.375]
		},
		"firstperson_righthand": {
			"rotation": [0, 45, 0],
			"translation": [0, 3.75, 0],
			"scale": [0.4, 0.4, 0.4]
		},
		"firstperson_lefthand": {
			"rotation": [0, 45, 0],
			"translation": [0, 3.75, 0],
			"scale": [0.4, 0.4, 0.4]
		},
		"ground": {
			"translation": [0, 2, 0],
			"scale": [0.46, 0.42, 0.39]
		},
		"gui": {
			"rotation": [35, -35, 0],
			"scale": [0.5, 0.5, 0.5]
		},
		"head": {
			"translation": [0, -16.75, 0],
			"scale": [3.22, 3.22, 3.22]
		},
		"fixed": {
			"rotation": [-90, 0, 0],
			"translation": [0, 0, -5],
			"scale": [0.58336, 0.61828, 0.64344]
		}
	}
}