{
	"texture_size": [64, 64],
	"textures": {
		"0": "item/mace",
		"particle": "mace"
	},
	"elements": [
		{
			"from": [7, 0, 7],
			"to": [9, 25, 9],
			"rotation": {"angle": 0, "axis": "y", "origin": [7, 6, 7]},
			"faces": {
				"north": {"uv": [2, 4.75, 2.5, 11], "texture": "#0"},
				"east": {"uv": [2.5, 4.75, 3, 11], "texture": "#0"},
				"south": {"uv": [3, 4.75, 3.5, 11], "texture": "#0"},
				"west": {"uv": [3.5, 4.75, 4, 11], "texture": "#0"},
				"up": {"uv": [4.5, 2.25, 4, 1.75], "texture": "#0"},
				"down": {"uv": [4.5, 2.25, 4, 2.75], "texture": "#0"}
			}
		},
		{
			"from": [4, 17, 2],
			"to": [12, 24, 14],
			"rotation": {"angle": 0, "axis": "y", "origin": [7, 6, 7]},
			"faces": {
				"north": {"uv": [4, 0, 6, 1.75], "texture": "#0"},
				"east": {"uv": [0, 3, 3, 4.75], "texture": "#0"},
				"south": {"uv": [0, 4.75, 2, 6.5], "texture": "#0"},
				"west": {"uv": [3, 3, 6, 4.75], "texture": "#0"},
				"up": {"uv": [2, 3, 0, 0], "texture": "#0"},
				"down": {"uv": [4, 0, 2, 3], "texture": "#0"}
			}
		}
	],
	"display": {
		"thirdperson_righthand": {
			"translation": [0, 1.75, 1.5]
		},
		"thirdperson_lefthand": {
			"translation": [0, 1.75, 1.5]
		},
		"firstperson_righthand": {
			"translation": [0, -2.25, -0.25]
		},
		"firstperson_lefthand": {
			"translation": [0, -2.25, 0]
		},
		"ground": {
			"rotation": [3.88, -19.19, 89.06],
			"translation": [3.75, 0, 2.75]
		},
		"gui": {
			"rotation": [90, 49, -90],
			"translation": [-3.25, -3.25, 0],
			"scale": [0.75, 0.75, 0.75]
		},
		"head": {
			"translation": [0, 10.5, 0]
		},
		"fixed": {
			"rotation": [90, -45, 90],
			"translation": [4.5, -4.25, 0]
		}
	}
}