{
	"credit": "Made with Blockbench",
	"texture_size": [128, 128],
	"textures": {
		"0": "item/fridge",
		"particle": "item/fridge"
	},
	"elements": [
		{
			"from": [1, 0, 1],
			"to": [15, 30, 14],
			"rotation": {"angle": 0, "axis": "y", "origin": [7, 0, 7]},
			"faces": {
				"north": {"uv": [0, 0, 1.75, 3.75], "texture": "#0"},
				"east": {"uv": [3.5, 0, 5.125, 3.75], "texture": "#0"},
				"south": {"uv": [1.75, 0, 3.5, 3.75], "texture": "#0"},
				"west": {"uv": [0, 3.75, 1.625, 7.5], "texture": "#0"},
				"up": {"uv": [6.875, 1.625, 5.125, 0], "texture": "#0"},
				"down": {"uv": [6.875, 1.625, 5.125, 3.25], "texture": "#0"}
			}
		},
		{
			"from": [1.375, 20.25, 14],
			"to": [14.5, 29.75, 15],
			"rotation": {"angle": 0, "axis": "y", "origin": [7, 0, 7]},
			"faces": {
				"north": {"uv": [5.125, 3.25, 6.78125, 4.4375], "texture": "#0"},
				"east": {"uv": [1.875, 6.25, 2, 7.4375], "texture": "#0"},
				"south": {"uv": [5.125, 4.5, 6.78125, 5.6875], "texture": "#0"},
				"west": {"uv": [2, 6.25, 2.125, 7.4375], "texture": "#0"},
				"up": {"uv": [3.28125, 6.25, 1.625, 6.125], "texture": "#0"},
				"down": {"uv": [5.03125, 6.125, 3.375, 6.25], "texture": "#0"}
			}
		},
		{
			"from": [1.375, 0.75, 14],
			"to": [14.5, 19.75, 15],
			"rotation": {"angle": 0, "axis": "y", "origin": [7, -10, 7]},
			"faces": {
				"north": {"uv": [1.625, 3.75, 3.28125, 6.125], "texture": "#0"},
				"east": {"uv": [5.625, 5.75, 5.75, 8.125], "texture": "#0"},
				"south": {"uv": [3.375, 3.75, 5.03125, 6.125], "texture": "#0"},
				"west": {"uv": [5.75, 5.75, 5.875, 8.125], "texture": "#0"},
				"up": {"uv": [7.78125, 5.875, 6.125, 5.75], "texture": "#0"},
				"down": {"uv": [7.78125, 5.875, 6.125, 6], "texture": "#0"}
			}
		},
		{
			"from": [2.375, 1.75, 15],
			"to": [3.5, 18.75, 16],
			"rotation": {"angle": 0, "axis": "y", "origin": [7, -10, 7]},
			"faces": {
				"north": {"uv": [5.125, 5.75, 5.28125, 7.875], "texture": "#0"},
				"east": {"uv": [5.875, 5.75, 6, 7.875], "texture": "#0"},
				"south": {"uv": [5.375, 5.75, 5.53125, 7.875], "texture": "#0"},
				"west": {"uv": [6, 5.75, 6.125, 7.875], "texture": "#0"},
				"up": {"uv": [3.03125, 6.375, 2.875, 6.25], "texture": "#0"},
				"down": {"uv": [3.28125, 6.25, 3.125, 6.375], "texture": "#0"}
			}
		},
		{
			"from": [2.375, 20.75, 15],
			"to": [3.5, 28.75, 16],
			"rotation": {"angle": 0, "axis": "y", "origin": [7, 0, 7]},
			"faces": {
				"north": {"uv": [6.125, 6, 6.28125, 7], "texture": "#0"},
				"east": {"uv": [2.125, 6.25, 2.25, 7.25], "texture": "#0"},
				"south": {"uv": [1.625, 6.25, 1.78125, 7.25], "texture": "#0"},
				"west": {"uv": [2.25, 6.25, 2.375, 7.25], "texture": "#0"},
				"up": {"uv": [2.53125, 6.375, 2.375, 6.25], "texture": "#0"},
				"down": {"uv": [2.78125, 6.25, 2.625, 6.375], "texture": "#0"}
			}
		}
	],
	"display": {
		"thirdperson_righthand": {
			"rotation": [75, 45, 0],
			"translation": [0, 2.5, 0],
			"scale": [0.375, 0.375, 0.375]
		},
		"thirdperson_lefthand": {
			"rotation": [75, 45, 0],
			"translation": [0, 2.5, 0],
			"scale": [0.375, 0.375, 0.375]
		},
		"firstperson_righthand": {
			"rotation": [0, 45, 0],
			"scale": [0.4, 0.4, 0.4]
		},
		"firstperson_lefthand": {
			"rotation": [0, 225, 0],
			"scale": [0.4, 0.4, 0.4]
		},
		"ground": {
			"translation": [0, 3, 0],
			"scale": [0.25, 0.25, 0.25]
		},
		"gui": {
			"rotation": [10.36, -8.89, -11.25],
			"translation": [0, -3.75, 0],
			"scale": [0.625, 0.625, 0.625]
		},
		"fixed": {
			"rotation": [-90, 0, 0],
			"translation": [0, 0, -13.75],
			"scale": [2.16211, 2, 2.14453]
		}
	}
}