{
    "model": {
        "type": "range_dispatch",
        "property": "custom_model_data",
        "fallback": {
            "type": "model",
            "model": "block/carved_pumpkin"
        },
        "entries": [
            {
                "threshold": 123421,
                "model": {
                    "type": "model",
                    "model": "item/altreifenstapel"
                }
            },
            {
                "threshold": 123428,
                "model": {
                    "type": "model",
                    "model": "item/altreifen"
                }
            },
            {
                "threshold": 123429,
                "model": {
                    "type": "model",
                    "model": "item/werkzeugkasten"
                }
            },
            {
                "threshold": 123430,
                "model": {
                    "type": "model",
                    "model": "item/ratte"
                }
            },
            {
                "threshold": 123431,
                "model": {
                    "type": "model",
                    "model": "item/police"
                }
            },
            {
                "threshold": 123432,
                "model": {
                    "type": "model",
                    "model": "item/discopanzer"
                }
            },
            {
                "threshold": 123433,
                "model": {
                    "type": "model",
                    "model": "item/magazin"
                }
            },
            {
                "threshold": 123434,
                "model": {
                    "type": "model",
                    "model": "item/cat_ears"
                }
            },
            {
                "threshold": 123435,
                "model": {
                    "type": "model",
                    "model": "item/screen1"
                }
            },
            {
                "threshold": 123436,
                "model": {
                    "type": "model",
                    "model": "item/plattenspieler"
                }
            },
            {
                "threshold": 123437,
                "model": {
                    "type": "model",
                    "model": "item/kaffeemaschine"
                }
            },
            {
                "threshold": 123438,
                "model": {
                    "type": "model",
                    "model": "item/herobrine"
                }
            },
            {
                "threshold": 123439,
                "model": {
                    "type": "model",
                    "model": "item/waltuh"
                }
            },
            {
                "threshold": 123440,
                "model": {
                    "type": "model",
                    "model": "item/sombrero"
                }
            },
            {
                "threshold": 123441,
                "model": {
                    "type": "model",
                    "model": "item/razerbude"
                }
            },
            {
                "threshold": 123442,
                "model": {
                    "type": "model",
                    "model": "item/unterschrank"
                }
            },
            {
                "threshold": 123443,
                "model": {
                    "type": "model",
                    "model": "item/waschbecken"
                }
            },
            {
                "threshold": 123444,
                "model": {
                    "type": "model",
                    "model": "item/gasmask"
                }
            },
            {
                "threshold": 123445,
                "model": {
                    "type": "model",
                    "model": "item/fedora"
                }
            },
            {
                "threshold": 123446,
                "model": {
                    "type": "model",
                    "model": "item/amongus"
                }
            },
            {
                "threshold": 123447,
                "model": {
                    "type": "model",
                    "model": "item/fridge"
                }
            },
            {
                "threshold": 123448,
                "model": {
                    "type": "model",
                    "model": "item/wandschrank"
                }
            },
            {
                "threshold": 123449,
                "model": {
                    "type": "model",
                    "model": "item/fernseher"
                }
            },
            {
                "threshold": 123450,
                "model": {
                    "type": "model",
                    "model": "item/backofen"
                }
            },
            {
                "threshold": 123451,
                "model": {
                    "type": "model",
                    "model": "item/mikrowelle"
                }
            },
            {
                "threshold": 123452,
                "model": {
                    "type": "model",
                    "model": "item/280"
                }
            },
            {
                "threshold": 123453,
                "model": {
                    "type": "model",
                    "model": "item/bullipickup"
                }
            },
            {
                "threshold": 123455,
                "model": {
                    "type": "model",
                    "model": "item/bulli"
                }
            },
            {
                "threshold": 123456,
                "model": {
                    "type": "model",
                    "model": "item/Tornado"
                }
            },
            {
                "threshold": 123457,
                "model": {
                    "type": "model",
                    "model": "item/Desert_Tornado"
                }
            },
            {
                "threshold": 123458,
                "model": {
                    "type": "model",
                    "model": "item/Tornado_WTD"
                }
            },
            {
                "threshold": 123460,
                "model": {
                    "type": "model",
                    "model": "item/transall"
                }
            },
            {
                "threshold": 123461,
                "model": {
                    "type": "model",
                    "model": "item/hercules"
                }
            },
            {
                "threshold": 123462,
                "model": {
                    "type": "model",
                    "model": "item/mriya"
                }
            }
        ]
    }
}