{
    "model": {
        "type": "range_dispatch",
        "property": "custom_model_data",
        "fallback": {
            "type": "minecraft:condition",
            "property": "minecraft:using_item",
            "on_false": {
                "type": "minecraft:select",
                "property": "minecraft:charge_type",
                "fallback": {
                    "type": "minecraft:model",
                    "model": "minecraft:item/crossbow"
                },
                "cases": [
                    {
                        "model": {
                            "type": "minecraft:model",
                            "model": "minecraft:item/crossbow_arrow"
                        },
                        "when": "arrow"
                    },
                    {
                        "model": {
                            "type": "minecraft:model",
                            "model": "minecraft:item/crossbow_firework"
                        },
                        "when": "rocket"
                    }
                ]
            },
            "on_true": {
                "type": "minecraft:range_dispatch",
                "property": "minecraft:crossbow/pull",
                "fallback": {
                    "type": "minecraft:model",
                    "model": "minecraft:item/crossbow_pulling_0"
                },
                "entries": [
                    {
                        "threshold": 0.58,
                        "model": {
                            "type": "minecraft:model",
                            "model": "minecraft:item/crossbow_pulling_1"
                        }
                    },
                    {
                        "threshold": 1.0,
                        "model": {
                            "type": "minecraft:model",
                            "model": "minecraft:item/crossbow_pulling_2"
                        }
                    }
                ]
            }
        },
        "entries": [
            {
                "threshold": 1234,
                "model": {
                    "type": "minecraft:condition",
                    "property": "minecraft:using_item",
                    "on_false": {
                        "type": "minecraft:select",
                        "property": "minecraft:charge_type",
                        "fallback": {
                            "type": "minecraft:model",
                            "model": "item/crossbow"
                        },
                        "cases": []
                    },
                    "on_true": {
                        "type": "minecraft:range_dispatch",
                        "property": "minecraft:crossbow/pull",
                        "fallback": {
                            "type": "minecraft:model",
                            "model": "item/crossbow"
                        },
                        "entries": []
                    }
                }
            }
        ]
    }
}