{
	"credit": "Made with Blockbench",
	"texture_size": [32, 32],
	"textures": {
		"0": "item/discopanzer",
		"1": "item/discofahrer",
		"particle": "item/discopanzer"
	},
	"elements": [
		{
			"from": [-2.5, 0, 0],
			"to": [18.5, 9.5, 23],
			"rotation": {"angle": 0, "axis": "y", "origin": [6, 0, 3]},
			"faces": {
				"north": {"uv": [3.375, 2.0625, 4.6875, 2.65625], "texture": "#0"},
				"east": {"uv": [3.375, 0.8125, 4.8125, 1.40625], "texture": "#0"},
				"south": {"uv": [3.375, 2.6875, 4.6875, 3.28125], "texture": "#0"},
				"west": {"uv": [3.375, 1.4375, 4.8125, 2.03125], "texture": "#0"},
				"up": {"uv": [3.375, 1.4375, 2.0625, 0], "texture": "#0"},
				"down": {"uv": [3.375, 1.4375, 2.0625, 2.875], "texture": "#0"}
			}
		},
		{
			"from": [18.5, 1.875, -6.5],
			"to": [23.5, 6.5, -1.8125],
			"rotation": {"angle": 0, "axis": "y", "origin": [31, 2.6875, 0.1875]},
			"faces": {
				"north": {"uv": [2.375, 5.8125, 2.6875, 6.10938], "texture": "#0"},
				"east": {"uv": [6, 0, 6.29688, 0.29688], "texture": "#0"},
				"south": {"uv": [5.8125, 4.0625, 6.125, 4.35938], "texture": "#0"},
				"west": {"uv": [6, 0.3125, 6.29688, 0.60938], "texture": "#0"},
				"up": {"uv": [6.125, 4.67188, 5.8125, 4.375], "texture": "#0"},
				"down": {"uv": [6.125, 4.6875, 5.8125, 4.98438], "texture": "#0"}
			}
		},
		{
			"from": [18.5, 3, 25.6875],
			"to": [23.5, 7.25, 30],
			"rotation": {"angle": 0, "axis": "y", "origin": [31, 3.625, 32.1875]},
			"faces": {
				"north": {"uv": [1.4375, 6, 1.75, 6.26563], "texture": "#0"},
				"east": {"uv": [2.375, 6.125, 2.64063, 6.39063], "texture": "#0"},
				"south": {"uv": [6, 2.0625, 6.3125, 2.32813], "texture": "#0"},
				"west": {"uv": [6.125, 4.0625, 6.39063, 4.32813], "texture": "#0"},
				"up": {"uv": [6.3125, 2.64063, 6, 2.375], "texture": "#0"},
				"down": {"uv": [6.3125, 2.6875, 6, 2.95313], "texture": "#0"}
			}
		},
		{
			"from": [18.5, 0.3125, 0.5],
			"to": [23.5, 3.3125, 3.5625],
			"rotation": {"angle": 0, "axis": "y", "origin": [31, 0.3125, 7]},
			"faces": {
				"north": {"uv": [6.125, 5.375, 6.4375, 5.5625], "texture": "#0"},
				"east": {"uv": [3.1875, 4.4375, 3.375, 4.625], "texture": "#0"},
				"south": {"uv": [6.125, 5.5625, 6.4375, 5.75], "texture": "#0"},
				"west": {"uv": [3.1875, 4.625, 3.375, 4.8125], "texture": "#0"},
				"up": {"uv": [6.4375, 5.9375, 6.125, 5.75], "texture": "#0"},
				"down": {"uv": [4.4375, 6.1875, 4.125, 6.375], "texture": "#0"}
			}
		},
		{
			"from": [18.5, 0.3125, 4.4375],
			"to": [23.5, 3.3125, 7.5],
			"rotation": {"angle": 0, "axis": "y", "origin": [31, 0.3125, 10.9375]},
			"faces": {
				"north": {"uv": [4.4375, 6.1875, 4.75, 6.375], "texture": "#0"},
				"east": {"uv": [3.1875, 4.8125, 3.375, 5], "texture": "#0"},
				"south": {"uv": [4.75, 6.1875, 5.0625, 6.375], "texture": "#0"},
				"west": {"uv": [3.1875, 5, 3.375, 5.1875], "texture": "#0"},
				"up": {"uv": [5.375, 6.375, 5.0625, 6.1875], "texture": "#0"},
				"down": {"uv": [0.3125, 6.25, 0, 6.4375], "texture": "#0"}
			}
		},
		{
			"from": [18.5, 0.3125, 8.4375],
			"to": [23.5, 3.3125, 11.5],
			"rotation": {"angle": 0, "axis": "y", "origin": [31, 0.3125, 14.9375]},
			"faces": {
				"north": {"uv": [1.0625, 6.25, 1.375, 6.4375], "texture": "#0"},
				"east": {"uv": [3.1875, 5.1875, 3.375, 5.375], "texture": "#0"},
				"south": {"uv": [6.25, 1.4375, 6.5625, 1.625], "texture": "#0"},
				"west": {"uv": [3.1875, 5.375, 3.375, 5.5625], "texture": "#0"},
				"up": {"uv": [6.5625, 4, 6.25, 3.8125], "texture": "#0"},
				"down": {"uv": [6.625, 0, 6.3125, 0.1875], "texture": "#0"}
			}
		},
		{
			"from": [18.5, 0.3125, 12.625],
			"to": [23.5, 3.3125, 15.6875],
			"rotation": {"angle": 0, "axis": "y", "origin": [31, 0.3125, 19.125]},
			"faces": {
				"north": {"uv": [6.3125, 0.1875, 6.625, 0.375], "texture": "#0"},
				"east": {"uv": [3.1875, 5.75, 3.375, 5.9375], "texture": "#0"},
				"south": {"uv": [0.3125, 6.3125, 0.625, 6.5], "texture": "#0"},
				"west": {"uv": [0.6875, 6.5, 0.875, 6.6875], "texture": "#0"},
				"up": {"uv": [6.625, 0.5625, 6.3125, 0.375], "texture": "#0"},
				"down": {"uv": [0.9375, 6.3125, 0.625, 6.5], "texture": "#0"}
			}
		},
		{
			"from": [18.5, 0.3125, 16.5],
			"to": [23.5, 3.3125, 19.5625],
			"rotation": {"angle": 0, "axis": "y", "origin": [31, 0.3125, 23]},
			"faces": {
				"north": {"uv": [1.375, 6.3125, 1.6875, 6.5], "texture": "#0"},
				"east": {"uv": [3.75, 6.5, 3.9375, 6.6875], "texture": "#0"},
				"south": {"uv": [6.3125, 2.0625, 6.625, 2.25], "texture": "#0"},
				"west": {"uv": [6.5625, 1.4375, 6.75, 1.625], "texture": "#0"},
				"up": {"uv": [6.625, 2.4375, 6.3125, 2.25], "texture": "#0"},
				"down": {"uv": [6.625, 2.4375, 6.3125, 2.625], "texture": "#0"}
			}
		},
		{
			"from": [18.5, 0.3125, 20.125],
			"to": [23.5, 3.3125, 23.1875],
			"rotation": {"angle": 0, "axis": "y", "origin": [31, 0.3125, 26.625]},
			"faces": {
				"north": {"uv": [6.3125, 2.625, 6.625, 2.8125], "texture": "#0"},
				"east": {"uv": [1.625, 6.5625, 1.8125, 6.75], "texture": "#0"},
				"south": {"uv": [2.6875, 6.3125, 3, 6.5], "texture": "#0"},
				"west": {"uv": [1.8125, 6.5625, 2, 6.75], "texture": "#0"},
				"up": {"uv": [6.625, 3, 6.3125, 2.8125], "texture": "#0"},
				"down": {"uv": [3.3125, 6.3125, 3, 6.5], "texture": "#0"}
			}
		},
		{
			"from": [-7.5, 1.875, -6.5],
			"to": [-2.5, 6.5, -1.8125],
			"rotation": {"angle": 0, "axis": "y", "origin": [5, 2.6875, 0.1875]},
			"faces": {
				"north": {"uv": [4.25, 5.875, 4.5625, 6.17188], "texture": "#0"},
				"east": {"uv": [0.4375, 6, 0.73438, 6.29688], "texture": "#0"},
				"south": {"uv": [4.5625, 5.875, 4.875, 6.17188], "texture": "#0"},
				"west": {"uv": [0.75, 6, 1.04688, 6.29688], "texture": "#0"},
				"up": {"uv": [5.1875, 6.17188, 4.875, 5.875], "texture": "#0"},
				"down": {"uv": [1.4375, 5.9375, 1.125, 6.23438], "texture": "#0"}
			}
		},
		{
			"from": [-7.5, 0.3125, 0.5],
			"to": [-2.5, 3.3125, 3.5625],
			"rotation": {"angle": 0, "axis": "y", "origin": [5, 0.3125, 7]},
			"faces": {
				"north": {"uv": [6.4375, 1.0625, 6.75, 1.25], "texture": "#0"},
				"east": {"uv": [6.625, 0.1875, 6.8125, 0.375], "texture": "#0"},
				"south": {"uv": [6.4375, 1.25, 6.75, 1.4375], "texture": "#0"},
				"west": {"uv": [6.625, 0.375, 6.8125, 0.5625], "texture": "#0"},
				"up": {"uv": [6.75, 2, 6.4375, 1.8125], "texture": "#0"},
				"down": {"uv": [2.625, 6.4375, 2.3125, 6.625], "texture": "#0"}
			}
		},
		{
			"from": [-7.5, 0.3125, 4.4375],
			"to": [-2.5, 3.3125, 7.5],
			"rotation": {"angle": 0, "axis": "y", "origin": [5, 0.3125, 10.9375]},
			"faces": {
				"north": {"uv": [6.375, 6.125, 6.6875, 6.3125], "texture": "#0"},
				"east": {"uv": [0, 6.625, 0.1875, 6.8125], "texture": "#0"},
				"south": {"uv": [0, 6.4375, 0.3125, 6.625], "texture": "#0"},
				"west": {"uv": [6.625, 0, 6.8125, 0.1875], "texture": "#0"},
				"up": {"uv": [6.75, 1.0625, 6.4375, 0.875], "texture": "#0"},
				"down": {"uv": [1.25, 6.4375, 0.9375, 6.625], "texture": "#0"}
			}
		},
		{
			"from": [-7.5, 0.3125, 8.4375],
			"to": [-2.5, 3.3125, 11.5],
			"rotation": {"angle": 0, "axis": "y", "origin": [5, 0.3125, 14.9375]},
			"faces": {
				"north": {"uv": [4.25, 6.375, 4.5625, 6.5625], "texture": "#0"},
				"east": {"uv": [4.6875, 6.5625, 4.875, 6.75], "texture": "#0"},
				"south": {"uv": [4.5625, 6.375, 4.875, 6.5625], "texture": "#0"},
				"west": {"uv": [4.875, 6.5625, 5.0625, 6.75], "texture": "#0"},
				"up": {"uv": [5.1875, 6.5625, 4.875, 6.375], "texture": "#0"},
				"down": {"uv": [6.6875, 5.9375, 6.375, 6.125], "texture": "#0"}
			}
		},
		{
			"from": [-7.5, 0.3125, 12.625],
			"to": [-2.5, 3.3125, 15.6875],
			"rotation": {"angle": 0, "axis": "y", "origin": [5, 0.3125, 19.125]},
			"faces": {
				"north": {"uv": [6.375, 3.1875, 6.6875, 3.375], "texture": "#0"},
				"east": {"uv": [4.3125, 6.5625, 4.5, 6.75], "texture": "#0"},
				"south": {"uv": [6.375, 3.375, 6.6875, 3.5625], "texture": "#0"},
				"west": {"uv": [4.5, 6.5625, 4.6875, 6.75], "texture": "#0"},
				"up": {"uv": [6.6875, 3.75, 6.375, 3.5625], "texture": "#0"},
				"down": {"uv": [4.25, 6.375, 3.9375, 6.5625], "texture": "#0"}
			}
		},
		{
			"from": [-7.5, 0.3125, 16.5],
			"to": [-2.5, 3.3125, 19.5625],
			"rotation": {"angle": 0, "axis": "y", "origin": [5, 0.3125, 23]},
			"faces": {
				"north": {"uv": [6, 6.3125, 6.3125, 6.5], "texture": "#0"},
				"east": {"uv": [3.9375, 6.5625, 4.125, 6.75], "texture": "#0"},
				"south": {"uv": [6.3125, 6.3125, 6.625, 6.5], "texture": "#0"},
				"west": {"uv": [4.125, 6.5625, 4.3125, 6.75], "texture": "#0"},
				"up": {"uv": [2, 6.5625, 1.6875, 6.375], "texture": "#0"},
				"down": {"uv": [2.3125, 6.375, 2, 6.5625], "texture": "#0"}
			}
		},
		{
			"from": [-7.5, 0.3125, 20.125],
			"to": [-2.5, 3.3125, 23.1875],
			"rotation": {"angle": 0, "axis": "y", "origin": [5, 0.3125, 26.625]},
			"faces": {
				"north": {"uv": [3.3125, 6.3125, 3.625, 6.5], "texture": "#0"},
				"east": {"uv": [2, 6.5625, 2.1875, 6.75], "texture": "#0"},
				"south": {"uv": [3.625, 6.3125, 3.9375, 6.5], "texture": "#0"},
				"west": {"uv": [6.5625, 3.8125, 6.75, 4], "texture": "#0"},
				"up": {"uv": [5.6875, 6.5, 5.375, 6.3125], "texture": "#0"},
				"down": {"uv": [6, 6.3125, 5.6875, 6.5], "texture": "#0"}
			}
		},
		{
			"from": [-7.5, 3, 25.6875],
			"to": [-2.5, 7.25, 30],
			"rotation": {"angle": 0, "axis": "y", "origin": [5, 3.625, 32.1875]},
			"faces": {
				"north": {"uv": [3.1875, 6, 3.5, 6.26563], "texture": "#0"},
				"east": {"uv": [6.125, 4.375, 6.39063, 4.64063], "texture": "#0"},
				"south": {"uv": [3.5, 6, 3.8125, 6.26563], "texture": "#0"},
				"west": {"uv": [6.125, 4.6875, 6.39063, 4.95313], "texture": "#0"},
				"up": {"uv": [4.125, 6.26563, 3.8125, 6], "texture": "#0"},
				"down": {"uv": [2.0625, 6.0625, 1.75, 6.32813], "texture": "#0"}
			}
		},
		{
			"from": [-8.5, 8.6875, 0],
			"to": [24.5, 9.0625, 29],
			"rotation": {"angle": 0, "axis": "y", "origin": [6, 0, 3]},
			"faces": {
				"north": {"uv": [6, 3.0625, 8.0625, 3.09375], "texture": "#0"},
				"east": {"uv": [6.4375, 4.0625, 8.25, 4.09375], "texture": "#0"},
				"south": {"uv": [6, 3.125, 8.0625, 3.15625], "texture": "#0"},
				"west": {"uv": [6.4375, 4.125, 8.25, 4.15625], "texture": "#0"},
				"up": {"uv": [2.0625, 1.8125, 0, 0], "texture": "#0"},
				"down": {"uv": [2.0625, 1.8125, 0, 3.625], "texture": "#0"}
			}
		},
		{
			"from": [18.5625, 6.9375, -7.0625],
			"to": [23.6875, 7.3125, 30.125],
			"rotation": {"angle": 0, "axis": "y", "origin": [5.1875, -1.75, 3]},
			"faces": {
				"north": {"uv": [6.625, 5.25, 6.95313, 5.28125], "texture": "#0"},
				"east": {"uv": [5.625, 1.625, 7.95313, 1.65625], "texture": "#0"},
				"south": {"uv": [6.625, 5.3125, 6.95313, 5.34375], "texture": "#0"},
				"west": {"uv": [5.625, 1.6875, 7.95313, 1.71875], "texture": "#0"},
				"up": {"uv": [3.70313, 5.64063, 3.375, 3.3125], "texture": "#0"},
				"down": {"uv": [0.32813, 3.625, 0, 5.95313], "texture": "#0"}
			}
		},
		{
			"from": [-7.375, 6.9375, -7.0625],
			"to": [-2.25, 7.3125, 30.125],
			"rotation": {"angle": 0, "axis": "y", "origin": [-20.75, -1.75, 3]},
			"faces": {
				"north": {"uv": [5.6875, 6.625, 6.01563, 6.65625], "texture": "#0"},
				"east": {"uv": [5.625, 1.75, 7.95313, 1.78125], "texture": "#0"},
				"south": {"uv": [6.0625, 6.625, 6.39063, 6.65625], "texture": "#0"},
				"west": {"uv": [6, 3, 8.32813, 3.03125], "texture": "#0"},
				"up": {"uv": [0.70313, 5.95313, 0.375, 3.625], "texture": "#0"},
				"down": {"uv": [1.07813, 3.625, 0.75, 5.95313], "texture": "#0"}
			}
		},
		{
			"from": [-7.375, 4.625, -6.0625],
			"to": [-2.25, 6.9375, -5.6875],
			"rotation": {"angle": 45, "axis": "x", "origin": [8.25, 8, -6]},
			"faces": {
				"north": {"uv": [6.4375, 5.75, 6.76563, 5.89063], "texture": "#0"},
				"east": {"uv": [0.75, 6.6875, 0.78125, 6.82813], "texture": "#0"},
				"south": {"uv": [0.3125, 6.5, 0.64063, 6.64063], "texture": "#0"},
				"west": {"uv": [0.8125, 6.6875, 0.84375, 6.82813], "texture": "#0"},
				"up": {"uv": [6.76563, 6.65625, 6.4375, 6.625], "texture": "#0"},
				"down": {"uv": [6.95313, 6.4375, 6.625, 6.46875], "texture": "#0"}
			}
		},
		{
			"from": [18.5625, 4.625, -6.0625],
			"to": [23.6875, 6.9375, -5.6875],
			"rotation": {"angle": 45, "axis": "x", "origin": [7.4375, 8, -6]},
			"faces": {
				"north": {"uv": [6.4375, 5.375, 6.76563, 5.51563], "texture": "#0"},
				"east": {"uv": [0.625, 6.6875, 0.65625, 6.82813], "texture": "#0"},
				"south": {"uv": [6.4375, 5.5625, 6.76563, 5.70313], "texture": "#0"},
				"west": {"uv": [0.6875, 6.6875, 0.71875, 6.82813], "texture": "#0"},
				"up": {"uv": [6.95313, 6.34375, 6.625, 6.3125], "texture": "#0"},
				"down": {"uv": [6.95313, 6.375, 6.625, 6.40625], "texture": "#0"}
			}
		},
		{
			"from": [-7.375, 2.9375, -8.4375],
			"to": [-2.25, 5.25, -8.0625],
			"rotation": {"angle": 0, "axis": "x", "origin": [8.25, 6.3125, -8.375]},
			"faces": {
				"north": {"uv": [2.625, 6.5, 2.95313, 6.64063], "texture": "#0"},
				"east": {"uv": [3.8125, 6.6875, 3.84375, 6.82813], "texture": "#0"},
				"south": {"uv": [3, 6.5, 3.32813, 6.64063], "texture": "#0"},
				"west": {"uv": [3.875, 6.6875, 3.90625, 6.82813], "texture": "#0"},
				"up": {"uv": [2.89063, 6.71875, 2.5625, 6.6875], "texture": "#0"},
				"down": {"uv": [3.26563, 6.6875, 2.9375, 6.71875], "texture": "#0"}
			}
		},
		{
			"from": [18.5625, 2.9375, -8.4375],
			"to": [23.6875, 5.25, -8.0625],
			"rotation": {"angle": 0, "axis": "x", "origin": [7.4375, 6.3125, -8.375]},
			"faces": {
				"north": {"uv": [6.5, 0.625, 6.82813, 0.76563], "texture": "#0"},
				"east": {"uv": [3.6875, 6.6875, 3.71875, 6.82813], "texture": "#0"},
				"south": {"uv": [1.25, 6.5, 1.57813, 6.64063], "texture": "#0"},
				"west": {"uv": [3.75, 6.6875, 3.78125, 6.82813], "texture": "#0"},
				"up": {"uv": [0.51563, 6.71875, 0.1875, 6.6875], "texture": "#0"},
				"down": {"uv": [1.57813, 6.6875, 1.25, 6.71875], "texture": "#0"}
			}
		},
		{
			"from": [-7.375, -1.125, -9.0625],
			"to": [-2.25, 2.5, -8.6875],
			"rotation": {"angle": -45, "axis": "x", "origin": [8.25, 3.5625, -9]},
			"faces": {
				"north": {"uv": [6, 6.0625, 6.32813, 6.29688], "texture": "#0"},
				"east": {"uv": [1.0625, 6, 1.09375, 6.23438], "texture": "#0"},
				"south": {"uv": [6.125, 0.625, 6.45313, 0.85938], "texture": "#0"},
				"west": {"uv": [0.5625, 6.6875, 0.59375, 6.92188], "texture": "#0"},
				"up": {"uv": [3.64063, 6.71875, 3.3125, 6.6875], "texture": "#0"},
				"down": {"uv": [7.01563, 3.3125, 6.6875, 3.34375], "texture": "#0"}
			}
		},
		{
			"from": [18.5625, -1.125, -9.0625],
			"to": [23.6875, 2.5, -8.6875],
			"rotation": {"angle": -45, "axis": "x", "origin": [7.4375, 3.5625, -9]},
			"faces": {
				"north": {"uv": [2.6875, 6.0625, 3.01563, 6.29688], "texture": "#0"},
				"east": {"uv": [5.25, 5.375, 5.28125, 5.60938], "texture": "#0"},
				"south": {"uv": [5.625, 6.0625, 5.95313, 6.29688], "texture": "#0"},
				"west": {"uv": [2.6875, 5.8125, 2.71875, 6.04688], "texture": "#0"},
				"up": {"uv": [7.01563, 3.21875, 6.6875, 3.1875], "texture": "#0"},
				"down": {"uv": [7.01563, 3.25, 6.6875, 3.28125], "texture": "#0"}
			}
		},
		{
			"from": [-7.375, 0.25, 23.5],
			"to": [-2.25, 0.625, 31.125],
			"rotation": {"angle": -22.5, "axis": "x", "origin": [8.25, 0.3125, 24.4375]},
			"faces": {
				"north": {"uv": [6.6875, 4.8125, 7.01563, 4.84375], "texture": "#0"},
				"east": {"uv": [5.1875, 6.625, 5.67188, 6.65625], "texture": "#0"},
				"south": {"uv": [6.6875, 4.875, 7.01563, 4.90625], "texture": "#0"},
				"west": {"uv": [6.625, 5.1875, 7.10938, 5.21875], "texture": "#0"},
				"up": {"uv": [5.20313, 5.85938, 4.875, 5.375], "texture": "#0"},
				"down": {"uv": [1.45313, 5.4375, 1.125, 5.92188], "texture": "#0"}
			}
		},
		{
			"from": [18.5625, 0.25, 23.5],
			"to": [23.6875, 0.625, 31.125],
			"rotation": {"angle": -22.5, "axis": "x", "origin": [7.4375, 0.3125, 24.4375]},
			"faces": {
				"north": {"uv": [6.6875, 3.625, 7.01563, 3.65625], "texture": "#0"},
				"east": {"uv": [6.625, 5.0625, 7.10938, 5.09375], "texture": "#0"},
				"south": {"uv": [6.6875, 3.6875, 7.01563, 3.71875], "texture": "#0"},
				"west": {"uv": [6.625, 5.125, 7.10938, 5.15625], "texture": "#0"},
				"up": {"uv": [5.64063, 5.60938, 5.3125, 5.125], "texture": "#0"},
				"down": {"uv": [4.82813, 5.375, 4.5, 5.85938], "texture": "#0"}
			}
		},
		{
			"from": [-7.375, 2.9375, 30.6875],
			"to": [-2.25, 4.3125, 31.0625],
			"rotation": {"angle": 22.5, "axis": "x", "origin": [8.25, 3.875, 31]},
			"faces": {
				"north": {"uv": [2.1875, 6.625, 2.51563, 6.71875], "texture": "#0"},
				"east": {"uv": [6.25, 5.9375, 6.28125, 6.03125], "texture": "#0"},
				"south": {"uv": [6.625, 2.1875, 6.95313, 2.28125], "texture": "#0"},
				"west": {"uv": [0.9375, 6.3125, 0.96875, 6.40625], "texture": "#0"},
				"up": {"uv": [5.89063, 6.71875, 5.5625, 6.6875], "texture": "#0"},
				"down": {"uv": [6.26563, 6.6875, 5.9375, 6.71875], "texture": "#0"}
			}
		},
		{
			"from": [18.5625, 2.9375, 30.6875],
			"to": [23.6875, 4.3125, 31.0625],
			"rotation": {"angle": 22.5, "axis": "x", "origin": [7.4375, 3.875, 31]},
			"faces": {
				"north": {"uv": [0.875, 6.625, 1.20313, 6.71875], "texture": "#0"},
				"east": {"uv": [5.5, 6.1875, 5.53125, 6.28125], "texture": "#0"},
				"south": {"uv": [6.625, 2.0625, 6.95313, 2.15625], "texture": "#0"},
				"west": {"uv": [5.5625, 6.1875, 5.59375, 6.28125], "texture": "#0"},
				"up": {"uv": [7.01563, 4.96875, 6.6875, 4.9375], "texture": "#0"},
				"down": {"uv": [5.51563, 6.6875, 5.1875, 6.71875], "texture": "#0"}
			}
		},
		{
			"from": [-7.375, 4.4375, 30.6875],
			"to": [-2.25, 5.8125, 31.0625],
			"rotation": {"angle": 0, "axis": "x", "origin": [8.25, 5.375, 31]},
			"faces": {
				"north": {"uv": [6.625, 2.5625, 6.95313, 2.65625], "texture": "#0"},
				"east": {"uv": [5.1875, 6.375, 5.21875, 6.46875], "texture": "#0"},
				"south": {"uv": [6.625, 2.6875, 6.95313, 2.78125], "texture": "#0"},
				"west": {"uv": [5.25, 6.375, 5.28125, 6.46875], "texture": "#0"},
				"up": {"uv": [7.01563, 6.09375, 6.6875, 6.0625], "texture": "#0"},
				"down": {"uv": [7.01563, 6.125, 6.6875, 6.15625], "texture": "#0"}
			}
		},
		{
			"from": [18.5625, 4.4375, 30.6875],
			"to": [23.6875, 5.8125, 31.0625],
			"rotation": {"angle": 0, "axis": "x", "origin": [7.4375, 5.375, 31]},
			"faces": {
				"north": {"uv": [6.625, 2.3125, 6.95313, 2.40625], "texture": "#0"},
				"east": {"uv": [1, 6.3125, 1.03125, 6.40625], "texture": "#0"},
				"south": {"uv": [6.625, 2.4375, 6.95313, 2.53125], "texture": "#0"},
				"west": {"uv": [6.3125, 5.9375, 6.34375, 6.03125], "texture": "#0"},
				"up": {"uv": [7.01563, 5.96875, 6.6875, 5.9375], "texture": "#0"},
				"down": {"uv": [7.01563, 6, 6.6875, 6.03125], "texture": "#0"}
			}
		},
		{
			"from": [-7.375, 5.625, 29.6875],
			"to": [-2.25, 7.5, 30.0625],
			"rotation": {"angle": -45, "axis": "x", "origin": [8.25, 7.0625, 30]},
			"faces": {
				"north": {"uv": [5.1875, 6.5, 5.51563, 6.625], "texture": "#0"},
				"east": {"uv": [5.375, 6.1875, 5.40625, 6.3125], "texture": "#0"},
				"south": {"uv": [5.5625, 6.5, 5.89063, 6.625], "texture": "#0"},
				"west": {"uv": [5.4375, 6.1875, 5.46875, 6.3125], "texture": "#0"},
				"up": {"uv": [6.64063, 6.71875, 6.3125, 6.6875], "texture": "#0"},
				"down": {"uv": [7.01563, 6.5, 6.6875, 6.53125], "texture": "#0"}
			}
		},
		{
			"from": [18.5625, 5.625, 29.6875],
			"to": [23.6875, 7.5, 30.0625],
			"rotation": {"angle": -45, "axis": "x", "origin": [7.4375, 7.0625, 30]},
			"faces": {
				"north": {"uv": [4.6875, 3.1875, 5.01563, 3.3125], "texture": "#0"},
				"east": {"uv": [2.0625, 5.6875, 2.09375, 5.8125], "texture": "#0"},
				"south": {"uv": [3.375, 6.5, 3.70313, 6.625], "texture": "#0"},
				"west": {"uv": [5.625, 5.9375, 5.65625, 6.0625], "texture": "#0"},
				"up": {"uv": [7.01563, 6.21875, 6.6875, 6.1875], "texture": "#0"},
				"down": {"uv": [7.01563, 6.25, 6.6875, 6.28125], "texture": "#0"}
			}
		},
		{
			"from": [-7.375, 0.0625, -5.6875],
			"to": [-2.25, 0.4375, 23.5],
			"rotation": {"angle": 0, "axis": "x", "origin": [8.25, 0.125, -6.75]},
			"faces": {
				"north": {"uv": [6.6875, 3.5, 7.01563, 3.53125], "texture": "#0"},
				"east": {"uv": [6.375, 3.75, 8.20313, 3.78125], "texture": "#0"},
				"south": {"uv": [6.6875, 3.5625, 7.01563, 3.59375], "texture": "#0"},
				"west": {"uv": [6.4375, 2, 8.26563, 2.03125], "texture": "#0"},
				"up": {"uv": [4.07813, 5.64063, 3.75, 3.8125], "texture": "#0"},
				"down": {"uv": [4.45313, 3.8125, 4.125, 5.64063], "texture": "#0"}
			}
		},
		{
			"from": [18.5625, 0.0625, -5.6875],
			"to": [23.6875, 0.4375, 23.5],
			"rotation": {"angle": 0, "axis": "x", "origin": [7.4375, 0.125, -6.75]},
			"faces": {
				"north": {"uv": [6.6875, 3.375, 7.01563, 3.40625], "texture": "#0"},
				"east": {"uv": [6.25, 4, 8.07813, 4.03125], "texture": "#0"},
				"south": {"uv": [6.6875, 3.4375, 7.01563, 3.46875], "texture": "#0"},
				"west": {"uv": [6.3125, 0.5625, 8.14063, 0.59375], "texture": "#0"},
				"up": {"uv": [2.76563, 5.51563, 2.4375, 3.6875], "texture": "#0"},
				"down": {"uv": [3.14063, 3.6875, 2.8125, 5.51563], "texture": "#0"}
			}
		},
		{
			"from": [-2.5, 3.25, 23],
			"to": [18.5, 8, 29.25],
			"rotation": {"angle": 0, "axis": "y", "origin": [6, 0, 3]},
			"faces": {
				"north": {"uv": [4.8125, 0.8125, 6.125, 1.10938], "texture": "#0"},
				"east": {"uv": [2.75, 5.75, 3.14063, 6.04688], "texture": "#0"},
				"south": {"uv": [4.8125, 1.125, 6.125, 1.42188], "texture": "#0"},
				"west": {"uv": [5.6875, 5.75, 6.07813, 6.04688], "texture": "#0"},
				"up": {"uv": [6, 0.39063, 4.6875, 0], "texture": "#0"},
				"down": {"uv": [6, 2.0625, 4.6875, 2.45313], "texture": "#0"}
			}
		},
		{
			"from": [-2.5, 7, -6],
			"to": [18.5, 9, 1],
			"rotation": {"angle": -22.5, "axis": "x", "origin": [6, 7, -1]},
			"faces": {
				"north": {"uv": [5.0625, 3.5625, 6.375, 3.6875], "texture": "#0"},
				"east": {"uv": [6.4375, 4.1875, 6.875, 4.3125], "texture": "#0"},
				"south": {"uv": [5.0625, 3.6875, 6.375, 3.8125], "texture": "#0"},
				"west": {"uv": [6.4375, 4.3125, 6.875, 4.4375], "texture": "#0"},
				"up": {"uv": [2.4375, 4.625, 1.125, 4.1875], "texture": "#0"},
				"down": {"uv": [5.8125, 3.8125, 4.5, 4.25], "texture": "#0"}
			}
		},
		{
			"from": [-2.5, 9.75, 4.75],
			"to": [18.5, 13, 11.75],
			"rotation": {"angle": -45, "axis": "x", "origin": [6, 9.75, 9.75]},
			"faces": {
				"north": {"uv": [4.8125, 1.8125, 6.125, 2.01563], "texture": "#0"},
				"east": {"uv": [5.1875, 5.9375, 5.625, 6.14063], "texture": "#0"},
				"south": {"uv": [1.125, 5.0625, 2.4375, 5.26563], "texture": "#0"},
				"west": {"uv": [0, 6, 0.4375, 6.20313], "texture": "#0"},
				"up": {"uv": [5.8125, 4.6875, 4.5, 4.25], "texture": "#0"},
				"down": {"uv": [2.4375, 4.625, 1.125, 5.0625], "texture": "#0"}
			}
		},
		{
			"from": [-2.5, 8, 20.5],
			"to": [18.5, 10.75, 25.5],
			"rotation": {"angle": 0, "axis": "x", "origin": [6, 8.25, 22.5]},
			"faces": {
				"north": {"uv": [5.0625, 3.1875, 6.375, 3.35938], "texture": "#0"},
				"east": {"uv": [6.4375, 4.4375, 6.75, 4.60938], "texture": "#0"},
				"south": {"uv": [5.0625, 3.375, 6.375, 3.54688], "texture": "#0"},
				"west": {"uv": [6.4375, 4.625, 6.75, 4.79688], "texture": "#0"},
				"up": {"uv": [6, 3.1875, 4.6875, 2.875], "texture": "#0"},
				"down": {"uv": [5.8125, 4.6875, 4.5, 5], "texture": "#0"}
			}
		},
		{
			"from": [-2.5, 8, 8],
			"to": [18.5, 13.75, 20.5],
			"rotation": {"angle": 0, "axis": "x", "origin": [6, 8.25, 20.5]},
			"faces": {
				"north": {"uv": [4.6875, 0.4375, 6, 0.79688], "texture": "#0"},
				"east": {"uv": [4.8125, 1.4375, 5.59375, 1.79688], "texture": "#0"},
				"south": {"uv": [4.6875, 2.5, 6, 2.85938], "texture": "#0"},
				"west": {"uv": [4.5, 5, 5.28125, 5.35938], "texture": "#0"},
				"up": {"uv": [3.375, 3.65625, 2.0625, 2.875], "texture": "#0"},
				"down": {"uv": [4.6875, 0, 3.375, 0.78125], "texture": "#0"}
			}
		},
		{
			"from": [8.5, 11.25, 2],
			"to": [9.5, 12.25, 8],
			"rotation": {"angle": 0, "axis": "x", "origin": [-1, 11.5, 20.5]},
			"faces": {
				"north": {"uv": [1.875, 3.625, 1.9375, 3.6875], "texture": "#0"},
				"east": {"uv": [1.125, 3.625, 1.5, 3.6875], "texture": "#0"},
				"south": {"uv": [1.9375, 3.625, 2, 3.6875], "texture": "#0"},
				"west": {"uv": [1.5, 3.625, 1.875, 3.6875], "texture": "#0"},
				"up": {"uv": [3.375, 4.0625, 3.3125, 3.6875], "texture": "#0"},
				"down": {"uv": [3.375, 4.0625, 3.3125, 4.4375], "texture": "#0"}
			}
		},
		{
			"from": [8, 11, -3.25],
			"to": [10, 12.75, 2],
			"rotation": {"angle": 0, "axis": "x", "origin": [-1, 11.5, 20.5]},
			"faces": {
				"north": {"uv": [2.125, 5.4375, 2.25, 5.54688], "texture": "#0"},
				"east": {"uv": [5.9375, 6.5, 6.26563, 6.60938], "texture": "#0"},
				"south": {"uv": [2.25, 5.4375, 2.375, 5.54688], "texture": "#0"},
				"west": {"uv": [6.3125, 6.5, 6.64063, 6.60938], "texture": "#0"},
				"up": {"uv": [3.3125, 4.01563, 3.1875, 3.6875], "texture": "#0"},
				"down": {"uv": [3.3125, 4.0625, 3.1875, 4.39063], "texture": "#0"}
			}
		},
		{
			"from": [8.5, 11.5, -10.375],
			"to": [9.25, 12.25, -3],
			"rotation": {"angle": 0, "axis": "x", "origin": [-1, 11.5, 17.25]},
			"faces": {
				"north": {"uv": [2.375, 5.5, 2.42188, 5.54688], "texture": "#0"},
				"east": {"uv": [6.5, 0.8125, 6.96875, 0.85938], "texture": "#0"},
				"south": {"uv": [5.1875, 5.875, 5.23438, 5.92188], "texture": "#0"},
				"west": {"uv": [6.625, 2.8125, 7.09375, 2.85938], "texture": "#0"},
				"up": {"uv": [5.10938, 7.03125, 5.0625, 6.5625], "texture": "#0"},
				"down": {"uv": [5.17188, 6.5625, 5.125, 7.03125], "texture": "#0"}
			}
		},
		{
			"from": [8.375, 11.375, -10.6875],
			"to": [9.375, 12.375, -10.1875],
			"rotation": {"angle": 0, "axis": "x", "origin": [-1, 11.5, 15.5625]},
			"faces": {
				"north": {"uv": [2, 3.625, 2.0625, 3.6875], "texture": "#0"},
				"east": {"uv": [3.25, 5.9375, 3.28125, 6], "texture": "#0"},
				"south": {"uv": [2.375, 5.4375, 2.4375, 5.5], "texture": "#0"},
				"west": {"uv": [3.3125, 5.9375, 3.34375, 6], "texture": "#0"},
				"up": {"uv": [6.0625, 0.78125, 6, 0.75], "texture": "#0"},
				"down": {"uv": [1.8125, 6, 1.75, 6.03125], "texture": "#0"}
			}
		},
		{
			"from": [8.1875, 11.1875, -14.5],
			"to": [9.5625, 12.5625, -10.6875],
			"rotation": {"angle": 0, "axis": "x", "origin": [-1, 11.5, 15.0625]},
			"faces": {
				"north": {"uv": [6.125, 5.9375, 6.21875, 6.03125], "texture": "#0"},
				"east": {"uv": [1.9375, 5.6875, 2.0625, 5.78125], "texture": "#0"},
				"south": {"uv": [3.0625, 6.1875, 3.15625, 6.28125], "texture": "#0"},
				"west": {"uv": [6, 0.625, 6.125, 0.71875], "texture": "#0"},
				"up": {"uv": [4.21875, 6.125, 4.125, 6], "texture": "#0"},
				"down": {"uv": [3.15625, 6.0625, 3.0625, 6.1875], "texture": "#0"}
			}
		},
		{
			"from": [7, 10, -16],
			"to": [10.75, 13.75, -13.9375],
			"rotation": {"angle": 0, "axis": "x", "origin": [-1, 11.5, 11.8125]},
			"faces": {
				"north": {"uv": [6.125, 5.9375, 6.21875, 6.03125], "texture": "#0"},
				"east": {"uv": [1.9375, 5.6875, 2.0625, 5.78125], "texture": "#0"},
				"south": {"uv": [3.0625, 6.1875, 3.15625, 6.28125], "texture": "#0"},
				"west": {"uv": [6, 0.625, 6.125, 0.71875], "texture": "#0"},
				"up": {"uv": [4.21875, 6.125, 4.125, 6], "texture": "#0"},
				"down": {"uv": [3.15625, 6.0625, 3.0625, 6.1875], "texture": "#0"}
			}
		},
		{
			"from": [4.5, 10.25, 4],
			"to": [14.5, 13.25, 8],
			"rotation": {"angle": 0, "axis": "x", "origin": [-1, 11.5, 20.5]},
			"faces": {
				"north": {"uv": [2.75, 5.5625, 3.375, 5.75], "texture": "#0"},
				"east": {"uv": [4.25, 5.6875, 4.5, 5.875], "texture": "#0"},
				"south": {"uv": [5.625, 1.4375, 6.25, 1.625], "texture": "#0"},
				"west": {"uv": [6.4375, 4.8125, 6.6875, 5], "texture": "#0"},
				"up": {"uv": [2.125, 5.6875, 1.5, 5.4375], "texture": "#0"},
				"down": {"uv": [2.75, 5.5625, 2.125, 5.8125], "texture": "#0"}
			}
		},
		{
			"from": [-2.5, 9.25, 3.75],
			"to": [4.5, 13, 8],
			"rotation": {"angle": 0, "axis": "x", "origin": [-8, 11.5, 20.5]},
			"faces": {
				"north": {"uv": [1.9375, 5.8125, 2.375, 6.04688], "texture": "#0"},
				"east": {"uv": [6.125, 1.1875, 6.39063, 1.42188], "texture": "#0"},
				"south": {"uv": [5.8125, 3.8125, 6.25, 4.04688], "texture": "#0"},
				"west": {"uv": [6.125, 1.8125, 6.39063, 2.04688], "texture": "#0"},
				"up": {"uv": [5.6875, 5.89063, 5.25, 5.625], "texture": "#0"},
				"down": {"uv": [1.9375, 5.6875, 1.5, 5.95313], "texture": "#0"}
			}
		},
		{
			"from": [-1.5, 11.25, 3],
			"to": [3.75, 12, 3.75],
			"rotation": {"angle": 0, "axis": "x", "origin": [-8, 11.5, 20.5]},
			"faces": {
				"north": {"uv": [6.625, 2.875, 6.95313, 2.92188], "texture": "#0"},
				"east": {"uv": [1.4375, 5.9375, 1.48438, 5.98438], "texture": "#0"},
				"south": {"uv": [6.625, 2.9375, 6.95313, 2.98438], "texture": "#0"},
				"west": {"uv": [3.1875, 5.9375, 3.23438, 5.98438], "texture": "#0"},
				"up": {"uv": [3.70313, 6.67188, 3.375, 6.625], "texture": "#0"},
				"down": {"uv": [6.95313, 5, 6.625, 5.04688], "texture": "#0"}
			}
		},
		{
			"from": [11.5, 9.25, 3.75],
			"to": [18.5, 13.5, 8],
			"rotation": {"angle": 0, "axis": "x", "origin": [6, 11.5, 20.5]},
			"faces": {
				"north": {"uv": [3.375, 5.6875, 3.8125, 5.95313], "texture": "#0"},
				"east": {"uv": [2.0625, 6.0625, 2.32813, 6.32813], "texture": "#0"},
				"south": {"uv": [3.8125, 5.6875, 4.25, 5.95313], "texture": "#0"},
				"west": {"uv": [6.125, 0.875, 6.39063, 1.14063], "texture": "#0"},
				"up": {"uv": [6.125, 5.39063, 5.6875, 5.125], "texture": "#0"},
				"down": {"uv": [6.125, 5.4375, 5.6875, 5.70313], "texture": "#0"}
			}
		},
		{
			"from": [-2.5, 2, -8],
			"to": [18.5, 4, -0.25],
			"rotation": {"angle": 45, "axis": "x", "origin": [6, 2, -3]},
			"faces": {
				"north": {"uv": [1.125, 5.3125, 2.4375, 5.4375], "texture": "#0"},
				"east": {"uv": [6.125, 5.125, 6.60938, 5.25], "texture": "#0"},
				"south": {"uv": [5.3125, 5, 6.625, 5.125], "texture": "#0"},
				"west": {"uv": [6.125, 5.25, 6.60938, 5.375], "texture": "#0"},
				"up": {"uv": [2.4375, 4.17188, 1.125, 3.6875], "texture": "#0"},
				"down": {"uv": [5.0625, 3.3125, 3.75, 3.79688], "texture": "#0"}
			}
		},
		{
			"from": [0, 14, 10],
			"to": [6, 20, 12],
			"rotation": {"angle": 0, "axis": "y", "origin": [0, 14, 10]},
			"faces": {
				"north": {"uv": [0, 0, 3, 3], "texture": "#1"},
				"east": {"uv": [4, 6, 5, 9], "texture": "#1"},
				"south": {"uv": [0, 3, 3, 6], "texture": "#1"},
				"west": {"uv": [5, 6, 6, 9], "texture": "#1"},
				"up": {"uv": [9, 7, 6, 6], "texture": "#1"},
				"down": {"uv": [10, 0, 7, 1], "texture": "#1"}
			}
		},
		{
			"from": [1, 20, 9],
			"to": [5, 24, 13],
			"rotation": {"angle": 0, "axis": "y", "origin": [0, 20, 10]},
			"faces": {
				"north": {"uv": [3, 0, 5, 2], "texture": "#1"},
				"east": {"uv": [3, 2, 5, 4], "texture": "#1"},
				"south": {"uv": [3, 4, 5, 6], "texture": "#1"},
				"west": {"uv": [5, 0, 7, 2], "texture": "#1"},
				"up": {"uv": [7, 4, 5, 2], "texture": "#1"},
				"down": {"uv": [7, 4, 5, 6], "texture": "#1"}
			}
		},
		{
			"from": [6, 14, 10],
			"to": [8, 20, 12],
			"rotation": {"angle": 0, "axis": "y", "origin": [0, 14, 10]},
			"faces": {
				"north": {"uv": [0, 6, 1, 9], "texture": "#1"},
				"east": {"uv": [1, 6, 2, 9], "texture": "#1"},
				"south": {"uv": [2, 6, 3, 9], "texture": "#1"},
				"west": {"uv": [3, 6, 4, 9], "texture": "#1"},
				"up": {"uv": [10, 6.5, 9, 5.5], "texture": "#1"},
				"down": {"uv": [10, 6.5, 9, 7.5], "texture": "#1"}
			}
		},
		{
			"from": [6, 14, 7],
			"to": [8, 16, 10],
			"rotation": {"angle": 0, "axis": "y", "origin": [0, 14, 10]},
			"faces": {
				"north": {"uv": [3.5, 9, 4.5, 10], "texture": "#1"},
				"east": {"uv": [8, 8.5, 9.5, 9.5], "texture": "#1"},
				"south": {"uv": [4.5, 9, 5.5, 10], "texture": "#1"},
				"west": {"uv": [0, 9, 1.5, 10], "texture": "#1"},
				"up": {"uv": [10, 2.5, 9, 1], "texture": "#1"},
				"down": {"uv": [2.5, 9, 1.5, 10.5], "texture": "#1"}
			}
		},
		{
			"from": [-2, 14, 7],
			"to": [0, 16, 10],
			"rotation": {"angle": 0, "axis": "y", "origin": [-8, 14, 10]},
			"faces": {
				"north": {"uv": [2.5, 9, 3.5, 10], "texture": "#1"},
				"east": {"uv": [7, 4, 8.5, 5], "texture": "#1"},
				"south": {"uv": [9, 2.5, 10, 3.5], "texture": "#1"},
				"west": {"uv": [7, 5, 8.5, 6], "texture": "#1"},
				"up": {"uv": [9, 8.5, 8, 7], "texture": "#1"},
				"down": {"uv": [9.5, 4, 8.5, 5.5], "texture": "#1"}
			}
		},
		{
			"from": [-2, 14, 10],
			"to": [0, 20, 12],
			"rotation": {"angle": 0, "axis": "y", "origin": [-8, 14, 10]},
			"faces": {
				"north": {"uv": [7, 1, 8, 4], "texture": "#1"},
				"east": {"uv": [6, 7, 7, 10], "texture": "#1"},
				"south": {"uv": [7, 7, 8, 10], "texture": "#1"},
				"west": {"uv": [8, 1, 9, 4], "texture": "#1"},
				"up": {"uv": [10, 8.5, 9, 7.5], "texture": "#1"},
				"down": {"uv": [10.5, 3.5, 9.5, 4.5], "texture": "#1"}
			}
		}
	],
	"display": {
		"thirdperson_righthand": {
			"scale": [0.19, 0.17, 0.18]
		},
		"thirdperson_lefthand": {
			"scale": [0.19, 0.17, 0.18]
		},
		"firstperson_righthand": {
			"translation": [0, 3, 0],
			"scale": [0.18, 0.16, 0.16]
		},
		"firstperson_lefthand": {
			"translation": [0, 3, 0],
			"scale": [0.18, 0.16, 0.16]
		},
		"ground": {
			"scale": [0.25, 0.25, 0.22]
		},
		"head": {
			"translation": [0, -11.5, -6.75],
			"scale": [4, 4, 4]
		},
		"fixed": {
			"rotation": [-90, 0, 0],
			"translation": [0, -0.75, -4.75],
			"scale": [0.55859, 0.61523, 0.56445]
		}
	}
}