{
    "model": {
        "type": "range_dispatch",
        "property": "custom_model_data",
        "fallback": {
            "type": "model",
            "model": "item/ender_eye"
        },
        "entries": [
            {
                "threshold": 9,
                "model": {
                    "type": "model",
                    "model": "item/rasenmaeher"
                }
            },
            {
                "threshold": 10,
                "model": {
                    "type": "model",
                    "model": "item/bierkiste"
                }
            },
            {
                "threshold": 11,
                "model": {
                    "type": "model",
                    "model": "item/bierkiste_voll"
                }
            },
            {
                "threshold": 12,
                "model": {
                    "type": "model",
                    "model": "item/laptop"
                }
            },
            {
                "threshold": 13,
                "model": {
                    "type": "model",
                    "model": "item/poland"
                }
            },
            {
                "threshold": 14,
                "model": {
                    "type": "model",
                    "model": "item/warnschild"
                }
            },
            {
                "threshold": 15,
                "model": {
                    "type": "model",
                    "model": "item/deskfan"
                }
            },
            {
                "threshold": 16,
                "model": {
                    "type": "model",
                    "model": "item/PL_Pictureframe"
                }
            },
            {
                "threshold": 17,
                "model": {
                    "type": "model",
                    "model": "item/poster"
                }
            },
            {
                "threshold": 18,
                "model": {
                    "type": "model",
                    "model": "item/palme"
                }
            },
            {
                "threshold": 19,
                "model": {
                    "type": "model",
                    "model": "item/bogen"
                }
            },
            {
                "threshold": 20,
                "model": {
                    "type": "model",
                    "model": "item/nikitri_waifupillow"
                }
            },
            {
                "threshold": 21,
                "model": {
                    "type": "model",
                    "model": "item/nikitri_waifupillow2"
                }
            },
            {
                "threshold": 22,
                "model": {
                    "type": "model",
                    "model": "item/kebabmaschine"
                }
            },
            {
                "threshold": 123459,
                "model": {
                    "type": "model",
                    "model": "item/blackhawk"
                }
            }
        ]
    }
}