{
	"credit": "Made with Blockbench",
	"texture_size": [32, 32],
	"textures": {
		"0": "item/kebabmaschine",
		"1": "item/kebabfleisch",
		"particle": "item/kebabmaschine"
	},
	"elements": [
		{
			"from": [2, 0, 15],
			"to": [14, 12, 16],
			"rotation": {"angle": 0, "axis": "y", "origin": [7, 0, 14]},
			"faces": {
				"north": {"uv": [0, 3.25, 3, 6.25], "texture": "#0"},
				"east": {"uv": [4.25, 6.25, 4.5, 9.25], "texture": "#0"},
				"south": {"uv": [3, 3.25, 6, 6.25], "texture": "#0"},
				"west": {"uv": [4.5, 6.25, 4.75, 9.25], "texture": "#0"},
				"up": {"uv": [4, 7, 1, 6.75], "texture": "#0"},
				"down": {"uv": [10, 0, 7, 0.25], "texture": "#0"}
			}
		},
		{
			"from": [2, 0, 2],
			"to": [14, 1, 15],
			"rotation": {"angle": 0, "axis": "y", "origin": [7, 0, 14]},
			"faces": {
				"north": {"uv": [7, 0.25, 10, 0.5], "texture": "#0"},
				"east": {"uv": [1, 6.25, 4.25, 6.5], "texture": "#0"},
				"south": {"uv": [7, 0.5, 10, 0.75], "texture": "#0"},
				"west": {"uv": [1, 6.5, 4.25, 6.75], "texture": "#0"},
				"up": {"uv": [3, 3.25, 0, 0], "texture": "#0"},
				"down": {"uv": [6, 0, 3, 3.25], "texture": "#0"}
			}
		},
		{
			"from": [7.5, 1, 8.5],
			"to": [8.5, 12, 9.5],
			"rotation": {"angle": 0, "axis": "y", "origin": [7, 0, 14]},
			"faces": {
				"north": {"uv": [5.75, 6.25, 6, 9], "texture": "#0"},
				"east": {"uv": [4, 6.75, 4.25, 9.5], "texture": "#0"},
				"south": {"uv": [7, 0.75, 7.25, 3.5], "texture": "#0"},
				"west": {"uv": [1, 7, 1.25, 9.75], "texture": "#0"},
				"up": {"uv": [2.5, 7.25, 2.25, 7], "texture": "#0"},
				"down": {"uv": [2.75, 7, 2.5, 7.25], "texture": "#0"}
			}
		},
		{
			"from": [1, 0, 12],
			"to": [2, 12, 16],
			"rotation": {"angle": 0, "axis": "y", "origin": [7, 0, 14]},
			"faces": {
				"north": {"uv": [4.75, 6.25, 5, 9.25], "texture": "#0"},
				"east": {"uv": [6, 0, 7, 3], "texture": "#0"},
				"south": {"uv": [5, 6.25, 5.25, 9.25], "texture": "#0"},
				"west": {"uv": [6, 3, 7, 6], "texture": "#0"},
				"up": {"uv": [1.5, 8, 1.25, 7], "texture": "#0"},
				"down": {"uv": [1.75, 7, 1.5, 8], "texture": "#0"}
			}
		},
		{
			"from": [14, 0, 12],
			"to": [15, 12, 16],
			"rotation": {"angle": 0, "axis": "y", "origin": [20, 0, 14]},
			"faces": {
				"north": {"uv": [5.25, 6.25, 5.5, 9.25], "texture": "#0"},
				"east": {"uv": [6, 6, 7, 9], "texture": "#0"},
				"south": {"uv": [5.5, 6.25, 5.75, 9.25], "texture": "#0"},
				"west": {"uv": [0, 6.25, 1, 9.25], "texture": "#0"},
				"up": {"uv": [2, 8, 1.75, 7], "texture": "#0"},
				"down": {"uv": [2.25, 7, 2, 8], "texture": "#0"}
			}
		},
		{
			"from": [6.4375, 1, 7.4375],
			"to": [9.5625, 2, 10.5625],
			"rotation": {"angle": 0, "axis": "y", "origin": [7, 1, 8]},
			"faces": {
				"north": {"uv": [13.5, 3.5, 15, 4], "texture": "#1"},
				"east": {"uv": [4, 13.5, 5.5, 14], "texture": "#1"},
				"south": {"uv": [13.5, 4, 15, 4.5], "texture": "#1"},
				"west": {"uv": [13.5, 4.5, 15, 5], "texture": "#1"},
				"up": {"uv": [13, 6.5, 11.5, 5], "texture": "#1"},
				"down": {"uv": [13, 6.5, 11.5, 8], "texture": "#1"}
			}
		},
		{
			"from": [6.25, 2, 7.25],
			"to": [9.75, 3, 10.75],
			"rotation": {"angle": 0, "axis": "y", "origin": [7, 2, 8]},
			"faces": {
				"north": {"uv": [11.5, 13, 13.25, 13.5], "texture": "#1"},
				"east": {"uv": [0, 13.5, 1.75, 14], "texture": "#1"},
				"south": {"uv": [2, 13.5, 3.75, 14], "texture": "#1"},
				"west": {"uv": [13.5, 3, 15.25, 3.5], "texture": "#1"},
				"up": {"uv": [12.25, 12.25, 10.5, 10.5], "texture": "#1"},
				"down": {"uv": [13.25, 3, 11.5, 4.75], "texture": "#1"}
			}
		},
		{
			"from": [6, 3, 7],
			"to": [10, 4, 11],
			"rotation": {"angle": 0, "axis": "y", "origin": [7, 3, 8]},
			"faces": {
				"north": {"uv": [13, 7, 15, 7.5], "texture": "#1"},
				"east": {"uv": [7.5, 13, 9.5, 13.5], "texture": "#1"},
				"south": {"uv": [13, 7.5, 15, 8], "texture": "#1"},
				"west": {"uv": [9.5, 13, 11.5, 13.5], "texture": "#1"},
				"up": {"uv": [8.5, 12, 6.5, 10], "texture": "#1"},
				"down": {"uv": [10.5, 10.5, 8.5, 12.5], "texture": "#1"}
			}
		},
		{
			"from": [5.9375, 3.9375, 6.6875],
			"to": [10.125, 5.0625, 11.1875],
			"rotation": {"angle": 0, "axis": "y", "origin": [7, 4, 8]},
			"faces": {
				"north": {"uv": [6.5, 12, 8.5, 12.5], "texture": "#1"},
				"east": {"uv": [13, 5.5, 15.25, 6], "texture": "#1"},
				"south": {"uv": [13, 6.5, 15, 7], "texture": "#1"},
				"west": {"uv": [13, 6, 15.25, 6.5], "texture": "#1"},
				"up": {"uv": [4.5, 12.25, 2.5, 10], "texture": "#1"},
				"down": {"uv": [6.5, 10, 4.5, 12.25], "texture": "#1"}
			}
		},
		{
			"from": [5.625, 4.9375, 6.375],
			"to": [10.4375, 6.0625, 11.5],
			"rotation": {"angle": 0, "axis": "y", "origin": [7, 5, 8]},
			"faces": {
				"north": {"uv": [0, 13, 2.5, 13.5], "texture": "#1"},
				"east": {"uv": [2.5, 13, 5, 13.5], "texture": "#1"},
				"south": {"uv": [5, 13, 7.5, 13.5], "texture": "#1"},
				"west": {"uv": [13, 5, 15.5, 5.5], "texture": "#1"},
				"up": {"uv": [11.5, 10.5, 9, 8], "texture": "#1"},
				"down": {"uv": [2.5, 10, 0, 12.5], "texture": "#1"}
			}
		},
		{
			"from": [5.1875, 5.9375, 5.9375],
			"to": [10.875, 7.0625, 11.9375],
			"rotation": {"angle": 0, "axis": "y", "origin": [7, 6, 8]},
			"faces": {
				"north": {"uv": [12, 12.5, 14.75, 13], "texture": "#1"},
				"east": {"uv": [9, 12.5, 12, 13], "texture": "#1"},
				"south": {"uv": [12.5, 12, 15.25, 12.5], "texture": "#1"},
				"west": {"uv": [12.5, 10.5, 15.5, 11], "texture": "#1"},
				"up": {"uv": [8.75, 10, 6, 7], "texture": "#1"},
				"down": {"uv": [11.75, 0, 9, 3], "texture": "#1"}
			}
		},
		{
			"from": [5.3125, 6.9375, 6.0625],
			"to": [10.75, 8.0625, 11.8125],
			"rotation": {"angle": 0, "axis": "y", "origin": [7, 7, 8]},
			"faces": {
				"north": {"uv": [12.5, 11, 15.25, 11.5], "texture": "#1"},
				"east": {"uv": [3, 12.5, 6, 13], "texture": "#1"},
				"south": {"uv": [12.5, 11.5, 15.25, 12], "texture": "#1"},
				"west": {"uv": [6, 12.5, 9, 13], "texture": "#1"},
				"up": {"uv": [2.75, 10, 0, 7], "texture": "#1"},
				"down": {"uv": [5.75, 7, 3, 10], "texture": "#1"}
			}
		},
		{
			"from": [5, 7.9375, 5.75],
			"to": [11.0625, 9.0625, 12.125],
			"rotation": {"angle": 0, "axis": "y", "origin": [7, 8, 8]},
			"faces": {
				"north": {"uv": [12, 2.5, 15, 3], "texture": "#1"},
				"east": {"uv": [11.5, 10, 14.75, 10.5], "texture": "#1"},
				"south": {"uv": [0, 12.5, 3, 13], "texture": "#1"},
				"west": {"uv": [12, 0, 15.25, 0.5], "texture": "#1"},
				"up": {"uv": [9, 3.25, 6, 0], "texture": "#1"},
				"down": {"uv": [9, 3.5, 6, 6.75], "texture": "#1"}
			}
		},
		{
			"from": [5.0625, 8.9375, 5.8125],
			"to": [11, 10.0625, 12.0625],
			"rotation": {"angle": 0, "axis": "y", "origin": [7, 9, 8]},
			"faces": {
				"north": {"uv": [12, 1.5, 15, 2], "texture": "#1"},
				"east": {"uv": [11.5, 9, 14.75, 9.5], "texture": "#1"},
				"south": {"uv": [12, 2, 15, 2.5], "texture": "#1"},
				"west": {"uv": [11.5, 9.5, 14.75, 10], "texture": "#1"},
				"up": {"uv": [3, 6.75, 0, 3.5], "texture": "#1"},
				"down": {"uv": [6, 3.5, 3, 6.75], "texture": "#1"}
			}
		},
		{
			"from": [5, 9.9375, 5.75],
			"to": [11.0625, 11.0625, 12.125],
			"rotation": {"angle": 0, "axis": "y", "origin": [7, 10, 8]},
			"faces": {
				"north": {"uv": [12, 0.5, 15, 1], "texture": "#1"},
				"east": {"uv": [11.5, 8, 14.75, 8.5], "texture": "#1"},
				"south": {"uv": [12, 1, 15, 1.5], "texture": "#1"},
				"west": {"uv": [11.5, 8.5, 14.75, 9], "texture": "#1"},
				"up": {"uv": [3, 3.25, 0, 0], "texture": "#1"},
				"down": {"uv": [6, 0, 3, 3.25], "texture": "#1"}
			}
		},
		{
			"from": [5.5625, 11.0625, 6.75],
			"to": [10.6875, 11.375, 11.625],
			"rotation": {"angle": 0, "axis": "y", "origin": [7, 11, 8]},
			"faces": {
				"north": {"uv": [5.5, 13.5, 8, 13.75], "texture": "#1"},
				"east": {"uv": [8, 13.5, 10.5, 13.75], "texture": "#1"},
				"south": {"uv": [10.5, 13.5, 13, 13.75], "texture": "#1"},
				"west": {"uv": [13, 13.5, 15.5, 13.75], "texture": "#1"},
				"up": {"uv": [11.5, 5.5, 9, 3], "texture": "#1"},
				"down": {"uv": [11.5, 5.5, 9, 8], "texture": "#1"}
			}
		}
	],
	"display": {
		"firstperson_righthand": {
			"rotation": [0, 111, 0],
			"translation": [0, 4.5, 0]
		},
		"firstperson_lefthand": {
			"rotation": [0, 111, 0],
			"translation": [0, 4.5, 0]
		},
		"ground": {
			"translation": [0, 4.5, 0]
		},
		"gui": {
			"rotation": [-172.07, 41.02, -178.76],
			"translation": [-1.5, 0.75, 0]
		},
		"fixed": {
			"rotation": [-90, 0, 0],
			"translation": [0, -1.5, -18.75],
			"scale": [2.1907, 2.49414, 1.95313]
		}
	}
}