{
	"credit": "Made with Blockbench",
	"texture_size": [64, 64],
	"textures": {
		"0": "item/holz",
		"1": "item/pflanzenn",
		"particle": "item/holz"
	},
	"elements": [
		{
			"from": [24.17, 0, 2.4875],
			"to": [25.64, 11.76, 3.2225],
			"rotation": {"angle": 0, "axis": "y", "origin": [13.88, 0, 2.12]},
			"faces": {
				"north": {"uv": [0, 0, 0.375, 2.9375], "texture": "#0"},
				"east": {"uv": [0.5, 6, 0.6875, 8.9375], "texture": "#0"},
				"south": {"uv": [0.5, 0, 0.875, 2.9375], "texture": "#0"},
				"west": {"uv": [0.75, 6, 0.9375, 8.9375], "texture": "#0"},
				"up": {"uv": [6.875, 1.6875, 6.5, 1.5], "texture": "#0"},
				"down": {"uv": [6.875, 1.75, 6.5, 1.9375], "texture": "#0"}
			}
		},
		{
			"from": [24.5375, 3.3075, 3.2225],
			"to": [25.2725, 4.41, 14.2475],
			"rotation": {"angle": 0, "axis": "y", "origin": [13.88, 3.3075, 2.855]},
			"faces": {
				"north": {"uv": [4.25, 6.75, 4.4375, 7], "texture": "#0"},
				"east": {"uv": [3.5, 2.5, 6.25, 2.75], "texture": "#0"},
				"south": {"uv": [4.5, 6.75, 4.6875, 7], "texture": "#0"},
				"west": {"uv": [3.5, 2.75, 6.25, 3], "texture": "#0"},
				"up": {"uv": [6.1875, 8.75, 6, 6], "texture": "#0"},
				"down": {"uv": [2.6875, 6.25, 2.5, 9], "texture": "#0"}
			}
		},
		{
			"from": [24.5375, 9.1875, 3.2225],
			"to": [25.2725, 10.29, 14.2475],
			"rotation": {"angle": 0, "axis": "y", "origin": [13.88, 9.1875, 2.855]},
			"faces": {
				"north": {"uv": [4.75, 6.75, 4.9375, 7], "texture": "#0"},
				"east": {"uv": [5.5, 3, 8.25, 3.25], "texture": "#0"},
				"south": {"uv": [5, 6.75, 5.1875, 7], "texture": "#0"},
				"west": {"uv": [5.5, 3.25, 8.25, 3.5], "texture": "#0"},
				"up": {"uv": [2.9375, 9, 2.75, 6.25], "texture": "#0"},
				"down": {"uv": [3.1875, 6.25, 3, 9], "texture": "#0"}
			}
		},
		{
			"from": [24.5375, 15.0675, 3.2225],
			"to": [25.2725, 16.17, 14.2475],
			"rotation": {"angle": 0, "axis": "y", "origin": [13.88, 15.0675, 2.855]},
			"faces": {
				"north": {"uv": [5.25, 6.75, 5.4375, 7], "texture": "#0"},
				"east": {"uv": [5.5, 3.5, 8.25, 3.75], "texture": "#0"},
				"south": {"uv": [6.75, 6, 6.9375, 6.25], "texture": "#0"},
				"west": {"uv": [5.5, 3.75, 8.25, 4], "texture": "#0"},
				"up": {"uv": [3.4375, 9, 3.25, 6.25], "texture": "#0"},
				"down": {"uv": [3.6875, 6.25, 3.5, 9], "texture": "#0"}
			}
		},
		{
			"from": [24.17, 11.76, 2.4875],
			"to": [25.64, 23.52, 3.2225],
			"rotation": {"angle": 0, "axis": "y", "origin": [13.88, 11.76, 2.12]},
			"faces": {
				"north": {"uv": [1, 0, 1.375, 2.9375], "texture": "#0"},
				"east": {"uv": [1, 6, 1.1875, 8.9375], "texture": "#0"},
				"south": {"uv": [1.5, 0, 1.875, 2.9375], "texture": "#0"},
				"west": {"uv": [1.25, 6, 1.4375, 8.9375], "texture": "#0"},
				"up": {"uv": [6.875, 2.1875, 6.5, 2], "texture": "#0"},
				"down": {"uv": [6.875, 2.25, 6.5, 2.4375], "texture": "#0"}
			}
		},
		{
			"from": [24.17, 11.76, 14.2475],
			"to": [25.64, 23.52, 14.9825],
			"rotation": {"angle": 0, "axis": "y", "origin": [13.88, 11.76, 13.88]},
			"faces": {
				"north": {"uv": [1.5, 3, 1.875, 5.9375], "texture": "#0"},
				"east": {"uv": [2, 6, 2.1875, 8.9375], "texture": "#0"},
				"south": {"uv": [2, 3, 2.375, 5.9375], "texture": "#0"},
				"west": {"uv": [2.25, 6, 2.4375, 8.9375], "texture": "#0"},
				"up": {"uv": [4.875, 6.6875, 4.5, 6.5], "texture": "#0"},
				"down": {"uv": [5.375, 6.5, 5, 6.6875], "texture": "#0"}
			}
		},
		{
			"from": [24.17, 0, 14.2475],
			"to": [25.64, 11.76, 14.9825],
			"rotation": {"angle": 0, "axis": "y", "origin": [13.88, 0, 13.88]},
			"faces": {
				"north": {"uv": [0.5, 3, 0.875, 5.9375], "texture": "#0"},
				"east": {"uv": [1.5, 6, 1.6875, 8.9375], "texture": "#0"},
				"south": {"uv": [1, 3, 1.375, 5.9375], "texture": "#0"},
				"west": {"uv": [1.75, 6, 1.9375, 8.9375], "texture": "#0"},
				"up": {"uv": [6.875, 2.6875, 6.5, 2.5], "texture": "#0"},
				"down": {"uv": [6.875, 2.75, 6.5, 2.9375], "texture": "#0"}
			}
		},
		{
			"from": [30.05, 9.9225, 2.12],
			"to": [31.1525, 21.6825, 3.59],
			"rotation": {"angle": 45, "axis": "z", "origin": [19.76, 9.9225, 2.12]},
			"faces": {
				"north": {"uv": [5, 3.5, 5.25, 6.4375], "texture": "#0"},
				"east": {"uv": [0, 3, 0.375, 5.9375], "texture": "#0"},
				"south": {"uv": [5.25, 3.5, 5.5, 6.4375], "texture": "#0"},
				"west": {"uv": [3, 0, 3.375, 2.9375], "texture": "#0"},
				"up": {"uv": [4.25, 6.625, 4, 6.25], "texture": "#0"},
				"down": {"uv": [4.5, 6.25, 4.25, 6.625], "texture": "#0"}
			}
		},
		{
			"from": [30.05, 9.9225, 13.88],
			"to": [31.1525, 21.6825, 15.35],
			"rotation": {"angle": 45, "axis": "z", "origin": [19.76, 9.9225, 13.88]},
			"faces": {
				"north": {"uv": [4.5, 3.5, 4.75, 6.4375], "texture": "#0"},
				"east": {"uv": [2, 0, 2.375, 2.9375], "texture": "#0"},
				"south": {"uv": [4.75, 3.5, 5, 6.4375], "texture": "#0"},
				"west": {"uv": [2.5, 0, 2.875, 2.9375], "texture": "#0"},
				"up": {"uv": [6.5, 2.875, 6.25, 2.5], "texture": "#0"},
				"down": {"uv": [4, 6.25, 3.75, 6.625], "texture": "#0"}
			}
		},
		{
			"from": [30.05, 13.5975, 3.59],
			"to": [31.1525, 14.7, 13.88],
			"rotation": {"angle": 45, "axis": "z", "origin": [19.76, 9.9225, 12.41]},
			"faces": {
				"north": {"uv": [6.25, 6.5, 6.5, 6.75], "texture": "#0"},
				"east": {"uv": [5.5, 4, 8.0625, 4.25], "texture": "#0"},
				"south": {"uv": [6.5, 6.5, 6.75, 6.75], "texture": "#0"},
				"west": {"uv": [5.5, 4.25, 8.0625, 4.5], "texture": "#0"},
				"up": {"uv": [5.75, 7.0625, 5.5, 4.5], "texture": "#0"},
				"down": {"uv": [6, 4.5, 5.75, 7.0625], "texture": "#0"}
			}
		},
		{
			"from": [30.05, 18.0075, 3.59],
			"to": [31.1525, 19.11, 13.88],
			"rotation": {"angle": 45, "axis": "z", "origin": [19.76, 9.9225, 12.41]},
			"faces": {
				"north": {"uv": [3.75, 6.75, 4, 7], "texture": "#0"},
				"east": {"uv": [6, 4.5, 8.5625, 4.75], "texture": "#0"},
				"south": {"uv": [4, 6.75, 4.25, 7], "texture": "#0"},
				"west": {"uv": [6, 4.75, 8.5625, 5], "texture": "#0"},
				"up": {"uv": [0.25, 8.5625, 0, 6], "texture": "#0"},
				"down": {"uv": [0.5, 6, 0.25, 8.5625], "texture": "#0"}
			}
		},
		{
			"from": [8, 25.3575, 2.12],
			"to": [19.76, 26.46, 3.59],
			"rotation": {"angle": 0, "axis": "z", "origin": [19.76, 15.0675, 2.12]},
			"faces": {
				"north": {"uv": [3.5, 2, 6.4375, 2.25], "texture": "#0"},
				"east": {"uv": [6.5, 0, 6.875, 0.25], "texture": "#0"},
				"south": {"uv": [3.5, 2.25, 6.4375, 2.5], "texture": "#0"},
				"west": {"uv": [6.5, 0.25, 6.875, 0.5], "texture": "#0"},
				"up": {"uv": [6.4375, 0.875, 3.5, 0.5], "texture": "#0"},
				"down": {"uv": [6.4375, 1, 3.5, 1.375], "texture": "#0"}
			}
		},
		{
			"from": [15.7175, 25.3575, 3.59],
			"to": [17.1875, 26.46, 13.88],
			"rotation": {"angle": 0, "axis": "z", "origin": [19.76, 15.0675, 2.12]},
			"faces": {
				"north": {"uv": [6.5, 0.5, 6.875, 0.75], "texture": "#0"},
				"east": {"uv": [6, 5, 8.5625, 5.25], "texture": "#0"},
				"south": {"uv": [6.5, 0.75, 6.875, 1], "texture": "#0"},
				"west": {"uv": [6, 5.25, 8.5625, 5.5], "texture": "#0"},
				"up": {"uv": [2.875, 6.0625, 2.5, 3.5], "texture": "#0"},
				"down": {"uv": [3.375, 3.5, 3, 6.0625], "texture": "#0"}
			}
		},
		{
			"from": [10.94, 25.3575, 3.59],
			"to": [12.41, 26.46, 13.88],
			"rotation": {"angle": 0, "axis": "z", "origin": [19.76, 15.0675, 2.12]},
			"faces": {
				"north": {"uv": [6.5, 1, 6.875, 1.25], "texture": "#0"},
				"east": {"uv": [6, 5.5, 8.5625, 5.75], "texture": "#0"},
				"south": {"uv": [6.5, 1.25, 6.875, 1.5], "texture": "#0"},
				"west": {"uv": [6, 5.75, 8.5625, 6], "texture": "#0"},
				"up": {"uv": [3.875, 6.0625, 3.5, 3.5], "texture": "#0"},
				"down": {"uv": [4.375, 3.5, 4, 6.0625], "texture": "#0"}
			}
		},
		{
			"from": [8, 25.3575, 13.88],
			"to": [19.76, 26.46, 15.35],
			"rotation": {"angle": 0, "axis": "z", "origin": [19.76, 15.0675, 13.88]},
			"faces": {
				"north": {"uv": [3.5, 1.5, 6.4375, 1.75], "texture": "#0"},
				"east": {"uv": [6.25, 6, 6.625, 6.25], "texture": "#0"},
				"south": {"uv": [3.5, 1.75, 6.4375, 2], "texture": "#0"},
				"west": {"uv": [6.25, 6.25, 6.625, 6.5], "texture": "#0"},
				"up": {"uv": [5.4375, 3.375, 2.5, 3], "texture": "#0"},
				"down": {"uv": [6.4375, 0, 3.5, 0.375], "texture": "#0"}
			}
		},
		{
			"from": [11.5625, 24, 1],
			"to": [15.875, 27, 5],
			"faces": {
				"north": {"uv": [0, 5, 1.5, 10], "texture": "#1"},
				"east": {"uv": [0, 0, 4.25, 5], "texture": "#1"},
				"south": {"uv": [1.5, 5, 3, 10], "texture": "#1"},
				"west": {"uv": [4.25, 0, 8.5, 5], "texture": "#1"},
				"up": {"uv": [4.5, 9.25, 3, 5], "texture": "#1"},
				"down": {"uv": [6, 5, 4.5, 9.25], "texture": "#1"}
			}
		},
		{
			"from": [14.375, 24, 12.6875],
			"to": [17.625, 27, 16.6875],
			"faces": {
				"north": {"uv": [0, 5, 1.5, 10], "texture": "#1"},
				"east": {"uv": [0, 0, 4.25, 5], "texture": "#1"},
				"south": {"uv": [1.5, 5, 3, 10], "texture": "#1"},
				"west": {"uv": [4.25, 0, 8.5, 5], "texture": "#1"},
				"up": {"uv": [4.5, 9.25, 3, 5], "texture": "#1"},
				"down": {"uv": [6, 5, 4.5, 9.25], "texture": "#1"}
			}
		},
		{
			"from": [17.25, 23.5, 12.875],
			"to": [20.5, 26.5, 16.875],
			"faces": {
				"north": {"uv": [0, 5, 1.5, 10], "texture": "#1"},
				"east": {"uv": [0, 0, 4.25, 5], "texture": "#1"},
				"south": {"uv": [1.5, 5, 3, 10], "texture": "#1"},
				"west": {"uv": [4.25, 0, 8.5, 5], "texture": "#1"},
				"up": {"uv": [4.5, 9.25, 3, 5], "texture": "#1"},
				"down": {"uv": [6, 5, 4.5, 9.25], "texture": "#1"}
			}
		},
		{
			"from": [8.9375, 23.5, 12.875],
			"to": [12.1875, 26.5, 16.875],
			"faces": {
				"north": {"uv": [0, 5, 1.5, 10], "texture": "#1"},
				"east": {"uv": [0, 0, 4.25, 5], "texture": "#1"},
				"south": {"uv": [1.5, 5, 3, 10], "texture": "#1"},
				"west": {"uv": [4.25, 0, 8.5, 5], "texture": "#1"},
				"up": {"uv": [4.5, 9.25, 3, 5], "texture": "#1"},
				"down": {"uv": [6, 5, 4.5, 9.25], "texture": "#1"}
			}
		},
		{
			"from": [8.9375, 23.5, 3.375],
			"to": [12.1875, 26.5, 7.375],
			"faces": {
				"north": {"uv": [0, 5, 1.5, 10], "texture": "#1"},
				"east": {"uv": [0, 0, 4.25, 5], "texture": "#1"},
				"south": {"uv": [1.5, 5, 3, 10], "texture": "#1"},
				"west": {"uv": [4.25, 0, 8.5, 5], "texture": "#1"},
				"up": {"uv": [4.5, 9.25, 3, 5], "texture": "#1"},
				"down": {"uv": [6, 5, 4.5, 9.25], "texture": "#1"}
			}
		},
		{
			"from": [9.625, 23.5, 7.625],
			"to": [12.875, 26.5, 11.625],
			"faces": {
				"north": {"uv": [0, 5, 1.5, 10], "texture": "#1"},
				"east": {"uv": [0, 0, 4.25, 5], "texture": "#1"},
				"south": {"uv": [1.5, 5, 3, 10], "texture": "#1"},
				"west": {"uv": [4.25, 0, 8.5, 5], "texture": "#1"},
				"up": {"uv": [4.5, 9.25, 3, 5], "texture": "#1"},
				"down": {"uv": [6, 5, 4.5, 9.25], "texture": "#1"}
			}
		},
		{
			"from": [9.625, 26.625, 7.625],
			"to": [12.875, 29.625, 11.625],
			"faces": {
				"north": {"uv": [0, 5, 1.5, 10], "texture": "#1"},
				"east": {"uv": [0, 0, 4.25, 5], "texture": "#1"},
				"south": {"uv": [1.5, 5, 3, 10], "texture": "#1"},
				"west": {"uv": [4.25, 0, 8.5, 5], "texture": "#1"},
				"up": {"uv": [4.5, 9.25, 3, 5], "texture": "#1"},
				"down": {"uv": [6, 5, 4.5, 9.25], "texture": "#1"}
			}
		},
		{
			"from": [15, 26, 5.875],
			"to": [18.25, 29, 9.875],
			"faces": {
				"north": {"uv": [0, 5, 1.5, 10], "texture": "#1"},
				"east": {"uv": [0, 0, 4.25, 5], "texture": "#1"},
				"south": {"uv": [1.5, 5, 3, 10], "texture": "#1"},
				"west": {"uv": [4.25, 0, 8.5, 5], "texture": "#1"},
				"up": {"uv": [4.5, 9.25, 3, 5], "texture": "#1"},
				"down": {"uv": [6, 5, 4.5, 9.25], "texture": "#1"}
			}
		},
		{
			"from": [12.625, 24, 7.875],
			"to": [16.9375, 27, 11.875],
			"faces": {
				"north": {"uv": [0, 5, 1.5, 10], "texture": "#1"},
				"east": {"uv": [0, 0, 4.25, 5], "texture": "#1"},
				"south": {"uv": [1.5, 5, 3, 10], "texture": "#1"},
				"west": {"uv": [4.25, 0, 8.5, 5], "texture": "#1"},
				"up": {"uv": [4.5, 9.25, 3, 5], "texture": "#1"},
				"down": {"uv": [6, 5, 4.5, 9.25], "texture": "#1"}
			}
		},
		{
			"from": [12.625, 26.0625, 10.8125],
			"to": [16.9375, 29.0625, 14.8125],
			"faces": {
				"north": {"uv": [0, 5, 1.5, 10], "texture": "#1"},
				"east": {"uv": [0, 0, 4.25, 5], "texture": "#1"},
				"south": {"uv": [1.5, 5, 3, 10], "texture": "#1"},
				"west": {"uv": [4.25, 0, 8.5, 5], "texture": "#1"},
				"up": {"uv": [4.5, 9.25, 3, 5], "texture": "#1"},
				"down": {"uv": [6, 5, 4.5, 9.25], "texture": "#1"}
			}
		},
		{
			"from": [10.1875, 26.0625, 2.6875],
			"to": [14.5, 29.0625, 6.6875],
			"faces": {
				"north": {"uv": [0, 5, 1.5, 10], "texture": "#1"},
				"east": {"uv": [0, 0, 4.25, 5], "texture": "#1"},
				"south": {"uv": [1.5, 5, 3, 10], "texture": "#1"},
				"west": {"uv": [4.25, 0, 8.5, 5], "texture": "#1"},
				"up": {"uv": [4.5, 9.25, 3, 5], "texture": "#1"},
				"down": {"uv": [6, 5, 4.5, 9.25], "texture": "#1"}
			}
		},
		{
			"from": [8.1875, 26.0625, 11.9375],
			"to": [12.5, 29.0625, 15.9375],
			"faces": {
				"north": {"uv": [0, 5, 1.5, 10], "texture": "#1"},
				"east": {"uv": [0, 0, 4.25, 5], "texture": "#1"},
				"south": {"uv": [1.5, 5, 3, 10], "texture": "#1"},
				"west": {"uv": [4.25, 0, 8.5, 5], "texture": "#1"},
				"up": {"uv": [4.5, 9.25, 3, 5], "texture": "#1"},
				"down": {"uv": [6, 5, 4.5, 9.25], "texture": "#1"}
			}
		},
		{
			"from": [17.3125, 24.0625, 5.5625],
			"to": [21.625, 27.0625, 9.5625],
			"faces": {
				"north": {"uv": [0, 5, 1.5, 10], "texture": "#1"},
				"east": {"uv": [0, 0, 4.25, 5], "texture": "#1"},
				"south": {"uv": [1.5, 5, 3, 10], "texture": "#1"},
				"west": {"uv": [4.25, 0, 8.5, 5], "texture": "#1"},
				"up": {"uv": [4.5, 9.25, 3, 5], "texture": "#1"},
				"down": {"uv": [6, 5, 4.5, 9.25], "texture": "#1"}
			}
		},
		{
			"from": [15.5625, 23.6875, 1.8125],
			"to": [19.875, 26.6875, 5.8125],
			"faces": {
				"north": {"uv": [0, 5, 1.5, 10], "texture": "#1"},
				"east": {"uv": [0, 0, 4.25, 5], "texture": "#1"},
				"south": {"uv": [1.5, 5, 3, 10], "texture": "#1"},
				"west": {"uv": [4.25, 0, 8.5, 5], "texture": "#1"},
				"up": {"uv": [4.5, 9.25, 3, 5], "texture": "#1"},
				"down": {"uv": [6, 5, 4.5, 9.25], "texture": "#1"}
			}
		},
		{
			"from": [22, 19.6875, 0.9375],
			"to": [25.3125, 22.6875, 3.9375],
			"faces": {
				"north": {"uv": [0, 5, 1.5, 10], "texture": "#1"},
				"east": {"uv": [0, 0, 4.25, 5], "texture": "#1"},
				"south": {"uv": [1.5, 5, 3, 10], "texture": "#1"},
				"west": {"uv": [4.25, 0, 8.5, 5], "texture": "#1"},
				"up": {"uv": [4.5, 9.25, 3, 5], "texture": "#1"},
				"down": {"uv": [6, 5, 4.5, 9.25], "texture": "#1"}
			}
		},
		{
			"from": [19.1875, 22, 1.0625],
			"to": [22.5, 25, 4.0625],
			"faces": {
				"north": {"uv": [0, 5, 1.5, 10], "texture": "#1"},
				"east": {"uv": [0, 0, 4.25, 5], "texture": "#1"},
				"south": {"uv": [1.5, 5, 3, 10], "texture": "#1"},
				"west": {"uv": [4.25, 0, 8.5, 5], "texture": "#1"},
				"up": {"uv": [4.5, 9.25, 3, 5], "texture": "#1"},
				"down": {"uv": [6, 5, 4.5, 9.25], "texture": "#1"}
			}
		},
		{
			"from": [19.1875, 22, 3.875],
			"to": [22.5, 25, 6.875],
			"faces": {
				"north": {"uv": [0, 5, 1.5, 10], "texture": "#1"},
				"east": {"uv": [0, 0, 4.25, 5], "texture": "#1"},
				"south": {"uv": [1.5, 5, 3, 10], "texture": "#1"},
				"west": {"uv": [4.25, 0, 8.5, 5], "texture": "#1"},
				"up": {"uv": [4.5, 9.25, 3, 5], "texture": "#1"},
				"down": {"uv": [6, 5, 4.5, 9.25], "texture": "#1"}
			}
		},
		{
			"from": [19.1875, 22, 13.5],
			"to": [22.5, 25, 16.5],
			"faces": {
				"north": {"uv": [0, 5, 1.5, 10], "texture": "#1"},
				"east": {"uv": [0, 0, 4.25, 5], "texture": "#1"},
				"south": {"uv": [1.5, 5, 3, 10], "texture": "#1"},
				"west": {"uv": [4.25, 0, 8.5, 5], "texture": "#1"},
				"up": {"uv": [4.5, 9.25, 3, 5], "texture": "#1"},
				"down": {"uv": [6, 5, 4.5, 9.25], "texture": "#1"}
			}
		},
		{
			"from": [19.1875, 22, 8.875],
			"to": [22.5, 25, 11.875],
			"faces": {
				"north": {"uv": [0, 5, 1.5, 10], "texture": "#1"},
				"east": {"uv": [0, 0, 4.25, 5], "texture": "#1"},
				"south": {"uv": [1.5, 5, 3, 10], "texture": "#1"},
				"west": {"uv": [4.25, 0, 8.5, 5], "texture": "#1"},
				"up": {"uv": [4.5, 9.25, 3, 5], "texture": "#1"},
				"down": {"uv": [6, 5, 4.5, 9.25], "texture": "#1"}
			}
		},
		{
			"from": [22.6875, 18.4375, 8.875],
			"to": [26, 21.4375, 11.875],
			"faces": {
				"north": {"uv": [0, 5, 1.5, 10], "texture": "#1"},
				"east": {"uv": [0, 0, 4.25, 5], "texture": "#1"},
				"south": {"uv": [1.5, 5, 3, 10], "texture": "#1"},
				"west": {"uv": [4.25, 0, 8.5, 5], "texture": "#1"},
				"up": {"uv": [4.5, 9.25, 3, 5], "texture": "#1"},
				"down": {"uv": [6, 5, 4.5, 9.25], "texture": "#1"}
			}
		},
		{
			"from": [22.6875, 18.4375, 12],
			"to": [26, 21.4375, 15],
			"faces": {
				"north": {"uv": [0, 5, 1.5, 10], "texture": "#1"},
				"east": {"uv": [0, 0, 4.25, 5], "texture": "#1"},
				"south": {"uv": [1.5, 5, 3, 10], "texture": "#1"},
				"west": {"uv": [4.25, 0, 8.5, 5], "texture": "#1"},
				"up": {"uv": [4.5, 9.25, 3, 5], "texture": "#1"},
				"down": {"uv": [6, 5, 4.5, 9.25], "texture": "#1"}
			}
		},
		{
			"from": [23.875, 17.75, 4.8125],
			"to": [27.1875, 20.75, 7.8125],
			"faces": {
				"north": {"uv": [0, 5, 1.5, 10], "texture": "#1"},
				"east": {"uv": [0, 0, 4.25, 5], "texture": "#1"},
				"south": {"uv": [1.5, 5, 3, 10], "texture": "#1"},
				"west": {"uv": [4.25, 0, 8.5, 5], "texture": "#1"},
				"up": {"uv": [4.5, 9.25, 3, 5], "texture": "#1"},
				"down": {"uv": [6, 5, 4.5, 9.25], "texture": "#1"}
			}
		},
		{
			"from": [23.875, 9.4375, 11],
			"to": [27.1875, 12.4375, 14],
			"faces": {
				"north": {"uv": [0, 5, 1.5, 10], "texture": "#1"},
				"east": {"uv": [0, 0, 4.25, 5], "texture": "#1"},
				"south": {"uv": [1.5, 5, 3, 10], "texture": "#1"},
				"west": {"uv": [4.25, 0, 8.5, 5], "texture": "#1"},
				"up": {"uv": [4.5, 9.25, 3, 5], "texture": "#1"},
				"down": {"uv": [6, 5, 4.5, 9.25], "texture": "#1"}
			}
		},
		{
			"from": [23.875, 12.75, 11],
			"to": [27.1875, 15.75, 14],
			"faces": {
				"north": {"uv": [0, 5, 1.5, 10], "texture": "#1"},
				"east": {"uv": [0, 0, 4.25, 5], "texture": "#1"},
				"south": {"uv": [1.5, 5, 3, 10], "texture": "#1"},
				"west": {"uv": [4.25, 0, 8.5, 5], "texture": "#1"},
				"up": {"uv": [4.5, 9.25, 3, 5], "texture": "#1"},
				"down": {"uv": [6, 5, 4.5, 9.25], "texture": "#1"}
			}
		},
		{
			"from": [23.875, 12.75, 1.5625],
			"to": [27.1875, 15.75, 4.5625],
			"faces": {
				"north": {"uv": [0, 5, 1.5, 10], "texture": "#1"},
				"east": {"uv": [0, 0, 4.25, 5], "texture": "#1"},
				"south": {"uv": [1.5, 5, 3, 10], "texture": "#1"},
				"west": {"uv": [4.25, 0, 8.5, 5], "texture": "#1"},
				"up": {"uv": [4.5, 9.25, 3, 5], "texture": "#1"},
				"down": {"uv": [6, 5, 4.5, 9.25], "texture": "#1"}
			}
		},
		{
			"from": [23.875, 9.75, 4.3125],
			"to": [27.1875, 12.75, 7.3125],
			"faces": {
				"north": {"uv": [0, 5, 1.5, 10], "texture": "#1"},
				"east": {"uv": [0, 0, 4.25, 5], "texture": "#1"},
				"south": {"uv": [1.5, 5, 3, 10], "texture": "#1"},
				"west": {"uv": [4.25, 0, 8.5, 5], "texture": "#1"},
				"up": {"uv": [4.5, 9.25, 3, 5], "texture": "#1"},
				"down": {"uv": [6, 5, 4.5, 9.25], "texture": "#1"}
			}
		},
		{
			"from": [23.875, -0.0625, 1.125],
			"to": [27.1875, 2.9375, 4.125],
			"faces": {
				"north": {"uv": [0, 5, 1.5, 10], "texture": "#1"},
				"east": {"uv": [0, 0, 4.25, 5], "texture": "#1"},
				"south": {"uv": [1.5, 5, 3, 10], "texture": "#1"},
				"west": {"uv": [4.25, 0, 8.5, 5], "texture": "#1"},
				"up": {"uv": [4.5, 9.25, 3, 5], "texture": "#1"},
				"down": {"uv": [6, 5, 4.5, 9.25], "texture": "#1"}
			}
		},
		{
			"from": [23.875, -0.0625, 4.75],
			"to": [27.1875, 2.9375, 7.75],
			"faces": {
				"north": {"uv": [0, 5, 1.5, 10], "texture": "#1"},
				"east": {"uv": [0, 0, 4.25, 5], "texture": "#1"},
				"south": {"uv": [1.5, 5, 3, 10], "texture": "#1"},
				"west": {"uv": [4.25, 0, 8.5, 5], "texture": "#1"},
				"up": {"uv": [4.5, 9.25, 3, 5], "texture": "#1"},
				"down": {"uv": [6, 5, 4.5, 9.25], "texture": "#1"}
			}
		},
		{
			"from": [23.875, -0.0625, 13.875],
			"to": [27.1875, 2.9375, 16.875],
			"faces": {
				"north": {"uv": [0, 5, 1.5, 10], "texture": "#1"},
				"east": {"uv": [0, 0, 4.25, 5], "texture": "#1"},
				"south": {"uv": [1.5, 5, 3, 10], "texture": "#1"},
				"west": {"uv": [4.25, 0, 8.5, 5], "texture": "#1"},
				"up": {"uv": [4.5, 9.25, 3, 5], "texture": "#1"},
				"down": {"uv": [6, 5, 4.5, 9.25], "texture": "#1"}
			}
		},
		{
			"from": [23.875, -0.0625, 9.625],
			"to": [27.1875, 2.9375, 12.625],
			"faces": {
				"north": {"uv": [0, 5, 1.5, 10], "texture": "#1"},
				"east": {"uv": [0, 0, 4.25, 5], "texture": "#1"},
				"south": {"uv": [1.5, 5, 3, 10], "texture": "#1"},
				"west": {"uv": [4.25, 0, 8.5, 5], "texture": "#1"},
				"up": {"uv": [4.5, 9.25, 3, 5], "texture": "#1"},
				"down": {"uv": [6, 5, 4.5, 9.25], "texture": "#1"}
			}
		},
		{
			"from": [23.875, 3.3125, 11.125],
			"to": [27.1875, 6.3125, 14.125],
			"faces": {
				"north": {"uv": [0, 5, 1.5, 10], "texture": "#1"},
				"east": {"uv": [0, 0, 4.25, 5], "texture": "#1"},
				"south": {"uv": [1.5, 5, 3, 10], "texture": "#1"},
				"west": {"uv": [4.25, 0, 8.5, 5], "texture": "#1"},
				"up": {"uv": [4.5, 9.25, 3, 5], "texture": "#1"},
				"down": {"uv": [6, 5, 4.5, 9.25], "texture": "#1"}
			}
		},
		{
			"from": [23.875, 3.3125, 5.6875],
			"to": [27.1875, 6.3125, 8.6875],
			"faces": {
				"north": {"uv": [0, 5, 1.5, 10], "texture": "#1"},
				"east": {"uv": [0, 0, 4.25, 5], "texture": "#1"},
				"south": {"uv": [1.5, 5, 3, 10], "texture": "#1"},
				"west": {"uv": [4.25, 0, 8.5, 5], "texture": "#1"},
				"up": {"uv": [4.5, 9.25, 3, 5], "texture": "#1"},
				"down": {"uv": [6, 5, 4.5, 9.25], "texture": "#1"}
			}
		},
		{
			"from": [23.875, 6.9375, 2.25],
			"to": [27.1875, 9.9375, 5.25],
			"faces": {
				"north": {"uv": [0, 5, 1.5, 10], "texture": "#1"},
				"east": {"uv": [0, 0, 4.25, 5], "texture": "#1"},
				"south": {"uv": [1.5, 5, 3, 10], "texture": "#1"},
				"west": {"uv": [4.25, 0, 8.5, 5], "texture": "#1"},
				"up": {"uv": [4.5, 9.25, 3, 5], "texture": "#1"},
				"down": {"uv": [6, 5, 4.5, 9.25], "texture": "#1"}
			}
		},
		{
			"from": [23.875, 6.9375, 7.625],
			"to": [27.1875, 9.9375, 10.625],
			"faces": {
				"north": {"uv": [0, 5, 1.5, 10], "texture": "#1"},
				"east": {"uv": [0, 0, 4.25, 5], "texture": "#1"},
				"south": {"uv": [1.5, 5, 3, 10], "texture": "#1"},
				"west": {"uv": [4.25, 0, 8.5, 5], "texture": "#1"},
				"up": {"uv": [4.5, 9.25, 3, 5], "texture": "#1"},
				"down": {"uv": [6, 5, 4.5, 9.25], "texture": "#1"}
			}
		},
		{
			"from": [25.75, 0.4375, 7.625],
			"to": [29.0625, 3.4375, 10.625],
			"faces": {
				"north": {"uv": [0, 5, 1.5, 10], "texture": "#1"},
				"east": {"uv": [0, 0, 4.25, 5], "texture": "#1"},
				"south": {"uv": [1.5, 5, 3, 10], "texture": "#1"},
				"west": {"uv": [4.25, 0, 8.5, 5], "texture": "#1"},
				"up": {"uv": [4.5, 9.25, 3, 5], "texture": "#1"},
				"down": {"uv": [6, 5, 4.5, 9.25], "texture": "#1"}
			}
		},
		{
			"from": [20.6875, 0.4375, 7.625],
			"to": [24, 3.4375, 10.625],
			"faces": {
				"north": {"uv": [0, 5, 1.5, 10], "texture": "#1"},
				"east": {"uv": [0, 0, 4.25, 5], "texture": "#1"},
				"south": {"uv": [1.5, 5, 3, 10], "texture": "#1"},
				"west": {"uv": [4.25, 0, 8.5, 5], "texture": "#1"},
				"up": {"uv": [4.5, 9.25, 3, 5], "texture": "#1"},
				"down": {"uv": [6, 5, 4.5, 9.25], "texture": "#1"}
			}
		},
		{
			"from": [20.6875, 0.4375, 1.9375],
			"to": [24, 3.4375, 4.9375],
			"faces": {
				"north": {"uv": [0, 5, 1.5, 10], "texture": "#1"},
				"east": {"uv": [0, 0, 4.25, 5], "texture": "#1"},
				"south": {"uv": [1.5, 5, 3, 10], "texture": "#1"},
				"west": {"uv": [4.25, 0, 8.5, 5], "texture": "#1"},
				"up": {"uv": [4.5, 9.25, 3, 5], "texture": "#1"},
				"down": {"uv": [6, 5, 4.5, 9.25], "texture": "#1"}
			}
		},
		{
			"from": [20.6875, 1, 10.25],
			"to": [24, 4, 13.25],
			"faces": {
				"north": {"uv": [0, 5, 1.5, 10], "texture": "#1"},
				"east": {"uv": [0, 0, 4.25, 5], "texture": "#1"},
				"south": {"uv": [1.5, 5, 3, 10], "texture": "#1"},
				"west": {"uv": [4.25, 0, 8.5, 5], "texture": "#1"},
				"up": {"uv": [4.5, 9.25, 3, 5], "texture": "#1"},
				"down": {"uv": [6, 5, 4.5, 9.25], "texture": "#1"}
			}
		},
		{
			"from": [19.5, 0.4375, 8.6875],
			"to": [22.8125, 3.4375, 11.6875],
			"faces": {
				"north": {"uv": [0, 5, 1.5, 10], "texture": "#1"},
				"east": {"uv": [0, 0, 4.25, 5], "texture": "#1"},
				"south": {"uv": [1.5, 5, 3, 10], "texture": "#1"},
				"west": {"uv": [4.25, 0, 8.5, 5], "texture": "#1"},
				"up": {"uv": [4.5, 9.25, 3, 5], "texture": "#1"},
				"down": {"uv": [6, 5, 4.5, 9.25], "texture": "#1"}
			}
		},
		{
			"from": [19.5, 0.1875, 3.8125],
			"to": [22.8125, 3.1875, 6.8125],
			"faces": {
				"north": {"uv": [0, 5, 1.5, 10], "texture": "#1"},
				"east": {"uv": [0, 0, 4.25, 5], "texture": "#1"},
				"south": {"uv": [1.5, 5, 3, 10], "texture": "#1"},
				"west": {"uv": [4.25, 0, 8.5, 5], "texture": "#1"},
				"up": {"uv": [4.5, 9.25, 3, 5], "texture": "#1"},
				"down": {"uv": [6, 5, 4.5, 9.25], "texture": "#1"}
			}
		},
		{
			"from": [21.5, 2.1875, 3.8125],
			"to": [24.8125, 5.1875, 6.8125],
			"faces": {
				"north": {"uv": [0, 5, 1.5, 10], "texture": "#1"},
				"east": {"uv": [0, 0, 4.25, 5], "texture": "#1"},
				"south": {"uv": [1.5, 5, 3, 10], "texture": "#1"},
				"west": {"uv": [4.25, 0, 8.5, 5], "texture": "#1"},
				"up": {"uv": [4.5, 9.25, 3, 5], "texture": "#1"},
				"down": {"uv": [6, 5, 4.5, 9.25], "texture": "#1"}
			}
		},
		{
			"from": [21.5, 5.4375, 8.6875],
			"to": [24.8125, 8.4375, 11.6875],
			"faces": {
				"north": {"uv": [0, 5, 1.5, 10], "texture": "#1"},
				"east": {"uv": [0, 0, 4.25, 5], "texture": "#1"},
				"south": {"uv": [1.5, 5, 3, 10], "texture": "#1"},
				"west": {"uv": [4.25, 0, 8.5, 5], "texture": "#1"},
				"up": {"uv": [4.5, 9.25, 3, 5], "texture": "#1"},
				"down": {"uv": [6, 5, 4.5, 9.25], "texture": "#1"}
			}
		},
		{
			"from": [21.5, 11.9375, 8.6875],
			"to": [24.8125, 14.9375, 11.6875],
			"faces": {
				"north": {"uv": [0, 5, 1.5, 10], "texture": "#1"},
				"east": {"uv": [0, 0, 4.25, 5], "texture": "#1"},
				"south": {"uv": [1.5, 5, 3, 10], "texture": "#1"},
				"west": {"uv": [4.25, 0, 8.5, 5], "texture": "#1"},
				"up": {"uv": [4.5, 9.25, 3, 5], "texture": "#1"},
				"down": {"uv": [6, 5, 4.5, 9.25], "texture": "#1"}
			}
		},
		{
			"from": [22.9375, 13.875, 5.8125],
			"to": [26.25, 16.875, 8.8125],
			"faces": {
				"north": {"uv": [0, 5, 1.5, 10], "texture": "#1"},
				"east": {"uv": [0, 0, 4.25, 5], "texture": "#1"},
				"south": {"uv": [1.5, 5, 3, 10], "texture": "#1"},
				"west": {"uv": [4.25, 0, 8.5, 5], "texture": "#1"},
				"up": {"uv": [4.5, 9.25, 3, 5], "texture": "#1"},
				"down": {"uv": [6, 5, 4.5, 9.25], "texture": "#1"}
			}
		},
		{
			"from": [22.9375, 16.25, 12.5],
			"to": [26.25, 19.25, 15.5],
			"faces": {
				"north": {"uv": [0, 5, 1.5, 10], "texture": "#1"},
				"east": {"uv": [0, 0, 4.25, 5], "texture": "#1"},
				"south": {"uv": [1.5, 5, 3, 10], "texture": "#1"},
				"west": {"uv": [4.25, 0, 8.5, 5], "texture": "#1"},
				"up": {"uv": [4.5, 9.25, 3, 5], "texture": "#1"},
				"down": {"uv": [6, 5, 4.5, 9.25], "texture": "#1"}
			}
		},
		{
			"from": [22.9375, 9, 12.5],
			"to": [26.25, 12, 15.5],
			"faces": {
				"north": {"uv": [0, 5, 1.5, 10], "texture": "#1"},
				"east": {"uv": [0, 0, 4.25, 5], "texture": "#1"},
				"south": {"uv": [1.5, 5, 3, 10], "texture": "#1"},
				"west": {"uv": [4.25, 0, 8.5, 5], "texture": "#1"},
				"up": {"uv": [4.5, 9.25, 3, 5], "texture": "#1"},
				"down": {"uv": [6, 5, 4.5, 9.25], "texture": "#1"}
			}
		}
	],
	"display": {
		"thirdperson_righthand": {
			"translation": [-16.75, 0, 0]
		},
		"thirdperson_lefthand": {
			"translation": [15.5, 0, 0]
		},
		"firstperson_righthand": {
			"translation": [-8.25, 0, 0]
		},
		"firstperson_lefthand": {
			"translation": [16.25, 0, 0]
		},
		"ground": {
			"translation": [-16, 0, 0]
		},
		"gui": {
			"translation": [-5.75, -4.25, 0],
			"scale": [0.43, 0.43, 0.4]
		},
		"head": {
			"translation": [-10, 0, 0]
		},
		"fixed": {
			"rotation": [-90, 0, 0],
			"translation": [-48.25, -2.75, -27.5],
			"scale": [4, 4, 4]
		}
	}
}