{
 "parent": "block/orientable",
 "textures": {
  "layer0": "block/carved_pumpkin",
  "front": "minecraft:block/carved_pumpkin",
  "side": "minecraft:block/pumpkin_side",
  "top": "minecraft:block/pumpkin_top"

 },

 "overrides": [
   { "predicate": {"custom_model_data": 123439}, "model": "item/waltuh"},{ "predicate": {"custom_model_data": 123440}, "model": "item/sombrero"},{ "predicate": {"custom_model_data": 123441}, "model": "item/razerbude"},{ "predicate": {"custom_model_data": 123442}, "model": "item/unterschrank"},{ "predicate": {"custom_model_data": 123443}, "model": "item/waschbecken"},{ "predicate": {"custom_model_data": 123444}, "model": "item/gasmask"},{ "predicate": {"custom_model_data": 123445}, "model": "item/fedora"},{ "predicate": {"custom_model_data": 123446}, "model": "item/amongus"},{ "predicate": {"custom_model_data": 123447}, "model": "item/fridge"},{ "predicate": {"custom_model_data": 123448}, "model": "item/wandschrank"},{ "predicate": {"custom_model_data": 123449}, "model": "item/fernseher"},{ "predicate": {"custom_model_data": 123450}, "model": "item/backofen"},{ "predicate": {"custom_model_data": 123451}, "model": "item/mikrowelle"},{ "predicate": {"custom_model_data": 123452}, "model": "item/280"},{ "predicate": {"custom_model_data": 123453}, "model": "item/bullipickup"},{ "predicate": {"custom_model_data": 123455}, "model": "item/bulli"},{ "predicate": {"custom_model_data": 123456}, "model": "item/Tornado"},{ "predicate": {"custom_model_data": 123457}, "model": "item/Desert_Tornado"},{ "predicate": {"custom_model_data": 123458}, "model": "item/Tornado_WTD"},{ "predicate": {"custom_model_data": 123460}, "model": "item/transall"},{ "predicate": {"custom_model_data": 123461}, "model": "item/hercules"},{ "predicate": {"custom_model_data": 123462}, "model": "item/mriya"}

 ]

 
}