{
	"credit": "Made with Blockbench",
	"texture_size": [64, 64],
	"textures": {
		"2": "item/wtd61",
		"particle": "item/wtd61"
	},
	"elements": [
		{
			"from": [5.45625, -1.415, -2.7525],
			"to": [10.37625, 1.045, 18.92625],
			"rotation": {"angle": 0, "axis": "y", "origin": [5.45625, -2.03, 4.6275]},
			"faces": {
				"north": {"uv": [6.25, 5, 7.5, 5.625], "texture": "#2"},
				"east": {"uv": [3.75, 1.25, 9.1875, 1.875], "texture": "#2"},
				"south": {"uv": [6.25, 5, 7.5, 5.625], "texture": "#2"},
				"west": {"uv": [3.75, 1.25, 9.1875, 1.875], "texture": "#2"},
				"up": {"uv": [1.25, 5.4375, 0, 0], "texture": "#2"},
				"down": {"uv": [1.25, 0, 0, 5.4375], "texture": "#2"}
			}
		},
		{
			"from": [12.22125, -1.415, 2.1675],
			"to": [12.83625, 1.045, 18.92625],
			"rotation": {"angle": 0, "axis": "y", "origin": [12.22125, -2.03, 4.6275]},
			"faces": {
				"north": {"uv": [0, 9.25, 0.125, 9.875], "texture": "#2"},
				"east": {"uv": [3.75, 1.25, 9.1875, 1.875], "texture": "#2"},
				"south": {"uv": [0, 9.25, 0.125, 9.875], "texture": "#2"},
				"west": {"uv": [3.75, 1.25, 9.1875, 1.875], "texture": "#2"},
				"up": {"uv": [6.125, 11.1875, 6, 7], "texture": "#2"},
				"down": {"uv": [6.125, 7, 6, 11.1875], "texture": "#2"}
			}
		},
		{
			"from": [2.99625, -7.565, 4.6275],
			"to": [3.61125, -5.105, 5.8575],
			"rotation": {"angle": -45, "axis": "x", "origin": [3.61125, -8.18, -3.9825]},
			"faces": {
				"north": {"uv": [0.25, 9.25, 0.375, 9.875], "texture": "#2"},
				"east": {"uv": [7.75, 8.25, 8.0625, 8.875], "texture": "#2"},
				"south": {"uv": [0.25, 9.25, 0.375, 9.875], "texture": "#2"},
				"west": {"uv": [7.75, 8.25, 8.0625, 8.875], "texture": "#2"},
				"up": {"uv": [9.625, 3.0625, 9.5, 2.75], "texture": "#2"},
				"down": {"uv": [9.625, 2.75, 9.5, 3.0625], "texture": "#2"}
			}
		},
		{
			"from": [10.37625, -1.415, -0.2925],
			"to": [12.22125, -1.415, 18.92625],
			"rotation": {"angle": 0, "axis": "y", "origin": [5.45625, -4.49, 4.6275]},
			"faces": {
				"north": {"uv": [0, 0, 0.4375, 0], "texture": "#2"},
				"east": {"uv": [0, 0, 4.8125, 0], "texture": "#2"},
				"south": {"uv": [0, 0, 0.4375, 0], "texture": "#2"},
				"west": {"uv": [0, 0, 4.8125, 0], "texture": "#2"},
				"up": {"uv": [2.4375, 9.3125, 2, 4.5], "texture": "#2"},
				"down": {"uv": [2.4375, 4.5, 2, 9.3125], "texture": "#2"}
			}
		},
		{
			"from": [-13.30125, 1.045, 7.85625],
			"to": [3.30375, 1.3525, 12.46875],
			"rotation": {"angle": 22.5, "axis": "y", "origin": [-8.8425, -2.03, 5.08875]},
			"faces": {
				"north": {"uv": [8, 4.75, 12.125, 4.8125], "texture": "#2"},
				"east": {"uv": [9.25, 6.25, 10.375, 6.3125], "texture": "#2"},
				"south": {"uv": [8, 4.75, 12.125, 4.8125], "texture": "#2"},
				"west": {"uv": [9.25, 6.25, 10.375, 6.3125], "texture": "#2"},
				"up": {"uv": [5.375, 1.125, 1.25, 0], "texture": "#2"},
				"down": {"uv": [5.375, 0, 1.25, 1.125], "texture": "#2"}
			}
		},
		{
			"from": [10.37625, -7.565, 5.39625],
			"to": [12.22125, -5.105, 5.8575],
			"rotation": {"angle": -45, "axis": "x", "origin": [12.22125, -8.18, -3.9825]},
			"faces": {
				"north": {"uv": [7.75, 7.5, 8.1875, 8.125], "texture": "#2"},
				"east": {"uv": [0.75, 9.25, 0.875, 9.875], "texture": "#2"},
				"south": {"uv": [7.75, 7.5, 8.1875, 8.125], "texture": "#2"},
				"west": {"uv": [0.75, 9.25, 0.875, 9.875], "texture": "#2"},
				"up": {"uv": [9.9375, 0.625, 9.5, 0.5], "texture": "#2"},
				"down": {"uv": [9.9375, 0.5, 9.5, 0.625], "texture": "#2"}
			}
		},
		{
			"from": [1.15125, -1.415, 14.4675],
			"to": [1.76625, 1.045, 19.3875],
			"rotation": {"angle": 22.5, "axis": "y", "origin": [1.76625, -2.03, 9.5475]},
			"faces": {
				"north": {"uv": [0.25, 9.25, 0.375, 9.875], "texture": "#2"},
				"east": {"uv": [6.25, 5.75, 7.5, 6.375], "texture": "#2"},
				"south": {"uv": [0.25, 9.25, 0.375, 9.875], "texture": "#2"},
				"west": {"uv": [6.25, 5.75, 7.5, 6.375], "texture": "#2"},
				"up": {"uv": [3.375, 10, 3.25, 8.75], "texture": "#2"},
				"down": {"uv": [3.375, 8.75, 3.25, 10], "texture": "#2"}
			}
		},
		{
			"from": [7.91625, -1.415, -5.2125],
			"to": [9.76125, 1.045, -2.7525],
			"rotation": {"angle": 0, "axis": "y", "origin": [5.45625, -2.03, -0.2925]},
			"faces": {
				"north": {"uv": [2.5, 8, 2.9375, 8.625], "texture": "#2"},
				"east": {"uv": [7.5, 5, 8.125, 5.625], "texture": "#2"},
				"south": {"uv": [2.5, 8, 2.9375, 8.625], "texture": "#2"},
				"west": {"uv": [7.5, 5, 8.125, 5.625], "texture": "#2"},
				"up": {"uv": [2.9375, 8.625, 2.5, 8], "texture": "#2"},
				"down": {"uv": [2.9375, 8, 2.5, 8.625], "texture": "#2"}
			}
		},
		{
			"from": [7.91625, 0.1225, -1.36875],
			"to": [8.9925, 2.5825, 3.09],
			"rotation": {"angle": 0, "axis": "x", "origin": [4.6875, -0.4925, 2.32125]},
			"faces": {
				"north": {"uv": [8.75, 5, 9, 5.625], "texture": "#2"},
				"east": {"uv": [6.5, 0, 7.625, 0.625], "texture": "#2"},
				"south": {"uv": [8.75, 5, 9, 5.625], "texture": "#2"},
				"west": {"uv": [6.5, 0, 7.625, 0.625], "texture": "#2"},
				"up": {"uv": [4.5, 8.875, 4.25, 7.75], "texture": "#2"},
				"down": {"uv": [4.5, 7.75, 4.25, 8.875], "texture": "#2"}
			}
		},
		{
			"from": [6.07125, -1.415, -5.2125],
			"to": [7.91625, 1.045, -2.7525],
			"rotation": {"angle": 0, "axis": "y", "origin": [10.37625, -2.03, -0.2925]},
			"faces": {
				"north": {"uv": [8, 2.75, 8.4375, 3.375], "texture": "#2"},
				"east": {"uv": [7.5, 5, 8.125, 5.625], "texture": "#2"},
				"south": {"uv": [8, 2.75, 8.4375, 3.375], "texture": "#2"},
				"west": {"uv": [7.5, 5, 8.125, 5.625], "texture": "#2"},
				"up": {"uv": [8.4375, 3.375, 8, 2.75], "texture": "#2"},
				"down": {"uv": [8.4375, 2.75, 8, 3.375], "texture": "#2"}
			}
		},
		{
			"from": [6.225, -1.26125, -7.6725],
			"to": [7.91625, 0.89125, -5.2125],
			"rotation": {"angle": 0, "axis": "y", "origin": [10.37625, -2.03, -3.9825]},
			"faces": {
				"north": {"uv": [4.75, 8.25, 5.1875, 8.8125], "texture": "#2"},
				"east": {"uv": [7.5, 5.75, 8.125, 6.3125], "texture": "#2"},
				"south": {"uv": [4.75, 8.25, 5.1875, 8.8125], "texture": "#2"},
				"west": {"uv": [7.5, 5.75, 8.125, 6.3125], "texture": "#2"},
				"up": {"uv": [3.4375, 8.625, 3, 8], "texture": "#2"},
				"down": {"uv": [3.4375, 8, 3, 8.625], "texture": "#2"}
			}
		},
		{
			"from": [3.61125, -1.415, -0.2925],
			"to": [5.45625, -1.415, 18.92625],
			"rotation": {"angle": 0, "axis": "y", "origin": [10.37625, -4.49, 4.6275]},
			"faces": {
				"north": {"uv": [0, 0, 0.4375, 0], "texture": "#2"},
				"east": {"uv": [0, 0, 4.8125, 0], "texture": "#2"},
				"south": {"uv": [0, 0, 0.4375, 0], "texture": "#2"},
				"west": {"uv": [0, 0, 4.8125, 0], "texture": "#2"},
				"up": {"uv": [4.9375, 6.8125, 4.5, 2], "texture": "#2"},
				"down": {"uv": [4.9375, 2, 4.5, 6.8125], "texture": "#2"}
			}
		},
		{
			"from": [10.37625, 1.045, -0.2925],
			"to": [12.83625, 1.045, 18.92625],
			"rotation": {"angle": 0, "axis": "y", "origin": [5.45625, -2.03, 4.6275]},
			"faces": {
				"north": {"uv": [0, 0, 0.625, 0], "texture": "#2"},
				"east": {"uv": [0, 0, 4.8125, 0], "texture": "#2"},
				"south": {"uv": [0, 0, 0.625, 0], "texture": "#2"},
				"west": {"uv": [0, 0, 4.8125, 0], "texture": "#2"},
				"up": {"uv": [4.375, 6.8125, 3.75, 2], "texture": "#2"},
				"down": {"uv": [4.375, 2, 3.75, 6.8125], "texture": "#2"}
			}
		},
		{
			"from": [6.84, -1.1075, 1.5525],
			"to": [7.91625, 1.3525, 5.39625],
			"rotation": {"angle": 22.5, "axis": "x", "origin": [11.145, -1.7225, 5.2425]},
			"faces": {
				"north": {"uv": [5.5, 8.75, 5.75, 9.375], "texture": "#2"},
				"east": {"uv": [2.5, 6.5, 3.4375, 7.125], "texture": "#2"},
				"south": {"uv": [5.5, 8.75, 5.75, 9.375], "texture": "#2"},
				"west": {"uv": [2.5, 6.5, 3.4375, 7.125], "texture": "#2"},
				"up": {"uv": [5.75, 8.6875, 5.5, 7.75], "texture": "#2"},
				"down": {"uv": [5.75, 7.75, 5.5, 8.6875], "texture": "#2"}
			}
		},
		{
			"from": [7.91625, -1.26125, -7.6725],
			"to": [9.6075, 0.89125, -5.2125],
			"rotation": {"angle": 0, "axis": "y", "origin": [5.45625, -2.03, -3.9825]},
			"faces": {
				"north": {"uv": [8.25, 5, 8.6875, 5.5625], "texture": "#2"},
				"east": {"uv": [6.25, 7.5, 6.875, 8.0625], "texture": "#2"},
				"south": {"uv": [8.25, 5, 8.6875, 5.5625], "texture": "#2"},
				"west": {"uv": [6.25, 7.5, 6.875, 8.0625], "texture": "#2"},
				"up": {"uv": [8.4375, 4.625, 8, 4], "texture": "#2"},
				"down": {"uv": [8.4375, 4, 8, 4.625], "texture": "#2"}
			}
		},
		{
			"from": [7.60975, -8.4875, 11.085],
			"to": [8.07, -4.64375, 18.465],
			"rotation": {"angle": -45, "axis": "x", "origin": [11.145, -1.56875, 2.93625]},
			"faces": {
				"north": {"uv": [4.75, 9, 4.875, 9.9375], "texture": "#2"},
				"east": {"uv": [5, 2, 6.875, 2.9375], "texture": "#2"},
				"south": {"uv": [4.75, 9, 4.875, 9.9375], "texture": "#2"},
				"west": {"uv": [5, 2, 6.875, 2.9375], "texture": "#2"},
				"up": {"uv": [3.625, 10.125, 3.5, 8.25], "texture": "#2"},
				"down": {"uv": [3.625, 8.25, 3.5, 10.125], "texture": "#2"}
			}
		},
		{
			"from": [2.99625, -1.415, 2.1675],
			"to": [3.61125, 1.045, 18.92625],
			"rotation": {"angle": 0, "axis": "y", "origin": [3.61125, -2.03, 4.6275]},
			"faces": {
				"north": {"uv": [0.25, 9.25, 0.375, 9.875], "texture": "#2"},
				"east": {"uv": [3.75, 1.25, 9.1875, 1.875], "texture": "#2"},
				"south": {"uv": [0.25, 9.25, 0.375, 9.875], "texture": "#2"},
				"west": {"uv": [3.75, 1.25, 9.1875, 1.875], "texture": "#2"},
				"up": {"uv": [0.625, 11.6875, 0.5, 7.5], "texture": "#2"},
				"down": {"uv": [0.625, 7.5, 0.5, 11.6875], "texture": "#2"}
			}
		},
		{
			"from": [7.91625, -1.1075, 1.5525],
			"to": [8.9925, 1.3525, 5.39625],
			"rotation": {"angle": 22.5, "axis": "x", "origin": [4.6875, -1.7225, 5.2425]},
			"faces": {
				"north": {"uv": [7.25, 8.75, 7.5, 9.375], "texture": "#2"},
				"east": {"uv": [2.5, 6.5, 3.4375, 7.125], "texture": "#2"},
				"south": {"uv": [7.25, 8.75, 7.5, 9.375], "texture": "#2"},
				"west": {"uv": [2.5, 6.5, 3.4375, 7.125], "texture": "#2"},
				"up": {"uv": [6.75, 9.1875, 6.5, 8.25], "texture": "#2"},
				"down": {"uv": [6.75, 8.25, 6.5, 9.1875], "texture": "#2"}
			}
		},
		{
			"from": [6.84, 0.27625, -3.9825],
			"to": [7.91625, 2.73625, -0.13875],
			"rotation": {"angle": -22.5, "axis": "x", "origin": [11.145, -0.33875, -0.2925]},
			"faces": {
				"north": {"uv": [7.5, 8.75, 7.75, 9.375], "texture": "#2"},
				"east": {"uv": [4.75, 7, 5.6875, 7.625], "texture": "#2"},
				"south": {"uv": [7.5, 8.75, 7.75, 9.375], "texture": "#2"},
				"west": {"uv": [4.75, 7, 5.6875, 7.625], "texture": "#2"},
				"up": {"uv": [7, 9.1875, 6.75, 8.25], "texture": "#2"},
				"down": {"uv": [7, 8.25, 6.75, 9.1875], "texture": "#2"}
			}
		},
		{
			"from": [7.67225, 6.58, 17.235],
			"to": [8.22375, 12.57625, 20.31],
			"rotation": {"angle": 22.5, "axis": "x", "origin": [11.145, 5.19625, 6.62625]},
			"faces": {
				"north": {"uv": [8.5, 6.75, 8.625, 8.25], "texture": "#2"},
				"east": {"uv": [5, 5, 5.75, 6.5], "texture": "#2"},
				"south": {"uv": [8.5, 6.75, 8.625, 8.25], "texture": "#2"},
				"west": {"uv": [5, 5, 5.75, 6.5], "texture": "#2"},
				"up": {"uv": [8.125, 9.75, 8, 9], "texture": "#2"},
				"down": {"uv": [8.125, 9, 8, 9.75], "texture": "#2"}
			}
		},
		{
			"from": [2.99625, 1.045, -0.2925],
			"to": [5.45625, 1.045, 18.92625],
			"rotation": {"angle": 0, "axis": "y", "origin": [10.37625, -2.03, 4.6275]},
			"faces": {
				"north": {"uv": [0, 0, 0.625, 0], "texture": "#2"},
				"east": {"uv": [0, 0, 4.8125, 0], "texture": "#2"},
				"south": {"uv": [0, 0, 0.625, 0], "texture": "#2"},
				"west": {"uv": [0, 0, 4.8125, 0], "texture": "#2"},
				"up": {"uv": [1.875, 9.3125, 1.25, 4.5], "texture": "#2"},
				"down": {"uv": [1.875, 4.5, 1.25, 9.3125], "texture": "#2"}
			}
		},
		{
			"from": [8.07, 1.045, 2.01375],
			"to": [12.52875, 1.50625, 14.16],
			"rotation": {"angle": 0, "axis": "y", "origin": [20.21625, -2.03, 1.5525]},
			"faces": {
				"north": {"uv": [8.5, 4.5, 9.625, 4.625], "texture": "#2"},
				"east": {"uv": [7, 3.5, 10.0625, 3.625], "texture": "#2"},
				"south": {"uv": [8.5, 4.5, 9.625, 4.625], "texture": "#2"},
				"west": {"uv": [7, 3.5, 10.0625, 3.625], "texture": "#2"},
				"up": {"uv": [2.375, 4.3125, 1.25, 1.25], "texture": "#2"},
				"down": {"uv": [2.375, 1.25, 1.25, 4.3125], "texture": "#2"}
			}
		},
		{
			"from": [12.52875, 1.045, 7.85625],
			"to": [29.13375, 1.3525, 12.46875],
			"rotation": {"angle": -22.5, "axis": "y", "origin": [24.675, -2.03, 5.08875]},
			"faces": {
				"north": {"uv": [8, 4.75, 12.125, 4.8125], "texture": "#2"},
				"east": {"uv": [9.25, 6.75, 10.375, 6.8125], "texture": "#2"},
				"south": {"uv": [8, 4.75, 12.125, 4.8125], "texture": "#2"},
				"west": {"uv": [9.25, 6.75, 10.375, 6.8125], "texture": "#2"},
				"up": {"uv": [5.375, 1.125, 1.25, 0], "texture": "#2"},
				"down": {"uv": [5.375, 0, 1.25, 1.125], "texture": "#2"}
			}
		},
		{
			"from": [3.30375, 1.045, 2.01375],
			"to": [7.7625, 1.50625, 14.16],
			"rotation": {"angle": 0, "axis": "y", "origin": [-4.38375, -2.03, 1.5525]},
			"faces": {
				"north": {"uv": [8.75, 2.5, 9.875, 2.625], "texture": "#2"},
				"east": {"uv": [7, 3.5, 10.0625, 3.625], "texture": "#2"},
				"south": {"uv": [8.75, 2.5, 9.875, 2.625], "texture": "#2"},
				"west": {"uv": [7, 3.5, 10.0625, 3.625], "texture": "#2"},
				"up": {"uv": [3.625, 4.3125, 2.5, 1.25], "texture": "#2"},
				"down": {"uv": [3.625, 1.25, 2.5, 4.3125], "texture": "#2"}
			}
		},
		{
			"from": [7.7625, -3.5675, 15.23625],
			"to": [8.22275, 0.27625, 18.61875],
			"rotation": {"angle": -22.5, "axis": "x", "origin": [4.6875, 3.35125, 5.08875]},
			"faces": {
				"north": {"uv": [5, 9, 5.125, 9.9375], "texture": "#2"},
				"east": {"uv": [5.5, 0, 6.375, 0.9375], "texture": "#2"},
				"south": {"uv": [5, 9, 5.125, 9.9375], "texture": "#2"},
				"west": {"uv": [5.5, 0, 6.375, 0.9375], "texture": "#2"},
				"up": {"uv": [9.125, 7.625, 9, 6.75], "texture": "#2"},
				"down": {"uv": [9.125, 6.75, 9, 7.625], "texture": "#2"}
			}
		},
		{
			"from": [7.7625, -8.4875, 11.085],
			"to": [8.16025, -4.64375, 18.465],
			"rotation": {"angle": -45, "axis": "x", "origin": [4.6875, -1.56875, 2.93625]},
			"faces": {
				"north": {"uv": [5, 9, 5.125, 9.9375], "texture": "#2"},
				"east": {"uv": [5, 2, 6.875, 2.9375], "texture": "#2"},
				"south": {"uv": [5, 9, 5.125, 9.9375], "texture": "#2"},
				"west": {"uv": [5, 2, 6.875, 2.9375], "texture": "#2"},
				"up": {"uv": [8.375, 8.625, 8.25, 6.75], "texture": "#2"},
				"down": {"uv": [8.375, 6.75, 8.25, 8.625], "texture": "#2"}
			}
		},
		{
			"from": [7.54725, -3.5675, 15.23625],
			"to": [8.07, 0.27625, 18.61875],
			"rotation": {"angle": -22.5, "axis": "x", "origin": [11.145, 3.35125, 5.08875]},
			"faces": {
				"north": {"uv": [4.75, 9, 4.875, 9.9375], "texture": "#2"},
				"east": {"uv": [5.5, 0, 6.375, 0.9375], "texture": "#2"},
				"south": {"uv": [4.75, 9, 4.875, 9.9375], "texture": "#2"},
				"west": {"uv": [5.5, 0, 6.375, 0.9375], "texture": "#2"},
				"up": {"uv": [7.875, 9.875, 7.75, 9], "texture": "#2"},
				"down": {"uv": [7.875, 9, 7.75, 9.875], "texture": "#2"}
			}
		},
		{
			"from": [17.44875, -1.415, 4.16625],
			"to": [19.4475, 0.43, 11.3925],
			"rotation": {"angle": 0, "axis": "y", "origin": [16.065, -2.645, 4.6275]},
			"faces": {
				"north": {"uv": [8.25, 5.75, 8.75, 6.1875], "texture": "#2"},
				"east": {"uv": [6, 4, 7.8125, 4.4375], "texture": "#2"},
				"south": {"uv": [8.25, 5.75, 8.75, 6.1875], "texture": "#2"},
				"west": {"uv": [6, 4, 7.8125, 4.4375], "texture": "#2"},
				"up": {"uv": [1, 7.3125, 0.5, 5.5], "texture": "#2"},
				"down": {"uv": [1, 5.5, 0.5, 7.3125], "texture": "#2"}
			}
		},
		{
			"from": [-3.76875, -0.4925, 11.85375],
			"to": [-1.4625, -0.33875, 12.46875],
			"rotation": {"angle": 0, "axis": "y", "origin": [-0.2325, -2.645, 4.6275]},
			"faces": {
				"north": {"uv": [9.5, 3.75, 10.0625, 3.8125], "texture": "#2"},
				"east": {"uv": [9.75, 0.25, 9.875, 0.3125], "texture": "#2"},
				"south": {"uv": [9.5, 3.75, 10.0625, 3.8125], "texture": "#2"},
				"west": {"uv": [9.75, 0.25, 9.875, 0.3125], "texture": "#2"},
				"up": {"uv": [7.0625, 9.375, 6.5, 9.25], "texture": "#2"},
				"down": {"uv": [7.0625, 9.25, 6.5, 9.375], "texture": "#2"}
			}
		},
		{
			"from": [17.91, -1.1075, 3.3975],
			"to": [18.98625, 0.1225, 12.16125],
			"rotation": {"angle": 0, "axis": "y", "origin": [16.065, -2.645, 4.6275]},
			"faces": {
				"north": {"uv": [9.25, 1.25, 9.5, 1.5625], "texture": "#2"},
				"east": {"uv": [6.5, 0.75, 8.6875, 1.0625], "texture": "#2"},
				"south": {"uv": [9.25, 1.25, 9.5, 1.5625], "texture": "#2"},
				"west": {"uv": [6.5, 0.75, 8.6875, 1.0625], "texture": "#2"},
				"up": {"uv": [1.25, 7.6875, 1, 5.5], "texture": "#2"},
				"down": {"uv": [1.25, 5.5, 1, 7.6875], "texture": "#2"}
			}
		},
		{
			"from": [-10.22625, 0.43, 9.08625],
			"to": [-9.4575, 1.045, 11.85375],
			"rotation": {"angle": 0, "axis": "y", "origin": [-7.45875, -2.03, 7.395]},
			"faces": {
				"north": {"uv": [9.5, 7.25, 9.6875, 7.375], "texture": "#2"},
				"east": {"uv": [9.25, 0.75, 9.9375, 0.875], "texture": "#2"},
				"south": {"uv": [9.5, 7.25, 9.6875, 7.375], "texture": "#2"},
				"west": {"uv": [9.25, 0.75, 9.9375, 0.875], "texture": "#2"},
				"up": {"uv": [4.4375, 9.6875, 4.25, 9], "texture": "#2"},
				"down": {"uv": [4.4375, 9, 4.25, 9.6875], "texture": "#2"}
			}
		},
		{
			"from": [17.295, -0.4925, 11.85375],
			"to": [19.60125, -0.33875, 12.46875],
			"rotation": {"angle": 0, "axis": "y", "origin": [16.065, -2.645, 4.6275]},
			"faces": {
				"north": {"uv": [9.5, 4, 10.0625, 4.0625], "texture": "#2"},
				"east": {"uv": [1.25, 9.75, 1.375, 9.8125], "texture": "#2"},
				"south": {"uv": [9.5, 4, 10.0625, 4.0625], "texture": "#2"},
				"west": {"uv": [1.25, 9.75, 1.375, 9.8125], "texture": "#2"},
				"up": {"uv": [9.8125, 7.125, 9.25, 7], "texture": "#2"},
				"down": {"uv": [9.8125, 7, 9.25, 7.125], "texture": "#2"}
			}
		},
		{
			"from": [-3.15375, -1.1075, 3.3975],
			"to": [-2.0775, 0.1225, 12.16125],
			"rotation": {"angle": 0, "axis": "y", "origin": [-0.2325, -2.645, 4.6275]},
			"faces": {
				"north": {"uv": [9.25, 1.75, 9.5, 2.0625], "texture": "#2"},
				"east": {"uv": [6.5, 0.75, 8.6875, 1.0625], "texture": "#2"},
				"south": {"uv": [9.25, 1.75, 9.5, 2.0625], "texture": "#2"},
				"west": {"uv": [6.5, 0.75, 8.6875, 1.0625], "texture": "#2"},
				"up": {"uv": [6, 9.1875, 5.75, 7], "texture": "#2"},
				"down": {"uv": [6, 7, 5.75, 9.1875], "texture": "#2"}
			}
		},
		{
			"from": [18.06375, 0.43, 6.31875],
			"to": [18.8325, 1.045, 9.08625],
			"rotation": {"angle": 0, "axis": "y", "origin": [16.065, -2.03, 4.6275]},
			"faces": {
				"north": {"uv": [7.5, 9.5, 7.6875, 9.625], "texture": "#2"},
				"east": {"uv": [9.25, 1, 9.9375, 1.125], "texture": "#2"},
				"south": {"uv": [7.5, 9.5, 7.6875, 9.625], "texture": "#2"},
				"west": {"uv": [9.25, 1, 9.9375, 1.125], "texture": "#2"},
				"up": {"uv": [4.6875, 9.6875, 4.5, 9], "texture": "#2"},
				"down": {"uv": [4.6875, 9, 4.5, 9.6875], "texture": "#2"}
			}
		},
		{
			"from": [-9.91875, -0.95375, 12.93],
			"to": [-9.765, 0.7375, 14.00625],
			"rotation": {"angle": 0, "axis": "y", "origin": [-7.6125, -2.645, 7.0875]},
			"faces": {
				"north": {"uv": [7, 9.5, 7.0625, 9.9375], "texture": "#2"},
				"east": {"uv": [9, 6, 9.25, 6.4375], "texture": "#2"},
				"south": {"uv": [7, 9.5, 7.0625, 9.9375], "texture": "#2"},
				"west": {"uv": [9, 6, 9.25, 6.4375], "texture": "#2"},
				"up": {"uv": [9.5625, 8.5, 9.5, 8.25], "texture": "#2"},
				"down": {"uv": [9.5625, 8.25, 9.5, 8.5], "texture": "#2"}
			}
		},
		{
			"from": [25.29, 0.43, 9.08625],
			"to": [26.05875, 1.045, 11.85375],
			"rotation": {"angle": 0, "axis": "y", "origin": [23.29125, -2.03, 7.395]},
			"faces": {
				"north": {"uv": [7.5, 9.5, 7.6875, 9.625], "texture": "#2"},
				"east": {"uv": [9.25, 1, 9.9375, 1.125], "texture": "#2"},
				"south": {"uv": [7.5, 9.5, 7.6875, 9.625], "texture": "#2"},
				"west": {"uv": [9.25, 1, 9.9375, 1.125], "texture": "#2"},
				"up": {"uv": [4.6875, 9.6875, 4.5, 9], "texture": "#2"},
				"down": {"uv": [4.6875, 9, 4.5, 9.6875], "texture": "#2"}
			}
		},
		{
			"from": [-3, 0.43, 6.31875],
			"to": [-2.23125, 1.045, 9.08625],
			"rotation": {"angle": 0, "axis": "y", "origin": [-0.2325, -2.03, 4.6275]},
			"faces": {
				"north": {"uv": [9.5, 7.25, 9.6875, 7.375], "texture": "#2"},
				"east": {"uv": [9.25, 0.75, 9.9375, 0.875], "texture": "#2"},
				"south": {"uv": [9.5, 7.25, 9.6875, 7.375], "texture": "#2"},
				"west": {"uv": [9.25, 0.75, 9.9375, 0.875], "texture": "#2"},
				"up": {"uv": [4.4375, 9.6875, 4.25, 9], "texture": "#2"},
				"down": {"uv": [4.4375, 9, 4.25, 9.6875], "texture": "#2"}
			}
		},
		{
			"from": [25.13625, -0.64625, 7.85625],
			"to": [26.2125, 0.43, 12.93],
			"rotation": {"angle": 0, "axis": "y", "origin": [23.445, -2.645, 7.0875]},
			"faces": {
				"north": {"uv": [8.75, 3.75, 9, 4], "texture": "#2"},
				"east": {"uv": [7.75, 0.25, 9, 0.5], "texture": "#2"},
				"south": {"uv": [8.75, 3.75, 9, 4], "texture": "#2"},
				"west": {"uv": [7.75, 0.25, 9, 0.5], "texture": "#2"},
				"up": {"uv": [4, 9, 3.75, 7.75], "texture": "#2"},
				"down": {"uv": [4, 7.75, 3.75, 9], "texture": "#2"}
			}
		},
		{
			"from": [-3.615, -1.415, 4.16625],
			"to": [-1.61625, 0.43, 11.3925],
			"rotation": {"angle": 0, "axis": "y", "origin": [-0.2325, -2.645, 4.6275]},
			"faces": {
				"north": {"uv": [7.25, 8.25, 7.75, 8.6875], "texture": "#2"},
				"east": {"uv": [6, 4.5, 7.8125, 4.9375], "texture": "#2"},
				"south": {"uv": [7.25, 8.25, 7.75, 8.6875], "texture": "#2"},
				"west": {"uv": [6, 4.5, 7.8125, 4.9375], "texture": "#2"},
				"up": {"uv": [6.25, 6.8125, 5.75, 5], "texture": "#2"},
				"down": {"uv": [6.25, 5, 5.75, 6.8125], "texture": "#2"}
			}
		},
		{
			"from": [25.29, -0.4925, 7.0875],
			"to": [26.05875, 0.27625, 14.00625],
			"rotation": {"angle": 0, "axis": "y", "origin": [23.445, -2.645, 7.0875]},
			"faces": {
				"north": {"uv": [4, 9.5, 4.1875, 9.6875], "texture": "#2"},
				"east": {"uv": [7, 3.75, 8.75, 3.9375], "texture": "#2"},
				"south": {"uv": [4, 9.5, 4.1875, 9.6875], "texture": "#2"},
				"west": {"uv": [7, 3.75, 8.75, 3.9375], "texture": "#2"},
				"up": {"uv": [0.9375, 9.25, 0.75, 7.5], "texture": "#2"},
				"down": {"uv": [0.9375, 7.5, 0.75, 9.25], "texture": "#2"}
			}
		},
		{
			"from": [-10.38, -0.64625, 7.85625],
			"to": [-9.30375, 0.43, 12.93],
			"rotation": {"angle": 0, "axis": "y", "origin": [-7.6125, -2.645, 7.0875]},
			"faces": {
				"north": {"uv": [8.5, 9.25, 8.75, 9.5], "texture": "#2"},
				"east": {"uv": [7.75, 0.5, 9, 0.75], "texture": "#2"},
				"south": {"uv": [8.5, 9.25, 8.75, 9.5], "texture": "#2"},
				"west": {"uv": [7.75, 0.5, 9, 0.75], "texture": "#2"},
				"up": {"uv": [4.25, 9, 4, 7.75], "texture": "#2"},
				"down": {"uv": [4.25, 7.75, 4, 9], "texture": "#2"}
			}
		},
		{
			"from": [24.675, -0.185, 12.93],
			"to": [26.67375, -0.03125, 14.00625],
			"rotation": {"angle": 0, "axis": "y", "origin": [23.445, -2.645, 7.0875]},
			"faces": {
				"north": {"uv": [9.5, 5.25, 10, 5.3125], "texture": "#2"},
				"east": {"uv": [8.5, 9.5, 8.75, 9.5625], "texture": "#2"},
				"south": {"uv": [9.5, 5.25, 10, 5.3125], "texture": "#2"},
				"west": {"uv": [8.5, 9.5, 8.75, 9.5625], "texture": "#2"},
				"up": {"uv": [6, 1.25, 5.5, 1], "texture": "#2"},
				"down": {"uv": [6, 1, 5.5, 1.25], "texture": "#2"}
			}
		},
		{
			"from": [-10.22625, -0.4925, 7.0875],
			"to": [-9.4575, 0.27625, 14.00625],
			"rotation": {"angle": 0, "axis": "y", "origin": [-7.6125, -2.645, 7.0875]},
			"faces": {
				"north": {"uv": [9.5, 5, 9.6875, 5.1875], "texture": "#2"},
				"east": {"uv": [7.75, 0, 9.5, 0.1875], "texture": "#2"},
				"south": {"uv": [9.5, 5, 9.6875, 5.1875], "texture": "#2"},
				"west": {"uv": [7.75, 0, 9.5, 0.1875], "texture": "#2"},
				"up": {"uv": [1.1875, 9.5, 1, 7.75], "texture": "#2"},
				"down": {"uv": [1.1875, 7.75, 1, 9.5], "texture": "#2"}
			}
		},
		{
			"from": [25.5975, -0.95375, 12.93],
			"to": [25.75125, 0.7375, 14.00625],
			"rotation": {"angle": 0, "axis": "y", "origin": [23.445, -2.645, 7.0875]},
			"faces": {
				"north": {"uv": [7.25, 9.5, 7.3125, 9.9375], "texture": "#2"},
				"east": {"uv": [9, 7.75, 9.25, 8.1875], "texture": "#2"},
				"south": {"uv": [7.25, 9.5, 7.3125, 9.9375], "texture": "#2"},
				"west": {"uv": [9, 7.75, 9.25, 8.1875], "texture": "#2"},
				"up": {"uv": [9.5625, 8.75, 9.5, 8.5], "texture": "#2"},
				"down": {"uv": [9.5625, 8.5, 9.5, 8.75], "texture": "#2"}
			}
		},
		{
			"from": [-10.84125, -0.185, 12.93],
			"to": [-8.8425, -0.03125, 14.00625],
			"rotation": {"angle": 0, "axis": "y", "origin": [-7.6125, -2.645, 7.0875]},
			"faces": {
				"north": {"uv": [9.5, 5.5, 10, 5.5625], "texture": "#2"},
				"east": {"uv": [8.75, 9.5, 9, 9.5625], "texture": "#2"},
				"south": {"uv": [9.5, 5.5, 10, 5.5625], "texture": "#2"},
				"west": {"uv": [8.75, 9.5, 9, 9.5625], "texture": "#2"},
				"up": {"uv": [6.5, 1.25, 6, 1], "texture": "#2"},
				"down": {"uv": [6.5, 1, 6, 1.25], "texture": "#2"}
			}
		},
		{
			"from": [2.99625, -1.415, 2.1675],
			"to": [3.61125, 1.045, 18.92625],
			"rotation": {"angle": 0, "axis": "y", "origin": [3.61125, -2.03, 4.6275]},
			"faces": {
				"north": {"uv": [0.25, 9.25, 0.375, 9.875], "texture": "#2"},
				"east": {"uv": [3.75, 1.25, 9.1875, 1.875], "texture": "#2"},
				"south": {"uv": [0.25, 9.25, 0.375, 9.875], "texture": "#2"},
				"west": {"uv": [3.75, 1.25, 9.1875, 1.875], "texture": "#2"},
				"up": {"uv": [0.625, 11.6875, 0.5, 7.5], "texture": "#2"},
				"down": {"uv": [0.625, 7.5, 0.5, 11.6875], "texture": "#2"}
			}
		},
		{
			"from": [12.22125, -7.565, 4.6275],
			"to": [12.83625, -5.105, 5.8575],
			"rotation": {"angle": -45, "axis": "x", "origin": [12.22125, -8.18, -3.9825]},
			"faces": {
				"north": {"uv": [0, 9.25, 0.125, 9.875], "texture": "#2"},
				"east": {"uv": [8.5, 2.75, 8.8125, 3.375], "texture": "#2"},
				"south": {"uv": [0, 9.25, 0.125, 9.875], "texture": "#2"},
				"west": {"uv": [8.5, 2.75, 8.8125, 3.375], "texture": "#2"},
				"up": {"uv": [3.875, 9.8125, 3.75, 9.5], "texture": "#2"},
				"down": {"uv": [3.875, 9.5, 3.75, 9.8125], "texture": "#2"}
			}
		},
		{
			"from": [3.61125, -1.415, -0.2925],
			"to": [5.45625, -1.415, 18.92625],
			"rotation": {"angle": 0, "axis": "y", "origin": [10.37625, -4.49, 4.6275]},
			"faces": {
				"north": {"uv": [0, 0, 0.4375, 0], "texture": "#2"},
				"east": {"uv": [0, 0, 4.8125, 0], "texture": "#2"},
				"south": {"uv": [0, 0, 0.4375, 0], "texture": "#2"},
				"west": {"uv": [0, 0, 4.8125, 0], "texture": "#2"},
				"up": {"uv": [4.9375, 6.8125, 4.5, 2], "texture": "#2"},
				"down": {"uv": [4.9375, 2, 4.5, 6.8125], "texture": "#2"}
			}
		},
		{
			"from": [12.52875, 1.045, 7.85625],
			"to": [29.13375, 1.3525, 12.46875],
			"rotation": {"angle": -22.5, "axis": "y", "origin": [24.675, -2.03, 5.08875]},
			"faces": {
				"north": {"uv": [8, 4.75, 12.125, 4.8125], "texture": "#2"},
				"east": {"uv": [9.25, 6.75, 10.375, 6.8125], "texture": "#2"},
				"south": {"uv": [8, 4.75, 12.125, 4.8125], "texture": "#2"},
				"west": {"uv": [9.25, 6.75, 10.375, 6.8125], "texture": "#2"},
				"up": {"uv": [5.375, 1.125, 1.25, 0], "texture": "#2"},
				"down": {"uv": [5.375, 0, 1.25, 1.125], "texture": "#2"}
			}
		},
		{
			"from": [2.99625, -7.565, 4.6275],
			"to": [3.61125, -5.105, 5.8575],
			"rotation": {"angle": -45, "axis": "x", "origin": [3.61125, -8.18, -3.9825]},
			"faces": {
				"north": {"uv": [0.25, 9.25, 0.375, 9.875], "texture": "#2"},
				"east": {"uv": [7.75, 8.25, 8.0625, 8.875], "texture": "#2"},
				"south": {"uv": [0.25, 9.25, 0.375, 9.875], "texture": "#2"},
				"west": {"uv": [7.75, 8.25, 8.0625, 8.875], "texture": "#2"},
				"up": {"uv": [9.625, 3.0625, 9.5, 2.75], "texture": "#2"},
				"down": {"uv": [9.625, 2.75, 9.5, 3.0625], "texture": "#2"}
			}
		},
		{
			"from": [14.06625, -1.415, 14.4675],
			"to": [14.68125, 1.045, 19.3875],
			"rotation": {"angle": -22.5, "axis": "y", "origin": [14.06625, -2.03, 9.5475]},
			"faces": {
				"north": {"uv": [0, 9.25, 0.125, 9.875], "texture": "#2"},
				"east": {"uv": [6.25, 5, 7.5, 5.625], "texture": "#2"},
				"south": {"uv": [0, 9.25, 0.125, 9.875], "texture": "#2"},
				"west": {"uv": [6.25, 5, 7.5, 5.625], "texture": "#2"},
				"up": {"uv": [8.875, 8.75, 8.75, 7.5], "texture": "#2"},
				"down": {"uv": [8.875, 7.5, 8.75, 8.75], "texture": "#2"}
			}
		},
		{
			"from": [6.07125, -1.415, -5.2125],
			"to": [7.91625, 1.045, -2.7525],
			"rotation": {"angle": 0, "axis": "y", "origin": [10.37625, -2.03, -0.2925]},
			"faces": {
				"north": {"uv": [8, 2.75, 8.4375, 3.375], "texture": "#2"},
				"east": {"uv": [7.5, 5, 8.125, 5.625], "texture": "#2"},
				"south": {"uv": [8, 2.75, 8.4375, 3.375], "texture": "#2"},
				"west": {"uv": [7.5, 5, 8.125, 5.625], "texture": "#2"},
				"up": {"uv": [8.4375, 3.375, 8, 2.75], "texture": "#2"},
				"down": {"uv": [8.4375, 2.75, 8, 3.375], "texture": "#2"}
			}
		},
		{
			"from": [7.91625, -0.9875, -9.5175],
			"to": [9.3, 0.43, -8.9025],
			"rotation": {"angle": 0, "axis": "y", "origin": [5.45625, -2.03, -6.4425]},
			"faces": {
				"north": {"uv": [9, 0.25, 9.375, 0.625], "texture": "#2"},
				"east": {"uv": [1.75, 9.5, 1.875, 9.875], "texture": "#2"},
				"south": {"uv": [9, 0.25, 9.375, 0.625], "texture": "#2"},
				"west": {"uv": [1.75, 9.5, 1.875, 9.875], "texture": "#2"},
				"up": {"uv": [9.875, 1.875, 9.5, 1.75], "texture": "#2"},
				"down": {"uv": [9.875, 1.75, 9.5, 1.875], "texture": "#2"}
			}
		},
		{
			"from": [7.91625, -1.415, -5.2125],
			"to": [9.76125, 1.045, -2.7525],
			"rotation": {"angle": 0, "axis": "y", "origin": [5.45625, -2.03, -0.2925]},
			"faces": {
				"north": {"uv": [2.5, 8, 2.9375, 8.625], "texture": "#2"},
				"east": {"uv": [7.5, 5, 8.125, 5.625], "texture": "#2"},
				"south": {"uv": [2.5, 8, 2.9375, 8.625], "texture": "#2"},
				"west": {"uv": [7.5, 5, 8.125, 5.625], "texture": "#2"},
				"up": {"uv": [2.9375, 8.625, 2.5, 8], "texture": "#2"},
				"down": {"uv": [2.9375, 8, 2.5, 8.625], "texture": "#2"}
			}
		},
		{
			"from": [7.30125, -0.77125, -10.28625],
			"to": [7.91625, 0.1225, -9.825],
			"rotation": {"angle": 0, "axis": "y", "origin": [10.37625, -2.03, -7.365]},
			"faces": {
				"north": {"uv": [5.5, 9.5, 5.625, 9.75], "texture": "#2"},
				"east": {"uv": [9.5, 5.75, 9.625, 6], "texture": "#2"},
				"south": {"uv": [5.5, 9.5, 5.625, 9.75], "texture": "#2"},
				"west": {"uv": [9.5, 5.75, 9.625, 6], "texture": "#2"},
				"up": {"uv": [9.625, 8.875, 9.5, 8.75], "texture": "#2"},
				"down": {"uv": [9.625, 8.75, 9.5, 8.875], "texture": "#2"}
			}
		},
		{
			"from": [7.91625, -1.1075, -8.9025],
			"to": [9.45375, 0.58375, -7.6725],
			"rotation": {"angle": 0, "axis": "y", "origin": [5.45625, -2.03, -5.2125]},
			"faces": {
				"north": {"uv": [8.5, 4, 8.875, 4.4375], "texture": "#2"},
				"east": {"uv": [3.75, 9, 4.0625, 9.4375], "texture": "#2"},
				"south": {"uv": [8.5, 4, 8.875, 4.4375], "texture": "#2"},
				"west": {"uv": [3.75, 9, 4.0625, 9.4375], "texture": "#2"},
				"up": {"uv": [9.375, 5.3125, 9, 5], "texture": "#2"},
				"down": {"uv": [9.375, 5, 9, 5.3125], "texture": "#2"}
			}
		},
		{
			"from": [7.91625, -1.26125, -7.6725],
			"to": [9.6075, 0.89125, -5.2125],
			"rotation": {"angle": 0, "axis": "y", "origin": [5.45625, -2.03, -3.9825]},
			"faces": {
				"north": {"uv": [8.25, 5, 8.6875, 5.5625], "texture": "#2"},
				"east": {"uv": [6.25, 7.5, 6.875, 8.0625], "texture": "#2"},
				"south": {"uv": [8.25, 5, 8.6875, 5.5625], "texture": "#2"},
				"west": {"uv": [6.25, 7.5, 6.875, 8.0625], "texture": "#2"},
				"up": {"uv": [8.4375, 4.625, 8, 4], "texture": "#2"},
				"down": {"uv": [8.4375, 4, 8, 4.625], "texture": "#2"}
			}
		},
		{
			"from": [6.37875, -1.1075, -8.9025],
			"to": [7.91625, 0.58375, -7.6725],
			"rotation": {"angle": 0, "axis": "y", "origin": [10.37625, -2.03, -5.2125]},
			"faces": {
				"north": {"uv": [8.75, 0.75, 9.125, 1.1875], "texture": "#2"},
				"east": {"uv": [9, 3.75, 9.3125, 4.1875], "texture": "#2"},
				"south": {"uv": [8.75, 0.75, 9.125, 1.1875], "texture": "#2"},
				"west": {"uv": [9, 3.75, 9.3125, 4.1875], "texture": "#2"},
				"up": {"uv": [9.375, 5.8125, 9, 5.5], "texture": "#2"},
				"down": {"uv": [9.375, 5.5, 9, 5.8125], "texture": "#2"}
			}
		},
		{
			"from": [7.91625, -0.925, -9.825],
			"to": [8.83875, 0.27625, -9.5175],
			"rotation": {"angle": 0, "axis": "y", "origin": [5.45625, -2.03, -7.0575]},
			"faces": {
				"north": {"uv": [2.75, 9.25, 3, 9.5625], "texture": "#2"},
				"east": {"uv": [9.5, 7.5, 9.5625, 7.8125], "texture": "#2"},
				"south": {"uv": [2.75, 9.25, 3, 9.5625], "texture": "#2"},
				"west": {"uv": [9.5, 7.5, 9.5625, 7.8125], "texture": "#2"},
				"up": {"uv": [9.25, 9.5625, 9, 9.5], "texture": "#2"},
				"down": {"uv": [9.25, 9.5, 9, 9.5625], "texture": "#2"}
			}
		},
		{
			"from": [6.5325, -0.9875, -9.5175],
			"to": [7.91625, 0.43, -8.9025],
			"rotation": {"angle": 0, "axis": "y", "origin": [10.37625, -2.03, -6.4425]},
			"faces": {
				"north": {"uv": [9, 2.75, 9.375, 3.125], "texture": "#2"},
				"east": {"uv": [2, 9.5, 2.125, 9.875], "texture": "#2"},
				"south": {"uv": [9, 2.75, 9.375, 3.125], "texture": "#2"},
				"west": {"uv": [2, 9.5, 2.125, 9.875], "texture": "#2"},
				"up": {"uv": [9.875, 2.125, 9.5, 2], "texture": "#2"},
				"down": {"uv": [9.875, 2, 9.5, 2.125], "texture": "#2"}
			}
		},
		{
			"from": [10.37625, -1.415, -0.2925],
			"to": [12.22125, -1.415, 18.92625],
			"rotation": {"angle": 0, "axis": "y", "origin": [5.45625, -4.49, 4.6275]},
			"faces": {
				"north": {"uv": [0, 0, 0.4375, 0], "texture": "#2"},
				"east": {"uv": [0, 0, 4.8125, 0], "texture": "#2"},
				"south": {"uv": [0, 0, 0.4375, 0], "texture": "#2"},
				"west": {"uv": [0, 0, 4.8125, 0], "texture": "#2"},
				"up": {"uv": [2.4375, 9.3125, 2, 4.5], "texture": "#2"},
				"down": {"uv": [2.4375, 4.5, 2, 9.3125], "texture": "#2"}
			}
		},
		{
			"from": [2.99625, 1.045, -0.2925],
			"to": [5.45625, 1.045, 18.92625],
			"rotation": {"angle": 0, "axis": "y", "origin": [10.37625, -2.03, 4.6275]},
			"faces": {
				"north": {"uv": [0, 0, 0.625, 0], "texture": "#2"},
				"east": {"uv": [0, 0, 4.8125, 0], "texture": "#2"},
				"south": {"uv": [0, 0, 0.625, 0], "texture": "#2"},
				"west": {"uv": [0, 0, 4.8125, 0], "texture": "#2"},
				"up": {"uv": [1.875, 9.3125, 1.25, 4.5], "texture": "#2"},
				"down": {"uv": [1.875, 4.5, 1.25, 9.3125], "texture": "#2"}
			}
		},
		{
			"from": [7.91625, -1.1075, 1.5525],
			"to": [8.9925, 1.3525, 5.39625],
			"rotation": {"angle": 22.5, "axis": "x", "origin": [4.6875, -1.7225, 5.2425]},
			"faces": {
				"north": {"uv": [7.25, 8.75, 7.5, 9.375], "texture": "#2"},
				"east": {"uv": [2.5, 6.5, 3.4375, 7.125], "texture": "#2"},
				"south": {"uv": [7.25, 8.75, 7.5, 9.375], "texture": "#2"},
				"west": {"uv": [2.5, 6.5, 3.4375, 7.125], "texture": "#2"},
				"up": {"uv": [6.75, 9.1875, 6.5, 8.25], "texture": "#2"},
				"down": {"uv": [6.75, 8.25, 6.5, 9.1875], "texture": "#2"}
			}
		},
		{
			"from": [6.225, -1.26125, -7.6725],
			"to": [7.91625, 0.89125, -5.2125],
			"rotation": {"angle": 0, "axis": "y", "origin": [10.37625, -2.03, -3.9825]},
			"faces": {
				"north": {"uv": [4.75, 8.25, 5.1875, 8.8125], "texture": "#2"},
				"east": {"uv": [7.5, 5.75, 8.125, 6.3125], "texture": "#2"},
				"south": {"uv": [4.75, 8.25, 5.1875, 8.8125], "texture": "#2"},
				"west": {"uv": [7.5, 5.75, 8.125, 6.3125], "texture": "#2"},
				"up": {"uv": [3.4375, 8.625, 3, 8], "texture": "#2"},
				"down": {"uv": [3.4375, 8, 3, 8.625], "texture": "#2"}
			}
		},
		{
			"from": [7.7625, -8.4875, 11.085],
			"to": [8.22275, -4.64375, 18.465],
			"rotation": {"angle": -45, "axis": "x", "origin": [4.6875, -1.56875, 2.93625]},
			"faces": {
				"north": {"uv": [5, 9, 5.125, 9.9375], "texture": "#2"},
				"east": {"uv": [5, 2, 6.875, 2.9375], "texture": "#2"},
				"south": {"uv": [5, 9, 5.125, 9.9375], "texture": "#2"},
				"west": {"uv": [5, 2, 6.875, 2.9375], "texture": "#2"},
				"up": {"uv": [8.375, 8.625, 8.25, 6.75], "texture": "#2"},
				"down": {"uv": [8.375, 6.75, 8.25, 8.625], "texture": "#2"}
			}
		},
		{
			"from": [7.91625, -0.77125, -10.28625],
			"to": [8.53125, 0.1225, -9.825],
			"rotation": {"angle": 0, "axis": "y", "origin": [5.45625, -2.03, -7.365]},
			"faces": {
				"north": {"uv": [6.5, 9.5, 6.625, 9.75], "texture": "#2"},
				"east": {"uv": [6.75, 9.5, 6.875, 9.75], "texture": "#2"},
				"south": {"uv": [6.5, 9.5, 6.625, 9.75], "texture": "#2"},
				"west": {"uv": [6.75, 9.5, 6.875, 9.75], "texture": "#2"},
				"up": {"uv": [9.375, 9.625, 9.25, 9.5], "texture": "#2"},
				"down": {"uv": [9.375, 9.5, 9.25, 9.625], "texture": "#2"}
			}
		},
		{
			"from": [6.99375, -0.925, -9.825],
			"to": [7.91625, 0.27625, -9.5175],
			"rotation": {"angle": 0, "axis": "y", "origin": [10.37625, -2.03, -7.0575]},
			"faces": {
				"north": {"uv": [3, 9.25, 3.25, 9.5625], "texture": "#2"},
				"east": {"uv": [8.25, 9.5, 8.3125, 9.8125], "texture": "#2"},
				"south": {"uv": [3, 9.25, 3.25, 9.5625], "texture": "#2"},
				"west": {"uv": [8.25, 9.5, 8.3125, 9.8125], "texture": "#2"},
				"up": {"uv": [9.75, 9.5625, 9.5, 9.5], "texture": "#2"},
				"down": {"uv": [9.75, 9.5, 9.5, 9.5625], "texture": "#2"}
			}
		},
		{
			"from": [12.22125, -1.415, 2.1675],
			"to": [12.83625, 1.045, 18.92625],
			"rotation": {"angle": 0, "axis": "y", "origin": [12.22125, -2.03, 4.6275]},
			"faces": {
				"north": {"uv": [0, 9.25, 0.125, 9.875], "texture": "#2"},
				"east": {"uv": [3.75, 1.25, 9.1875, 1.875], "texture": "#2"},
				"south": {"uv": [0, 9.25, 0.125, 9.875], "texture": "#2"},
				"west": {"uv": [3.75, 1.25, 9.1875, 1.875], "texture": "#2"},
				"up": {"uv": [6.125, 11.1875, 6, 7], "texture": "#2"},
				"down": {"uv": [6.125, 7, 6, 11.1875], "texture": "#2"}
			}
		},
		{
			"from": [6.84, -1.1075, 1.5525],
			"to": [7.91625, 1.3525, 5.39625],
			"rotation": {"angle": 22.5, "axis": "x", "origin": [11.145, -1.7225, 5.2425]},
			"faces": {
				"north": {"uv": [5.5, 8.75, 5.75, 9.375], "texture": "#2"},
				"east": {"uv": [2.5, 6.5, 3.4375, 7.125], "texture": "#2"},
				"south": {"uv": [5.5, 8.75, 5.75, 9.375], "texture": "#2"},
				"west": {"uv": [2.5, 6.5, 3.4375, 7.125], "texture": "#2"},
				"up": {"uv": [5.75, 8.6875, 5.5, 7.75], "texture": "#2"},
				"down": {"uv": [5.75, 7.75, 5.5, 8.6875], "texture": "#2"}
			}
		},
		{
			"from": [7.91625, 0.27625, -3.9825],
			"to": [8.9925, 2.73625, -0.13875],
			"rotation": {"angle": -22.5, "axis": "x", "origin": [4.6875, -0.33875, -0.2925]},
			"faces": {
				"north": {"uv": [8.25, 8.75, 8.5, 9.375], "texture": "#2"},
				"east": {"uv": [2.5, 7.25, 3.4375, 7.875], "texture": "#2"},
				"south": {"uv": [8.25, 8.75, 8.5, 9.375], "texture": "#2"},
				"west": {"uv": [2.5, 7.25, 3.4375, 7.875], "texture": "#2"},
				"up": {"uv": [7.25, 9.1875, 7, 8.25], "texture": "#2"},
				"down": {"uv": [7.25, 8.25, 7, 9.1875], "texture": "#2"}
			}
		},
		{
			"from": [6.7785, 1.045, 4.6275],
			"to": [8.0075, 1.81375, 18.92625],
			"rotation": {"angle": 0, "axis": "x", "origin": [11.145, -1.26125, 8.3175]},
			"faces": {
				"north": {"uv": [9.25, 9, 9.5625, 9.1875], "texture": "#2"},
				"east": {"uv": [6.25, 6.5, 9.8125, 6.6875], "texture": "#2"},
				"south": {"uv": [9.25, 9, 9.5625, 9.1875], "texture": "#2"},
				"west": {"uv": [6.25, 6.5, 9.8125, 6.6875], "texture": "#2"},
				"up": {"uv": [0.3125, 9.0625, 0, 5.5], "texture": "#2"},
				"down": {"uv": [0.3125, 5.5, 0, 9.0625], "texture": "#2"}
			}
		},
		{
			"from": [7.95, 1.045, 4.6275],
			"to": [9.054, 1.81375, 18.92625],
			"rotation": {"angle": 0, "axis": "y", "origin": [4.6875, -1.26125, 8.3175]},
			"faces": {
				"north": {"uv": [2.25, 9.5, 2.5, 9.6875], "texture": "#2"},
				"east": {"uv": [6.25, 6.5, 9.8125, 6.6875], "texture": "#2"},
				"south": {"uv": [2.25, 9.5, 2.5, 9.6875], "texture": "#2"},
				"west": {"uv": [6.25, 6.5, 9.8125, 6.6875], "texture": "#2"},
				"up": {"uv": [3.75, 8.0625, 3.5, 4.5], "texture": "#2"},
				"down": {"uv": [3.75, 4.5, 3.5, 8.0625], "texture": "#2"}
			}
		},
		{
			"from": [8.07, -1.415, 18.92625],
			"to": [12.21625, 1.045, 19.3875],
			"rotation": {"angle": 0, "axis": "y", "origin": [10.37625, -2.03, 9.5475]},
			"faces": {
				"north": {"uv": [6.25, 6.75, 7.3125, 7.375], "texture": "#2"},
				"east": {"uv": [5.25, 9.25, 5.375, 9.875], "texture": "#2"},
				"south": {"uv": [6.25, 6.75, 7.3125, 7.375], "texture": "#2"},
				"west": {"uv": [5.25, 9.25, 5.375, 9.875], "texture": "#2"},
				"up": {"uv": [9.875, 2.625, 8.75, 2.5], "texture": "#2"},
				"down": {"uv": [9.875, 2.5, 8.75, 2.625], "texture": "#2"}
			}
		},
		{
			"from": [4.6875, -0.95375, 20.31],
			"to": [6.5325, 0.64625, 21.33375],
			"rotation": {"angle": 0, "axis": "y", "origin": [5.45625, -2.03, 10.93125]},
			"faces": {
				"north": {"uv": [8.75, 2, 9.1875, 2.375], "texture": "#2"},
				"east": {"uv": [9, 8.25, 9.25, 8.625], "texture": "#2"},
				"south": {"uv": [8.75, 2, 9.1875, 2.375], "texture": "#2"},
				"west": {"uv": [9, 8.25, 9.25, 8.625], "texture": "#2"},
				"up": {"uv": [9.9375, 0.625, 9.5, 0.5], "texture": "#2"},
				"down": {"uv": [9.9375, 0.5, 9.5, 0.625], "texture": "#2"}
			}
		},
		{
			"from": [3.61625, -1.415, 18.92625],
			"to": [7.7625, 1.045, 19.3875],
			"rotation": {"angle": 0, "axis": "y", "origin": [5.45625, -2.03, 9.5475]},
			"faces": {
				"north": {"uv": [7, 2, 8.0625, 2.625], "texture": "#2"},
				"east": {"uv": [5.75, 9.25, 5.875, 9.875], "texture": "#2"},
				"south": {"uv": [7, 2, 8.0625, 2.625], "texture": "#2"},
				"west": {"uv": [5.75, 9.25, 5.875, 9.875], "texture": "#2"},
				"up": {"uv": [9.625, 4.625, 8.5, 4.5], "texture": "#2"},
				"down": {"uv": [9.625, 4.5, 8.5, 4.625], "texture": "#2"}
			}
		},
		{
			"from": [4.3225, -1.26125, 19.3875],
			"to": [6.835, 0.89125, 19.84875],
			"rotation": {"angle": 0, "axis": "y", "origin": [5.45625, -2.03, 10.00875]},
			"faces": {
				"north": {"uv": [7.5, 6.75, 8.125, 7.3125], "texture": "#2"},
				"east": {"uv": [9.25, 7.25, 9.375, 7.8125], "texture": "#2"},
				"south": {"uv": [7.5, 6.75, 8.125, 7.3125], "texture": "#2"},
				"west": {"uv": [9.25, 7.25, 9.375, 7.8125], "texture": "#2"},
				"up": {"uv": [9.875, 2.375, 9.25, 2.25], "texture": "#2"},
				"down": {"uv": [9.875, 2.25, 9.25, 2.375], "texture": "#2"}
			}
		},
		{
			"from": [4.53375, -1.1075, 19.84875],
			"to": [6.68625, 0.8, 20.31],
			"rotation": {"angle": 0, "axis": "y", "origin": [5.45625, -2.03, 10.47]},
			"faces": {
				"north": {"uv": [5, 6.5, 5.5625, 7], "texture": "#2"},
				"east": {"uv": [9.5, 0, 9.625, 0.5], "texture": "#2"},
				"south": {"uv": [5, 6.5, 5.5625, 7], "texture": "#2"},
				"west": {"uv": [9.5, 0, 9.625, 0.5], "texture": "#2"},
				"up": {"uv": [9.8125, 8.125, 9.25, 8], "texture": "#2"},
				"down": {"uv": [9.8125, 8, 9.25, 8.125], "texture": "#2"}
			}
		},
		{
			"from": [9.34375, -0.03125, -2.3025],
			"to": [12.64, 0.27625, 5.44875],
			"rotation": {"angle": -45, "axis": "y", "origin": [-12.42125, -3.10625, -2.3025]},
			"faces": {
				"north": {"uv": [9.5, 1.25, 10.3125, 1.3125], "texture": "#2"},
				"east": {"uv": [9, 3.25, 10.9375, 3.3125], "texture": "#2"},
				"south": {"uv": [9.5, 1.25, 10.3125, 1.3125], "texture": "#2"},
				"west": {"uv": [9, 3.25, 10.9375, 3.3125], "texture": "#2"},
				"up": {"uv": [3.3125, 6.4375, 2.5, 4.5], "texture": "#2"},
				"down": {"uv": [3.3125, 4.5, 2.5, 6.4375], "texture": "#2"}
			}
		},
		{
			"from": [-2.53125, -0.03125, 18.5725],
			"to": [2.2025, 0.21375, 21.88625],
			"rotation": {"angle": 0, "axis": "y", "origin": [-22.73375, -3.10625, 16.76]},
			"faces": {
				"north": {"uv": [9.5, 1.25, 10.3125, 1.3125], "texture": "#2"},
				"east": {"uv": [9, 3.25, 10.9375, 3.3125], "texture": "#2"},
				"south": {"uv": [9.5, 1.25, 10.3125, 1.3125], "texture": "#2"},
				"west": {"uv": [9, 3.25, 10.9375, 3.3125], "texture": "#2"},
				"up": {"uv": [3.3125, 6.4375, 2.5, 4.5], "texture": "#2"},
				"down": {"uv": [3.3125, 4.5, 2.5, 6.4375], "texture": "#2"}
			}
		},
		{
			"from": [8.96875, -0.03125, 0.0725],
			"to": [11.89, 0.15125, 3.51125],
			"rotation": {"angle": -45, "axis": "y", "origin": [-13.17125, -3.10625, 0.0725]},
			"faces": {
				"north": {"uv": [9.5, 1.25, 10.3125, 1.3125], "texture": "#2"},
				"east": {"uv": [9, 3.25, 10.9375, 3.3125], "texture": "#2"},
				"south": {"uv": [9.5, 1.25, 10.3125, 1.3125], "texture": "#2"},
				"west": {"uv": [9, 3.25, 10.9375, 3.3125], "texture": "#2"},
				"up": {"uv": [3.3125, 6.4375, 2.5, 4.5], "texture": "#2"},
				"down": {"uv": [3.3125, 4.5, 2.5, 6.4375], "texture": "#2"}
			}
		},
		{
			"from": [10.37625, 1.045, -0.2925],
			"to": [12.83625, 1.045, 18.92625],
			"rotation": {"angle": 0, "axis": "y", "origin": [5.45625, -2.03, 4.6275]},
			"faces": {
				"north": {"uv": [0, 0, 0.625, 0], "texture": "#2"},
				"east": {"uv": [0, 0, 4.8125, 0], "texture": "#2"},
				"south": {"uv": [0, 0, 0.625, 0], "texture": "#2"},
				"west": {"uv": [0, 0, 4.8125, 0], "texture": "#2"},
				"up": {"uv": [4.375, 6.8125, 3.75, 2], "texture": "#2"},
				"down": {"uv": [4.375, 2, 3.75, 6.8125], "texture": "#2"}
			}
		},
		{
			"from": [3.30375, 1.045, 2.01375],
			"to": [7.7625, 1.50625, 14.16],
			"rotation": {"angle": 0, "axis": "y", "origin": [-4.38375, -2.03, 1.5525]},
			"faces": {
				"north": {"uv": [8.75, 2.5, 9.875, 2.625], "texture": "#2"},
				"east": {"uv": [7, 3.5, 10.0625, 3.625], "texture": "#2"},
				"south": {"uv": [8.75, 2.5, 9.875, 2.625], "texture": "#2"},
				"west": {"uv": [7, 3.5, 10.0625, 3.625], "texture": "#2"},
				"up": {"uv": [3.625, 4.3125, 2.5, 1.25], "texture": "#2"},
				"down": {"uv": [3.625, 1.25, 2.5, 4.3125], "texture": "#2"}
			}
		},
		{
			"from": [-13.30125, 1.045, 7.85625],
			"to": [3.30375, 1.3525, 12.46875],
			"rotation": {"angle": 22.5, "axis": "y", "origin": [-8.8425, -2.03, 5.08875]},
			"faces": {
				"north": {"uv": [8, 4.75, 12.125, 4.8125], "texture": "#2"},
				"east": {"uv": [9.25, 6.25, 10.375, 6.3125], "texture": "#2"},
				"south": {"uv": [8, 4.75, 12.125, 4.8125], "texture": "#2"},
				"west": {"uv": [9.25, 6.25, 10.375, 6.3125], "texture": "#2"},
				"up": {"uv": [5.375, 1.125, 1.25, 0], "texture": "#2"},
				"down": {"uv": [5.375, 0, 1.25, 1.125], "texture": "#2"}
			}
		},
		{
			"from": [8.07, 1.045, 2.01375],
			"to": [12.52875, 1.50625, 14.16],
			"rotation": {"angle": 0, "axis": "y", "origin": [20.21625, -2.03, 1.5525]},
			"faces": {
				"north": {"uv": [8.5, 4.5, 9.625, 4.625], "texture": "#2"},
				"east": {"uv": [7, 3.5, 10.0625, 3.625], "texture": "#2"},
				"south": {"uv": [8.5, 4.5, 9.625, 4.625], "texture": "#2"},
				"west": {"uv": [7, 3.5, 10.0625, 3.625], "texture": "#2"},
				"up": {"uv": [2.375, 4.3125, 1.25, 1.25], "texture": "#2"},
				"down": {"uv": [2.375, 1.25, 1.25, 4.3125], "texture": "#2"}
			}
		},
		{
			"from": [7.54725, -3.5675, 15.23625],
			"to": [8.07, 0.27625, 18.61875],
			"rotation": {"angle": -22.5, "axis": "x", "origin": [11.145, 3.35125, 5.08875]},
			"faces": {
				"north": {"uv": [4.75, 9, 4.875, 9.9375], "texture": "#2"},
				"east": {"uv": [5.5, 0, 6.375, 0.9375], "texture": "#2"},
				"south": {"uv": [4.75, 9, 4.875, 9.9375], "texture": "#2"},
				"west": {"uv": [5.5, 0, 6.375, 0.9375], "texture": "#2"},
				"up": {"uv": [7.875, 9.875, 7.75, 9], "texture": "#2"},
				"down": {"uv": [7.875, 9, 7.75, 9.875], "texture": "#2"}
			}
		},
		{
			"from": [7.60875, -0.8, 15.23625],
			"to": [8.34775, 2.89, 18.61875],
			"rotation": {"angle": -22.5, "axis": "x", "origin": [4.6875, 6.11875, 5.08875]},
			"faces": {
				"north": {"uv": [8.5, 8.25, 8.6875, 9.1875], "texture": "#2"},
				"east": {"uv": [6, 3, 6.875, 3.9375], "texture": "#2"},
				"south": {"uv": [8.5, 8.25, 8.6875, 9.1875], "texture": "#2"},
				"west": {"uv": [6, 3, 6.875, 3.9375], "texture": "#2"},
				"up": {"uv": [2.6875, 9.625, 2.5, 8.75], "texture": "#2"},
				"down": {"uv": [2.6875, 8.75, 2.5, 9.625], "texture": "#2"}
			}
		},
		{
			"from": [7.60975, -8.4875, 11.085],
			"to": [8.07, -4.64375, 18.465],
			"rotation": {"angle": -45, "axis": "x", "origin": [11.145, -1.56875, 2.93625]},
			"faces": {
				"north": {"uv": [4.75, 9, 4.875, 9.9375], "texture": "#2"},
				"east": {"uv": [5, 2, 6.875, 2.9375], "texture": "#2"},
				"south": {"uv": [4.75, 9, 4.875, 9.9375], "texture": "#2"},
				"west": {"uv": [5, 2, 6.875, 2.9375], "texture": "#2"},
				"up": {"uv": [3.625, 10.125, 3.5, 8.25], "texture": "#2"},
				"down": {"uv": [3.625, 8.25, 3.5, 10.125], "texture": "#2"}
			}
		},
		{
			"from": [7.7625, -3.5675, 15.23625],
			"to": [8.28525, 0.27625, 18.61875],
			"rotation": {"angle": -22.5, "axis": "x", "origin": [4.6875, 3.35125, 5.08875]},
			"faces": {
				"north": {"uv": [5, 9, 5.125, 9.9375], "texture": "#2"},
				"east": {"uv": [5.5, 0, 6.375, 0.9375], "texture": "#2"},
				"south": {"uv": [5, 9, 5.125, 9.9375], "texture": "#2"},
				"west": {"uv": [5.5, 0, 6.375, 0.9375], "texture": "#2"},
				"up": {"uv": [9.125, 7.625, 9, 6.75], "texture": "#2"},
				"down": {"uv": [9.125, 6.75, 9, 7.625], "texture": "#2"}
			}
		},
		{
			"from": [-3.615, -1.415, 4.16625],
			"to": [-1.61625, 0.43, 11.3925],
			"rotation": {"angle": 0, "axis": "y", "origin": [-0.2325, -2.645, 4.6275]},
			"faces": {
				"north": {"uv": [7.25, 8.25, 7.75, 8.6875], "texture": "#2"},
				"east": {"uv": [6, 4.5, 7.8125, 4.9375], "texture": "#2"},
				"south": {"uv": [7.25, 8.25, 7.75, 8.6875], "texture": "#2"},
				"west": {"uv": [6, 4.5, 7.8125, 4.9375], "texture": "#2"},
				"up": {"uv": [6.25, 6.8125, 5.75, 5], "texture": "#2"},
				"down": {"uv": [6.25, 5, 5.75, 6.8125], "texture": "#2"}
			}
		},
		{
			"from": [17.295, -0.4925, 11.85375],
			"to": [19.60125, -0.33875, 12.46875],
			"rotation": {"angle": 0, "axis": "y", "origin": [16.065, -2.645, 4.6275]},
			"faces": {
				"north": {"uv": [9.5, 4, 10.0625, 4.0625], "texture": "#2"},
				"east": {"uv": [1.25, 9.75, 1.375, 9.8125], "texture": "#2"},
				"south": {"uv": [9.5, 4, 10.0625, 4.0625], "texture": "#2"},
				"west": {"uv": [1.25, 9.75, 1.375, 9.8125], "texture": "#2"},
				"up": {"uv": [9.8125, 7.125, 9.25, 7], "texture": "#2"},
				"down": {"uv": [9.8125, 7, 9.25, 7.125], "texture": "#2"}
			}
		},
		{
			"from": [-3.15375, -1.1075, 3.3975],
			"to": [-2.0775, 0.1225, 12.16125],
			"rotation": {"angle": 0, "axis": "y", "origin": [-0.2325, -2.645, 4.6275]},
			"faces": {
				"north": {"uv": [9.25, 1.75, 9.5, 2.0625], "texture": "#2"},
				"east": {"uv": [6.5, 0.75, 8.6875, 1.0625], "texture": "#2"},
				"south": {"uv": [9.25, 1.75, 9.5, 2.0625], "texture": "#2"},
				"west": {"uv": [6.5, 0.75, 8.6875, 1.0625], "texture": "#2"},
				"up": {"uv": [6, 9.1875, 5.75, 7], "texture": "#2"},
				"down": {"uv": [6, 7, 5.75, 9.1875], "texture": "#2"}
			}
		},
		{
			"from": [25.29, 0.43, 9.08625],
			"to": [26.05875, 1.045, 11.85375],
			"rotation": {"angle": 0, "axis": "y", "origin": [23.29125, -2.03, 7.395]},
			"faces": {
				"north": {"uv": [7.5, 9.5, 7.6875, 9.625], "texture": "#2"},
				"east": {"uv": [9.25, 1, 9.9375, 1.125], "texture": "#2"},
				"south": {"uv": [7.5, 9.5, 7.6875, 9.625], "texture": "#2"},
				"west": {"uv": [9.25, 1, 9.9375, 1.125], "texture": "#2"},
				"up": {"uv": [4.6875, 9.6875, 4.5, 9], "texture": "#2"},
				"down": {"uv": [4.6875, 9, 4.5, 9.6875], "texture": "#2"}
			}
		},
		{
			"from": [-3.76875, -0.4925, 11.85375],
			"to": [-1.4625, -0.33875, 12.46875],
			"rotation": {"angle": 0, "axis": "y", "origin": [-0.2325, -2.645, 4.6275]},
			"faces": {
				"north": {"uv": [9.5, 3.75, 10.0625, 3.8125], "texture": "#2"},
				"east": {"uv": [9.75, 0.25, 9.875, 0.3125], "texture": "#2"},
				"south": {"uv": [9.5, 3.75, 10.0625, 3.8125], "texture": "#2"},
				"west": {"uv": [9.75, 0.25, 9.875, 0.3125], "texture": "#2"},
				"up": {"uv": [7.0625, 9.375, 6.5, 9.25], "texture": "#2"},
				"down": {"uv": [7.0625, 9.25, 6.5, 9.375], "texture": "#2"}
			}
		},
		{
			"from": [17.91, -1.1075, 3.3975],
			"to": [18.98625, 0.1225, 12.16125],
			"rotation": {"angle": 0, "axis": "y", "origin": [16.065, -2.645, 4.6275]},
			"faces": {
				"north": {"uv": [9.25, 1.25, 9.5, 1.5625], "texture": "#2"},
				"east": {"uv": [6.5, 0.75, 8.6875, 1.0625], "texture": "#2"},
				"south": {"uv": [9.25, 1.25, 9.5, 1.5625], "texture": "#2"},
				"west": {"uv": [6.5, 0.75, 8.6875, 1.0625], "texture": "#2"},
				"up": {"uv": [1.25, 7.6875, 1, 5.5], "texture": "#2"},
				"down": {"uv": [1.25, 5.5, 1, 7.6875], "texture": "#2"}
			}
		},
		{
			"from": [-3, 0.43, 6.31875],
			"to": [-2.23125, 1.045, 9.08625],
			"rotation": {"angle": 0, "axis": "y", "origin": [-0.2325, -2.03, 4.6275]},
			"faces": {
				"north": {"uv": [9.5, 7.25, 9.6875, 7.375], "texture": "#2"},
				"east": {"uv": [9.25, 0.75, 9.9375, 0.875], "texture": "#2"},
				"south": {"uv": [9.5, 7.25, 9.6875, 7.375], "texture": "#2"},
				"west": {"uv": [9.25, 0.75, 9.9375, 0.875], "texture": "#2"},
				"up": {"uv": [4.4375, 9.6875, 4.25, 9], "texture": "#2"},
				"down": {"uv": [4.4375, 9, 4.25, 9.6875], "texture": "#2"}
			}
		},
		{
			"from": [25.5975, -0.95375, 12.93],
			"to": [25.75125, 0.7375, 14.00625],
			"rotation": {"angle": 0, "axis": "y", "origin": [23.445, -2.645, 7.0875]},
			"faces": {
				"north": {"uv": [7.25, 9.5, 7.3125, 9.9375], "texture": "#2"},
				"east": {"uv": [9, 7.75, 9.25, 8.1875], "texture": "#2"},
				"south": {"uv": [7.25, 9.5, 7.3125, 9.9375], "texture": "#2"},
				"west": {"uv": [9, 7.75, 9.25, 8.1875], "texture": "#2"},
				"up": {"uv": [9.5625, 8.75, 9.5, 8.5], "texture": "#2"},
				"down": {"uv": [9.5625, 8.5, 9.5, 8.75], "texture": "#2"}
			}
		},
		{
			"from": [-10.22625, 0.43, 9.08625],
			"to": [-9.4575, 1.045, 11.85375],
			"rotation": {"angle": 0, "axis": "y", "origin": [-7.45875, -2.03, 7.395]},
			"faces": {
				"north": {"uv": [9.5, 7.25, 9.6875, 7.375], "texture": "#2"},
				"east": {"uv": [9.25, 0.75, 9.9375, 0.875], "texture": "#2"},
				"south": {"uv": [9.5, 7.25, 9.6875, 7.375], "texture": "#2"},
				"west": {"uv": [9.25, 0.75, 9.9375, 0.875], "texture": "#2"},
				"up": {"uv": [4.4375, 9.6875, 4.25, 9], "texture": "#2"},
				"down": {"uv": [4.4375, 9, 4.25, 9.6875], "texture": "#2"}
			}
		},
		{
			"from": [18.06375, 0.43, 6.31875],
			"to": [18.8325, 1.045, 9.08625],
			"rotation": {"angle": 0, "axis": "y", "origin": [16.065, -2.03, 4.6275]},
			"faces": {
				"north": {"uv": [7.5, 9.5, 7.6875, 9.625], "texture": "#2"},
				"east": {"uv": [9.25, 1, 9.9375, 1.125], "texture": "#2"},
				"south": {"uv": [7.5, 9.5, 7.6875, 9.625], "texture": "#2"},
				"west": {"uv": [9.25, 1, 9.9375, 1.125], "texture": "#2"},
				"up": {"uv": [4.6875, 9.6875, 4.5, 9], "texture": "#2"},
				"down": {"uv": [4.6875, 9, 4.5, 9.6875], "texture": "#2"}
			}
		},
		{
			"from": [-10.38, -0.64625, 7.85625],
			"to": [-9.30375, 0.43, 12.93],
			"rotation": {"angle": 0, "axis": "y", "origin": [-7.6125, -2.645, 7.0875]},
			"faces": {
				"north": {"uv": [8.5, 9.25, 8.75, 9.5], "texture": "#2"},
				"east": {"uv": [7.75, 0.5, 9, 0.75], "texture": "#2"},
				"south": {"uv": [8.5, 9.25, 8.75, 9.5], "texture": "#2"},
				"west": {"uv": [7.75, 0.5, 9, 0.75], "texture": "#2"},
				"up": {"uv": [4.25, 9, 4, 7.75], "texture": "#2"},
				"down": {"uv": [4.25, 7.75, 4, 9], "texture": "#2"}
			}
		},
		{
			"from": [17.44875, -1.415, 4.16625],
			"to": [19.4475, 0.43, 11.3925],
			"rotation": {"angle": 0, "axis": "y", "origin": [16.065, -2.645, 4.6275]},
			"faces": {
				"north": {"uv": [8.25, 5.75, 8.75, 6.1875], "texture": "#2"},
				"east": {"uv": [6, 4, 7.8125, 4.4375], "texture": "#2"},
				"south": {"uv": [8.25, 5.75, 8.75, 6.1875], "texture": "#2"},
				"west": {"uv": [6, 4, 7.8125, 4.4375], "texture": "#2"},
				"up": {"uv": [1, 7.3125, 0.5, 5.5], "texture": "#2"},
				"down": {"uv": [1, 5.5, 0.5, 7.3125], "texture": "#2"}
			}
		},
		{
			"from": [-10.22625, -0.4925, 7.0875],
			"to": [-9.4575, 0.27625, 14.00625],
			"rotation": {"angle": 0, "axis": "y", "origin": [-7.6125, -2.645, 7.0875]},
			"faces": {
				"north": {"uv": [9.5, 5, 9.6875, 5.1875], "texture": "#2"},
				"east": {"uv": [7.75, 0, 9.5, 0.1875], "texture": "#2"},
				"south": {"uv": [9.5, 5, 9.6875, 5.1875], "texture": "#2"},
				"west": {"uv": [7.75, 0, 9.5, 0.1875], "texture": "#2"},
				"up": {"uv": [1.1875, 9.5, 1, 7.75], "texture": "#2"},
				"down": {"uv": [1.1875, 7.75, 1, 9.5], "texture": "#2"}
			}
		},
		{
			"from": [25.13625, -0.64625, 7.85625],
			"to": [26.2125, 0.43, 12.93],
			"rotation": {"angle": 0, "axis": "y", "origin": [23.445, -2.645, 7.0875]},
			"faces": {
				"north": {"uv": [8.75, 3.75, 9, 4], "texture": "#2"},
				"east": {"uv": [7.75, 0.25, 9, 0.5], "texture": "#2"},
				"south": {"uv": [8.75, 3.75, 9, 4], "texture": "#2"},
				"west": {"uv": [7.75, 0.25, 9, 0.5], "texture": "#2"},
				"up": {"uv": [4, 9, 3.75, 7.75], "texture": "#2"},
				"down": {"uv": [4, 7.75, 3.75, 9], "texture": "#2"}
			}
		},
		{
			"from": [-10.84125, -0.185, 12.93],
			"to": [-8.8425, -0.03125, 14.00625],
			"rotation": {"angle": 0, "axis": "y", "origin": [-7.6125, -2.645, 7.0875]},
			"faces": {
				"north": {"uv": [9.5, 5.5, 10, 5.5625], "texture": "#2"},
				"east": {"uv": [8.75, 9.5, 9, 9.5625], "texture": "#2"},
				"south": {"uv": [9.5, 5.5, 10, 5.5625], "texture": "#2"},
				"west": {"uv": [8.75, 9.5, 9, 9.5625], "texture": "#2"},
				"up": {"uv": [6.5, 1.25, 6, 1], "texture": "#2"},
				"down": {"uv": [6.5, 1, 6, 1.25], "texture": "#2"}
			}
		},
		{
			"from": [25.29, -0.4925, 7.0875],
			"to": [26.05875, 0.27625, 14.00625],
			"rotation": {"angle": 0, "axis": "y", "origin": [23.445, -2.645, 7.0875]},
			"faces": {
				"north": {"uv": [4, 9.5, 4.1875, 9.6875], "texture": "#2"},
				"east": {"uv": [7, 3.75, 8.75, 3.9375], "texture": "#2"},
				"south": {"uv": [4, 9.5, 4.1875, 9.6875], "texture": "#2"},
				"west": {"uv": [7, 3.75, 8.75, 3.9375], "texture": "#2"},
				"up": {"uv": [0.9375, 9.25, 0.75, 7.5], "texture": "#2"},
				"down": {"uv": [0.9375, 7.5, 0.75, 9.25], "texture": "#2"}
			}
		},
		{
			"from": [-9.91875, -0.95375, 12.93],
			"to": [-9.765, 0.7375, 14.00625],
			"rotation": {"angle": 0, "axis": "y", "origin": [-7.6125, -2.645, 7.0875]},
			"faces": {
				"north": {"uv": [7, 9.5, 7.0625, 9.9375], "texture": "#2"},
				"east": {"uv": [9, 6, 9.25, 6.4375], "texture": "#2"},
				"south": {"uv": [7, 9.5, 7.0625, 9.9375], "texture": "#2"},
				"west": {"uv": [9, 6, 9.25, 6.4375], "texture": "#2"},
				"up": {"uv": [9.5625, 8.5, 9.5, 8.25], "texture": "#2"},
				"down": {"uv": [9.5625, 8.25, 9.5, 8.5], "texture": "#2"}
			}
		},
		{
			"from": [24.675, -0.185, 12.93],
			"to": [26.67375, -0.03125, 14.00625],
			"rotation": {"angle": 0, "axis": "y", "origin": [23.445, -2.645, 7.0875]},
			"faces": {
				"north": {"uv": [9.5, 5.25, 10, 5.3125], "texture": "#2"},
				"east": {"uv": [8.5, 9.5, 8.75, 9.5625], "texture": "#2"},
				"south": {"uv": [9.5, 5.25, 10, 5.3125], "texture": "#2"},
				"west": {"uv": [8.5, 9.5, 8.75, 9.5625], "texture": "#2"},
				"up": {"uv": [6, 1.25, 5.5, 1], "texture": "#2"},
				"down": {"uv": [6, 1, 5.5, 1.25], "texture": "#2"}
			}
		},
		{
			"from": [6.84, 0.1225, -1.36875],
			"to": [7.91625, 2.5825, 3.09],
			"rotation": {"angle": 0, "axis": "x", "origin": [11.145, -0.4925, 2.32125]},
			"faces": {
				"north": {"uv": [8.75, 8.75, 9, 9.375], "texture": "#2"},
				"east": {"uv": [6.5, 0, 7.625, 0.625], "texture": "#2"},
				"south": {"uv": [8.75, 8.75, 9, 9.375], "texture": "#2"},
				"west": {"uv": [6.5, 0, 7.625, 0.625], "texture": "#2"},
				"up": {"uv": [4.75, 8.875, 4.5, 7.75], "texture": "#2"},
				"down": {"uv": [4.75, 7.75, 4.5, 8.875], "texture": "#2"}
			}
		},
		{
			"from": [3.61125, -7.565, 5.39625],
			"to": [5.45625, -5.105, 5.8575],
			"rotation": {"angle": -45, "axis": "x", "origin": [3.61125, -8.18, -3.9825]},
			"faces": {
				"north": {"uv": [8.25, 2, 8.6875, 2.625], "texture": "#2"},
				"east": {"uv": [6.25, 9.25, 6.375, 9.875], "texture": "#2"},
				"south": {"uv": [8.25, 2, 8.6875, 2.625], "texture": "#2"},
				"west": {"uv": [6.25, 9.25, 6.375, 9.875], "texture": "#2"},
				"up": {"uv": [1.6875, 9.625, 1.25, 9.5], "texture": "#2"},
				"down": {"uv": [1.6875, 9.5, 1.25, 9.625], "texture": "#2"}
			}
		},
		{
			"from": [12.22125, -7.565, 4.6275],
			"to": [12.83625, -5.105, 5.8575],
			"rotation": {"angle": -45, "axis": "x", "origin": [12.22125, -8.18, -3.9825]},
			"faces": {
				"north": {"uv": [0, 9.25, 0.125, 9.875], "texture": "#2"},
				"east": {"uv": [8.5, 2.75, 8.8125, 3.375], "texture": "#2"},
				"south": {"uv": [0, 9.25, 0.125, 9.875], "texture": "#2"},
				"west": {"uv": [8.5, 2.75, 8.8125, 3.375], "texture": "#2"},
				"up": {"uv": [3.875, 9.8125, 3.75, 9.5], "texture": "#2"},
				"down": {"uv": [3.875, 9.5, 3.75, 9.8125], "texture": "#2"}
			}
		},
		{
			"from": [8.935, -1.26125, 19.3875],
			"to": [11.4475, 0.89125, 19.84875],
			"rotation": {"angle": 0, "axis": "y", "origin": [10.37625, -2.03, 10.00875]},
			"faces": {
				"north": {"uv": [7, 7.5, 7.625, 8.0625], "texture": "#2"},
				"east": {"uv": [9.25, 8.25, 9.375, 8.8125], "texture": "#2"},
				"south": {"uv": [7, 7.5, 7.625, 8.0625], "texture": "#2"},
				"west": {"uv": [9.25, 8.25, 9.375, 8.8125], "texture": "#2"},
				"up": {"uv": [9.875, 6.125, 9.25, 6], "texture": "#2"},
				"down": {"uv": [9.875, 6, 9.25, 6.125], "texture": "#2"}
			}
		},
		{
			"from": [9.14625, -1.1075, 19.84875],
			"to": [11.29875, 0.8, 20.31],
			"rotation": {"angle": 0, "axis": "y", "origin": [10.37625, -2.03, 10.47]},
			"faces": {
				"north": {"uv": [4.75, 7.75, 5.3125, 8.25], "texture": "#2"},
				"east": {"uv": [1, 9.5, 1.125, 10], "texture": "#2"},
				"south": {"uv": [4.75, 7.75, 5.3125, 8.25], "texture": "#2"},
				"west": {"uv": [1, 9.5, 1.125, 10], "texture": "#2"},
				"up": {"uv": [9.5625, 9.375, 9, 9.25], "texture": "#2"},
				"down": {"uv": [9.5625, 9.25, 9, 9.375], "texture": "#2"}
			}
		},
		{
			"from": [9.3, -0.95375, 20.31],
			"to": [11.145, 0.64625, 21.33375],
			"rotation": {"angle": 0, "axis": "y", "origin": [10.37625, -2.03, 10.93125]},
			"faces": {
				"north": {"uv": [2.75, 8.75, 3.1875, 9.125], "texture": "#2"},
				"east": {"uv": [9, 8.75, 9.25, 9.125], "texture": "#2"},
				"south": {"uv": [2.75, 8.75, 3.1875, 9.125], "texture": "#2"},
				"west": {"uv": [9, 8.75, 9.25, 9.125], "texture": "#2"},
				"up": {"uv": [8.6875, 6.5, 8.25, 6.25], "texture": "#2"},
				"down": {"uv": [8.6875, 6.25, 8.25, 6.5], "texture": "#2"}
			}
		},
		{
			"from": [7.91625, -0.6175, -10.90125],
			"to": [8.22375, -0.03125, -10.28625],
			"rotation": {"angle": 0, "axis": "y", "origin": [5.45625, -2.03, -7.365]},
			"faces": {
				"north": {"uv": [1.5, 9.75, 1.5625, 9.875], "texture": "#2"},
				"east": {"uv": [9.75, 0, 9.875, 0.125], "texture": "#2"},
				"south": {"uv": [1.5, 9.75, 1.5625, 9.875], "texture": "#2"},
				"west": {"uv": [9.75, 0, 9.875, 0.125], "texture": "#2"},
				"up": {"uv": [2.3125, 9.875, 2.25, 9.75], "texture": "#2"},
				"down": {"uv": [2.3125, 9.75, 2.25, 9.875], "texture": "#2"}
			}
		},
		{
			"from": [7.60875, -0.6175, -10.90125],
			"to": [7.91625, -0.03125, -10.28625],
			"rotation": {"angle": 0, "axis": "y", "origin": [10.37625, -2.03, -7.365]},
			"faces": {
				"north": {"uv": [2.5, 9.75, 2.5625, 9.875], "texture": "#2"},
				"east": {"uv": [9.5, 8.75, 9.625, 8.875], "texture": "#2"},
				"south": {"uv": [2.5, 9.75, 2.5625, 9.875], "texture": "#2"},
				"west": {"uv": [9.5, 8.75, 9.625, 8.875], "texture": "#2"},
				"up": {"uv": [2.8125, 9.875, 2.75, 9.75], "texture": "#2"},
				"down": {"uv": [2.8125, 9.75, 2.75, 9.875], "texture": "#2"}
			}
		},
		{
			"from": [7.92125, -0.305, -12.08875],
			"to": [7.97875, -0.21875, -10.91125],
			"rotation": {"angle": 0, "axis": "y", "origin": [10.56375, -2.03, -7.99]},
			"faces": {
				"north": {"uv": [2.5, 9.75, 2.5625, 9.875], "texture": "#2"},
				"east": {"uv": [9.5, 8.75, 9.625, 8.875], "texture": "#2"},
				"south": {"uv": [2.5, 9.75, 2.5625, 9.875], "texture": "#2"},
				"west": {"uv": [9.5, 8.75, 9.625, 8.875], "texture": "#2"},
				"up": {"uv": [2.8125, 9.875, 2.75, 9.75], "texture": "#2"},
				"down": {"uv": [2.8125, 9.75, 2.75, 9.875], "texture": "#2"}
			}
		},
		{
			"from": [7.67125, 4.58125, 18.7725],
			"to": [8.28525, 8.27125, 22.155],
			"rotation": {"angle": 0, "axis": "x", "origin": [4.6875, 11.5, 8.625]},
			"faces": {
				"north": {"uv": [8.5, 8.25, 8.6875, 9.1875], "texture": "#2"},
				"east": {"uv": [6, 3, 6.875, 3.9375], "texture": "#2"},
				"south": {"uv": [8.5, 8.25, 8.6875, 9.1875], "texture": "#2"},
				"west": {"uv": [6, 3, 6.875, 3.9375], "texture": "#2"},
				"up": {"uv": [2.6875, 9.625, 2.5, 8.75], "texture": "#2"},
				"down": {"uv": [2.6875, 8.75, 2.5, 9.625], "texture": "#2"}
			}
		},
		{
			"from": [6.67125, 6.01875, 19.71],
			"to": [9.28525, 6.27125, 22.0925],
			"rotation": {"angle": 0, "axis": "x", "origin": [4.6875, 11.5, 8.625]},
			"faces": {
				"north": {"uv": [8.5, 8.25, 8.6875, 9.1875], "texture": "#2"},
				"east": {"uv": [6, 3, 6.875, 3.9375], "texture": "#2"},
				"south": {"uv": [8.5, 8.25, 8.6875, 9.1875], "texture": "#2"},
				"west": {"uv": [6, 3, 6.875, 3.9375], "texture": "#2"},
				"up": {"uv": [2.6875, 9.625, 2.5, 8.75], "texture": "#2"},
				"down": {"uv": [2.6875, 8.75, 2.5, 9.625], "texture": "#2"}
			}
		},
		{
			"from": [3.235, -0.03125, -2.3025],
			"to": [6.53125, 0.27625, 5.44875],
			"rotation": {"angle": 45, "axis": "y", "origin": [28.29625, -3.10625, -2.3025]},
			"faces": {
				"north": {"uv": [9.5, 1.5, 10.3125, 1.5625], "texture": "#2"},
				"east": {"uv": [9, 4.25, 10.9375, 4.3125], "texture": "#2"},
				"south": {"uv": [9.5, 1.5, 10.3125, 1.5625], "texture": "#2"},
				"west": {"uv": [9, 4.25, 10.9375, 4.3125], "texture": "#2"},
				"up": {"uv": [5.8125, 4.9375, 5, 3], "texture": "#2"},
				"down": {"uv": [5.8125, 3, 5, 4.9375], "texture": "#2"}
			}
		},
		{
			"from": [3.985, -0.03125, 0.0725],
			"to": [6.90625, 0.15125, 3.51125],
			"rotation": {"angle": 45, "axis": "y", "origin": [29.04625, -3.10625, 0.0725]},
			"faces": {
				"north": {"uv": [9.5, 1.5, 10.3125, 1.5625], "texture": "#2"},
				"east": {"uv": [9, 4.25, 10.9375, 4.3125], "texture": "#2"},
				"south": {"uv": [9.5, 1.5, 10.3125, 1.5625], "texture": "#2"},
				"west": {"uv": [9, 4.25, 10.9375, 4.3125], "texture": "#2"},
				"up": {"uv": [5.8125, 4.9375, 5, 3], "texture": "#2"},
				"down": {"uv": [5.8125, 3, 5, 4.9375], "texture": "#2"}
			}
		},
		{
			"from": [13.6725, -0.03125, 18.5725],
			"to": [18.40625, 0.21375, 21.88625],
			"rotation": {"angle": 0, "axis": "y", "origin": [38.60875, -3.10625, 16.76]},
			"faces": {
				"north": {"uv": [9.5, 1.5, 10.3125, 1.5625], "texture": "#2"},
				"east": {"uv": [9, 4.25, 10.9375, 4.3125], "texture": "#2"},
				"south": {"uv": [9.5, 1.5, 10.3125, 1.5625], "texture": "#2"},
				"west": {"uv": [9, 4.25, 10.9375, 4.3125], "texture": "#2"},
				"up": {"uv": [5.8125, 4.9375, 5, 3], "texture": "#2"},
				"down": {"uv": [5.8125, 3, 5, 4.9375], "texture": "#2"}
			}
		}
	],
	"display": {
		"thirdperson_righthand": {
			"rotation": [5, 0, 0],
			"translation": [0, 7.75, -1],
			"scale": [0.99, 1, 1]
		},
		"thirdperson_lefthand": {
			"rotation": [71, 0, 0],
			"translation": [0, 7.5, 6.5]
		},
		"firstperson_righthand": {
			"rotation": [12, 113, 1],
			"translation": [0, 10.25, 0.5],
			"scale": [0.88867, 1, 1]
		},
		"firstperson_lefthand": {
			"rotation": [11, 117, 0],
			"translation": [0, 11, 0]
		},
		"ground": {
			"translation": [0, 4.5, 0]
		},
		"gui": {
			"rotation": [94, -54, 0],
			"translation": [0.5, 0, 0],
			"scale": [0.99, 1.13, 1.29]
		},
		"head": {
			"rotation": [50, 0, 0],
			"translation": [0, 10.75, 36.75],
			"scale": [3.06, 4, 4]
		},
		"fixed": {
			"rotation": [-90, 134, 0],
			"translation": [0, 0, -43.75],
			"scale": [3.51, 4, 4]
		}
	},
	"groups": [
		{
			"name": "group",
			"origin": [6.6875, 5.5, 8.625],
			"color": 0,
			"children": [
				0,
				1,
				2,
				3,
				4,
				5,
				6,
				7,
				8,
				9,
				10,
				11,
				12,
				13,
				14,
				15,
				16,
				17,
				18,
				19,
				20,
				21,
				22,
				23,
				24,
				25,
				26,
				27,
				28,
				29,
				30,
				31,
				32,
				33,
				34,
				35,
				36,
				37,
				38,
				39,
				40,
				41,
				42,
				43,
				44,
				45,
				46,
				47,
				48,
				49,
				50,
				51,
				52,
				53,
				54,
				55,
				56,
				57,
				58,
				59,
				60,
				61,
				62,
				63,
				64,
				65,
				66,
				67,
				68,
				69,
				70,
				71,
				72,
				73,
				74,
				75,
				76,
				77,
				78,
				79,
				80,
				81,
				82,
				83,
				84,
				85,
				86,
				87,
				88,
				89,
				90,
				91,
				92,
				93,
				94,
				95,
				96,
				97,
				98,
				99,
				100,
				101,
				102,
				103,
				104,
				105,
				106,
				107,
				108,
				109,
				110,
				111,
				112,
				113,
				114,
				115,
				116
			]
		},
		{
			"name": "group",
			"origin": [9.3125, 5.5, 8.625],
			"color": 0,
			"children": [117, 118, 119]
		}
	]
}