{
	"credit": "Made with Blockbench",
	"texture_size": [8, 8],
	"textures": {
		"1": "item/bierkiste",
		"particle": "item/bierkiste"
	},
	"elements": [
		{
			"from": [2.42, 0, 2.42],
			"to": [13.58, 0.6975, 3.1175],
			"rotation": {"angle": 0, "axis": "y", "origin": [5.21, 0, 2.42]},
			"faces": {
				"north": {"uv": [8, 0, 10, 0.25], "texture": "#1"},
				"east": {"uv": [11, 1.5, 11.25, 1.75], "texture": "#1"},
				"south": {"uv": [8, 0.5, 10, 0.75], "texture": "#1"},
				"west": {"uv": [11, 2, 11.25, 2.25], "texture": "#1"},
				"up": {"uv": [10, 1.25, 8, 1], "texture": "#1"},
				"down": {"uv": [10, 1.5, 8, 1.75], "texture": "#1"}
			}
		},
		{
			"from": [2.42, 0, 15.6725],
			"to": [13.58, 0.6975, 16.37],
			"rotation": {"angle": 0, "axis": "y", "origin": [5.21, 0, 15.6725]},
			"faces": {
				"north": {"uv": [8, 2, 10, 2.25], "texture": "#1"},
				"east": {"uv": [2.5, 11, 2.75, 11.25], "texture": "#1"},
				"south": {"uv": [8, 2.5, 10, 2.75], "texture": "#1"},
				"west": {"uv": [11, 2.5, 11.25, 2.75], "texture": "#1"},
				"up": {"uv": [10, 3.25, 8, 3], "texture": "#1"},
				"down": {"uv": [10, 3.5, 8, 3.75], "texture": "#1"}
			}
		},
		{
			"from": [3.1175, 0, 2.94313],
			"to": [12.8825, 4.53375, 3.64063],
			"rotation": {"angle": 0, "axis": "y", "origin": [5.21, 0.6975, 2.94313]},
			"faces": {
				"north": {"uv": [0, 5.5, 1.75, 6.25], "texture": "#1"},
				"east": {"uv": [10, 6.5, 10.25, 7.25], "texture": "#1"},
				"south": {"uv": [2, 5.5, 3.75, 6.25], "texture": "#1"},
				"west": {"uv": [8, 10, 8.25, 10.75], "texture": "#1"},
				"up": {"uv": [10.75, 6.25, 9, 6], "texture": "#1"},
				"down": {"uv": [9.75, 9, 8, 9.25], "texture": "#1"}
			}
		},
		{
			"from": [10.0925, 4.53375, 3.1175],
			"to": [12.8825, 6.62625, 3.64063],
			"rotation": {"angle": 0, "axis": "y", "origin": [5.21, 0.6975, 2.94313]},
			"faces": {
				"north": {"uv": [5, 9, 5.5, 9.5], "texture": "#1"},
				"east": {"uv": [5.5, 10.5, 5.75, 11], "texture": "#1"},
				"south": {"uv": [4, 9.5, 4.5, 10], "texture": "#1"},
				"west": {"uv": [6, 10.5, 6.25, 11], "texture": "#1"},
				"up": {"uv": [7, 10.75, 6.5, 10.5], "texture": "#1"},
				"down": {"uv": [11, 6.5, 10.5, 6.75], "texture": "#1"}
			}
		},
		{
			"from": [3.1175, 4.53375, 3.1175],
			"to": [5.9075, 6.62625, 3.64063],
			"rotation": {"angle": 0, "axis": "y", "origin": [-1.765, 0.6975, 2.94313]},
			"faces": {
				"north": {"uv": [4.5, 9.5, 5, 10], "texture": "#1"},
				"east": {"uv": [7, 10.5, 7.25, 11], "texture": "#1"},
				"south": {"uv": [5, 9.5, 5.5, 10], "texture": "#1"},
				"west": {"uv": [10.5, 7, 10.75, 7.5], "texture": "#1"},
				"up": {"uv": [8, 10.75, 7.5, 10.5], "texture": "#1"},
				"down": {"uv": [9, 10.5, 8.5, 10.75], "texture": "#1"}
			}
		},
		{
			"from": [5.9075, 6.10313, 3.1175],
			"to": [10.0925, 6.62625, 3.64063],
			"rotation": {"angle": 0, "axis": "y", "origin": [1.025, 0.6975, 2.94313]},
			"faces": {
				"north": {"uv": [10, 7.5, 10.75, 7.75], "texture": "#1"},
				"east": {"uv": [6, 11, 6.25, 11.25], "texture": "#1"},
				"south": {"uv": [8.5, 10, 9.25, 10.25], "texture": "#1"},
				"west": {"uv": [11, 6, 11.25, 6.25], "texture": "#1"},
				"up": {"uv": [10.75, 8.75, 10, 8.5], "texture": "#1"},
				"down": {"uv": [10.75, 9, 10, 9.25], "texture": "#1"}
			}
		},
		{
			"from": [5.9075, 6.10313, 14.975],
			"to": [10.0925, 6.62625, 15.6725],
			"rotation": {"angle": 0, "axis": "y", "origin": [1.025, 0.6975, 14.975]},
			"faces": {
				"north": {"uv": [9.5, 10, 10.25, 10.25], "texture": "#1"},
				"east": {"uv": [6.5, 11, 6.75, 11.25], "texture": "#1"},
				"south": {"uv": [10, 9.5, 10.75, 9.75], "texture": "#1"},
				"west": {"uv": [11, 6.5, 11.25, 6.75], "texture": "#1"},
				"up": {"uv": [0.75, 10.75, 0, 10.5], "texture": "#1"},
				"down": {"uv": [11.25, 0.5, 10.5, 0.75], "texture": "#1"}
			}
		},
		{
			"from": [3.1175, 4.53375, 14.975],
			"to": [5.9075, 6.62625, 15.6725],
			"rotation": {"angle": 0, "axis": "y", "origin": [-1.765, 0.6975, 14.975]},
			"faces": {
				"north": {"uv": [10, 1.5, 10.5, 2], "texture": "#1"},
				"east": {"uv": [10.5, 10.5, 10.75, 11], "texture": "#1"},
				"south": {"uv": [2, 10, 2.5, 10.5], "texture": "#1"},
				"west": {"uv": [0, 11, 0.25, 11.5], "texture": "#1"},
				"up": {"uv": [1, 11.25, 0.5, 11], "texture": "#1"},
				"down": {"uv": [11.5, 1, 11, 1.25], "texture": "#1"}
			}
		},
		{
			"from": [10.0925, 4.53375, 14.975],
			"to": [12.8825, 6.62625, 15.6725],
			"rotation": {"angle": 0, "axis": "y", "origin": [5.21, 0.6975, 14.975]},
			"faces": {
				"north": {"uv": [10, 0.5, 10.5, 1], "texture": "#1"},
				"east": {"uv": [9, 10.5, 9.25, 11], "texture": "#1"},
				"south": {"uv": [10, 1, 10.5, 1.5], "texture": "#1"},
				"west": {"uv": [9.5, 10.5, 9.75, 11], "texture": "#1"},
				"up": {"uv": [10.5, 10.75, 10, 10.5], "texture": "#1"},
				"down": {"uv": [11, 10, 10.5, 10.25], "texture": "#1"}
			}
		},
		{
			"from": [3.1175, 0, 14.975],
			"to": [12.8825, 4.53375, 15.6725],
			"rotation": {"angle": 0, "axis": "y", "origin": [5.21, 0.6975, 14.975]},
			"faces": {
				"north": {"uv": [2, 4.5, 3.75, 5.25], "texture": "#1"},
				"east": {"uv": [4.5, 10, 4.75, 10.75], "texture": "#1"},
				"south": {"uv": [4, 5, 5.75, 5.75], "texture": "#1"},
				"west": {"uv": [5, 10, 5.25, 10.75], "texture": "#1"},
				"up": {"uv": [1.75, 9.25, 0, 9], "texture": "#1"},
				"down": {"uv": [4.75, 9, 3, 9.25], "texture": "#1"}
			}
		},
		{
			"from": [3.29188, 0, 12.01063],
			"to": [12.70813, 4.53375, 12.70813],
			"rotation": {"angle": 0, "axis": "y", "origin": [5.21, 0.6975, 12.01063]},
			"faces": {
				"north": {"uv": [4, 4, 5.75, 4.75], "texture": "#1"},
				"east": {"uv": [3.5, 10, 3.75, 10.75], "texture": "#1"},
				"south": {"uv": [0, 4.5, 1.75, 5.25], "texture": "#1"},
				"west": {"uv": [4, 10, 4.25, 10.75], "texture": "#1"},
				"up": {"uv": [10.25, 5.75, 8.5, 5.5], "texture": "#1"},
				"down": {"uv": [9.75, 8.5, 8, 8.75], "texture": "#1"}
			}
		},
		{
			"from": [9.56938, 0, 3.64063],
			"to": [10.44125, 3.83625, 14.975],
			"rotation": {"angle": 0, "axis": "y", "origin": [6.25625, 0.6975, 9.22063]},
			"faces": {
				"north": {"uv": [10.5, 2, 10.75, 2.75], "texture": "#1"},
				"east": {"uv": [4, 0, 6, 0.75], "texture": "#1"},
				"south": {"uv": [10.5, 3, 10.75, 3.75], "texture": "#1"},
				"west": {"uv": [4, 1, 6, 1.75], "texture": "#1"},
				"up": {"uv": [6.25, 10.5, 6, 8.5], "texture": "#1"},
				"down": {"uv": [6.75, 8.5, 6.5, 10.5], "texture": "#1"}
			}
		},
		{
			"from": [5.9075, 0, 3.64063],
			"to": [6.77938, 3.83625, 14.975],
			"rotation": {"angle": 0, "axis": "y", "origin": [2.59438, 0.6975, 9.22063]},
			"faces": {
				"north": {"uv": [10.5, 4, 10.75, 4.75], "texture": "#1"},
				"east": {"uv": [4, 2, 6, 2.75], "texture": "#1"},
				"south": {"uv": [10.5, 5, 10.75, 5.75], "texture": "#1"},
				"west": {"uv": [4, 3, 6, 3.75], "texture": "#1"},
				"up": {"uv": [7.25, 10.5, 7, 8.5], "texture": "#1"},
				"down": {"uv": [7.75, 8.5, 7.5, 10.5], "texture": "#1"}
			}
		},
		{
			"from": [3.29188, 0, 5.9075],
			"to": [12.70813, 4.53375, 6.605],
			"rotation": {"angle": 0, "axis": "y", "origin": [5.21, 0.6975, 5.9075]},
			"faces": {
				"north": {"uv": [6, 0, 7.75, 0.75], "texture": "#1"},
				"east": {"uv": [1, 10.5, 1.25, 11.25], "texture": "#1"},
				"south": {"uv": [6, 1, 7.75, 1.75], "texture": "#1"},
				"west": {"uv": [10.5, 1, 10.75, 1.75], "texture": "#1"},
				"up": {"uv": [9.75, 9.75, 8, 9.5], "texture": "#1"},
				"down": {"uv": [11.25, 8, 9.5, 8.25], "texture": "#1"}
			}
		},
		{
			"from": [3.29188, 0, 9.04625],
			"to": [12.70813, 4.53375, 9.74375],
			"rotation": {"angle": 0, "axis": "y", "origin": [5.21, 0.6975, 9.04625]},
			"faces": {
				"north": {"uv": [6, 2, 7.75, 2.75], "texture": "#1"},
				"east": {"uv": [1.5, 10.5, 1.75, 11.25], "texture": "#1"},
				"south": {"uv": [6, 3, 7.75, 3.75], "texture": "#1"},
				"west": {"uv": [2, 10.5, 2.25, 11.25], "texture": "#1"},
				"up": {"uv": [1.75, 10.25, 0, 10], "texture": "#1"},
				"down": {"uv": [11.75, 0, 10, 0.25], "texture": "#1"}
			}
		},
		{
			"from": [12.8825, 0, 3.1175],
			"to": [13.58, 0.6975, 15.6725],
			"rotation": {"angle": 0, "axis": "y", "origin": [5.21, 0, 7.3025]},
			"faces": {
				"north": {"uv": [3, 11, 3.25, 11.25], "texture": "#1"},
				"east": {"uv": [4, 6, 6.25, 6.25], "texture": "#1"},
				"south": {"uv": [11, 3, 11.25, 3.25], "texture": "#1"},
				"west": {"uv": [6, 4, 8.25, 4.25], "texture": "#1"},
				"up": {"uv": [0.25, 8.75, 0, 6.5], "texture": "#1"},
				"down": {"uv": [0.75, 6.5, 0.5, 8.75], "texture": "#1"}
			}
		},
		{
			"from": [2.42, 0, 3.1175],
			"to": [3.1175, 0.6975, 15.6725],
			"rotation": {"angle": 0, "axis": "y", "origin": [-5.2525, 0, 7.3025]},
			"faces": {
				"north": {"uv": [3.5, 11, 3.75, 11.25], "texture": "#1"},
				"east": {"uv": [6, 4.5, 8.25, 4.75], "texture": "#1"},
				"south": {"uv": [11, 3.5, 11.25, 3.75], "texture": "#1"},
				"west": {"uv": [6, 5, 8.25, 5.25], "texture": "#1"},
				"up": {"uv": [1.25, 8.75, 1, 6.5], "texture": "#1"},
				"down": {"uv": [1.75, 6.5, 1.5, 8.75], "texture": "#1"}
			}
		},
		{
			"from": [3.29188, 0, 3.1175],
			"to": [12.70813, 0.6975, 15.6725],
			"rotation": {"angle": 0, "axis": "y", "origin": [0.3275, 0, 7.3025]},
			"faces": {
				"north": {"uv": [0, 9.5, 1.75, 9.75], "texture": "#1"},
				"east": {"uv": [5.5, 7, 7.75, 7.25], "texture": "#1"},
				"south": {"uv": [2, 9.5, 3.75, 9.75], "texture": "#1"},
				"west": {"uv": [5.5, 7.5, 7.75, 7.75], "texture": "#1"},
				"up": {"uv": [1.75, 2.25, 0, 0], "texture": "#1"},
				"down": {"uv": [3.75, 0, 2, 2.25], "texture": "#1"}
			}
		},
		{
			"from": [3.1175, 0.6975, 3.64063],
			"to": [3.29188, 5.92875, 14.975],
			"rotation": {"angle": 0, "axis": "y", "origin": [-5.2525, 0.6975, 7.3025]},
			"faces": {
				"north": {"uv": [3, 10, 3.25, 11], "texture": "#1"},
				"east": {"uv": [0, 3.5, 2, 4.5], "texture": "#1"},
				"south": {"uv": [10, 3, 10.25, 4], "texture": "#1"},
				"west": {"uv": [2, 3.5, 4, 4.5], "texture": "#1"},
				"up": {"uv": [4.25, 9, 4, 7], "texture": "#1"},
				"down": {"uv": [5.75, 8.5, 5.5, 10.5], "texture": "#1"}
			}
		},
		{
			"from": [12.70813, 0.6975, 3.64063],
			"to": [12.8825, 5.92875, 14.975],
			"rotation": {"angle": 0, "axis": "y", "origin": [4.33813, 0.6975, 7.3025]},
			"faces": {
				"north": {"uv": [10, 2, 10.25, 3], "texture": "#1"},
				"east": {"uv": [0, 2.5, 2, 3.5], "texture": "#1"},
				"south": {"uv": [2.5, 10, 2.75, 11], "texture": "#1"},
				"west": {"uv": [2, 2.5, 4, 3.5], "texture": "#1"},
				"up": {"uv": [3.25, 9, 3, 7], "texture": "#1"},
				"down": {"uv": [3.75, 7, 3.5, 9], "texture": "#1"}
			}
		},
		{
			"from": [2.42, 5.92875, 15.6725],
			"to": [13.58, 6.62625, 16.37],
			"rotation": {"angle": 0, "axis": "y", "origin": [5.21, 5.92875, 15.6725]},
			"faces": {
				"north": {"uv": [8, 7.5, 10, 7.75], "texture": "#1"},
				"east": {"uv": [5.5, 11, 5.75, 11.25], "texture": "#1"},
				"south": {"uv": [8.5, 4, 10.5, 4.25], "texture": "#1"},
				"west": {"uv": [11, 5.5, 11.25, 5.75], "texture": "#1"},
				"up": {"uv": [10.5, 4.75, 8.5, 4.5], "texture": "#1"},
				"down": {"uv": [10.5, 5, 8.5, 5.25], "texture": "#1"}
			}
		},
		{
			"from": [12.8825, 5.92875, 3.1175],
			"to": [13.58, 6.62625, 15.6725],
			"rotation": {"angle": 0, "axis": "y", "origin": [5.21, 5.92875, 7.3025]},
			"faces": {
				"north": {"uv": [5, 11, 5.25, 11.25], "texture": "#1"},
				"east": {"uv": [5.5, 6.5, 7.75, 6.75], "texture": "#1"},
				"south": {"uv": [11, 5, 11.25, 5.25], "texture": "#1"},
				"west": {"uv": [6.5, 6, 8.75, 6.25], "texture": "#1"},
				"up": {"uv": [2.25, 9.25, 2, 7], "texture": "#1"},
				"down": {"uv": [2.75, 7, 2.5, 9.25], "texture": "#1"}
			}
		},
		{
			"from": [2.42, 5.92875, 3.1175],
			"to": [3.1175, 6.62625, 15.6725],
			"rotation": {"angle": 0, "axis": "y", "origin": [-5.2525, 5.92875, 7.3025]},
			"faces": {
				"north": {"uv": [4.5, 11, 4.75, 11.25], "texture": "#1"},
				"east": {"uv": [6, 5.5, 8.25, 5.75], "texture": "#1"},
				"south": {"uv": [11, 4.5, 11.25, 4.75], "texture": "#1"},
				"west": {"uv": [2, 6.5, 4.25, 6.75], "texture": "#1"},
				"up": {"uv": [4.75, 8.75, 4.5, 6.5], "texture": "#1"},
				"down": {"uv": [5.25, 6.5, 5, 8.75], "texture": "#1"}
			}
		},
		{
			"from": [2.42, 5.92875, 2.42],
			"to": [13.58, 6.62625, 3.1175],
			"rotation": {"angle": 0, "axis": "y", "origin": [5.21, 5.92875, 2.42]},
			"faces": {
				"north": {"uv": [5.5, 8, 7.5, 8.25], "texture": "#1"},
				"east": {"uv": [4, 11, 4.25, 11.25], "texture": "#1"},
				"south": {"uv": [8, 6.5, 10, 6.75], "texture": "#1"},
				"west": {"uv": [11, 4, 11.25, 4.25], "texture": "#1"},
				"up": {"uv": [10, 7.25, 8, 7], "texture": "#1"},
				"down": {"uv": [9.5, 8, 7.5, 8.25], "texture": "#1"}
			}
		}
	],
	"display": {
		"thirdperson_righthand": {
			"rotation": [71.25, 0, 0],
			"translation": [0, 8.5, 1.5],
			"scale": [0.97953, 1.08531, 1.02672]
		},
		"thirdperson_lefthand": {
			"rotation": [68.5, 0, 0],
			"translation": [3.5, 9.75, 1.25],
			"scale": [0.67984, 0.71875, 0.68781]
		},
		"ground": {
			"translation": [0, 6.75, -1.25],
			"scale": [1.19508, 1.42656, 1.14289]
		},
		"fixed": {
			"rotation": [-90, 0, 0],
			"translation": [0, -1.75, -15.5],
			"scale": [2.25195, 2.18164, 2.31446]
		}
	}
}