{
	"credit": "Made with Blockbench",
	"texture_size": [8, 8],
	"textures": {
		"0": "item/kebabbrot",
		"1": "item/zutaten",
		"particle": "item/kebabbrot"
	},
	"elements": [
		{
			"from": [5.625, -0.0625, 7],
			"to": [9.75, 0.1875, 9],
			"rotation": {"angle": 0, "axis": "y", "origin": [8, 1, 8]},
			"faces": {
				"north": {"uv": [0, 6, 4, 6.5], "texture": "#0"},
				"east": {"uv": [4, 11, 6, 11.5], "texture": "#0"},
				"south": {"uv": [4, 6, 8, 6.5], "texture": "#0"},
				"west": {"uv": [6, 11, 8, 11.5], "texture": "#0"},
				"up": {"uv": [4, 2, 0, 0], "texture": "#0"},
				"down": {"uv": [4, 2, 0, 4], "texture": "#0"}
			}
		},
		{
			"from": [5.9375, 0, 6.625],
			"to": [9.625, 0.1875, 7],
			"rotation": {"angle": 0, "axis": "y", "origin": [8, 1, 8]},
			"faces": {
				"north": {"uv": [4, 9, 7.5, 9.5], "texture": "#0"},
				"east": {"uv": [3, 12, 3.5, 12.5], "texture": "#0"},
				"south": {"uv": [8, 9, 11.5, 9.5], "texture": "#0"},
				"west": {"uv": [12, 3, 12.5, 3.5], "texture": "#0"},
				"up": {"uv": [3.5, 10.5, 0, 10], "texture": "#0"},
				"down": {"uv": [7.5, 10, 4, 10.5], "texture": "#0"}
			}
		},
		{
			"from": [6.125, 0, 9],
			"to": [9.4375, 0.1875, 9.9375],
			"rotation": {"angle": 0, "axis": "y", "origin": [8, 1, 8]},
			"faces": {
				"north": {"uv": [8, 8, 11.5, 8.5], "texture": "#0"},
				"east": {"uv": [8, 11, 9, 11.5], "texture": "#0"},
				"south": {"uv": [0, 9, 3.5, 9.5], "texture": "#0"},
				"west": {"uv": [9, 11, 10, 11.5], "texture": "#0"},
				"up": {"uv": [7.5, 4, 4, 3], "texture": "#0"},
				"down": {"uv": [7.5, 4, 4, 5], "texture": "#0"}
			}
		},
		{
			"from": [6.0625, 1.125, 10.25],
			"to": [9.5, 1.3125, 11.1875],
			"rotation": {"angle": 45, "axis": "x", "origin": [8, 2.125, 9.25]},
			"faces": {
				"north": {"uv": [8, 10, 11.5, 10.5], "texture": "#0"},
				"east": {"uv": [10, 11, 11, 11.5], "texture": "#0"},
				"south": {"uv": [0, 11, 3.5, 11.5], "texture": "#0"},
				"west": {"uv": [11, 11, 12, 11.5], "texture": "#0"},
				"up": {"uv": [3.5, 6, 0, 5], "texture": "#0"},
				"down": {"uv": [7.5, 5, 4, 6], "texture": "#0"}
			}
		},
		{
			"from": [5.875, 1.3125, 8.9375],
			"to": [9.6875, 1.5, 9.875],
			"rotation": {"angle": 22.5, "axis": "x", "origin": [8, 2.3125, 7.9375]},
			"faces": {
				"north": {"uv": [0, 7, 4, 7.5], "texture": "#0"},
				"east": {"uv": [0, 12, 1, 12.5], "texture": "#0"},
				"south": {"uv": [4, 7, 8, 7.5], "texture": "#0"},
				"west": {"uv": [12, 0, 13, 0.5], "texture": "#0"},
				"up": {"uv": [4, 5, 0, 4], "texture": "#0"},
				"down": {"uv": [8, 0, 4, 1], "texture": "#0"}
			}
		},
		{
			"from": [5.75, 0.9787, 7.44344],
			"to": [9.8125, 1.1662, 8.56844],
			"rotation": {"angle": 0, "axis": "x", "origin": [8, 1.4375, 7.875]},
			"faces": {
				"north": {"uv": [0, 8, 4, 8.5], "texture": "#0"},
				"east": {"uv": [1, 12, 2, 12.5], "texture": "#0"},
				"south": {"uv": [8, 0, 12, 0.5], "texture": "#0"},
				"west": {"uv": [12, 1, 13, 1.5], "texture": "#0"},
				"up": {"uv": [8, 2, 4, 1], "texture": "#0"},
				"down": {"uv": [8, 2, 4, 3], "texture": "#0"}
			}
		},
		{
			"from": [5.875, 0.9787, 7.00594],
			"to": [9.625, 1.1662, 7.44344],
			"rotation": {"angle": 0, "axis": "x", "origin": [8, 1.4375, 7.875]},
			"faces": {
				"north": {"uv": [8, 1, 12, 1.5], "texture": "#0"},
				"east": {"uv": [4, 12, 4.5, 12.5], "texture": "#0"},
				"south": {"uv": [8, 2, 12, 2.5], "texture": "#0"},
				"west": {"uv": [12, 4, 12.5, 4.5], "texture": "#0"},
				"up": {"uv": [12, 3.5, 8, 3], "texture": "#0"},
				"down": {"uv": [8, 8, 4, 8.5], "texture": "#0"}
			}
		},
		{
			"from": [5.9375, 0.9787, 6.63094],
			"to": [9.4375, 1.1662, 7.00594],
			"rotation": {"angle": 0, "axis": "x", "origin": [8, 1.4375, 7.875]},
			"faces": {
				"north": {"uv": [8, 4, 11.5, 4.5], "texture": "#0"},
				"east": {"uv": [2, 12, 2.5, 12.5], "texture": "#0"},
				"south": {"uv": [8, 5, 11.5, 5.5], "texture": "#0"},
				"west": {"uv": [12, 2, 12.5, 2.5], "texture": "#0"},
				"up": {"uv": [11.5, 6.5, 8, 6], "texture": "#0"},
				"down": {"uv": [11.5, 7, 8, 7.5], "texture": "#0"}
			}
		},
		{
			"from": [5.9375, 0, 7],
			"to": [9.5, 1.0625, 8.8125],
			"rotation": {"angle": 0, "axis": "y", "origin": [7, 0, 7]},
			"faces": {
				"north": {"uv": [0, 8, 7, 10.25], "texture": "#1"},
				"east": {"uv": [8, 4, 11.75, 6.25], "texture": "#1"},
				"south": {"uv": [8, 0, 15, 2.25], "texture": "#1"},
				"west": {"uv": [8, 8, 11.75, 10.25], "texture": "#1"},
				"up": {"uv": [7, 3.75, 0, 0], "texture": "#1"},
				"down": {"uv": [7, 4, 0, 7.75], "texture": "#1"}
			}
		},
		{
			"from": [5.8125, 0.125, 8.125],
			"to": [9.625, 0.75, 9.375],
			"rotation": {"angle": 0, "axis": "y", "origin": [7, 0, 8.125]},
			"faces": {
				"north": {"uv": [0, 8, 7, 10.25], "texture": "#1"},
				"east": {"uv": [8, 4, 11.75, 6.25], "texture": "#1"},
				"south": {"uv": [8, 0, 15, 2.25], "texture": "#1"},
				"west": {"uv": [8, 8, 11.75, 10.25], "texture": "#1"},
				"up": {"uv": [7, 3.75, 0, 0], "texture": "#1"},
				"down": {"uv": [7, 4, 0, 7.75], "texture": "#1"}
			}
		},
		{
			"from": [5.625, 0.375, 6.4375],
			"to": [9.625, 0.6875, 7.8125],
			"rotation": {"angle": 0, "axis": "y", "origin": [7, 0, 6.375]},
			"faces": {
				"north": {"uv": [0, 8, 7, 10.25], "texture": "#1"},
				"east": {"uv": [8, 4, 11.75, 6.25], "texture": "#1"},
				"south": {"uv": [8, 0, 15, 2.25], "texture": "#1"},
				"west": {"uv": [8, 8, 11.75, 10.25], "texture": "#1"},
				"up": {"uv": [7, 3.75, 0, 0], "texture": "#1"},
				"down": {"uv": [7, 4, 0, 7.75], "texture": "#1"}
			}
		}
	],
	"display": {
		"thirdperson_righthand": {
			"rotation": [56.75, 0, 0],
			"translation": [0, 5.75, 7.25],
			"scale": [1.44531, 1.14063, 1.25977]
		},
		"thirdperson_lefthand": {
			"rotation": [56.75, 0, 0],
			"translation": [0, 5.75, 7.25],
			"scale": [1.44531, 1.14063, 1.25977]
		},
		"firstperson_righthand": {
			"rotation": [103.32, 60.22, -104.84],
			"translation": [3.25, 16, 1],
			"scale": [1.23633, 1.5332, 1.86328]
		},
		"firstperson_lefthand": {
			"rotation": [103.32, 60.22, -104.84],
			"translation": [3.25, 16, 1],
			"scale": [1.23633, 1.5332, 1.86328]
		},
		"ground": {
			"translation": [0, 12.5, 0],
			"scale": [2.41, 2.25, 2.19]
		},
		"gui": {
			"rotation": [43, 137, 0],
			"translation": [0, 22.25, 0],
			"scale": [4, 4, 4]
		},
		"head": {
			"translation": [0, 28, 0],
			"scale": [2.77, 2.72, 2.72]
		},
		"fixed": {
			"rotation": [-90, 0, 0],
			"translation": [0, -1.25, -32.5],
			"scale": [4, 4, 4]
		}
	}
}