{
	"credit": "Made with Blockbench",
	"texture_size": [32, 32],
	"textures": {
		"0": "item/waltuh",
		"1": "item/screen1",
		"particle": "item/waltuh"
	},
	"elements": [
		{
			"from": [0, 0, 7],
			"to": [16, 10, 8],
			"rotation": {"angle": 0, "axis": "y", "origin": [7, 0, 7]},
			"faces": {
				"north": {"uv": [0, 0, 16, 10], "texture": "#0"},
				"east": {"uv": [0, 0, 1, 10], "texture": "#0"},
				"south": {"uv": [0, 0, 16, 10], "texture": "#0"},
				"west": {"uv": [0, 0, 1, 10], "texture": "#0"},
				"up": {"uv": [0, 0, 16, 1], "texture": "#0"},
				"down": {"uv": [0, 0, 16, 1], "texture": "#0"}
			}
		},
		{
			"from": [0.5, 0.25, 6.9375],
			"to": [15.75, 9.75, 6.9375],
			"rotation": {"angle": 0, "axis": "y", "origin": [7, 0, 6.9375]},
			"faces": {
				"north": {"uv": [0, 0, 7.625, 4.75], "texture": "#1"},
				"east": {"uv": [0, 0, 0, 4.75], "texture": "#1"},
				"south": {"uv": [0, 5, 7.625, 9.75], "texture": "#1"},
				"west": {"uv": [0, 0, 0, 4.75], "texture": "#1"},
				"up": {"uv": [7.625, 0, 0, 0], "texture": "#1"},
				"down": {"uv": [7.625, 0, 0, 0], "texture": "#1"}
			}
		}
	],
	"display": {
		"gui": {
			"rotation": [-150.21, -36.97, -173.4],
			"translation": [0, 3, 0]
		},
		"fixed": {
			"translation": [0, 10.25, 0],
			"scale": [3.39844, 3.25977, 4]
		}
	}
}