{
	
	"credit": "Made with Blockbench",
	"textures": {
		"1": "item/rotor",
		"3": "item/transall"
	},
	"elements": [
		{
			"from": [6.59272, 1.34872, -0.59231],
			"to": [9.55428, 4.14906, 0],
			"rotation": {"angle": 0, "axis": "y", "origin": [6.494, 1.25, -3.159]},
			"faces": {
				"north": {"uv": [0, 12, 0.75, 12.6875], "texture": "#3"},
				"east": {"uv": [13.5, 13.25, 13.625, 13.9375], "texture": "#3"},
				"south": {"uv": [12, 1, 12.75, 1.6875], "texture": "#3"},
				"west": {"uv": [0, 13.75, 0.125, 14.4375], "texture": "#3"},
				"up": {"uv": [14.25, 6.875, 13.5, 6.75], "texture": "#3"},
				"down": {"uv": [14.25, 7, 13.5, 7.125], "texture": "#3"}
			}
		},
		{
			"from": [6.39528, 1.25, 1.4375],
			"to": [9.75172, 4.409, 15.795],
			"rotation": {"angle": 0, "axis": "y", "origin": [6.494, 1.25, 7.8975]},
			"faces": {
				"north": {"uv": [10, 1.25, 10.8125, 2.0625], "texture": "#3"},
				"east": {"uv": [6, 2.5, 9.5625, 3.3125], "texture": "#3"},
				"south": {"uv": [10.5, 9.75, 11.3125, 10.5625], "texture": "#3"},
				"west": {"uv": [6, 3.5, 9.5625, 4.3125], "texture": "#3"},
				"up": {"uv": [6.8125, 8.0625, 6, 4.5], "texture": "#3"},
				"down": {"uv": [0.8125, 6.25, 0, 9.8125], "texture": "#3"}
			}
		},
		{
			"from": [6.29656, 1.34872, 1.41122],
			"to": [9.85044, 4.31028, 15.69628],
			"rotation": {"angle": 0, "axis": "y", "origin": [6.494, 1.25, 7.8975]},
			"faces": {
				"north": {"uv": [10.75, 4.25, 11.625, 5], "texture": "#3"},
				"east": {"uv": [6.25, 0, 9.8125, 0.75], "texture": "#3"},
				"south": {"uv": [10.5, 10.75, 11.375, 11.5], "texture": "#3"},
				"west": {"uv": [6.25, 0.75, 9.8125, 1.5], "texture": "#3"},
				"up": {"uv": [2.875, 8.5625, 2, 5], "texture": "#3"},
				"down": {"uv": [5.875, 2.5, 5, 6.0625], "texture": "#3"}
			}
		},
		{
			"from": [6.19784, 1.44744, 1.42116],
			"to": [9.94916, 4.21156, 15.59756],
			"rotation": {"angle": 0, "axis": "y", "origin": [6.494, 1.25, 7.8975]},
			"faces": {
				"north": {"uv": [11, 1.25, 11.9375, 1.9375], "texture": "#3"},
				"east": {"uv": [8.5, 5.25, 12.0625, 5.9375], "texture": "#3"},
				"south": {"uv": [9.25, 11, 10.1875, 11.6875], "texture": "#3"},
				"west": {"uv": [8.5, 6, 12.0625, 6.6875], "texture": "#3"},
				"up": {"uv": [0.9375, 6.0625, 0, 2.5], "texture": "#3"},
				"down": {"uv": [1.9375, 2.5, 1, 6.0625], "texture": "#3"}
			}
		},
		{
			"from": [6.52028, 1.375, 0],
			"to": [9.62672, 4.284, 14.3575],
			"rotation": {"angle": 0, "axis": "y", "origin": [6.494, 1.25, 6.46]},
			"faces": {
				"north": {"uv": [7.75, 10.5, 8.5, 11.25], "texture": "#3"},
				"east": {"uv": [6.25, 1.5, 9.8125, 2.25], "texture": "#3"},
				"south": {"uv": [0, 11.25, 0.75, 12], "texture": "#3"},
				"west": {"uv": [7, 4.5, 10.5625, 5.25], "texture": "#3"},
				"up": {"uv": [7.75, 8.8125, 7, 5.25], "texture": "#3"},
				"down": {"uv": [8.5, 5.25, 7.75, 8.8125], "texture": "#3"}
			}
		},
		{
			"from": [6.42156, 1.47372, -0.02628],
			"to": [9.72544, 4.18528, 14.25878],
			"rotation": {"angle": 0, "axis": "y", "origin": [6.494, 1.25, 6.46]},
			"faces": {
				"north": {"uv": [10.25, 11.5, 11.0625, 12.1875], "texture": "#3"},
				"east": {"uv": [8.5, 6.75, 12.0625, 7.4375], "texture": "#3"},
				"south": {"uv": [11.25, 11.5, 12.0625, 12.1875], "texture": "#3"},
				"west": {"uv": [8.5, 7.5, 12.0625, 8.1875], "texture": "#3"},
				"up": {"uv": [1.8125, 9.8125, 1, 6.25], "texture": "#3"},
				"down": {"uv": [5.8125, 6.25, 5, 9.8125], "texture": "#3"}
			}
		},
		{
			"from": [6.32284, 1.57244, 0.67116],
			"to": [9.82416, 4.08656, 14.16006],
			"rotation": {"angle": 0, "axis": "y", "origin": [6.494, 1.25, 6.46]},
			"faces": {
				"north": {"uv": [11.75, 4.25, 12.625, 4.875], "texture": "#3"},
				"east": {"uv": [9.25, 8.25, 12.625, 8.875], "texture": "#3"},
				"south": {"uv": [9.25, 11.75, 10.125, 12.375], "texture": "#3"},
				"west": {"uv": [9.25, 9, 12.625, 9.625], "texture": "#3"},
				"up": {"uv": [3.875, 8.375, 3, 5], "texture": "#3"},
				"down": {"uv": [4.875, 5, 4, 8.375], "texture": "#3"}
			}
		},
		{
			"from": [6.69144, 1.44744, -1.08591],
			"to": [9.45556, 4.07663, -0.59231],
			"rotation": {"angle": 0, "axis": "y", "origin": [6.494, 1.25, -3.75131]},
			"faces": {
				"north": {"uv": [1.75, 12, 2.4375, 12.625], "texture": "#3"},
				"east": {"uv": [1.5, 13.75, 1.625, 14.375], "texture": "#3"},
				"south": {"uv": [5.25, 12, 5.9375, 12.625], "texture": "#3"},
				"west": {"uv": [1.75, 13.75, 1.875, 14.375], "texture": "#3"},
				"up": {"uv": [14.1875, 12.125, 13.5, 12], "texture": "#3"},
				"down": {"uv": [0.9375, 13.75, 0.25, 13.875], "texture": "#3"}
			}
		},
		{
			"from": [6.94144, 1.57244, -1.58591],
			"to": [9.20556, 3.82663, -1.08591],
			"rotation": {"angle": 0, "axis": "y", "origin": [6.494, 1.25, -3.75131]},
			"faces": {
				"north": {"uv": [1.75, 12, 2.4375, 12.625], "texture": "#3"},
				"east": {"uv": [1.5, 13.75, 1.625, 14.375], "texture": "#3"},
				"south": {"uv": [5.25, 12, 5.9375, 12.625], "texture": "#3"},
				"west": {"uv": [1.75, 13.75, 1.875, 14.375], "texture": "#3"},
				"up": {"uv": [14.1875, 12.125, 13.5, 12], "texture": "#3"},
				"down": {"uv": [0.9375, 13.75, 0.25, 13.875], "texture": "#3"}
			}
		},
		{
			"from": [7.19144, 4.07663, -0.77341],
			"to": [8.95556, 4.32663, -0.27981],
			"rotation": {"angle": 0, "axis": "y", "origin": [6.494, 1.25, -3.75131]},
			"faces": {
				"north": {"uv": [1.75, 12, 2.4375, 12.625], "texture": "#3"},
				"east": {"uv": [1.5, 13.75, 1.625, 14.375], "texture": "#3"},
				"south": {"uv": [5.25, 12, 5.9375, 12.625], "texture": "#3"},
				"west": {"uv": [1.75, 13.75, 1.875, 14.375], "texture": "#3"},
				"up": {"uv": [14.1875, 12.125, 13.5, 12], "texture": "#3"},
				"down": {"uv": [0.9375, 13.75, 0.25, 13.875], "texture": "#3"}
			}
		},
		{
			"from": [7.44144, 4.51413, -0.08591],
			"to": [8.70556, 4.76413, 0.53269],
			"rotation": {"angle": 0, "axis": "y", "origin": [6.494, 1.6875, -2.93881]},
			"faces": {
				"north": {"uv": [1.75, 12, 2.4375, 12.625], "texture": "#3"},
				"east": {"uv": [1.5, 13.75, 1.625, 14.375], "texture": "#3"},
				"south": {"uv": [5.25, 12, 5.9375, 12.625], "texture": "#3"},
				"west": {"uv": [1.75, 13.75, 1.875, 14.375], "texture": "#3"},
				"up": {"uv": [14.1875, 12.125, 13.5, 12], "texture": "#3"},
				"down": {"uv": [0.9375, 13.75, 0.25, 13.875], "texture": "#3"}
			}
		},
		{
			"from": [7.69144, 4.57663, 0.35159],
			"to": [8.45556, 4.70163, 0.97019],
			"rotation": {"angle": 0, "axis": "y", "origin": [6.494, 1.75, -2.50131]},
			"faces": {
				"north": {"uv": [1.75, 12, 2.4375, 12.625], "texture": "#3"},
				"east": {"uv": [1.5, 13.75, 1.625, 14.375], "texture": "#3"},
				"south": {"uv": [5.25, 12, 5.9375, 12.625], "texture": "#3"},
				"west": {"uv": [1.75, 13.75, 1.875, 14.375], "texture": "#3"},
				"up": {"uv": [14.1875, 12.125, 13.5, 12], "texture": "#3"},
				"down": {"uv": [0.9375, 13.75, 0.25, 13.875], "texture": "#3"}
			}
		},
		{
			"from": [7.69144, 4.70163, 0.78909],
			"to": [8.45556, 4.82663, 1.40769],
			"rotation": {"angle": 0, "axis": "y", "origin": [6.494, 1.875, -2.06381]},
			"faces": {
				"north": {"uv": [1.75, 12, 2.4375, 12.625], "texture": "#3"},
				"east": {"uv": [1.5, 13.75, 1.625, 14.375], "texture": "#3"},
				"south": {"uv": [5.25, 12, 5.9375, 12.625], "texture": "#3"},
				"west": {"uv": [1.75, 13.75, 1.875, 14.375], "texture": "#3"},
				"up": {"uv": [14.1875, 12.125, 13.5, 12], "texture": "#3"},
				"down": {"uv": [0.9375, 13.75, 0.25, 13.875], "texture": "#3"}
			}
		},
		{
			"from": [7.69144, 4.82663, 1.22659],
			"to": [8.45556, 4.95163, 1.84519],
			"rotation": {"angle": 0, "axis": "y", "origin": [6.494, 2, -1.62631]},
			"faces": {
				"north": {"uv": [1.75, 12, 2.4375, 12.625], "texture": "#3"},
				"east": {"uv": [1.5, 13.75, 1.625, 14.375], "texture": "#3"},
				"south": {"uv": [5.25, 12, 5.9375, 12.625], "texture": "#3"},
				"west": {"uv": [1.75, 13.75, 1.875, 14.375], "texture": "#3"},
				"up": {"uv": [14.1875, 12.125, 13.5, 12], "texture": "#3"},
				"down": {"uv": [0.9375, 13.75, 0.25, 13.875], "texture": "#3"}
			}
		},
		{
			"from": [7.12253, 1.62853, -1.91188],
			"to": [9.02447, 3.68175, -1.17822],
			"rotation": {"angle": 0, "axis": "y", "origin": [6.494, 1.0625, -4.89972]},
			"faces": {
				"north": {"uv": [12.75, 9.25, 13.1875, 9.6875], "texture": "#3"},
				"east": {"uv": [2.5, 12, 2.625, 12.4375], "texture": "#3"},
				"south": {"uv": [12.75, 10.5, 13.1875, 10.9375], "texture": "#3"},
				"west": {"uv": [12.5, 14, 12.625, 14.4375], "texture": "#3"},
				"up": {"uv": [14.4375, 11.875, 14, 11.75], "texture": "#3"},
				"down": {"uv": [13.9375, 14, 13.5, 14.125], "texture": "#3"}
			}
		},
		{
			"from": [7.31003, 1.75353, -2.16188],
			"to": [8.83697, 3.49425, -1.53688],
			"rotation": {"angle": 0, "axis": "y", "origin": [6.494, 0.9375, -4.89972]},
			"faces": {
				"north": {"uv": [12.75, 9.25, 13.1875, 9.6875], "texture": "#3"},
				"east": {"uv": [2.5, 12, 2.625, 12.4375], "texture": "#3"},
				"south": {"uv": [12.75, 10.5, 13.1875, 10.9375], "texture": "#3"},
				"west": {"uv": [12.5, 14, 12.625, 14.4375], "texture": "#3"},
				"up": {"uv": [14.4375, 11.875, 14, 11.75], "texture": "#3"},
				"down": {"uv": [13.9375, 14, 13.5, 14.125], "texture": "#3"}
			}
		},
		{
			"from": [7.48119, 1.86219, -2.39553],
			"to": [8.76453, 3.38559, -1.767],
			"rotation": {"angle": 0, "axis": "y", "origin": [6.494, 0.9375, -5.051]},
			"faces": {
				"north": {"uv": [13.75, 0.75, 14.0625, 1], "texture": "#3"},
				"east": {"uv": [14.5, 1.5, 14.625, 1.75], "texture": "#3"},
				"south": {"uv": [13.75, 1, 14.0625, 1.25], "texture": "#3"},
				"west": {"uv": [14.5, 4.5, 14.625, 4.75], "texture": "#3"},
				"up": {"uv": [10.8125, 14.375, 10.5, 14.25], "texture": "#3"},
				"down": {"uv": [14.5625, 12.75, 14.25, 12.875], "texture": "#3"}
			}
		},
		{
			"from": [7.54369, 1.98719, -2.58303],
			"to": [8.70203, 3.19809, -2.02053],
			"rotation": {"angle": 0, "axis": "y", "origin": [6.494, 0.9375, -5.051]},
			"faces": {
				"north": {"uv": [13.75, 0.75, 14.0625, 1], "texture": "#3"},
				"east": {"uv": [14.5, 1.5, 14.625, 1.75], "texture": "#3"},
				"south": {"uv": [13.75, 1, 14.0625, 1.25], "texture": "#3"},
				"west": {"uv": [14.5, 4.5, 14.625, 4.75], "texture": "#3"},
				"up": {"uv": [10.8125, 14.375, 10.5, 14.25], "texture": "#3"},
				"down": {"uv": [14.5625, 12.75, 14.25, 12.875], "texture": "#3"}
			}
		},
		{
			"from": [7.67863, 2.12213, -2.78047],
			"to": [8.56709, 3.00066, -2.20803],
			"rotation": {"angle": 0, "axis": "y", "origin": [6.494, 1, -4.8635]},
			"faces": {
				"north": {"uv": [9.5, 2.25, 9.75, 2.4375], "texture": "#3"},
				"east": {"uv": [1.5, 15, 1.5625, 15.1875], "texture": "#3"},
				"south": {"uv": [3, 14.25, 3.25, 14.4375], "texture": "#3"},
				"west": {"uv": [15, 1.5, 15.0625, 1.6875], "texture": "#3"},
				"up": {"uv": [15, 8.5625, 14.75, 8.5], "texture": "#3"},
				"down": {"uv": [15, 9, 14.75, 9.0625], "texture": "#3"}
			}
		},
		{
			"from": [6.59272, 4.409, 1.5795],
			"to": [9.55428, 5.00131, 14.41294],
			"rotation": {"angle": 0, "axis": "y", "origin": [6.494, 2.8295, 1.5795]},
			"faces": {
				"north": {"uv": [13.5, 7.25, 14.25, 7.375], "texture": "#3"},
				"east": {"uv": [11, 2, 14.1875, 2.125], "texture": "#3"},
				"south": {"uv": [13.5, 8.25, 14.25, 8.375], "texture": "#3"},
				"west": {"uv": [11.5, 11.25, 14.6875, 11.375], "texture": "#3"},
				"up": {"uv": [4.75, 11.6875, 4, 8.5], "texture": "#3"},
				"down": {"uv": [9.25, 8.25, 8.5, 11.4375], "texture": "#3"}
			}
		},
		{
			"from": [6.84272, 4.409, 1.5795],
			"to": [9.30428, 5.18881, 14.16294],
			"rotation": {"angle": 0, "axis": "y", "origin": [6.494, 2.8295, 1.5795]},
			"faces": {
				"north": {"uv": [1.25, 13.5, 1.875, 13.6875], "texture": "#3"},
				"east": {"uv": [6.25, 2.25, 9.3125, 2.4375], "texture": "#3"},
				"south": {"uv": [13.5, 1.25, 14.125, 1.4375], "texture": "#3"},
				"west": {"uv": [10.75, 5, 13.8125, 5.1875], "texture": "#3"},
				"up": {"uv": [2.625, 11.8125, 2, 8.75], "texture": "#3"},
				"down": {"uv": [7.625, 9, 7, 12.0625], "texture": "#3"}
			}
		},
		{
			"from": [6.494, 4.409, 1.77694],
			"to": [9.653, 4.90259, 14.31422],
			"rotation": {"angle": 0, "axis": "y", "origin": [6.494, 2.8295, 1.5795]},
			"faces": {
				"north": {"uv": [13.5, 4.5, 14.3125, 4.625], "texture": "#3"},
				"east": {"uv": [12, 10, 15.125, 10.125], "texture": "#3"},
				"south": {"uv": [13.5, 5.25, 14.3125, 5.375], "texture": "#3"},
				"west": {"uv": [12, 10.25, 15.125, 10.375], "texture": "#3"},
				"up": {"uv": [6.8125, 11.375, 6, 8.25], "texture": "#3"},
				"down": {"uv": [3.8125, 8.5, 3, 11.625], "texture": "#3"}
			}
		},
		{
			"from": [6.69144, 4.284, 0.98719],
			"to": [9.45556, 5.06381, 1.5795],
			"rotation": {"angle": 0, "axis": "y", "origin": [6.494, 4.409, 0]},
			"faces": {
				"north": {"uv": [11.25, 1, 11.9375, 1.1875], "texture": "#3"},
				"east": {"uv": [14.75, 7, 14.875, 7.1875], "texture": "#3"},
				"south": {"uv": [5.25, 11.25, 5.9375, 11.4375], "texture": "#3"},
				"west": {"uv": [7.25, 14.75, 7.375, 14.9375], "texture": "#3"},
				"up": {"uv": [14.4375, 0.375, 13.75, 0.25], "texture": "#3"},
				"down": {"uv": [14.4375, 0.5, 13.75, 0.625], "texture": "#3"}
			}
		},
		{
			"from": [6.69144, 4.284, 0.69103],
			"to": [9.45556, 4.96509, 0.98719],
			"rotation": {"angle": 0, "axis": "y", "origin": [6.494, 2.8295, 0]},
			"faces": {
				"north": {"uv": [7.75, 11.25, 8.4375, 11.4375], "texture": "#3"},
				"east": {"uv": [1.75, 15, 1.8125, 15.1875], "texture": "#3"},
				"south": {"uv": [13.5, 0, 14.1875, 0.1875], "texture": "#3"},
				"west": {"uv": [2, 15, 2.0625, 15.1875], "texture": "#3"},
				"up": {"uv": [14.9375, 7.3125, 14.25, 7.25], "texture": "#3"},
				"down": {"uv": [14.9375, 8.25, 14.25, 8.3125], "texture": "#3"}
			}
		},
		{
			"from": [6.85266, 4.284, 0.01988],
			"to": [9.29434, 4.86637, 0.69103],
			"rotation": {"angle": 0, "axis": "y", "origin": [6.494, 2.8295, 0]},
			"faces": {
				"north": {"uv": [13.75, 1.44141, 14.375, 1.625], "texture": "#3"},
				"east": {"uv": [14.1875, 1.4375, 14.4375, 1.625], "texture": "#3"},
				"south": {"uv": [13.75, 6.25, 14.375, 6.375], "texture": "#3"},
				"west": {"uv": [14.1875, 1.4375, 14.4375, 1.625], "texture": "#3"},
				"up": {"uv": [14.875, 13.0625, 14.25, 13], "texture": "#3"},
				"down": {"uv": [14.875, 13.25, 14.25, 13.3125], "texture": "#3"}
			}
		},
		{
			"from": [7.04016, 4.034, -0.35512],
			"to": [9.10684, 4.61637, 0.14488],
			"rotation": {"angle": 0, "axis": "y", "origin": [6.494, 2.8295, 0]},
			"faces": {
				"north": {"uv": [13.75, 6.5, 14.375, 6.6875], "texture": "#3"},
				"east": {"uv": [14.75, 11.25, 14.875, 11.375], "texture": "#3"},
				"south": {"uv": [9, 13.75, 9.625, 13.875], "texture": "#3"},
				"west": {"uv": [14.75, 11.75, 14.875, 11.875], "texture": "#3"},
				"up": {"uv": [10.875, 13.875, 10.25, 13.75], "texture": "#3"},
				"down": {"uv": [14.375, 10.5, 13.75, 10.625], "texture": "#3"}
			}
		},
		{
			"from": [1.7555, 5.00131, 6.51544],
			"to": [14.3915, 5.39619, 11.55009],
			"rotation": {"angle": 0, "axis": "y", "origin": [6.494, 4.409, 6.81159]},
			"faces": {
				"north": {"uv": [12, 1.75, 15.1875, 1.875], "texture": "#3"},
				"east": {"uv": [12.75, 4.75, 14, 4.875], "texture": "#3"},
				"south": {"uv": [12, 9.75, 15.1875, 9.875], "texture": "#3"},
				"west": {"uv": [12.75, 6, 14, 6.125], "texture": "#3"},
				"up": {"uv": [3.1875, 1.25, 0, 0], "texture": "#3"},
				"down": {"uv": [3.1875, 1.25, 0, 2.5], "texture": "#3"}
			}
		},
		{
			"from": [6.494, 1.64488, 15.795],
			"to": [9.653, 4.409, 16.88091],
			"rotation": {"angle": 0, "axis": "y", "origin": [6.494, 1.25, 15.795]},
			"faces": {
				"north": {"uv": [2.75, 11.75, 3.5625, 12.4375], "texture": "#3"},
				"east": {"uv": [2.75, 10.25, 3, 10.9375], "texture": "#3"},
				"south": {"uv": [3.75, 11.75, 4.5625, 12.4375], "texture": "#3"},
				"west": {"uv": [2.75, 11, 3, 11.6875], "texture": "#3"},
				"up": {"uv": [10.5625, 4.5, 9.75, 4.25], "texture": "#3"},
				"down": {"uv": [13.5625, 1.5, 12.75, 1.75], "texture": "#3"}
			}
		},
		{
			"from": [6.69144, 1.94103, 16.88091],
			"to": [9.45556, 4.409, 19.25016],
			"rotation": {"angle": 0, "axis": "y", "origin": [6.494, 1.25, 17.3745]},
			"faces": {
				"north": {"uv": [6, 12, 6.6875, 12.625], "texture": "#3"},
				"east": {"uv": [3.5, 12.5, 4.0625, 13.125], "texture": "#3"},
				"south": {"uv": [7.75, 12, 8.4375, 12.625], "texture": "#3"},
				"west": {"uv": [9.25, 12.5, 9.8125, 13.125], "texture": "#3"},
				"up": {"uv": [9.1875, 12.5625, 8.5, 12], "texture": "#3"},
				"down": {"uv": [12.6875, 10.5, 12, 11.0625], "texture": "#3"}
			}
		},
		{
			"from": [6.79016, 2.23719, 19.25016],
			"to": [9.35684, 4.409, 21.52069],
			"rotation": {"angle": 0, "axis": "y", "origin": [6.494, 1.25, 18.954]},
			"faces": {
				"north": {"uv": [10.75, 12.5, 11.375, 13.0625], "texture": "#3"},
				"east": {"uv": [12.75, 5.25, 13.3125, 5.8125], "texture": "#3"},
				"south": {"uv": [11.5, 12.5, 12.125, 13.0625], "texture": "#3"},
				"west": {"uv": [5.5, 12.75, 6.0625, 13.3125], "texture": "#3"},
				"up": {"uv": [12.875, 13.0625, 12.25, 12.5], "texture": "#3"},
				"down": {"uv": [0.625, 12.75, 0, 13.3125], "texture": "#3"}
			}
		},
		{
			"from": [6.88888, 2.73078, 21.52069],
			"to": [9.25813, 4.409, 23.6925],
			"rotation": {"angle": 0, "axis": "y", "origin": [6.494, 1.25, 20.5335]},
			"faces": {
				"north": {"uv": [7.75, 12.75, 8.3125, 13.1875], "texture": "#3"},
				"east": {"uv": [12.75, 8.25, 13.3125, 8.6875], "texture": "#3"},
				"south": {"uv": [8.5, 12.75, 9.0625, 13.1875], "texture": "#3"},
				"west": {"uv": [12.75, 8.75, 13.3125, 9.1875], "texture": "#3"},
				"up": {"uv": [6.8125, 13.3125, 6.25, 12.75], "texture": "#3"},
				"down": {"uv": [13.3125, 6.75, 12.75, 7.3125], "texture": "#3"}
			}
		},
		{
			"from": [7.08631, 3.22438, 23.6925],
			"to": [9.06069, 4.409, 25.17328],
			"rotation": {"angle": 0, "axis": "y", "origin": [6.494, 1.25, 23.6925]},
			"faces": {
				"north": {"uv": [13.25, 6.25, 13.75, 6.5625], "texture": "#3"},
				"east": {"uv": [13.5, 2.25, 13.875, 2.5625], "texture": "#3"},
				"south": {"uv": [7.5, 13.25, 8, 13.5625], "texture": "#3"},
				"west": {"uv": [2.5, 13.5, 2.875, 13.8125], "texture": "#3"},
				"up": {"uv": [1.75, 13.375, 1.25, 13], "texture": "#3"},
				"down": {"uv": [13.5, 11.75, 13, 12.125], "texture": "#3"}
			}
		},
		{
			"from": [3.335, 4.21156, 22.113],
			"to": [12.812, 4.50772, 25.272],
			"rotation": {"angle": 0, "axis": "y", "origin": [6.494, 2.8295, 22.113]},
			"faces": {
				"north": {"uv": [12.75, 7.5, 15.125, 7.5625], "texture": "#3"},
				"east": {"uv": [14.25, 1, 15.0625, 1.0625], "texture": "#3"},
				"south": {"uv": [12.75, 11, 15.125, 11.0625], "texture": "#3"},
				"west": {"uv": [14.25, 1.25, 15.0625, 1.3125], "texture": "#3"},
				"up": {"uv": [12.125, 3.0625, 9.75, 2.25], "texture": "#3"},
				"down": {"uv": [12.125, 3.25, 9.75, 4.0625], "texture": "#3"}
			}
		},
		{
			"from": [12.812, 4.21156, 22.4255],
			"to": [14.68766, 4.409, 25.272],
			"rotation": {"angle": 0, "axis": "y", "origin": [15.971, 2.8295, 22.113]},
			"faces": {
				"north": {"uv": [14.5, 8.75, 15, 8.8125], "texture": "#3"},
				"east": {"uv": [14.25, 12, 14.9375, 12.0625], "texture": "#3"},
				"south": {"uv": [14.5, 9.25, 15, 9.3125], "texture": "#3"},
				"west": {"uv": [14.25, 12.25, 14.9375, 12.3125], "texture": "#3"},
				"up": {"uv": [4.75, 13.1875, 4.25, 12.5], "texture": "#3"},
				"down": {"uv": [1.25, 12.75, 0.75, 13.4375], "texture": "#3"}
			}
		},
		{
			"from": [1.45934, 4.21156, 22.4255],
			"to": [3.335, 4.409, 25.272],
			"rotation": {"angle": 0, "axis": "y", "origin": [4.61834, 2.8295, 22.113]},
			"faces": {
				"north": {"uv": [14.5, 9.5, 15, 9.5625], "texture": "#3"},
				"east": {"uv": [14.25, 12.5, 14.9375, 12.5625], "texture": "#3"},
				"south": {"uv": [10.5, 14.5, 11, 14.5625], "texture": "#3"},
				"west": {"uv": [12.75, 14.25, 13.4375, 14.3125], "texture": "#3"},
				"up": {"uv": [2.25, 13.4375, 1.75, 12.75], "texture": "#3"},
				"down": {"uv": [13.25, 3.25, 12.75, 3.9375], "texture": "#3"}
			}
		},
		{
			"from": [7.38247, 3.42181, 25.272],
			"to": [8.76453, 4.21156, 26.25919],
			"rotation": {"angle": 0, "axis": "y", "origin": [6.494, 1.25, 22.113]},
			"faces": {
				"north": {"uv": [14, 8.75, 14.375, 8.9375], "texture": "#3"},
				"east": {"uv": [14.25, 3, 14.5, 3.1875], "texture": "#3"},
				"south": {"uv": [9, 14, 9.375, 14.1875], "texture": "#3"},
				"west": {"uv": [3.25, 14.25, 3.5, 14.4375], "texture": "#3"},
				"up": {"uv": [13.875, 8.75, 13.5, 8.5], "texture": "#3"},
				"down": {"uv": [13.875, 8.75, 13.5, 9], "texture": "#3"}
			}
		},
		{
			"from": [7.87606, 4.409, 23.39634],
			"to": [8.27094, 10.24269, 25.56816],
			"rotation": {"angle": 0, "axis": "y", "origin": [6.494, 4.409, 22.113]},
			"faces": {
				"north": {"uv": [4.75, 8.5, 4.875, 9.9375], "texture": "#3"},
				"east": {"uv": [7.75, 9, 8.3125, 10.4375], "texture": "#3"},
				"south": {"uv": [2.75, 8.75, 2.875, 10.1875], "texture": "#3"},
				"west": {"uv": [1.25, 10, 1.8125, 11.4375], "texture": "#3"},
				"up": {"uv": [9.625, 14.5625, 9.5, 14], "texture": "#3"},
				"down": {"uv": [10.125, 14, 10, 14.5625], "texture": "#3"}
			}
		},
		{
			"from": [7.87606, 4.70516, 25.56816],
			"to": [8.27094, 10.30519, 26.06175],
			"rotation": {"angle": 0, "axis": "y", "origin": [6.494, 4.409, 22.113]},
			"faces": {
				"north": {"uv": [10, 12.5, 10.125, 13.875], "texture": "#3"},
				"east": {"uv": [2.25, 12.75, 2.375, 14.125], "texture": "#3"},
				"south": {"uv": [13.25, 2.25, 13.375, 3.625], "texture": "#3"},
				"west": {"uv": [3.5, 13.25, 3.625, 14.625], "texture": "#3"},
				"up": {"uv": [14.875, 12.875, 14.75, 12.75], "texture": "#3"},
				"down": {"uv": [14.875, 13.5, 14.75, 13.625], "texture": "#3"}
			}
		},
		{
			"from": [6.79016, 4.409, 14.41294],
			"to": [9.35684, 5.10003, 16.48603],
			"rotation": {"angle": 0, "axis": "y", "origin": [6.494, 2.8295, 14.2155]},
			"faces": {
				"north": {"uv": [13.5, 2.75, 14.125, 2.9375], "texture": "#3"},
				"east": {"uv": [13.5, 9, 14, 9.1875], "texture": "#3"},
				"south": {"uv": [13.5, 3, 14.125, 3.1875], "texture": "#3"},
				"west": {"uv": [13.5, 11.75, 14, 11.9375], "texture": "#3"},
				"up": {"uv": [12.875, 12.25, 12.25, 11.75], "texture": "#3"},
				"down": {"uv": [7.625, 12.75, 7, 13.25], "texture": "#3"}
			}
		},
		{
			"from": [6.98759, 4.409, 16.48603],
			"to": [9.15941, 4.80387, 18.954],
			"rotation": {"angle": 0, "axis": "y", "origin": [6.494, 2.8295, 15.795]},
			"faces": {
				"north": {"uv": [14, 9, 14.5625, 9.125], "texture": "#3"},
				"east": {"uv": [13.75, 10.75, 14.375, 10.875], "texture": "#3"},
				"south": {"uv": [10.25, 14, 10.8125, 14.125], "texture": "#3"},
				"west": {"uv": [11, 13.75, 11.625, 13.875], "texture": "#3"},
				"up": {"uv": [13.3125, 0.625, 12.75, 0], "texture": "#3"},
				"down": {"uv": [13.3125, 0.75, 12.75, 1.375], "texture": "#3"}
			}
		},
		{
			"from": [7.18503, 4.409, 18.954],
			"to": [8.96197, 4.60644, 22.113],
			"rotation": {"angle": 0, "axis": "y", "origin": [6.494, 2.8295, 18.954]},
			"faces": {
				"north": {"uv": [14.75, 6, 15.1875, 6.0625], "texture": "#3"},
				"east": {"uv": [14.25, 2, 15.0625, 2.0625], "texture": "#3"},
				"south": {"uv": [14.75, 6.25, 15.1875, 6.3125], "texture": "#3"},
				"west": {"uv": [14.25, 2.75, 15.0625, 2.8125], "texture": "#3"},
				"up": {"uv": [2.9375, 13.3125, 2.5, 12.5], "texture": "#3"},
				"down": {"uv": [3.4375, 12.5, 3, 13.3125], "texture": "#3"}
			}
		},
		{
			"from": [7.97478, 4.409, 21.12581],
			"to": [8.17222, 7.29106, 21.74313],
			"rotation": {"angle": 0, "axis": "y", "origin": [6.494, 2.8295, 17.3745]},
			"faces": {
				"north": {"uv": [14.25, 5.5, 14.3125, 6.25], "texture": "#3"},
				"east": {"uv": [6.75, 11.5, 6.875, 12.25], "texture": "#3"},
				"south": {"uv": [6.25, 14.25, 6.3125, 15], "texture": "#3"},
				"west": {"uv": [13.5, 12.5, 13.625, 13.25], "texture": "#3"},
				"up": {"uv": [3.0625, 15.125, 3, 15], "texture": "#3"},
				"down": {"uv": [15.0625, 3, 15, 3.125], "texture": "#3"}
			}
		},
		{
			"from": [7.97478, 4.409, 20.4915],
			"to": [8.17222, 6.87984, 21.12581],
			"rotation": {"angle": 0, "axis": "y", "origin": [6.494, 2.8295, 17.3745]},
			"faces": {
				"north": {"uv": [13.5, 14.25, 13.5625, 14.875], "texture": "#3"},
				"east": {"uv": [7.5, 13.75, 7.625, 14.375], "texture": "#3"},
				"south": {"uv": [14.25, 13.5, 14.3125, 14.125], "texture": "#3"},
				"west": {"uv": [7.75, 13.75, 7.875, 14.375], "texture": "#3"},
				"up": {"uv": [3.3125, 15.125, 3.25, 15], "texture": "#3"},
				"down": {"uv": [15.0625, 3.25, 15, 3.375], "texture": "#3"}
			}
		},
		{
			"from": [7.97478, 4.409, 19.8915],
			"to": [8.17222, 6.69234, 20.50081],
			"rotation": {"angle": 0, "axis": "y", "origin": [6.494, 2.8295, 16.7495]},
			"faces": {
				"north": {"uv": [8.25, 14.5, 8.3125, 15.0625], "texture": "#3"},
				"east": {"uv": [11, 14, 11.125, 14.5625], "texture": "#3"},
				"south": {"uv": [8.5, 14.5, 8.5625, 15.0625], "texture": "#3"},
				"west": {"uv": [11.25, 14, 11.375, 14.5625], "texture": "#3"},
				"up": {"uv": [3.5625, 15.125, 3.5, 15], "texture": "#3"},
				"down": {"uv": [15.0625, 3.5, 15, 3.625], "texture": "#3"}
			}
		},
		{
			"from": [7.97478, 4.409, 19.2665],
			"to": [8.17222, 6.50484, 19.90081],
			"rotation": {"angle": 0, "axis": "y", "origin": [6.494, 2.8295, 16.1245]},
			"faces": {
				"north": {"uv": [8.75, 14.5, 8.8125, 15], "texture": "#3"},
				"east": {"uv": [10.25, 11, 10.375, 11.5], "texture": "#3"},
				"south": {"uv": [14.5, 10.5, 14.5625, 11], "texture": "#3"},
				"west": {"uv": [1.75, 11.5, 1.875, 12], "texture": "#3"},
				"up": {"uv": [3.8125, 15.125, 3.75, 15], "texture": "#3"},
				"down": {"uv": [15.0625, 3.75, 15, 3.875], "texture": "#3"}
			}
		},
		{
			"from": [7.97478, 4.409, 18.954],
			"to": [8.17222, 6.37984, 19.27581],
			"rotation": {"angle": 0, "axis": "y", "origin": [6.494, 2.8295, 15.4995]},
			"faces": {
				"north": {"uv": [12.5, 14.5, 12.5625, 15], "texture": "#3"},
				"east": {"uv": [12.75, 14.5, 12.8125, 15], "texture": "#3"},
				"south": {"uv": [13, 14.5, 13.0625, 15], "texture": "#3"},
				"west": {"uv": [13.25, 14.5, 13.3125, 15], "texture": "#3"},
				"up": {"uv": [15.0625, 7.3125, 15, 7.25], "texture": "#3"},
				"down": {"uv": [7.5625, 15, 7.5, 15.0625], "texture": "#3"}
			}
		},
		{
			"from": [7.97478, 4.409, 18.36103],
			"to": [8.17222, 6.18241, 18.954],
			"rotation": {"angle": 0, "axis": "y", "origin": [6.494, 2.8295, 17.3745]},
			"faces": {
				"north": {"uv": [14.75, 6.5, 14.8125, 6.9375], "texture": "#3"},
				"east": {"uv": [14, 14, 14.125, 14.4375], "texture": "#3"},
				"south": {"uv": [7, 14.75, 7.0625, 15.1875], "texture": "#3"},
				"west": {"uv": [0.25, 14.25, 0.375, 14.6875], "texture": "#3"},
				"up": {"uv": [4.0625, 15.125, 4, 15], "texture": "#3"},
				"down": {"uv": [4.3125, 15, 4.25, 15.125], "texture": "#3"}
			}
		},
		{
			"from": [7.97478, 4.409, 16.48603],
			"to": [8.17222, 5.86991, 18.3915],
			"rotation": {"angle": 0, "axis": "y", "origin": [6.494, 2.8295, 16.812]},
			"faces": {
				"north": {"uv": [9, 14.75, 9.0625, 15.125], "texture": "#3"},
				"east": {"uv": [13, 12.5, 13.5, 12.875], "texture": "#3"},
				"south": {"uv": [9.25, 14.75, 9.3125, 15.125], "texture": "#3"},
				"west": {"uv": [13, 13, 13.5, 13.375], "texture": "#3"},
				"up": {"uv": [14.5625, 14, 14.5, 13.5], "texture": "#3"},
				"down": {"uv": [14.0625, 14.5, 14, 15], "texture": "#3"}
			}
		},
		{
			"from": [7.97478, 4.409, 15.36103],
			"to": [8.17222, 5.74491, 16.5165],
			"rotation": {"angle": 0, "axis": "y", "origin": [6.494, 2.8295, 14.937]},
			"faces": {
				"north": {"uv": [9.5, 14.75, 9.5625, 15.0625], "texture": "#3"},
				"east": {"uv": [5.5, 13.5, 5.8125, 13.8125], "texture": "#3"},
				"south": {"uv": [10, 14.75, 10.0625, 15.0625], "texture": "#3"},
				"west": {"uv": [13.5, 5.5, 13.8125, 5.8125], "texture": "#3"},
				"up": {"uv": [10.3125, 15.0625, 10.25, 14.75], "texture": "#3"},
				"down": {"uv": [10.5625, 14.75, 10.5, 15.0625], "texture": "#3"}
			}
		},
		{
			"from": [7.97478, 4.409, 14.17353],
			"to": [8.17222, 5.55741, 15.3915],
			"rotation": {"angle": 0, "axis": "y", "origin": [6.494, 2.8295, 13.812]},
			"faces": {
				"north": {"uv": [14.75, 10.5, 14.8125, 10.8125], "texture": "#3"},
				"east": {"uv": [6, 13.5, 6.3125, 13.8125], "texture": "#3"},
				"south": {"uv": [10.75, 14.75, 10.8125, 15.0625], "texture": "#3"},
				"west": {"uv": [6.5, 13.5, 6.8125, 13.8125], "texture": "#3"},
				"up": {"uv": [11.0625, 15.0625, 11, 14.75], "texture": "#3"},
				"down": {"uv": [11.3125, 14.75, 11.25, 15.0625], "texture": "#3"}
			}
		},
		{
			"from": [7.87606, 4.409, 22.90275],
			"to": [8.27094, 9.94653, 23.39634],
			"rotation": {"angle": 0, "axis": "y", "origin": [6.494, 4.409, 20.5335]},
			"faces": {
				"north": {"uv": [3.75, 13.25, 3.875, 14.625], "texture": "#3"},
				"east": {"uv": [4, 13.25, 4.125, 14.625], "texture": "#3"},
				"south": {"uv": [4.25, 13.25, 4.375, 14.625], "texture": "#3"},
				"west": {"uv": [4.5, 13.25, 4.625, 14.625], "texture": "#3"},
				"up": {"uv": [13.875, 14.875, 13.75, 14.75], "texture": "#3"},
				"down": {"uv": [14.875, 13.75, 14.75, 13.875], "texture": "#3"}
			}
		},
		{
			"from": [7.87606, 4.409, 22.70531],
			"to": [8.27094, 9.55166, 22.90275],
			"rotation": {"angle": 0, "axis": "y", "origin": [6.494, 4.409, 20.03991]},
			"faces": {
				"north": {"uv": [7, 13.25, 7.125, 14.5625], "texture": "#3"},
				"east": {"uv": [1, 13.75, 1.0625, 15.0625], "texture": "#3"},
				"south": {"uv": [7.25, 13.25, 7.375, 14.5625], "texture": "#3"},
				"west": {"uv": [1.25, 13.75, 1.3125, 15.0625], "texture": "#3"},
				"up": {"uv": [4.625, 15.0625, 4.5, 15], "texture": "#3"},
				"down": {"uv": [15.125, 4.5, 15, 4.5625], "texture": "#3"}
			}
		},
		{
			"from": [7.87606, 4.409, 22.50788],
			"to": [8.27094, 9.16672, 22.70531],
			"rotation": {"angle": 0, "axis": "y", "origin": [6.494, 4.409, 19.84247]},
			"faces": {
				"north": {"uv": [8, 13.25, 8.125, 14.4375], "texture": "#3"},
				"east": {"uv": [9.75, 13.75, 9.8125, 14.9375], "texture": "#3"},
				"south": {"uv": [8.25, 13.25, 8.375, 14.4375], "texture": "#3"},
				"west": {"uv": [0.75, 14, 0.8125, 15.1875], "texture": "#3"},
				"up": {"uv": [5.375, 15.0625, 5.25, 15], "texture": "#3"},
				"down": {"uv": [15.125, 5.25, 15, 5.3125], "texture": "#3"}
			}
		},
		{
			"from": [7.87606, 4.409, 22.31044],
			"to": [8.27094, 8.96928, 22.50788],
			"rotation": {"angle": 0, "axis": "y", "origin": [6.494, 4.409, 19.64503]},
			"faces": {
				"north": {"uv": [8.5, 13.25, 8.625, 14.375], "texture": "#3"},
				"east": {"uv": [11.5, 14, 11.5625, 15.125], "texture": "#3"},
				"south": {"uv": [8.75, 13.25, 8.875, 14.375], "texture": "#3"},
				"west": {"uv": [11.75, 14, 11.8125, 15.125], "texture": "#3"},
				"up": {"uv": [15.125, 5.5625, 15, 5.5], "texture": "#3"},
				"down": {"uv": [15.125, 5.75, 15, 5.8125], "texture": "#3"}
			}
		},
		{
			"from": [7.87606, 4.409, 22.113],
			"to": [8.27094, 8.47569, 22.31044],
			"rotation": {"angle": 0, "axis": "y", "origin": [6.494, 4.409, 19.64503]},
			"faces": {
				"north": {"uv": [12.75, 13.25, 12.875, 14.25], "texture": "#3"},
				"east": {"uv": [12, 14, 12.0625, 15], "texture": "#3"},
				"south": {"uv": [13.5, 0.25, 13.625, 1.25], "texture": "#3"},
				"west": {"uv": [12.25, 14, 12.3125, 15], "texture": "#3"},
				"up": {"uv": [6.125, 15.0625, 6, 15], "texture": "#3"},
				"down": {"uv": [6.375, 15, 6.25, 15.0625], "texture": "#3"}
			}
		},
		{
			"from": [7.87606, 4.409, 21.91556],
			"to": [8.27094, 7.98209, 22.113],
			"rotation": {"angle": 0, "axis": "y", "origin": [6.494, 4.409, 19.64503]},
			"faces": {
				"north": {"uv": [2, 13.5, 2.125, 14.375], "texture": "#3"},
				"east": {"uv": [0.5, 14.25, 0.5625, 15.125], "texture": "#3"},
				"south": {"uv": [5.25, 13.5, 5.375, 14.375], "texture": "#3"},
				"west": {"uv": [2.25, 14.25, 2.3125, 15.125], "texture": "#3"},
				"up": {"uv": [6.625, 15.0625, 6.5, 15], "texture": "#3"},
				"down": {"uv": [15.125, 6.5, 15, 6.5625], "texture": "#3"}
			}
		},
		{
			"from": [7.87606, 4.409, 21.71813],
			"to": [8.27094, 7.4885, 21.91556],
			"rotation": {"angle": 0, "axis": "y", "origin": [6.494, 4.409, 19.64503]},
			"faces": {
				"north": {"uv": [13, 13.5, 13.125, 14.25], "texture": "#3"},
				"east": {"uv": [6.5, 14.25, 6.5625, 15], "texture": "#3"},
				"south": {"uv": [13.25, 13.5, 13.375, 14.25], "texture": "#3"},
				"west": {"uv": [6.75, 14.25, 6.8125, 15], "texture": "#3"},
				"up": {"uv": [6.875, 15.0625, 6.75, 15], "texture": "#3"},
				"down": {"uv": [15.125, 6.75, 15, 6.8125], "texture": "#3"}
			}
		},
		{
			"from": [-9.99203, 5.16253, 6.76544],
			"to": [-8.99203, 5.55741, 10.35906],
			"rotation": {"angle": 0, "axis": "y", "origin": [-1.4035, 6.051, 5.23209]},
			"faces": {
				"north": {"uv": [12.25, 7.75, 15.1875, 7.875], "texture": "#3"},
				"east": {"uv": [13.25, 9.5, 14.3125, 9.625], "texture": "#3"},
				"south": {"uv": [12.25, 8, 15.1875, 8.125], "texture": "#3"},
				"west": {"uv": [0, 13.5, 1.0625, 13.625], "texture": "#3"},
				"up": {"uv": [6.1875, 2.3125, 3.25, 1.25], "texture": "#3"},
				"down": {"uv": [4.9375, 3.75, 2, 4.8125], "texture": "#3"}
			}
		},
		{
			"from": [25.13903, 5.16253, 6.76544],
			"to": [26.13903, 5.55741, 10.45778],
			"rotation": {"angle": 0, "axis": "y", "origin": [-2.09453, 6.051, 5.23209]},
			"faces": {
				"north": {"uv": [10.75, 12.25, 13.6875, 12.375], "texture": "#3"},
				"east": {"uv": [13.25, 3.75, 14.375, 3.875], "texture": "#3"},
				"south": {"uv": [12.25, 11.5, 15.1875, 11.625], "texture": "#3"},
				"west": {"uv": [13.25, 9.25, 14.375, 9.375], "texture": "#3"},
				"up": {"uv": [4.9375, 3.625, 2, 2.5], "texture": "#3"},
				"down": {"uv": [6.1875, 0, 3.25, 1.125], "texture": "#3"}
			}
		},
		{
			"from": [-8.99203, 5.16253, 6.51544],
			"to": [1.7555, 5.55741, 10.85906],
			"rotation": {"angle": 0, "axis": "y", "origin": [-1.4035, 6.051, 5.23209]},
			"faces": {
				"north": {"uv": [12.25, 7.75, 15.1875, 7.875], "texture": "#3"},
				"east": {"uv": [13.25, 9.5, 14.3125, 9.625], "texture": "#3"},
				"south": {"uv": [12.25, 8, 15.1875, 8.125], "texture": "#3"},
				"west": {"uv": [0, 13.5, 1.0625, 13.625], "texture": "#3"},
				"up": {"uv": [6.1875, 2.3125, 3.25, 1.25], "texture": "#3"},
				"down": {"uv": [4.9375, 3.75, 2, 4.8125], "texture": "#3"}
			}
		},
		{
			"from": [14.3915, 5.16253, 6.51544],
			"to": [25.13903, 5.55741, 10.95778],
			"rotation": {"angle": 0, "axis": "y", "origin": [-2.09453, 6.051, 5.23209]},
			"faces": {
				"north": {"uv": [10.75, 12.25, 13.6875, 12.375], "texture": "#3"},
				"east": {"uv": [13.25, 3.75, 14.375, 3.875], "texture": "#3"},
				"south": {"uv": [12.25, 11.5, 15.1875, 11.625], "texture": "#3"},
				"west": {"uv": [13.25, 9.25, 14.375, 9.375], "texture": "#3"},
				"up": {"uv": [4.9375, 3.625, 2, 2.5], "texture": "#3"},
				"down": {"uv": [6.1875, 0, 3.25, 1.125], "texture": "#3"}
			}
		},
		{
			"from": [2.6875, 3.5, 5],
			"to": [4.1875, 5, 9],
			"rotation": {"angle": 0, "axis": "y", "origin": [2.5625, 2.25, 7]},
			"faces": {
				"north": {"uv": [9, 13.25, 9.375, 13.625], "texture": "#3"},
				"east": {"uv": [12.25, 2.25, 13.25, 2.625], "texture": "#3"},
				"south": {"uv": [9.5, 13.25, 9.875, 13.625], "texture": "#3"},
				"west": {"uv": [12.25, 2.75, 13.25, 3.125], "texture": "#3"},
				"up": {"uv": [12.625, 4.25, 12.25, 3.25], "texture": "#3"},
				"down": {"uv": [12.625, 5.25, 12.25, 6.25], "texture": "#3"}
			}
		},
		{
			"from": [11.9375, 3.5, 5],
			"to": [13.4375, 5, 9],
			"rotation": {"angle": 0, "axis": "y", "origin": [11.8125, 2.25, 7]},
			"faces": {
				"north": {"uv": [10.25, 13.25, 10.625, 13.625], "texture": "#3"},
				"east": {"uv": [12.25, 6.25, 13.25, 6.625], "texture": "#3"},
				"south": {"uv": [13.25, 10.5, 13.625, 10.875], "texture": "#3"},
				"west": {"uv": [6.75, 12.25, 7.75, 12.625], "texture": "#3"},
				"up": {"uv": [12.625, 7.75, 12.25, 6.75], "texture": "#3"},
				"down": {"uv": [10.625, 12.25, 10.25, 13.25], "texture": "#3"}
			}
		},
		{
			"from": [5.6875, 0.5, 5.9375],
			"to": [7.1875, 2, 11.9375],
			"rotation": {"angle": 0, "axis": "y", "origin": [5.5625, -0.75, 10]},
			"faces": {
				"north": {"uv": [11.75, 13.25, 12.125, 13.625], "texture": "#3"},
				"east": {"uv": [5.25, 11.5, 6.75, 11.875], "texture": "#3"},
				"south": {"uv": [12.25, 13.25, 12.625, 13.625], "texture": "#3"},
				"west": {"uv": [7.75, 11.5, 9.25, 11.875], "texture": "#3"},
				"up": {"uv": [1.625, 13, 1.25, 11.5], "texture": "#3"},
				"down": {"uv": [11.875, 9.75, 11.5, 11.25], "texture": "#3"}
			}
		},
		{
			"from": [8.9375, 0.5, 5.9375],
			"to": [10.4375, 2, 11.9375],
			"rotation": {"angle": 0, "axis": "y", "origin": [8.8125, -0.75, 10]},
			"faces": {
				"north": {"uv": [10.75, 13.25, 11.125, 13.625], "texture": "#3"},
				"east": {"uv": [11.25, 0, 12.75, 0.375], "texture": "#3"},
				"south": {"uv": [11.25, 13.25, 11.625, 13.625], "texture": "#3"},
				"west": {"uv": [11.25, 0.5, 12.75, 0.875], "texture": "#3"},
				"up": {"uv": [1.125, 12.75, 0.75, 11.25], "texture": "#3"},
				"down": {"uv": [5.125, 11.25, 4.75, 12.75], "texture": "#3"}
			}
		},
		{
			"from": [5.875, 0, 9.5],
			"to": [6.25, 1, 10.75],
			"rotation": {"angle": 0, "axis": "y", "origin": [5.75, -1.5, 9.0625]},
			"faces": {
				"north": {"uv": [14.75, 3, 14.875, 3.25], "texture": "#3"},
				"east": {"uv": [13.75, 12.25, 14.0625, 12.5], "texture": "#3"},
				"south": {"uv": [14.75, 3.25, 14.875, 3.5], "texture": "#3"},
				"west": {"uv": [13.75, 12.5, 14.0625, 12.75], "texture": "#3"},
				"up": {"uv": [0.125, 14.8125, 0, 14.5], "texture": "#3"},
				"down": {"uv": [14.625, 0.25, 14.5, 0.5625], "texture": "#3"}
			}
		},
		{
			"from": [9.125, 0, 9.5],
			"to": [9.5, 1, 10.75],
			"rotation": {"angle": 0, "axis": "y", "origin": [9, -1.5, 9.0625]},
			"faces": {
				"north": {"uv": [14.75, 2.25, 14.875, 2.5], "texture": "#3"},
				"east": {"uv": [11.75, 13.75, 12.0625, 14], "texture": "#3"},
				"south": {"uv": [14.75, 2.5, 14.875, 2.75], "texture": "#3"},
				"west": {"uv": [12.25, 13.75, 12.5625, 14], "texture": "#3"},
				"up": {"uv": [13.875, 14.5625, 13.75, 14.25], "texture": "#3"},
				"down": {"uv": [14.375, 14.25, 14.25, 14.5625], "texture": "#3"}
			}
		},
		{
			"from": [6.625, 0, 9.5],
			"to": [7, 1, 10.75],
			"rotation": {"angle": 0, "axis": "y", "origin": [6.5, -1.5, 9.0625]},
			"faces": {
				"north": {"uv": [3.75, 14.75, 3.875, 15], "texture": "#3"},
				"east": {"uv": [13.75, 13.25, 14.0625, 13.5], "texture": "#3"},
				"south": {"uv": [14.75, 3.75, 14.875, 4], "texture": "#3"},
				"west": {"uv": [13.75, 13.5, 14.0625, 13.75], "texture": "#3"},
				"up": {"uv": [2.125, 14.8125, 2, 14.5], "texture": "#3"},
				"down": {"uv": [14.625, 2.25, 14.5, 2.5625], "texture": "#3"}
			}
		},
		{
			"from": [9.875, 0, 9.5],
			"to": [10.25, 1, 10.75],
			"rotation": {"angle": 0, "axis": "y", "origin": [9.75, -1.5, 9.0625]},
			"faces": {
				"north": {"uv": [3.5, 14.75, 3.625, 15], "texture": "#3"},
				"east": {"uv": [13.75, 12.75, 14.0625, 13], "texture": "#3"},
				"south": {"uv": [14.75, 3.5, 14.875, 3.75], "texture": "#3"},
				"west": {"uv": [13.75, 13, 14.0625, 13.25], "texture": "#3"},
				"up": {"uv": [1.625, 14.8125, 1.5, 14.5], "texture": "#3"},
				"down": {"uv": [1.875, 14.5, 1.75, 14.8125], "texture": "#3"}
			}
		},
		{
			"from": [6.625, 0, 7.375],
			"to": [7, 1, 8.625],
			"rotation": {"angle": 0, "axis": "y", "origin": [6.5, -1.5, 6.9375]},
			"faces": {
				"north": {"uv": [14.75, 5.75, 14.875, 6], "texture": "#3"},
				"east": {"uv": [14, 3.25, 14.3125, 3.5], "texture": "#3"},
				"south": {"uv": [6, 14.75, 6.125, 15], "texture": "#3"},
				"west": {"uv": [14, 3.5, 14.3125, 3.75], "texture": "#3"},
				"up": {"uv": [14.625, 6.0625, 14.5, 5.75], "texture": "#3"},
				"down": {"uv": [14.625, 6.25, 14.5, 6.5625], "texture": "#3"}
			}
		},
		{
			"from": [9.875, 0, 7.375],
			"to": [10.25, 1, 8.625],
			"rotation": {"angle": 0, "axis": "y", "origin": [9.75, -1.5, 6.9375]},
			"faces": {
				"north": {"uv": [14.75, 5.25, 14.875, 5.5], "texture": "#3"},
				"east": {"uv": [14, 2.5, 14.3125, 2.75], "texture": "#3"},
				"south": {"uv": [14.75, 5.5, 14.875, 5.75], "texture": "#3"},
				"west": {"uv": [3, 14, 3.3125, 14.25], "texture": "#3"},
				"up": {"uv": [5.375, 14.8125, 5.25, 14.5], "texture": "#3"},
				"down": {"uv": [14.625, 5.25, 14.5, 5.5625], "texture": "#3"}
			}
		},
		{
			"from": [5.875, 0, 7.375],
			"to": [6.25, 1, 8.625],
			"rotation": {"angle": 0, "axis": "y", "origin": [5.75, -1.5, 6.9375]},
			"faces": {
				"north": {"uv": [4.5, 14.75, 4.625, 15], "texture": "#3"},
				"east": {"uv": [14, 2.25, 14.3125, 2.5], "texture": "#3"},
				"south": {"uv": [14.75, 4.5, 14.875, 4.75], "texture": "#3"},
				"west": {"uv": [2.5, 14, 2.8125, 14.25], "texture": "#3"},
				"up": {"uv": [3.375, 14.8125, 3.25, 14.5], "texture": "#3"},
				"down": {"uv": [14.625, 3.5, 14.5, 3.8125], "texture": "#3"}
			}
		},
		{
			"from": [7.5, 0, 2.0625],
			"to": [7.875, 1.375, 3.3125],
			"rotation": {"angle": 0, "axis": "y", "origin": [7.375, -1.5, 1.625]},
			"faces": {
				"north": {"uv": [9.25, 14.25, 9.375, 14.625], "texture": "#3"},
				"east": {"uv": [13.5, 4, 13.8125, 4.375], "texture": "#3"},
				"south": {"uv": [10.25, 14.25, 10.375, 14.625], "texture": "#3"},
				"west": {"uv": [4.75, 13.5, 5.0625, 13.875], "texture": "#3"},
				"up": {"uv": [7.875, 14.8125, 7.75, 14.5], "texture": "#3"},
				"down": {"uv": [8.125, 14.5, 8, 14.8125], "texture": "#3"}
			}
		},
		{
			"from": [7.875, 0.4375, 2.5],
			"to": [8.25, 0.8125, 2.875],
			"rotation": {"angle": 0, "axis": "y", "origin": [7.375, -1.5, 1.625]},
			"faces": {
				"north": {"uv": [14.75, 14.5, 14.875, 14.625], "texture": "#3"},
				"east": {"uv": [14.75, 14.75, 14.875, 14.875], "texture": "#3"},
				"south": {"uv": [0, 15, 0.125, 15.125], "texture": "#3"},
				"west": {"uv": [0.25, 15, 0.375, 15.125], "texture": "#3"},
				"up": {"uv": [15.125, 0.375, 15, 0.25], "texture": "#3"},
				"down": {"uv": [15.125, 0.5, 15, 0.625], "texture": "#3"}
			}
		},
		{
			"from": [8.25, 0, 2.0625],
			"to": [8.625, 1.375, 3.3125],
			"rotation": {"angle": 0, "axis": "y", "origin": [8.125, -1.5, 1.625]},
			"faces": {
				"north": {"uv": [14.25, 6.75, 14.375, 7.125], "texture": "#3"},
				"east": {"uv": [3, 13.5, 3.3125, 13.875], "texture": "#3"},
				"south": {"uv": [9, 14.25, 9.125, 14.625], "texture": "#3"},
				"west": {"uv": [13.5, 3.25, 13.8125, 3.625], "texture": "#3"},
				"up": {"uv": [14.625, 7.0625, 14.5, 6.75], "texture": "#3"},
				"down": {"uv": [7.625, 14.5, 7.5, 14.8125], "texture": "#3"}
			}
		},
		{
			"from": [9.125, 0, 7.375],
			"to": [9.5, 1, 8.625],
			"rotation": {"angle": 0, "axis": "y", "origin": [9, -1.5, 6.9375]},
			"faces": {
				"north": {"uv": [4, 14.75, 4.125, 15], "texture": "#3"},
				"east": {"uv": [13.75, 13.75, 14.0625, 14], "texture": "#3"},
				"south": {"uv": [4.25, 14.75, 4.375, 15], "texture": "#3"},
				"west": {"uv": [0.25, 14, 0.5625, 14.25], "texture": "#3"},
				"up": {"uv": [3.125, 14.8125, 3, 14.5], "texture": "#3"},
				"down": {"uv": [14.625, 3, 14.5, 3.3125], "texture": "#3"}
			}
		},
		{
			"from": [3.25, 4.0625, 4.0625],
			"to": [3.625, 4.4375, 5],
			"rotation": {"angle": 0, "axis": "y", "origin": [2.5625, 2.25, 7]},
			"faces": {
				"north": {"uv": [14.75, 14.25, 14.875, 14.375], "texture": "#3"},
				"east": {"uv": [0.25, 14.75, 0.5, 14.875], "texture": "#3"},
				"south": {"uv": [14.5, 14.75, 14.625, 14.875], "texture": "#3"},
				"west": {"uv": [14.75, 0.25, 15, 0.375], "texture": "#3"},
				"up": {"uv": [14.875, 0.75, 14.75, 0.5], "texture": "#3"},
				"down": {"uv": [14.875, 1.5, 14.75, 1.75], "texture": "#3"}
			}
		},
		{
			"from": [12.5, 4.0625, 4.0625],
			"to": [12.875, 4.4375, 5],
			"rotation": {"angle": 0, "axis": "y", "origin": [11.8125, 2.25, 7]},
			"faces": {
				"north": {"uv": [14.75, 14, 14.875, 14.125], "texture": "#3"},
				"east": {"uv": [14.5, 11.75, 14.75, 11.875], "texture": "#3"},
				"south": {"uv": [14.25, 14.75, 14.375, 14.875], "texture": "#3"},
				"west": {"uv": [14.5, 14, 14.75, 14.125], "texture": "#3"},
				"up": {"uv": [14.625, 14.5, 14.5, 14.25], "texture": "#3"},
				"down": {"uv": [14.625, 14.5, 14.5, 14.75], "texture": "#3"}
			}
		},
		{
			"from": [1.15, 1.9625, 4.5],
			"to": [5.775, 6.5875, 4.6875],
			"rotation": {"angle": 0, "axis": "y", "origin": [2.5875, 2.275, 7]},
			"faces": {
				"north": {"uv": [16, 0, 0, 16], "texture": "#1"},
				"east": {"uv": [0, 15.75, 1, 16], "texture": "#1"},
				"south": {"uv": [0, 0, 16, 16], "texture": "#1"},
				"west": {"uv": [15.75, 0, 16, 4.75], "texture": "#1"},
				"up": {"uv": [1.5, 1.5, 0, 0], "texture": "#1"},
				"down": {"uv": [16, 0, 11.25, 0.25], "texture": "#1"}
			}
		},
		{
			"from": [10.4125, 1.9625, 4.5],
			"to": [15.0375, 6.5875, 4.6875],
			"rotation": {"angle": 0, "axis": "y", "origin": [11.85, 2.275, 7]},
			"faces": {
				"north": {"uv": [0, 0, 16, 16], "texture": "#1"},
				"east": {"uv": [0, 10, 0.25, 14.75], "texture": "#1"},
				"south": {"uv": [16, 0, 0, 16], "texture": "#1"},
				"west": {"uv": [15.25, 0, 16, 0.5], "texture": "#1"},
				"up": {"uv": [2.5, 0.75, 1, 0], "texture": "#1"},
				"down": {"uv": [16, 0.25, 11.25, 0], "texture": "#1"}
			}
		}
	],
	"display": {
		"thirdperson_righthand": {
			"translation": [0, 5, 0]
		},
		"thirdperson_lefthand": {
			"translation": [0, 4, 0]
		},
		"firstperson_righthand": {
			"translation": [0, 7.25, 0]
		},
		"firstperson_lefthand": {
			"translation": [0, 8, 0]
		},
		"ground": {
			"translation": [0, 4.75, 0]
		},
		"gui": {
			"rotation": [35, -35, 0],
			"translation": [0, 2, 0],
			"scale": [0.62, 0.62, 0.62]
		},
		"head": {
			"rotation": [47, 0, 0],
			"translation": [0, 19.75, 17],
			"scale": [4, 4, 4]
		},
		"fixed": {
			"rotation": [-90, -180, 0],
			"translation": [0, 0, -30.25],
			"scale": [4, 4, 4]
		}
	},
	"groups": [
		{
			"name": "group",
			"origin": [0, 0, 0],
			"color": 0,
			"children": [
				0,
				1,
				2,
				3,
				4,
				5,
				6,
				7,
				8,
				9,
				10,
				11,
				12,
				13,
				14,
				15,
				16,
				17,
				18,
				19,
				20,
				21,
				22,
				23,
				24,
				25,
				26,
				27,
				28,
				29,
				30,
				31,
				32,
				33,
				34,
				35,
				36,
				37,
				38,
				39,
				40,
				41,
				42,
				43,
				44,
				45,
				46,
				47,
				48,
				49,
				50,
				51,
				52,
				53,
				54,
				55,
				56,
				57,
				58,
				59,
				60
			]
		},
		61,
		62,
		63,
		64,
		65,
		66,
		67,
		68,
		69,
		70,
		71,
		72,
		73,
		74,
		75,
		76,
		77,
		78,
		79
	]
}