{
	"fuck": {
        "replace": false,
        "sounds": [
            "fuck"
        ]
    },
	"oicw_shoot": {
        "replace": false,
        "sounds": [
            "oicw_shoot"
        ]
    },
	"oicw_click": {
        "replace": false,
        "sounds": [
            "oicw_click"
        ]
    },
    "akkuschrauber": {
        "replace": false,
        "sounds": [
            "akkuschrauber"
        ]
    },
	"schranz": {
        "replace": false,
        "sounds": [
            "Schranz"
        ]
    },
	"angerfist": {
        "replace": false,
        "sounds": [
            "angerfist"
        ]
    },
	"twistedworld": {
        "replace": false,
        "sounds": [
            "twistedworld"
        ]
    }
	
}