{
	"credit": "Made with Blockbench",
	"texture_size": [32, 32],
	"textures": {
		"0": "item/magazin",
		"particle": "item/magazin"
	},
	"elements": [
		{
			"from": [5.5, 0, 2.75],
			"to": [10.5, 0.25, 11.25],
			"rotation": {"angle": 0, "axis": "y", "origin": [7, 0, 6]},
			"faces": {
				"north": {"uv": [0, 5, 2.5, 5.125], "texture": "#0"},
				"east": {"uv": [0, 0, 16, 16], "texture": "#0"},
				"south": {"uv": [5, 0, 7.5, 0.125], "texture": "#0"},
				"west": {"uv": [4.5, 4.5, 8.75, 4.625], "texture": "#0"},
				"up": {"uv": [2.5, 4.25, 0, 0], "texture": "#0"},
				"down": {"uv": [5, 0, 2.5, 4.25], "texture": "#0"}
			}
		}
	],
	"display": {
		"thirdperson_righthand": {
			"rotation": [3, 0, 0],
			"translation": [0, 8, 4.75]
		},
		"thirdperson_lefthand": {
			"rotation": [3, 0, 0],
			"translation": [0, 8, 4.75]
		},
		"firstperson_righthand": {
			"rotation": [-101.19, 24.77, 139.39],
			"translation": [-8.25, 8.75, 10]
		},
		"firstperson_lefthand": {
			"rotation": [-101.19, 24.77, 139.39],
			"translation": [-8.25, 8.75, 10]
		},
		"ground": {
			"translation": [0, 4.5, 0]
		},
		"fixed": {
			"rotation": [-90, 0, 0],
			"translation": [0, 2.25, -23.25],
			"scale": [3.22, 2.94008, 2.61211]
		}
	}
}