{
	"credit": "Made with Blockbench",
	"texture_size": [32, 32],
	"textures": {
		"0": "item/mikrowelle",
		"particle": "item/mikrowelle"
	},
	"elements": [
		{
			"from": [3, 0, 4],
			"to": [13, 5, 11],
			"rotation": {"angle": 0, "axis": "y", "origin": [7, 0, 7]},
			"faces": {
				"north": {"uv": [5, 0, 10, 2.5], "texture": "#0"},
				"east": {"uv": [5, 5, 8.5, 7.5], "texture": "#0"},
				"south": {"uv": [5, 2.5, 10, 5], "texture": "#0"},
				"west": {"uv": [0, 7, 3.5, 9.5], "texture": "#0"},
				"up": {"uv": [5, 3.5, 0, 0], "texture": "#0"},
				"down": {"uv": [5, 3.5, 0, 7], "texture": "#0"}
			}
		}
	],
	"display": {
		"thirdperson_righthand": {
			"rotation": [69.75, 0, 0],
			"translation": [1, 2, 6]
		},
		"thirdperson_lefthand": {
			"rotation": [69.75, 0, 0],
			"translation": [1, 2, 6]
		},
		"firstperson_righthand": {
			"rotation": [-180, 40.5, -180],
			"translation": [0, 8.25, 0]
		},
		"firstperson_lefthand": {
			"rotation": [-180, 40.5, -180],
			"translation": [0, 8.25, 0]
		},
		"ground": {
			"translation": [0, 5, 0]
		},
		"head": {
			"translation": [0, 14, 2.5],
			"scale": [2.19531, 2.4707, 2.38281]
		},
		"fixed": {
			"rotation": [-90, 0, 0],
			"translation": [0, 0, -25.25],
			"scale": [2.87109, 3.31445, 3.38281]
		}
	}
}