{
	"credit": "Made with Blockbench",
	"textures": {
		"0": "item/ratte",
		"particle": "item/ratte"
	},
	"elements": [
		{
			"from": [7, 0, 7],
			"to": [9, 1.5, 9],
			"rotation": {"angle": 0, "axis": "y", "origin": [7, 0, 7]},
			"faces": {
				"north": {"uv": [2, 0, 4, 1.5], "texture": "#0"},
				"east": {"uv": [2, 2, 4, 3.5], "texture": "#0"},
				"south": {"uv": [0, 4, 2, 5.5], "texture": "#0"},
				"west": {"uv": [4, 0, 6, 1.5], "texture": "#0"},
				"up": {"uv": [2, 2, 0, 0], "texture": "#0"},
				"down": {"uv": [2, 2, 0, 4], "texture": "#0"}
			}
		},
		{
			"from": [7.0625, 0, 9],
			"to": [8.9375, 1.25, 10],
			"rotation": {"angle": 0, "axis": "y", "origin": [7, 0, 9]},
			"faces": {
				"north": {"uv": [2, 4, 4, 5.25], "texture": "#0"},
				"east": {"uv": [4, 6, 5, 7.25], "texture": "#0"},
				"south": {"uv": [4, 2, 6, 3.25], "texture": "#0"},
				"west": {"uv": [6, 4, 7, 5.25], "texture": "#0"},
				"up": {"uv": [6, 5, 4, 4], "texture": "#0"},
				"down": {"uv": [6, 5, 4, 6], "texture": "#0"}
			}
		},
		{
			"from": [7.1875, 0.25, 10],
			"to": [8.8125, 1, 10.25],
			"rotation": {"angle": 0, "axis": "y", "origin": [7, 0, 10]},
			"faces": {
				"north": {"uv": [6, 2, 8, 2.75], "texture": "#0"},
				"east": {"uv": [6, 8, 6.25, 8.75], "texture": "#0"},
				"south": {"uv": [6, 3, 8, 3.75], "texture": "#0"},
				"west": {"uv": [8, 6, 8.25, 6.75], "texture": "#0"},
				"up": {"uv": [4, 7.25, 2, 7], "texture": "#0"},
				"down": {"uv": [9, 4, 7, 4.25], "texture": "#0"}
			}
		},
		{
			"from": [7.8125, 0.25, 10.25],
			"to": [8.1875, 0.5, 11],
			"rotation": {"angle": 0, "axis": "y", "origin": [7, 0, 10.25]},
			"faces": {
				"north": {"uv": [9, 6, 9.5, 6.25], "texture": "#0"},
				"east": {"uv": [7, 8, 7.75, 8.25], "texture": "#0"},
				"south": {"uv": [7, 9, 7.5, 9.25], "texture": "#0"},
				"west": {"uv": [8, 7, 8.75, 7.25], "texture": "#0"},
				"up": {"uv": [5.5, 7.75, 5, 7], "texture": "#0"},
				"down": {"uv": [7.5, 5, 7, 5.75], "texture": "#0"}
			}
		},
		{
			"from": [7.875, 0.25, 11.25],
			"to": [8.25, 0.5, 12],
			"rotation": {"angle": 22.5, "axis": "y", "origin": [7.0625, 0, 11.25]},
			"faces": {
				"north": {"uv": [9, 7, 9.5, 7.25], "texture": "#0"},
				"east": {"uv": [8, 8, 8.75, 8.25], "texture": "#0"},
				"south": {"uv": [8, 9, 8.5, 9.25], "texture": "#0"},
				"west": {"uv": [0, 9, 0.75, 9.25], "texture": "#0"},
				"up": {"uv": [6.5, 7.75, 6, 7], "texture": "#0"},
				"down": {"uv": [7.5, 6, 7, 6.75], "texture": "#0"}
			}
		},
		{
			"from": [8.375, 0.25, 10.75],
			"to": [8.75, 0.5, 11.5],
			"rotation": {"angle": -45, "axis": "y", "origin": [7.5625, 0, 10.75]},
			"faces": {
				"north": {"uv": [9, 8, 9.5, 8.25], "texture": "#0"},
				"east": {"uv": [9, 0, 9.75, 0.25], "texture": "#0"},
				"south": {"uv": [9, 9, 9.5, 9.25], "texture": "#0"},
				"west": {"uv": [1, 9, 1.75, 9.25], "texture": "#0"},
				"up": {"uv": [7.5, 7.75, 7, 7], "texture": "#0"},
				"down": {"uv": [0.5, 8, 0, 8.75], "texture": "#0"}
			}
		},
		{
			"from": [7.6875, 0.25, 12.25],
			"to": [7.9375, 0.4375, 13],
			"rotation": {"angle": 22.5, "axis": "y", "origin": [6.875, 0, 12.25]},
			"faces": {
				"north": {"uv": [5, 10, 5.25, 10.25], "texture": "#0"},
				"east": {"uv": [9, 1, 9.75, 1.25], "texture": "#0"},
				"south": {"uv": [10, 5, 10.25, 5.25], "texture": "#0"},
				"west": {"uv": [2, 9, 2.75, 9.25], "texture": "#0"},
				"up": {"uv": [9.25, 2.75, 9, 2], "texture": "#0"},
				"down": {"uv": [3.25, 9, 3, 9.75], "texture": "#0"}
			}
		},
		{
			"from": [7.9375, 0.3125, 12.4375],
			"to": [8.0625, 0.375, 13.1875],
			"rotation": {"angle": 0, "axis": "y", "origin": [7.0625, 0, 12.4375]},
			"faces": {
				"north": {"uv": [6, 10, 6.25, 10.25], "texture": "#0"},
				"east": {"uv": [9, 3, 9.75, 3.25], "texture": "#0"},
				"south": {"uv": [10, 6, 10.25, 6.25], "texture": "#0"},
				"west": {"uv": [4, 9, 4.75, 9.25], "texture": "#0"},
				"up": {"uv": [9.25, 4.75, 9, 4], "texture": "#0"},
				"down": {"uv": [5.25, 9, 5, 9.75], "texture": "#0"}
			}
		},
		{
			"from": [7.25, 0.25, 6],
			"to": [8.75, 1.25, 7],
			"rotation": {"angle": 0, "axis": "y", "origin": [7, 0, 5]},
			"faces": {
				"north": {"uv": [0, 6, 1.5, 7], "texture": "#0"},
				"east": {"uv": [5, 6, 6, 7], "texture": "#0"},
				"south": {"uv": [6, 0, 7.5, 1], "texture": "#0"},
				"west": {"uv": [6, 6, 7, 7], "texture": "#0"},
				"up": {"uv": [7.5, 2, 6, 1], "texture": "#0"},
				"down": {"uv": [3.5, 6, 2, 7], "texture": "#0"}
			}
		},
		{
			"from": [8.375, 1.25, 6.125],
			"to": [8.875, 1.75, 6.25],
			"rotation": {"angle": 0, "axis": "y", "origin": [7, 0, 5]},
			"faces": {
				"north": {"uv": [8, 2, 8.5, 2.5], "texture": "#0"},
				"east": {"uv": [0, 10, 0.25, 10.5], "texture": "#0"},
				"south": {"uv": [3, 8, 3.5, 8.5], "texture": "#0"},
				"west": {"uv": [10, 0, 10.25, 0.5], "texture": "#0"},
				"up": {"uv": [1.5, 10.25, 1, 10], "texture": "#0"},
				"down": {"uv": [10.5, 1, 10, 1.25], "texture": "#0"}
			}
		},
		{
			"from": [7.125, 1.25, 6.125],
			"to": [7.625, 1.75, 6.25],
			"rotation": {"angle": 0, "axis": "y", "origin": [5.75, 0, 5]},
			"faces": {
				"north": {"uv": [8, 3, 8.5, 3.5], "texture": "#0"},
				"east": {"uv": [2, 10, 2.25, 10.5], "texture": "#0"},
				"south": {"uv": [4, 8, 4.5, 8.5], "texture": "#0"},
				"west": {"uv": [10, 2, 10.25, 2.5], "texture": "#0"},
				"up": {"uv": [3.5, 10.25, 3, 10], "texture": "#0"},
				"down": {"uv": [10.5, 3, 10, 3.25], "texture": "#0"}
			}
		},
		{
			"from": [7.5625, 0.375, 5.75],
			"to": [8.5, 1, 6],
			"rotation": {"angle": 0, "axis": "y", "origin": [7, 0, 5]},
			"faces": {
				"north": {"uv": [0, 7, 1, 7.75], "texture": "#0"},
				"east": {"uv": [5, 8, 5.25, 8.75], "texture": "#0"},
				"south": {"uv": [1, 7, 2, 7.75], "texture": "#0"},
				"west": {"uv": [8, 5, 8.25, 5.75], "texture": "#0"},
				"up": {"uv": [9, 1.25, 8, 1], "texture": "#0"},
				"down": {"uv": [3, 8, 2, 8.25], "texture": "#0"}
			}
		},
		{
			"from": [7.6875, 0.5, 5.5],
			"to": [8.375, 0.875, 5.75],
			"rotation": {"angle": 0, "axis": "y", "origin": [7, 0, 5]},
			"faces": {
				"north": {"uv": [8, 0, 8.75, 0.5], "texture": "#0"},
				"east": {"uv": [4, 10, 4.25, 10.5], "texture": "#0"},
				"south": {"uv": [1, 8, 1.75, 8.5], "texture": "#0"},
				"west": {"uv": [10, 4, 10.25, 4.5], "texture": "#0"},
				"up": {"uv": [9.75, 5.25, 9, 5], "texture": "#0"},
				"down": {"uv": [6.75, 9, 6, 9.25], "texture": "#0"}
			}
		},
		{
			"from": [7.875, 0.5625, 5.25],
			"to": [8.1875, 0.8125, 5.5],
			"rotation": {"angle": 0, "axis": "y", "origin": [7, 0, 4.75]},
			"faces": {
				"north": {"uv": [7, 10, 7.25, 10.25], "texture": "#0"},
				"east": {"uv": [10, 7, 10.25, 7.25], "texture": "#0"},
				"south": {"uv": [8, 10, 8.25, 10.25], "texture": "#0"},
				"west": {"uv": [10, 8, 10.25, 8.25], "texture": "#0"},
				"up": {"uv": [9.25, 10.25, 9, 10], "texture": "#0"},
				"down": {"uv": [10.25, 9, 10, 9.25], "texture": "#0"}
			}
		}
	],
	"display": {
		"thirdperson_righthand": {
			"rotation": [111.75, 26.51, 29.56],
			"translation": [-6.5, -8.25, 10.25],
			"scale": [2.14, 2.05, 1.92]
		},
		"thirdperson_lefthand": {
			"rotation": [111.75, 26.51, 29.56],
			"translation": [-6.5, -8.25, 10.25],
			"scale": [2.14, 2.05, 1.92]
		},
		"firstperson_righthand": {
			"rotation": [127.89, 49.3, -140.23],
			"translation": [-1.5, 11.25, 3.25]
		},
		"firstperson_lefthand": {
			"rotation": [127.89, 49.3, -140.23],
			"translation": [-1.5, 11.25, 3.25]
		},
		"ground": {
			"translation": [0, 9.75, 0],
			"scale": [1.83, 1.83, 1.87]
		},
		"gui": {
			"rotation": [-140.25, 33.75, -180],
			"translation": [-0.25, 10.75, 0],
			"scale": [2.2793, 1.90625, 1.95313]
		},
		"head": {
			"translation": [0, 22.25, 0],
			"scale": [2.12, 1.99, 2.12]
		},
		"fixed": {
			"rotation": [-90, 0, 0],
			"translation": [0, 0, -26],
			"scale": [3.35, 3.26, 3.24]
		}
	}
}