{
	"format_version": "1.9.0",
	"texture_size": [128, 128],
	"textures": {
		"0": "item/strobe1",
		"particle": "item/strobe1"
	},
	"elements": [
		{
			"from": [-16, 0, -16],
			"to": [32, 2, 32],
			"rotation": {"angle": 0, "axis": "y", "origin": [7, 0, 0]},
			"faces": {
				"north": {"uv": [15.5, 0, 16, 0.75], "texture": "#0"},
				"east": {"uv": [11.5, 0.25, 12, 0.5], "texture": "#0"},
				"south": {"uv": [11.5, 0.5, 12, 0.75], "texture": "#0"},
				"west": {"uv": [13, 0.25, 13.5, 1], "texture": "#0"},
				"up": {"uv": [16, 16, 0, 0], "texture": "#0"},
				"down": {"uv": [16, 0, 0, 16], "texture": "#0"}
			}
		}
	],
	"display": {
		"gui": {
			"rotation": [90, 0, 0],
			"scale": [0.39, 0.41, 0.4]
		},
		"fixed": {
			"rotation": [15.25, 0, 0],
			"translation": [0, 50.75, -80],
			"scale": [4, 4, 4]
		}
	}
}