{
	"format_version": "1.9.0",
	"credit": "Made with Blockbench",
	"texture_size": [128, 128],
	"textures": {
		"0": "item/944wheel",
		"1": "item/944body",
		"particle": "item/altreifen",
		"1_0": "item/altreifen"
	},
	"elements": [
		{
			"from": [-0.25, 4.9375, 14],
			"to": [16.25, 6.6875, 23.5],
			"rotation": {"angle": 0, "axis": "y", "origin": [7, 0.6875, 0]},
			"faces": {
				"north": {"uv": [8.125, 6.5, 10.1875, 6.71875], "texture": "#1"},
				"east": {"uv": [7.75, 9.75, 8.9375, 9.96875], "texture": "#1"},
				"south": {"uv": [3.875, 9, 5.9375, 9.21875], "texture": "#1"},
				"west": {"uv": [9, 9.75, 10.1875, 9.96875], "texture": "#1"},
				"up": {"uv": [6.0625, 3.9375, 4, 2.75], "texture": "#1"},
				"down": {"uv": [6.0625, 4, 4, 5.1875], "texture": "#1"}
			}
		},
		{
			"from": [0.025, 4.9375, -2],
			"to": [15.975, 6.6875, 14],
			"rotation": {"angle": 0, "axis": "y", "origin": [7, 0.6875, 0]},
			"faces": {
				"north": {"uv": [1.75, 9.125, 3.75, 9.34375], "texture": "#1"},
				"east": {"uv": [9.125, 8.125, 11.125, 8.34375], "texture": "#1"},
				"south": {"uv": [9.125, 8.375, 11.125, 8.59375], "texture": "#1"},
				"west": {"uv": [3.75, 9.25, 5.75, 9.46875], "texture": "#1"},
				"up": {"uv": [2, 5.5, 0, 3.5], "texture": "#1"},
				"down": {"uv": [4, 3.5, 2, 5.5], "texture": "#1"}
			}
		},
		{
			"from": [0.25, 0.6875, -2],
			"to": [15.75, 4.9375, 25.25],
			"rotation": {"angle": 0, "axis": "y", "origin": [7, 0.6875, 0]},
			"faces": {
				"north": {"uv": [3.875, 7.125, 5.875, 7.65625], "texture": "#1"},
				"east": {"uv": [5.875, 1, 9.28125, 1.53125], "texture": "#1"},
				"south": {"uv": [0, 7.25, 2, 7.78125], "texture": "#1"},
				"west": {"uv": [5.875, 1.625, 9.28125, 2.15625], "texture": "#1"},
				"up": {"uv": [2, 3.40625, 0, 0], "texture": "#1"},
				"down": {"uv": [4, 0, 2, 3.40625], "texture": "#1"}
			}
		},
		{
			"from": [0, -0.125, -1.75],
			"to": [1.375, 5.25, 3.375],
			"rotation": {"angle": 0, "axis": "y", "origin": [-7.9375, 0.1875, -21.9375]},
			"faces": {
				"north": {"uv": [0, 14.32, 1.25, 15.81], "texture": "#0"},
				"east": {"uv": [0, 0, 16, 16], "texture": "#0"},
				"south": {"uv": [0, 15.28, 2.08, 16], "texture": "#0"},
				"west": {"uv": [0, 0, 16, 16], "texture": "#0"},
				"up": {"uv": [0, 15.12, 1.65, 16], "texture": "#0"},
				"down": {"uv": [0, 14.8, 1.92, 16], "texture": "#0"}
			}
		},
		{
			"from": [14.625, -0.125, -1.75],
			"to": [16, 5.25, 3.375],
			"rotation": {"angle": 0, "axis": "y", "origin": [6.6875, 0.1875, -21.9375]},
			"faces": {
				"north": {"uv": [0, 14.32, 1.25, 15.81], "texture": "#0"},
				"east": {"uv": [0, 0, 16, 16], "texture": "#0"},
				"south": {"uv": [0, 15.28, 2.08, 16], "texture": "#0"},
				"west": {"uv": [0, 0, 16, 16], "texture": "#0"},
				"up": {"uv": [0, 15.12, 1.65, 16], "texture": "#0"},
				"down": {"uv": [0, 14.8, 1.92, 16], "texture": "#0"}
			}
		},
		{
			"from": [14.875, -0.125, 18.25],
			"to": [16.25, 5.25, 23.375],
			"rotation": {"angle": 0, "axis": "y", "origin": [6.9375, 0.1875, -1.9375]},
			"faces": {
				"north": {"uv": [0, 14.32, 1.25, 15.81], "texture": "#0"},
				"east": {"uv": [0, 0, 16, 16], "texture": "#0"},
				"south": {"uv": [0, 15.28, 2.08, 16], "texture": "#0"},
				"west": {"uv": [0, 0, 16, 16], "texture": "#0"},
				"up": {"uv": [0, 15.12, 1.65, 16], "texture": "#0"},
				"down": {"uv": [0, 14.8, 1.92, 16], "texture": "#0"}
			}
		},
		{
			"from": [-0.25, -0.125, 18.25],
			"to": [1.125, 5.25, 23.375],
			"rotation": {"angle": 0, "axis": "y", "origin": [-8.1875, 0.1875, -1.9375]},
			"faces": {
				"north": {"uv": [0, 14.32, 1.25, 15.81], "texture": "#0"},
				"east": {"uv": [0, 0, 16, 16], "texture": "#0"},
				"south": {"uv": [0, 15.28, 2.08, 16], "texture": "#0"},
				"west": {"uv": [0, 0, 16, 16], "texture": "#0"},
				"up": {"uv": [0, 15.12, 1.65, 16], "texture": "#0"},
				"down": {"uv": [0, 14.8, 1.92, 16], "texture": "#0"}
			}
		},
		{
			"from": [0.375, 6.6875, 8.6875],
			"to": [15.625, 10.25, 18.8125],
			"rotation": {"angle": 0, "axis": "y", "origin": [7, 6.6875, 6.375]},
			"faces": {
				"north": {"uv": [2, 7.25, 3.875, 7.6875], "texture": "#1"},
				"east": {"uv": [8.125, 6, 9.4375, 6.4375], "texture": "#1"},
				"south": {"uv": [4, 7.75, 5.875, 8.1875], "texture": "#1"},
				"west": {"uv": [7.75, 8.125, 9.0625, 8.5625], "texture": "#1"},
				"up": {"uv": [5.875, 1.3125, 4, 0], "texture": "#1"},
				"down": {"uv": [5.875, 1.375, 4, 2.6875], "texture": "#1"}
			}
		},
		{
			"from": [0.75, 10.25, 9.4375],
			"to": [15.25, 10.4375, 17.375],
			"rotation": {"angle": 0, "axis": "y", "origin": [7, 6.6875, 6.375]},
			"faces": {
				"north": {"uv": [2, 7.25, 3.875, 7.6875], "texture": "#1"},
				"east": {"uv": [11.3125, 14.4375, 10.96875, 13.84375], "texture": "#1"},
				"south": {"uv": [4, 7.75, 5.875, 8.1875], "texture": "#1"},
				"west": {"uv": [7.75, 15.25, 9.0625, 15.1875], "texture": "#1"},
				"up": {"uv": [5.875, 1.3125, 4, 0], "texture": "#1"},
				"down": {"uv": [5.875, 1.375, 4, 2.6875], "texture": "#1"}
			}
		},
		{
			"from": [0.5, 6.6875, 5.625],
			"to": [15.5, 7, 5.875],
			"rotation": {"angle": 0, "axis": "y", "origin": [7, 6.6875, 4.875]},
			"faces": {
				"north": {"uv": [10.375, 0.625, 12.25, 0.65625], "texture": "#1"},
				"east": {"uv": [7.75, 8, 7.78125, 8.03125], "texture": "#1"},
				"south": {"uv": [10.375, 0.75, 12.25, 0.78125], "texture": "#1"},
				"west": {"uv": [7.5, 8.5, 7.53125, 8.53125], "texture": "#1"},
				"up": {"uv": [12.25, 0.90625, 10.375, 0.875], "texture": "#1"},
				"down": {"uv": [12.25, 2.25, 10.375, 2.28125], "texture": "#1"}
			}
		},
		{
			"from": [1, 6.6875, 21.4375],
			"to": [15, 9.25, 22.75],
			"rotation": {"angle": 0, "axis": "y", "origin": [7, 6.6875, 9]},
			"faces": {
				"north": {"uv": [4, 8.25, 5.75, 8.5625], "texture": "#1"},
				"east": {"uv": [3.125, 10.375, 3.28125, 10.6875], "texture": "#1"},
				"south": {"uv": [5.75, 8.5, 7.5, 8.8125], "texture": "#1"},
				"west": {"uv": [3.375, 10.375, 3.53125, 10.6875], "texture": "#1"},
				"up": {"uv": [11.25, 9.28125, 9.5, 9.125], "texture": "#1"},
				"down": {"uv": [11, 9.5, 9.25, 9.65625], "texture": "#1"}
			}
		},
		{
			"from": [1, 6.6875, 20.125],
			"to": [15, 9.625, 21.4375],
			"rotation": {"angle": 0, "axis": "y", "origin": [7, 6.6875, 7.6875]},
			"faces": {
				"north": {"uv": [8.125, 4.5, 9.875, 4.875], "texture": "#1"},
				"east": {"uv": [9, 10, 9.15625, 10.375], "texture": "#1"},
				"south": {"uv": [8.125, 4.875, 9.875, 5.25], "texture": "#1"},
				"west": {"uv": [9.25, 10, 9.40625, 10.375], "texture": "#1"},
				"up": {"uv": [9.25, 9.65625, 7.5, 9.5], "texture": "#1"},
				"down": {"uv": [11.25, 8.875, 9.5, 9.03125], "texture": "#1"}
			}
		},
		{
			"from": [1, 6.6875, 18.8125],
			"to": [15, 9.9375, 20.125],
			"rotation": {"angle": 0, "axis": "y", "origin": [7, 6.6875, 6.375]},
			"faces": {
				"north": {"uv": [8.125, 2.75, 9.875, 3.15625], "texture": "#1"},
				"east": {"uv": [5.875, 2.25, 6.03125, 2.65625], "texture": "#1"},
				"south": {"uv": [8.125, 3.25, 9.875, 3.65625], "texture": "#1"},
				"west": {"uv": [7.625, 10, 7.78125, 10.40625], "texture": "#1"},
				"up": {"uv": [11.25, 6.15625, 9.5, 6], "texture": "#1"},
				"down": {"uv": [11.25, 6.25, 9.5, 6.40625], "texture": "#1"}
			}
		},
		{
			"from": [2.875, 6.9375, 5.125],
			"to": [7.5, 7.1875, 5.4375],
			"rotation": {"angle": 0, "axis": "z", "origin": [3.6875, 6.4375, 6.1875]},
			"faces": {
				"north": {"uv": [8.125, 2.75, 9.875, 3.15625], "texture": "#1"},
				"east": {"uv": [5.875, 2.25, 6.03125, 2.65625], "texture": "#1"},
				"south": {"uv": [8.125, 3.25, 9.875, 3.65625], "texture": "#1"},
				"west": {"uv": [7.625, 10, 7.78125, 10.40625], "texture": "#1"},
				"up": {"uv": [11.25, 6.15625, 9.5, 6], "texture": "#1"},
				"down": {"uv": [11.25, 6.25, 9.5, 6.40625], "texture": "#1"}
			}
		},
		{
			"from": [9, 6.9375, 5.125],
			"to": [13.625, 7.1875, 5.4375],
			"rotation": {"angle": 0, "axis": "z", "origin": [9.8125, 6.4375, 6.1875]},
			"faces": {
				"north": {"uv": [8.125, 2.75, 9.875, 3.15625], "texture": "#1"},
				"east": {"uv": [5.875, 2.25, 6.03125, 2.65625], "texture": "#1"},
				"south": {"uv": [8.125, 3.25, 9.875, 3.65625], "texture": "#1"},
				"west": {"uv": [7.625, 10, 7.78125, 10.40625], "texture": "#1"},
				"up": {"uv": [11.25, 6.15625, 9.5, 6], "texture": "#1"},
				"down": {"uv": [11.25, 6.25, 9.5, 6.40625], "texture": "#1"}
			}
		},
		{
			"from": [8.375, 6.75, 5.125],
			"to": [9.8125, 7, 5.4375],
			"rotation": {"angle": 0, "axis": "z", "origin": [9.8125, 6.25, 6.1875]},
			"faces": {
				"north": {"uv": [8.125, 2.75, 9.875, 3.15625], "texture": "#1"},
				"east": {"uv": [5.875, 2.25, 6.03125, 2.65625], "texture": "#1"},
				"south": {"uv": [8.125, 3.25, 9.875, 3.65625], "texture": "#1"},
				"west": {"uv": [7.625, 10, 7.78125, 10.40625], "texture": "#1"},
				"up": {"uv": [11.25, 6.15625, 9.5, 6], "texture": "#1"},
				"down": {"uv": [11.25, 6.25, 9.5, 6.40625], "texture": "#1"}
			}
		},
		{
			"from": [1.875, 6.75, 5.125],
			"to": [3.3125, 7, 5.4375],
			"rotation": {"angle": 0, "axis": "z", "origin": [3.3125, 6.25, 6.1875]},
			"faces": {
				"north": {"uv": [8.125, 2.75, 9.875, 3.15625], "texture": "#1"},
				"east": {"uv": [5.875, 2.25, 6.03125, 2.65625], "texture": "#1"},
				"south": {"uv": [8.125, 3.25, 9.875, 3.65625], "texture": "#1"},
				"west": {"uv": [7.625, 10, 7.78125, 10.40625], "texture": "#1"},
				"up": {"uv": [11.25, 6.15625, 9.5, 6], "texture": "#1"},
				"down": {"uv": [11.25, 6.25, 9.5, 6.40625], "texture": "#1"}
			}
		},
		{
			"from": [1, 6.6875, 25.375],
			"to": [15, 8.25, 26.6875],
			"rotation": {"angle": 0, "axis": "y", "origin": [7, 6.6875, 12.9375]},
			"faces": {
				"north": {"uv": [0, 9.25, 1.75, 9.4375], "texture": "#1"},
				"east": {"uv": [6.75, 10.375, 6.90625, 10.5625], "texture": "#1"},
				"south": {"uv": [9.375, 1, 11.125, 1.1875], "texture": "#1"},
				"west": {"uv": [7, 10.375, 7.15625, 10.5625], "texture": "#1"},
				"up": {"uv": [11.5, 6.90625, 9.75, 6.75], "texture": "#1"},
				"down": {"uv": [11.5, 7, 9.75, 7.15625], "texture": "#1"}
			}
		},
		{
			"from": [1, 6.6875, 26.6875],
			"to": [15, 7.8125, 27.625],
			"rotation": {"angle": 0, "axis": "y", "origin": [7, 6.6875, 14.25]},
			"faces": {
				"north": {"uv": [9.75, 7.25, 11.5, 7.40625], "texture": "#1"},
				"east": {"uv": [5.875, 6.375, 6, 6.53125], "texture": "#1"},
				"south": {"uv": [9.75, 7.5, 11.5, 7.65625], "texture": "#1"},
				"west": {"uv": [5.75, 8.25, 5.875, 8.40625], "texture": "#1"},
				"up": {"uv": [7.5, 9, 5.75, 8.875], "texture": "#1"},
				"down": {"uv": [11.625, 0.125, 9.875, 0.25], "texture": "#1"}
			}
		},
		{
			"from": [0.25, 6.6875, 21.875],
			"to": [15.75, 7.0625, 29.4375],
			"rotation": {"angle": 0, "axis": "y", "origin": [7, 6.6875, 14.25]},
			"faces": {
				"north": {"uv": [9.875, 2.875, 11.8125, 2.9375], "texture": "#1"},
				"east": {"uv": [0.75, 9.5, 1.6875, 9.5625], "texture": "#1"},
				"south": {"uv": [9.875, 3, 11.8125, 3.0625], "texture": "#1"},
				"west": {"uv": [10, 4.375, 10.9375, 4.4375], "texture": "#1"},
				"up": {"uv": [3.9375, 6.4375, 2, 5.5], "texture": "#1"},
				"down": {"uv": [7.8125, 0, 5.875, 0.9375], "texture": "#1"}
			}
		},
		{
			"from": [0.25, 7.0625, 21.875],
			"to": [15.75, 7.4375, 30.125],
			"rotation": {"angle": 0, "axis": "y", "origin": [7, 7.0625, 14.25]},
			"faces": {
				"north": {"uv": [9.875, 3.125, 11.8125, 3.1875], "texture": "#1"},
				"east": {"uv": [2.5, 9.625, 3.53125, 9.6875], "texture": "#1"},
				"south": {"uv": [9.875, 3.25, 11.8125, 3.3125], "texture": "#1"},
				"west": {"uv": [10, 2.625, 11.03125, 2.6875], "texture": "#1"},
				"up": {"uv": [5.90625, 6.28125, 3.96875, 5.25], "texture": "#1"},
				"down": {"uv": [1.9375, 5.5, 0, 6.53125], "texture": "#1"}
			}
		},
		{
			"from": [0.25, 6.5625, 17.875],
			"to": [15.75, 7.125, 22.125],
			"rotation": {"angle": 45, "axis": "x", "origin": [7, 7.0625, 22.25]},
			"faces": {
				"north": {"uv": [13.5, 5.28125, 15.4375, 3.09375], "texture": "#1"},
				"east": {"uv": [5.5, 10.375, 6.03125, 10.4375], "texture": "#1"},
				"south": {"uv": [9.875, 3.5, 11.8125, 3.5625], "texture": "#1"},
				"west": {"uv": [6.125, 10.375, 6.65625, 10.4375], "texture": "#1"},
				"up": {"uv": [1.9375, 8.40625, 0, 7.875], "texture": "#1"},
				"down": {"uv": [9.8125, 0, 7.875, 0.53125], "texture": "#1"}
			}
		},
		{
			"from": [0.3125, 0.625, 17.875],
			"to": [15.6875, 7.125, 22.125],
			"rotation": {"angle": 45, "axis": "x", "origin": [7, 7.0625, 22.25]},
			"faces": {
				"north": {"uv": [9.875, 3.15625, 11.8125, 2.125], "texture": "#1"},
				"east": {"uv": [13.78125, 14.09375, 16, 16], "texture": "#1"},
				"south": {"uv": [9.875, 3.5, 11.8125, 3.5625], "texture": "#1"},
				"west": {"uv": [13.65234, 16, 16, 14.15625], "rotation": 180, "texture": "#1"},
				"up": {"uv": [1.9375, 8.40625, 0, 7.875], "texture": "#1"},
				"down": {"uv": [9.8125, 0, 7.875, 0.53125], "texture": "#1"}
			}
		},
		{
			"from": [0.3125, 0.75, 7.375],
			"to": [15.6875, 7.25, 11.625],
			"rotation": {"angle": 45, "axis": "x", "origin": [7, 7.1875, 11.75]},
			"faces": {
				"north": {"uv": [8.0625, 3.71875, 10.0625, 4.25], "texture": "#1"},
				"east": {"uv": [14.25, 12.78125, 16, 13.6875], "rotation": 90, "texture": "#1"},
				"south": {"uv": [9.875, 3.5, 11.8125, 3.5625], "texture": "#1"},
				"west": {"uv": [15.84375, 12.78125, 14.25, 13.65625], "rotation": 270, "texture": "#1"},
				"up": {"uv": [1.9375, 8.40625, 0, 7.875], "texture": "#1"},
				"down": {"uv": [9.8125, 0, 7.875, 0.53125], "texture": "#1"}
			}
		},
		{
			"from": [-0.1875, 6.3125, 6.3125],
			"to": [0.3125, 7, 6.75],
			"rotation": {"angle": 0, "axis": "x", "origin": [7, 6.1875, 12.75]},
			"faces": {
				"north": {"uv": [9.8125, 0, 7.875, 0.53125], "rotation": 180, "texture": "#1"},
				"east": {"uv": [14.25, 12.78125, 16, 13.6875], "texture": "#1"},
				"south": {"uv": [1.9375, 8.40625, 0, 7.875], "texture": "#1"},
				"west": {"uv": [15.96875, 11.3125, 14.375, 12.1875], "texture": "#1"},
				"up": {"uv": [14, 9.09375, 16, 9.625], "rotation": 180, "texture": "#1"},
				"down": {"uv": [9.875, 3.5, 11.8125, 3.5625], "texture": "#1"}
			}
		},
		{
			"from": [-1, 6.875, 6.4375],
			"to": [0.125, 7.6875, 6.8125],
			"rotation": {"angle": 22.5, "axis": "y", "origin": [0.125, 7.8125, 6.5]},
			"faces": {
				"north": {"uv": [9.8125, 0, 7.875, 0.53125], "rotation": 180, "texture": "#1"},
				"east": {"uv": [14.25, 10.71875, 16, 11.625], "texture": "#1"},
				"south": {"uv": [2.09375, 9.1875, 0, 8.84375], "texture": "#1"},
				"west": {"uv": [15.96875, 11.3125, 14.375, 12.1875], "texture": "#1"},
				"up": {"uv": [14, 9.09375, 16, 9.625], "rotation": 180, "texture": "#1"},
				"down": {"uv": [9.875, 3.5, 11.8125, 3.5625], "texture": "#1"}
			}
		},
		{
			"from": [15.875, 6.875, 6.4375],
			"to": [17, 7.6875, 6.8125],
			"rotation": {"angle": -22.5, "axis": "y", "origin": [15.875, 6.8125, 6.4375]},
			"faces": {
				"north": {"uv": [9.8125, 0, 7.875, 0.53125], "rotation": 180, "texture": "#1"},
				"east": {"uv": [14.25, 11.1875, 16, 12.09375], "texture": "#1"},
				"south": {"uv": [0, 9.1875, 2.09375, 8.84375], "texture": "#1"},
				"west": {"uv": [15.96875, 11.3125, 14.375, 12.1875], "texture": "#1"},
				"up": {"uv": [14, 9.09375, 16, 9.625], "rotation": 180, "texture": "#1"},
				"down": {"uv": [9.875, 3.5, 11.8125, 3.5625], "texture": "#1"}
			}
		},
		{
			"from": [15.6875, 6.3125, 6.3125],
			"to": [16.1875, 7, 6.75],
			"rotation": {"angle": 0, "axis": "x", "origin": [22.875, 6.1875, 12.75]},
			"faces": {
				"north": {"uv": [9.8125, 0, 7.875, 0.53125], "rotation": 180, "texture": "#1"},
				"east": {"uv": [14.25, 11.15625, 16, 12.0625], "texture": "#1"},
				"south": {"uv": [1.9375, 8.40625, 0, 7.875], "texture": "#1"},
				"west": {"uv": [15.96875, 11.3125, 14.375, 12.1875], "texture": "#1"},
				"up": {"uv": [14, 9.09375, 16, 9.625], "rotation": 180, "texture": "#1"},
				"down": {"uv": [9.875, 3.5, 11.8125, 3.5625], "texture": "#1"}
			}
		},
		{
			"from": [1, 6.6875, 24.0625],
			"to": [15, 8.625, 25.375],
			"rotation": {"angle": 0, "axis": "y", "origin": [7, 6.6875, 11.625]},
			"faces": {
				"north": {"uv": [6, 9, 7.75, 9.25], "texture": "#1"},
				"east": {"uv": [1.75, 8.875, 1.90625, 9.125], "texture": "#1"},
				"south": {"uv": [7.75, 9, 9.5, 9.25], "texture": "#1"},
				"west": {"uv": [4, 10.375, 4.15625, 10.625], "texture": "#1"},
				"up": {"uv": [6, 9.90625, 4.25, 9.75], "texture": "#1"},
				"down": {"uv": [7.75, 9.75, 6, 9.90625], "texture": "#1"}
			}
		},
		{
			"from": [1, 6.6875, 22.75],
			"to": [15, 8.9375, 24.0625],
			"rotation": {"angle": 0, "axis": "y", "origin": [7, 6.6875, 10.3125]},
			"faces": {
				"north": {"uv": [4, 8.625, 5.75, 8.90625], "texture": "#1"},
				"east": {"uv": [3.625, 10.375, 3.78125, 10.65625], "texture": "#1"},
				"south": {"uv": [0, 8.875, 1.75, 9.15625], "texture": "#1"},
				"west": {"uv": [10.375, 3.625, 10.53125, 3.90625], "texture": "#1"},
				"up": {"uv": [2.5, 9.78125, 0.75, 9.625], "texture": "#1"},
				"down": {"uv": [4.25, 9.75, 2.5, 9.90625], "texture": "#1"}
			}
		},
		{
			"from": [-0.25, 0.8125, 23.5],
			"to": [16.25, 6.6875, 26.5],
			"rotation": {"angle": 0, "axis": "y", "origin": [7, 0.6875, 1.25]},
			"faces": {
				"north": {"uv": [6, 5.25, 8.0625, 6], "texture": "#1"},
				"east": {"uv": [0, 9.5, 0.375, 10.25], "texture": "#1"},
				"south": {"uv": [6, 6, 8.0625, 6.75], "texture": "#1"},
				"west": {"uv": [0.375, 9.5, 0.75, 10.25], "texture": "#1"},
				"up": {"uv": [9.9375, 1, 7.875, 0.625], "texture": "#1"},
				"down": {"uv": [9.9375, 7.75, 7.875, 8.125], "texture": "#1"}
			}
		},
		{
			"from": [0, 1, 26.5],
			"to": [16, 6.6875, 27.75],
			"rotation": {"angle": 0, "axis": "y", "origin": [7, 0.6875, 2.5]},
			"faces": {
				"north": {"uv": [6.125, 2.25, 8.125, 2.96875], "texture": "#1"},
				"east": {"uv": [1.5, 9.875, 1.65625, 10.59375], "texture": "#1"},
				"south": {"uv": [6.125, 3, 8.125, 3.71875], "texture": "#1"},
				"west": {"uv": [1.75, 9.875, 1.90625, 10.59375], "texture": "#1"},
				"up": {"uv": [3.75, 9.53125, 1.75, 9.375], "texture": "#1"},
				"down": {"uv": [11.375, 1.75, 9.375, 1.90625], "texture": "#1"}
			}
		},
		{
			"from": [0.5, 1.3125, 27.75],
			"to": [15.5, 6.6875, 28.875],
			"rotation": {"angle": 0, "axis": "y", "origin": [7, 0.6875, 2.5]},
			"faces": {
				"north": {"uv": [4, 6.375, 5.875, 7.0625], "texture": "#1"},
				"east": {"uv": [2, 9.875, 2.15625, 10.5625], "texture": "#1"},
				"south": {"uv": [2, 6.5, 3.875, 7.1875], "texture": "#1"},
				"west": {"uv": [2.25, 9.875, 2.40625, 10.5625], "texture": "#1"},
				"up": {"uv": [11.25, 2.15625, 9.375, 2], "texture": "#1"},
				"down": {"uv": [11.25, 8.625, 9.375, 8.78125], "texture": "#1"}
			}
		},
		{
			"from": [1.125, 1.375, 27.75],
			"to": [2.75, 2.8125, 29.5],
			"rotation": {"angle": 0, "axis": "y", "origin": [7.625, 0.75, 2.5]},
			"faces": {
				"north": {"uv": [4, 6.375, 5.875, 7.0625], "texture": "#1"},
				"east": {"uv": [2.09375, 7.15625, 2.28125, 7.1875], "texture": "#1"},
				"south": {"uv": [2.09375, 7, 2.28125, 7.1875], "texture": "#1"},
				"west": {"uv": [2.09375, 7.1875, 2.125, 7], "texture": "#1"},
				"up": {"uv": [2.28125, 7, 2.25, 7.1875], "texture": "#1"},
				"down": {"uv": [2.28125, 7.1875, 2.09375, 7.15625], "texture": "#1"}
			}
		},
		{
			"from": [0, 0.8125, -4.125],
			"to": [16, 6.375, -2],
			"rotation": {"angle": 0, "axis": "y", "origin": [7, 0.6875, 8]},
			"faces": {
				"north": {"uv": [6.125, 3.75, 8.125, 4.4375], "texture": "#1"},
				"east": {"uv": [0.75, 9.875, 1.03125, 10.5625], "texture": "#1"},
				"south": {"uv": [6.125, 4.5, 8.125, 5.1875], "texture": "#1"},
				"west": {"uv": [1.125, 9.875, 1.40625, 10.5625], "texture": "#1"},
				"up": {"uv": [4, 8.65625, 2, 8.375], "texture": "#1"},
				"down": {"uv": [2, 8.5, 0, 8.78125], "texture": "#1"}
			}
		},
		{
			"from": [0, 0.9375, -5.3125],
			"to": [16, 5.9375, -4.125],
			"rotation": {"angle": 0, "axis": "y", "origin": [7, 0.6875, 5.875]},
			"faces": {
				"north": {"uv": [0, 6.625, 2, 7.25], "texture": "#1"},
				"east": {"uv": [9.875, 4.5, 10.03125, 5.125], "texture": "#1"},
				"south": {"uv": [5.875, 6.75, 7.875, 7.375], "texture": "#1"},
				"west": {"uv": [2.5, 10, 2.65625, 10.625], "texture": "#1"},
				"up": {"uv": [11.375, 1.40625, 9.375, 1.25], "texture": "#1"},
				"down": {"uv": [11.375, 1.5, 9.375, 1.65625], "texture": "#1"}
			}
		},
		{
			"from": [1, 3.9375, -5.9375],
			"to": [3.25, 4.5, -3.625],
			"rotation": {"angle": 0, "axis": "y", "origin": [7, -1.5, 5.125]},
			"faces": {
				"north": {"uv": [10.375, 7.75, 10.65625, 7.8125], "texture": "#1"},
				"east": {"uv": [10.375, 7.875, 10.65625, 7.9375], "texture": "#1"},
				"south": {"uv": [9, 10.375, 9.28125, 10.4375], "texture": "#1"},
				"west": {"uv": [9.375, 10.375, 9.65625, 10.4375], "texture": "#1"},
				"up": {"uv": [10.28125, 0.90625, 10, 0.625], "texture": "#1"},
				"down": {"uv": [10.28125, 2.25, 10, 2.53125], "texture": "#1"}
			}
		},
		{
			"from": [12.75, 3.9375, -5.9375],
			"to": [15, 4.5, -3.625],
			"rotation": {"angle": 0, "axis": "y", "origin": [18, -1.5, 5.125]},
			"faces": {
				"north": {"uv": [9.75, 10.375, 10.03125, 10.4375], "texture": "#1"},
				"east": {"uv": [10.125, 10.375, 10.40625, 10.4375], "texture": "#1"},
				"south": {"uv": [0, 10.5, 0.28125, 10.5625], "texture": "#1"},
				"west": {"uv": [0.375, 10.5, 0.65625, 10.5625], "texture": "#1"},
				"up": {"uv": [3.03125, 10.28125, 2.75, 10], "texture": "#1"},
				"down": {"uv": [3.40625, 10, 3.125, 10.28125], "texture": "#1"}
			}
		},
		{
			"from": [12.75, 2.8125, -5.9375],
			"to": [15, 3.75, -3.625],
			"rotation": {"angle": 0, "axis": "y", "origin": [18, -2.25, 5.125]},
			"faces": {
				"north": {"uv": [4.625, 10.375, 4.90625, 10.5], "texture": "#1"},
				"east": {"uv": [5, 10.375, 5.28125, 10.5], "texture": "#1"},
				"south": {"uv": [10.375, 5.125, 10.65625, 5.25], "texture": "#1"},
				"west": {"uv": [10.375, 5.25, 10.65625, 5.375], "texture": "#1"},
				"up": {"uv": [5.28125, 10.28125, 5, 10], "texture": "#1"},
				"down": {"uv": [10.28125, 5.125, 10, 5.40625], "texture": "#1"}
			}
		},
		{
			"from": [1, 2.8125, -5.9375],
			"to": [3.25, 3.75, -3.625],
			"rotation": {"angle": 0, "axis": "y", "origin": [7, -2.25, 5.125]},
			"faces": {
				"north": {"uv": [10.375, 4, 10.65625, 4.125], "texture": "#1"},
				"east": {"uv": [10.375, 4.125, 10.65625, 4.25], "texture": "#1"},
				"south": {"uv": [4.25, 10.375, 4.53125, 10.5], "texture": "#1"},
				"west": {"uv": [10.375, 4.25, 10.65625, 4.375], "texture": "#1"},
				"up": {"uv": [4.53125, 10.28125, 4.25, 10], "texture": "#1"},
				"down": {"uv": [4.90625, 10, 4.625, 10.28125], "texture": "#1"}
			}
		},
		{
			"from": [1, 5.6875, -4.8125],
			"to": [3.25, 7.9375, -4.4375],
			"rotation": {"angle": 0, "axis": "y", "origin": [7, 1.9375, 6.25]},
			"faces": {
				"north": {"uv": [3.875, 10, 4.15625, 10.28125], "texture": "#1"},
				"east": {"uv": [5.25, 10.5, 5.3125, 10.78125], "texture": "#1"},
				"south": {"uv": [10, 4, 10.28125, 4.28125], "texture": "#1"},
				"west": {"uv": [10.5, 5.375, 10.5625, 5.65625], "texture": "#1"},
				"up": {"uv": [5.78125, 10.5625, 5.5, 10.5], "texture": "#1"},
				"down": {"uv": [10.78125, 5.75, 10.5, 5.8125], "texture": "#1"}
			}
		},
		{
			"from": [12.75, 5.6875, -4.8125],
			"to": [15, 7.9375, -4.4375],
			"rotation": {"angle": 0, "axis": "y", "origin": [18, 1.9375, 6.25]},
			"faces": {
				"north": {"uv": [3.5, 10, 3.78125, 10.28125], "texture": "#1"},
				"east": {"uv": [4.25, 10.5, 4.3125, 10.78125], "texture": "#1"},
				"south": {"uv": [10, 3.625, 10.28125, 3.90625], "texture": "#1"},
				"west": {"uv": [4.375, 10.5, 4.4375, 10.78125], "texture": "#1"},
				"up": {"uv": [4.78125, 10.5625, 4.5, 10.5], "texture": "#1"},
				"down": {"uv": [5.15625, 10.5, 4.875, 10.5625], "texture": "#1"}
			}
		},
		{
			"from": [1, 5.6875, -4.4375],
			"to": [3.25, 7.75, -4.0625],
			"rotation": {"angle": 0, "axis": "y", "origin": [7, 1.9375, 6.625]},
			"faces": {
				"north": {"uv": [5.75, 10, 6.03125, 10.25], "texture": "#1"},
				"east": {"uv": [2.625, 10.625, 2.6875, 10.875], "texture": "#1"},
				"south": {"uv": [10, 5.75, 10.28125, 6], "texture": "#1"},
				"west": {"uv": [2.75, 10.625, 2.8125, 10.875], "texture": "#1"},
				"up": {"uv": [6.53125, 10.5625, 6.25, 10.5], "texture": "#1"},
				"down": {"uv": [7.53125, 10.5, 7.25, 10.5625], "texture": "#1"}
			}
		},
		{
			"from": [12.75, 5.6875, -4.4375],
			"to": [15, 7.75, -4.0625],
			"rotation": {"angle": 0, "axis": "y", "origin": [18, 1.9375, 6.625]},
			"faces": {
				"north": {"uv": [5.375, 10, 5.65625, 10.25], "texture": "#1"},
				"east": {"uv": [3.875, 8.75, 3.9375, 9], "texture": "#1"},
				"south": {"uv": [10, 5.5, 10.28125, 5.75], "texture": "#1"},
				"west": {"uv": [6.625, 10.5, 6.6875, 10.75], "texture": "#1"},
				"up": {"uv": [6.15625, 10.5625, 5.875, 10.5], "texture": "#1"},
				"down": {"uv": [10.78125, 5.875, 10.5, 5.9375], "texture": "#1"}
			}
		},
		{
			"from": [1, 5.6875, -4.0625],
			"to": [3.25, 7.5625, -3.6875],
			"rotation": {"angle": 0, "axis": "y", "origin": [7, 1.9375, 7]},
			"faces": {
				"north": {"uv": [6.875, 10, 7.15625, 10.25], "texture": "#1"},
				"east": {"uv": [10.625, 3.625, 10.6875, 3.875], "texture": "#1"},
				"south": {"uv": [7.25, 10, 7.53125, 10.25], "texture": "#1"},
				"west": {"uv": [4, 10.625, 4.0625, 10.875], "texture": "#1"},
				"up": {"uv": [8.65625, 10.5625, 8.375, 10.5], "texture": "#1"},
				"down": {"uv": [9.03125, 10.5, 8.75, 10.5625], "texture": "#1"}
			}
		},
		{
			"from": [12.75, 5.6875, -4.0625],
			"to": [15, 7.5625, -3.6875],
			"rotation": {"angle": 0, "axis": "y", "origin": [18, 1.9375, 7]},
			"faces": {
				"north": {"uv": [6.125, 10, 6.40625, 10.25], "texture": "#1"},
				"east": {"uv": [2.875, 10.625, 2.9375, 10.875], "texture": "#1"},
				"south": {"uv": [6.5, 10, 6.78125, 10.25], "texture": "#1"},
				"west": {"uv": [3, 10.625, 3.0625, 10.875], "texture": "#1"},
				"up": {"uv": [7.90625, 10.5625, 7.625, 10.5], "texture": "#1"},
				"down": {"uv": [8.28125, 10.5, 8, 10.5625], "texture": "#1"}
			}
		},
		{
			"from": [1, 5.6875, -3.6875],
			"to": [3.25, 7.3125, -3.3125],
			"rotation": {"angle": 0, "axis": "y", "origin": [7, 1.9375, 7.375]},
			"faces": {
				"north": {"uv": [8.25, 10, 8.53125, 10.21875], "texture": "#1"},
				"east": {"uv": [4.625, 10.625, 4.6875, 10.84375], "texture": "#1"},
				"south": {"uv": [8.625, 10, 8.90625, 10.21875], "texture": "#1"},
				"west": {"uv": [4.75, 10.625, 4.8125, 10.84375], "texture": "#1"},
				"up": {"uv": [10.15625, 10.5625, 9.875, 10.5], "texture": "#1"},
				"down": {"uv": [10.53125, 10.5, 10.25, 10.5625], "texture": "#1"}
			}
		},
		{
			"from": [12.75, 5.6875, -3.6875],
			"to": [15, 7.3125, -3.3125],
			"rotation": {"angle": 0, "axis": "y", "origin": [18, 1.9375, 7.375]},
			"faces": {
				"north": {"uv": [10, 7.75, 10.28125, 7.96875], "texture": "#1"},
				"east": {"uv": [4.125, 10.625, 4.1875, 10.84375], "texture": "#1"},
				"south": {"uv": [7.875, 10, 8.15625, 10.21875], "texture": "#1"},
				"west": {"uv": [4.5, 10.625, 4.5625, 10.84375], "texture": "#1"},
				"up": {"uv": [9.40625, 10.5625, 9.125, 10.5], "texture": "#1"},
				"down": {"uv": [9.78125, 10.5, 9.5, 10.5625], "texture": "#1"}
			}
		},
		{
			"from": [1, 5.6875, -3.3125],
			"to": [3.25, 7.0625, -2.9375],
			"rotation": {"angle": 0, "axis": "y", "origin": [7, 1.9375, 7.75]},
			"faces": {
				"north": {"uv": [7.25, 10.25, 7.53125, 10.4375], "texture": "#1"},
				"east": {"uv": [5.75, 10.625, 5.8125, 10.8125], "texture": "#1"},
				"south": {"uv": [7.875, 10.25, 8.15625, 10.4375], "texture": "#1"},
				"west": {"uv": [5.875, 10.625, 5.9375, 10.8125], "texture": "#1"},
				"up": {"uv": [0.65625, 10.6875, 0.375, 10.625], "texture": "#1"},
				"down": {"uv": [1.03125, 10.625, 0.75, 10.6875], "texture": "#1"}
			}
		},
		{
			"from": [12.75, 5.6875, -3.3125],
			"to": [15, 7.0625, -2.9375],
			"rotation": {"angle": 0, "axis": "y", "origin": [18, 1.9375, 7.75]},
			"faces": {
				"north": {"uv": [0, 10.25, 0.28125, 10.4375], "texture": "#1"},
				"east": {"uv": [5.5, 10.625, 5.5625, 10.8125], "texture": "#1"},
				"south": {"uv": [0.375, 10.25, 0.65625, 10.4375], "texture": "#1"},
				"west": {"uv": [5.625, 10.625, 5.6875, 10.8125], "texture": "#1"},
				"up": {"uv": [10.78125, 10.4375, 10.5, 10.375], "texture": "#1"},
				"down": {"uv": [0.28125, 10.625, 0, 10.6875], "texture": "#1"}
			}
		},
		{
			"from": [1, 5.4375, -2.9375],
			"to": [3.25, 6.8125, -2.5625],
			"rotation": {"angle": 0, "axis": "y", "origin": [7, 1.6875, 8.125]},
			"faces": {
				"north": {"uv": [10.375, 2.375, 10.65625, 2.5625], "texture": "#1"},
				"east": {"uv": [6.25, 10.625, 6.3125, 10.8125], "texture": "#1"},
				"south": {"uv": [2.75, 10.375, 3.03125, 10.5625], "texture": "#1"},
				"west": {"uv": [6.375, 10.625, 6.4375, 10.8125], "texture": "#1"},
				"up": {"uv": [2.15625, 10.6875, 1.875, 10.625], "texture": "#1"},
				"down": {"uv": [2.53125, 10.625, 2.25, 10.6875], "texture": "#1"}
			}
		},
		{
			"from": [12.75, 5.4375, -2.9375],
			"to": [15, 6.8125, -2.5625],
			"rotation": {"angle": 0, "axis": "y", "origin": [18, 1.6875, 8.125]},
			"faces": {
				"north": {"uv": [8.25, 10.25, 8.53125, 10.4375], "texture": "#1"},
				"east": {"uv": [6, 10.625, 6.0625, 10.8125], "texture": "#1"},
				"south": {"uv": [8.625, 10.25, 8.90625, 10.4375], "texture": "#1"},
				"west": {"uv": [6.125, 10.625, 6.1875, 10.8125], "texture": "#1"},
				"up": {"uv": [1.40625, 10.6875, 1.125, 10.625], "texture": "#1"},
				"down": {"uv": [1.78125, 10.625, 1.5, 10.6875], "texture": "#1"}
			}
		},
		{
			"from": [0, 1.125, -5.875],
			"to": [16, 5.4375, -5.3125],
			"rotation": {"angle": 0, "axis": "y", "origin": [7, 0.6875, 4.6875]},
			"faces": {
				"north": {"uv": [5.875, 7.375, 7.875, 7.90625], "texture": "#1"},
				"east": {"uv": [5.375, 10.375, 5.4375, 10.90625], "texture": "#1"},
				"south": {"uv": [2, 7.75, 4, 8.28125], "texture": "#1"},
				"west": {"uv": [10.375, 5.375, 10.4375, 5.90625], "texture": "#1"},
				"up": {"uv": [11.875, 0.5625, 9.875, 0.5], "texture": "#1"},
				"down": {"uv": [11.875, 2.75, 9.875, 2.8125], "texture": "#1"}
			}
		},
		{
			"from": [-0.1, 2.0625, 3.25],
			"to": [1.475, 3.0625, 3.25],
			"rotation": {"angle": -22.5, "axis": "x", "origin": [0.6875, 2.5625, 0.75]},
			"faces": {
				"north": {"uv": [6, 6, 7, 7], "rotation": 270, "texture": "#1_0"},
				"east": {"uv": [8, 2, 7, 1], "rotation": 90, "texture": "#1_0"},
				"south": {"uv": [7, 0, 8, 1], "rotation": 90, "texture": "#1_0"},
				"west": {"uv": [3, 7, 2, 8], "rotation": 90, "texture": "#1_0"},
				"up": {"uv": [1, 7, 2, 8], "rotation": 90, "texture": "#1_0"},
				"down": {"uv": [0, 7, 1, 8], "rotation": 90, "texture": "#1_0"}
			}
		},
		{
			"from": [-0.0625, 2.0625, 3.25],
			"to": [1.4375, 3.0625, 3.25],
			"rotation": {"angle": 45, "axis": "x", "origin": [0.6875, 2.5625, 0.75]},
			"faces": {
				"north": {"uv": [3, 1, 4, 2], "rotation": 270, "texture": "#1_0"},
				"east": {"uv": [1, 5, 0, 4], "rotation": 90, "texture": "#1_0"},
				"south": {"uv": [3, 2, 4, 3], "rotation": 90, "texture": "#1_0"},
				"west": {"uv": [5, 0, 4, 1], "rotation": 90, "texture": "#1_0"},
				"up": {"uv": [3, 3, 4, 4], "rotation": 90, "texture": "#1_0"},
				"down": {"uv": [2, 3, 3, 4], "rotation": 90, "texture": "#1_0"}
			}
		},
		{
			"from": [-0.1, 5.0625, 0.25],
			"to": [1.475, 5.0625, 1.25],
			"rotation": {"angle": -22.5, "axis": "x", "origin": [0.6875, 2.5625, 0.75]},
			"faces": {
				"north": {"uv": [7, 2, 8, 3], "rotation": 270, "texture": "#1_0"},
				"east": {"uv": [8, 5, 7, 4], "rotation": 90, "texture": "#1_0"},
				"south": {"uv": [7, 3, 8, 4], "rotation": 90, "texture": "#1_0"},
				"west": {"uv": [6, 7, 5, 8], "rotation": 90, "texture": "#1_0"},
				"up": {"uv": [4, 7, 5, 8], "rotation": 90, "texture": "#1_0"},
				"down": {"uv": [3, 7, 4, 8], "rotation": 90, "texture": "#1_0"}
			}
		},
		{
			"from": [-0.125, 5.0625, 0.25],
			"to": [1.5, 5.0625, 1.25],
			"rotation": {"angle": -45, "axis": "x", "origin": [0.6875, 2.5625, 0.75]},
			"faces": {
				"north": {"uv": [7, 2, 8, 3], "rotation": 270, "texture": "#1_0"},
				"east": {"uv": [8, 5, 7, 4], "rotation": 90, "texture": "#1_0"},
				"south": {"uv": [7, 3, 8, 4], "rotation": 90, "texture": "#1_0"},
				"west": {"uv": [6, 7, 5, 8], "rotation": 90, "texture": "#1_0"},
				"up": {"uv": [4, 7, 5, 8], "rotation": 90, "texture": "#1_0"},
				"down": {"uv": [3, 7, 4, 8], "rotation": 90, "texture": "#1_0"}
			}
		},
		{
			"from": [-0.1, 2.0625, -1.75],
			"to": [1.475, 3.0625, -1.75],
			"rotation": {"angle": 22.5, "axis": "x", "origin": [0.6875, 2.5625, 0.75]},
			"faces": {
				"north": {"uv": [4, 7, 5, 8], "rotation": 270, "texture": "#1_0"},
				"east": {"uv": [8, 5, 7, 4], "rotation": 180, "texture": "#1_0"},
				"south": {"uv": [3, 7, 4, 8], "rotation": 90, "texture": "#1_0"},
				"west": {"uv": [6, 7, 5, 8], "texture": "#1_0"},
				"up": {"uv": [7, 3, 8, 4], "rotation": 90, "texture": "#1_0"},
				"down": {"uv": [7, 2, 8, 3], "rotation": 90, "texture": "#1_0"}
			}
		},
		{
			"from": [-0.125, 2.0625, -1.75],
			"to": [1.5, 3.0625, -1.75],
			"rotation": {"angle": 0, "axis": "x", "origin": [0.6875, 2.5625, 0.75]},
			"faces": {
				"north": {"uv": [4, 7, 5, 8], "rotation": 270, "texture": "#1_0"},
				"east": {"uv": [8, 5, 7, 4], "rotation": 180, "texture": "#1_0"},
				"south": {"uv": [3, 7, 4, 8], "rotation": 90, "texture": "#1_0"},
				"west": {"uv": [6, 7, 5, 8], "texture": "#1_0"},
				"up": {"uv": [7, 3, 8, 4], "rotation": 90, "texture": "#1_0"},
				"down": {"uv": [7, 2, 8, 3], "rotation": 90, "texture": "#1_0"}
			}
		},
		{
			"from": [-0.1, 2.0625, -1.75],
			"to": [1.475, 3.0625, -1.75],
			"rotation": {"angle": -22.5, "axis": "x", "origin": [0.6875, 2.5625, 0.75]},
			"faces": {
				"north": {"uv": [4, 7, 5, 8], "rotation": 270, "texture": "#1_0"},
				"east": {"uv": [8, 5, 7, 4], "rotation": 180, "texture": "#1_0"},
				"south": {"uv": [3, 7, 4, 8], "rotation": 90, "texture": "#1_0"},
				"west": {"uv": [6, 7, 5, 8], "texture": "#1_0"},
				"up": {"uv": [7, 3, 8, 4], "rotation": 90, "texture": "#1_0"},
				"down": {"uv": [7, 2, 8, 3], "rotation": 90, "texture": "#1_0"}
			}
		},
		{
			"from": [-0.125, 0.0625, 0.25],
			"to": [1.5, 0.0625, 1.25],
			"rotation": {"angle": 45, "axis": "x", "origin": [0.6875, 2.5625, 0.75]},
			"faces": {
				"north": {"uv": [7, 3, 8, 4], "rotation": 270, "texture": "#1_0"},
				"east": {"uv": [8, 5, 7, 4], "rotation": 270, "texture": "#1_0"},
				"south": {"uv": [7, 2, 8, 3], "rotation": 90, "texture": "#1_0"},
				"west": {"uv": [6, 7, 5, 8], "rotation": 270, "texture": "#1_0"},
				"up": {"uv": [3, 7, 4, 8], "rotation": 90, "texture": "#1_0"},
				"down": {"uv": [4, 7, 5, 8], "rotation": 90, "texture": "#1_0"}
			}
		},
		{
			"from": [-0.1, 0.0625, 0.25],
			"to": [1.475, 0.0625, 1.25],
			"rotation": {"angle": 22.5, "axis": "x", "origin": [0.6875, 2.5625, 0.75]},
			"faces": {
				"north": {"uv": [7, 3, 8, 4], "rotation": 270, "texture": "#1_0"},
				"east": {"uv": [8, 5, 7, 4], "rotation": 270, "texture": "#1_0"},
				"south": {"uv": [7, 2, 8, 3], "rotation": 90, "texture": "#1_0"},
				"west": {"uv": [6, 7, 5, 8], "rotation": 270, "texture": "#1_0"},
				"up": {"uv": [3, 7, 4, 8], "rotation": 90, "texture": "#1_0"},
				"down": {"uv": [4, 7, 5, 8], "rotation": 90, "texture": "#1_0"}
			}
		},
		{
			"from": [-0.125, 0.0625, 0.25],
			"to": [1.5, 0.0625, 1.25],
			"rotation": {"angle": 0, "axis": "x", "origin": [0.6875, 2.5625, 0.75]},
			"faces": {
				"north": {"uv": [7, 3, 8, 4], "rotation": 270, "texture": "#1_0"},
				"east": {"uv": [8, 5, 7, 4], "rotation": 270, "texture": "#1_0"},
				"south": {"uv": [7, 2, 8, 3], "rotation": 90, "texture": "#1_0"},
				"west": {"uv": [6, 7, 5, 8], "rotation": 270, "texture": "#1_0"},
				"up": {"uv": [3, 7, 4, 8], "rotation": 90, "texture": "#1_0"},
				"down": {"uv": [4, 7, 5, 8], "rotation": 90, "texture": "#1_0"}
			}
		},
		{
			"from": [-0.1, 0.0625, 0.25],
			"to": [1.475, 0.0625, 1.25],
			"rotation": {"angle": -22.5, "axis": "x", "origin": [0.6875, 2.5625, 0.75]},
			"faces": {
				"north": {"uv": [7, 3, 8, 4], "rotation": 270, "texture": "#1_0"},
				"east": {"uv": [8, 5, 7, 4], "rotation": 270, "texture": "#1_0"},
				"south": {"uv": [7, 2, 8, 3], "rotation": 90, "texture": "#1_0"},
				"west": {"uv": [6, 7, 5, 8], "rotation": 270, "texture": "#1_0"},
				"up": {"uv": [3, 7, 4, 8], "rotation": 90, "texture": "#1_0"},
				"down": {"uv": [4, 7, 5, 8], "rotation": 90, "texture": "#1_0"}
			}
		},
		{
			"from": [-0.0625, 5.0625, 0.25],
			"to": [1.4375, 5.0625, 1.25],
			"rotation": {"angle": 45, "axis": "x", "origin": [0.6875, 2.5625, 0.75]},
			"faces": {
				"north": {"uv": [1, 4, 2, 5], "rotation": 270, "texture": "#1_0"},
				"east": {"uv": [4, 5, 3, 4], "rotation": 90, "texture": "#1_0"},
				"south": {"uv": [2, 4, 3, 5], "rotation": 90, "texture": "#1_0"},
				"west": {"uv": [5, 3, 4, 4], "rotation": 90, "texture": "#1_0"},
				"up": {"uv": [4, 2, 5, 3], "rotation": 90, "texture": "#1_0"},
				"down": {"uv": [4, 1, 5, 2], "rotation": 90, "texture": "#1_0"}
			}
		},
		{
			"from": [-0.1, 5.0625, 0.25],
			"to": [1.475, 5.0625, 1.25],
			"rotation": {"angle": 22.5, "axis": "x", "origin": [0.6875, 2.5625, 0.75]},
			"faces": {
				"north": {"uv": [7, 5, 8, 6], "rotation": 270, "texture": "#1_0"},
				"east": {"uv": [1, 9, 0, 8], "rotation": 90, "texture": "#1_0"},
				"south": {"uv": [7, 6, 8, 7], "rotation": 90, "texture": "#1_0"},
				"west": {"uv": [9, 0, 8, 1], "rotation": 90, "texture": "#1_0"},
				"up": {"uv": [7, 7, 8, 8], "rotation": 90, "texture": "#1_0"},
				"down": {"uv": [6, 7, 7, 8], "rotation": 90, "texture": "#1_0"}
			}
		},
		{
			"from": [-0.0625, 5.0625, 0.25],
			"to": [1.4375, 5.0625, 1.25],
			"rotation": {"angle": 0, "axis": "x", "origin": [0.6875, 2.5625, 0.75]},
			"faces": {
				"north": {"uv": [4, 4, 5, 5], "rotation": 270, "texture": "#1_0"},
				"east": {"uv": [6, 2, 5, 1], "rotation": 90, "texture": "#1_0"},
				"south": {"uv": [5, 0, 6, 1], "rotation": 90, "texture": "#1_0"},
				"west": {"uv": [3, 5, 2, 6], "rotation": 90, "texture": "#1_0"},
				"up": {"uv": [1, 5, 2, 6], "rotation": 90, "texture": "#1_0"},
				"down": {"uv": [0, 5, 1, 6], "rotation": 90, "texture": "#1_0"}
			}
		},
		{
			"from": [-0.1, 2.0625, 3.25],
			"to": [1.475, 3.0625, 3.25],
			"rotation": {"angle": 22.5, "axis": "x", "origin": [0.6875, 2.5625, 0.75]},
			"faces": {
				"north": {"uv": [9, 4, 10, 5], "rotation": 270, "texture": "#1_0"},
				"east": {"uv": [10, 7, 9, 6], "rotation": 90, "texture": "#1_0"},
				"south": {"uv": [9, 5, 10, 6], "rotation": 90, "texture": "#1_0"},
				"west": {"uv": [8, 9, 7, 10], "rotation": 90, "texture": "#1_0"},
				"up": {"uv": [6, 9, 7, 10], "rotation": 90, "texture": "#1_0"},
				"down": {"uv": [5, 9, 6, 10], "rotation": 90, "texture": "#1_0"}
			}
		},
		{
			"from": [-0.0625, 2.0625, 3.25],
			"to": [1.4375, 3.0625, 3.25],
			"rotation": {"angle": 0, "axis": "x", "origin": [0.6875, 2.5625, 0.75]},
			"faces": {
				"north": {"uv": [1, 2, 2, 3], "rotation": 270, "texture": "#1_0"},
				"east": {"uv": [4, 1, 3, 0], "rotation": 90, "texture": "#1_0"},
				"south": {"uv": [2, 2, 3, 3], "rotation": 90, "texture": "#1_0"},
				"west": {"uv": [2, 3, 1, 4], "rotation": 90, "texture": "#1_0"},
				"up": {"uv": [0, 3, 1, 4], "rotation": 90, "texture": "#1_0"},
				"down": {"uv": [2, 1, 3, 2], "rotation": 90, "texture": "#1_0"}
			}
		},
		{
			"from": [14.525, 2.0625, 3.25],
			"to": [16.1, 3.0625, 3.25],
			"rotation": {"angle": -22.5, "axis": "x", "origin": [15.3125, 2.5625, 0.75]},
			"faces": {
				"north": {"uv": [6, 6, 7, 7], "rotation": 270, "texture": "#1_0"},
				"east": {"uv": [8, 2, 7, 1], "rotation": 90, "texture": "#1_0"},
				"south": {"uv": [7, 0, 8, 1], "rotation": 90, "texture": "#1_0"},
				"west": {"uv": [3, 7, 2, 8], "rotation": 90, "texture": "#1_0"},
				"up": {"uv": [1, 7, 2, 8], "rotation": 90, "texture": "#1_0"},
				"down": {"uv": [0, 7, 1, 8], "rotation": 90, "texture": "#1_0"}
			}
		},
		{
			"from": [14.5625, 2.0625, 3.25],
			"to": [16.0625, 3.0625, 3.25],
			"rotation": {"angle": 45, "axis": "x", "origin": [15.3125, 2.5625, 0.75]},
			"faces": {
				"north": {"uv": [3, 1, 4, 2], "rotation": 270, "texture": "#1_0"},
				"east": {"uv": [1, 5, 0, 4], "rotation": 90, "texture": "#1_0"},
				"south": {"uv": [3, 2, 4, 3], "rotation": 90, "texture": "#1_0"},
				"west": {"uv": [5, 0, 4, 1], "rotation": 90, "texture": "#1_0"},
				"up": {"uv": [3, 3, 4, 4], "rotation": 90, "texture": "#1_0"},
				"down": {"uv": [2, 3, 3, 4], "rotation": 90, "texture": "#1_0"}
			}
		},
		{
			"from": [14.525, 5.0625, 0.25],
			"to": [16.1, 5.0625, 1.25],
			"rotation": {"angle": -22.5, "axis": "x", "origin": [15.3125, 2.5625, 0.75]},
			"faces": {
				"north": {"uv": [7, 2, 8, 3], "rotation": 270, "texture": "#1_0"},
				"east": {"uv": [8, 5, 7, 4], "rotation": 90, "texture": "#1_0"},
				"south": {"uv": [7, 3, 8, 4], "rotation": 90, "texture": "#1_0"},
				"west": {"uv": [6, 7, 5, 8], "rotation": 90, "texture": "#1_0"},
				"up": {"uv": [4, 7, 5, 8], "rotation": 90, "texture": "#1_0"},
				"down": {"uv": [3, 7, 4, 8], "rotation": 90, "texture": "#1_0"}
			}
		},
		{
			"from": [14.5625, 5.0625, 0.25],
			"to": [16.0625, 5.0625, 1.25],
			"rotation": {"angle": 45, "axis": "x", "origin": [15.3125, 2.5625, 0.75]},
			"faces": {
				"north": {"uv": [1, 4, 2, 5], "rotation": 270, "texture": "#1_0"},
				"east": {"uv": [4, 5, 3, 4], "rotation": 90, "texture": "#1_0"},
				"south": {"uv": [2, 4, 3, 5], "rotation": 90, "texture": "#1_0"},
				"west": {"uv": [5, 3, 4, 4], "rotation": 90, "texture": "#1_0"},
				"up": {"uv": [4, 2, 5, 3], "rotation": 90, "texture": "#1_0"},
				"down": {"uv": [4, 1, 5, 2], "rotation": 90, "texture": "#1_0"}
			}
		},
		{
			"from": [14.525, 5.0625, 0.25],
			"to": [16.1, 5.0625, 1.25],
			"rotation": {"angle": 22.5, "axis": "x", "origin": [15.3125, 2.5625, 0.75]},
			"faces": {
				"north": {"uv": [7, 5, 8, 6], "rotation": 270, "texture": "#1_0"},
				"east": {"uv": [1, 9, 0, 8], "rotation": 90, "texture": "#1_0"},
				"south": {"uv": [7, 6, 8, 7], "rotation": 90, "texture": "#1_0"},
				"west": {"uv": [9, 0, 8, 1], "rotation": 90, "texture": "#1_0"},
				"up": {"uv": [7, 7, 8, 8], "rotation": 90, "texture": "#1_0"},
				"down": {"uv": [6, 7, 7, 8], "rotation": 90, "texture": "#1_0"}
			}
		},
		{
			"from": [14.5625, 5.0625, 0.25],
			"to": [16.0625, 5.0625, 1.25],
			"rotation": {"angle": 0, "axis": "x", "origin": [15.3125, 2.5625, 0.75]},
			"faces": {
				"north": {"uv": [4, 4, 5, 5], "rotation": 270, "texture": "#1_0"},
				"east": {"uv": [6, 2, 5, 1], "rotation": 90, "texture": "#1_0"},
				"south": {"uv": [5, 0, 6, 1], "rotation": 90, "texture": "#1_0"},
				"west": {"uv": [3, 5, 2, 6], "rotation": 90, "texture": "#1_0"},
				"up": {"uv": [1, 5, 2, 6], "rotation": 90, "texture": "#1_0"},
				"down": {"uv": [0, 5, 1, 6], "rotation": 90, "texture": "#1_0"}
			}
		},
		{
			"from": [14.525, 2.0625, 3.25],
			"to": [16.1, 3.0625, 3.25],
			"rotation": {"angle": 22.5, "axis": "x", "origin": [15.3125, 2.5625, 0.75]},
			"faces": {
				"north": {"uv": [9, 4, 10, 5], "rotation": 270, "texture": "#1_0"},
				"east": {"uv": [10, 7, 9, 6], "rotation": 90, "texture": "#1_0"},
				"south": {"uv": [9, 5, 10, 6], "rotation": 90, "texture": "#1_0"},
				"west": {"uv": [8, 9, 7, 10], "rotation": 90, "texture": "#1_0"},
				"up": {"uv": [6, 9, 7, 10], "rotation": 90, "texture": "#1_0"},
				"down": {"uv": [5, 9, 6, 10], "rotation": 90, "texture": "#1_0"}
			}
		},
		{
			"from": [14.5625, 2.0625, 3.25],
			"to": [16.0625, 3.0625, 3.25],
			"rotation": {"angle": 0, "axis": "x", "origin": [15.3125, 2.5625, 0.75]},
			"faces": {
				"north": {"uv": [1, 2, 2, 3], "rotation": 270, "texture": "#1_0"},
				"east": {"uv": [4, 1, 3, 0], "rotation": 90, "texture": "#1_0"},
				"south": {"uv": [2, 2, 3, 3], "rotation": 90, "texture": "#1_0"},
				"west": {"uv": [2, 3, 1, 4], "rotation": 90, "texture": "#1_0"},
				"up": {"uv": [0, 3, 1, 4], "rotation": 90, "texture": "#1_0"},
				"down": {"uv": [2, 1, 3, 2], "rotation": 90, "texture": "#1_0"}
			}
		},
		{
			"from": [14.5, 5.0625, 0.25],
			"to": [16.125, 5.0625, 1.25],
			"rotation": {"angle": -45, "axis": "x", "origin": [15.3125, 2.5625, 0.75]},
			"faces": {
				"north": {"uv": [7, 2, 8, 3], "rotation": 270, "texture": "#1_0"},
				"east": {"uv": [8, 5, 7, 4], "rotation": 90, "texture": "#1_0"},
				"south": {"uv": [7, 3, 8, 4], "rotation": 90, "texture": "#1_0"},
				"west": {"uv": [6, 7, 5, 8], "rotation": 90, "texture": "#1_0"},
				"up": {"uv": [4, 7, 5, 8], "rotation": 90, "texture": "#1_0"},
				"down": {"uv": [3, 7, 4, 8], "rotation": 90, "texture": "#1_0"}
			}
		},
		{
			"from": [14.525, 2.0625, -1.75],
			"to": [16.1, 3.0625, -1.75],
			"rotation": {"angle": 22.5, "axis": "x", "origin": [15.3125, 2.5625, 0.75]},
			"faces": {
				"north": {"uv": [4, 7, 5, 8], "rotation": 270, "texture": "#1_0"},
				"east": {"uv": [8, 5, 7, 4], "rotation": 180, "texture": "#1_0"},
				"south": {"uv": [3, 7, 4, 8], "rotation": 90, "texture": "#1_0"},
				"west": {"uv": [6, 7, 5, 8], "texture": "#1_0"},
				"up": {"uv": [7, 3, 8, 4], "rotation": 90, "texture": "#1_0"},
				"down": {"uv": [7, 2, 8, 3], "rotation": 90, "texture": "#1_0"}
			}
		},
		{
			"from": [14.5, 2.0625, -1.75],
			"to": [16.125, 3.0625, -1.75],
			"rotation": {"angle": 0, "axis": "x", "origin": [15.3125, 2.5625, 0.75]},
			"faces": {
				"north": {"uv": [4, 7, 5, 8], "rotation": 270, "texture": "#1_0"},
				"east": {"uv": [8, 5, 7, 4], "rotation": 180, "texture": "#1_0"},
				"south": {"uv": [3, 7, 4, 8], "rotation": 90, "texture": "#1_0"},
				"west": {"uv": [6, 7, 5, 8], "texture": "#1_0"},
				"up": {"uv": [7, 3, 8, 4], "rotation": 90, "texture": "#1_0"},
				"down": {"uv": [7, 2, 8, 3], "rotation": 90, "texture": "#1_0"}
			}
		},
		{
			"from": [14.525, 2.0625, -1.75],
			"to": [16.1, 3.0625, -1.75],
			"rotation": {"angle": -22.5, "axis": "x", "origin": [15.3125, 2.5625, 0.75]},
			"faces": {
				"north": {"uv": [4, 7, 5, 8], "rotation": 270, "texture": "#1_0"},
				"east": {"uv": [8, 5, 7, 4], "rotation": 180, "texture": "#1_0"},
				"south": {"uv": [3, 7, 4, 8], "rotation": 90, "texture": "#1_0"},
				"west": {"uv": [6, 7, 5, 8], "texture": "#1_0"},
				"up": {"uv": [7, 3, 8, 4], "rotation": 90, "texture": "#1_0"},
				"down": {"uv": [7, 2, 8, 3], "rotation": 90, "texture": "#1_0"}
			}
		},
		{
			"from": [14.5, 0.0625, 0.25],
			"to": [16.125, 0.0625, 1.25],
			"rotation": {"angle": 45, "axis": "x", "origin": [15.3125, 2.5625, 0.75]},
			"faces": {
				"north": {"uv": [7, 3, 8, 4], "rotation": 270, "texture": "#1_0"},
				"east": {"uv": [8, 5, 7, 4], "rotation": 270, "texture": "#1_0"},
				"south": {"uv": [7, 2, 8, 3], "rotation": 90, "texture": "#1_0"},
				"west": {"uv": [6, 7, 5, 8], "rotation": 270, "texture": "#1_0"},
				"up": {"uv": [3, 7, 4, 8], "rotation": 90, "texture": "#1_0"},
				"down": {"uv": [4, 7, 5, 8], "rotation": 90, "texture": "#1_0"}
			}
		},
		{
			"from": [14.525, 0.0625, 0.25],
			"to": [16.1, 0.0625, 1.25],
			"rotation": {"angle": 22.5, "axis": "x", "origin": [15.3125, 2.5625, 0.75]},
			"faces": {
				"north": {"uv": [7, 3, 8, 4], "rotation": 270, "texture": "#1_0"},
				"east": {"uv": [8, 5, 7, 4], "rotation": 270, "texture": "#1_0"},
				"south": {"uv": [7, 2, 8, 3], "rotation": 90, "texture": "#1_0"},
				"west": {"uv": [6, 7, 5, 8], "rotation": 270, "texture": "#1_0"},
				"up": {"uv": [3, 7, 4, 8], "rotation": 90, "texture": "#1_0"},
				"down": {"uv": [4, 7, 5, 8], "rotation": 90, "texture": "#1_0"}
			}
		},
		{
			"from": [14.5, 0.0625, 0.25],
			"to": [16.125, 0.0625, 1.25],
			"rotation": {"angle": 0, "axis": "x", "origin": [15.3125, 2.5625, 0.75]},
			"faces": {
				"north": {"uv": [7, 3, 8, 4], "rotation": 270, "texture": "#1_0"},
				"east": {"uv": [8, 5, 7, 4], "rotation": 270, "texture": "#1_0"},
				"south": {"uv": [7, 2, 8, 3], "rotation": 90, "texture": "#1_0"},
				"west": {"uv": [6, 7, 5, 8], "rotation": 270, "texture": "#1_0"},
				"up": {"uv": [3, 7, 4, 8], "rotation": 90, "texture": "#1_0"},
				"down": {"uv": [4, 7, 5, 8], "rotation": 90, "texture": "#1_0"}
			}
		},
		{
			"from": [14.525, 0.0625, 0.25],
			"to": [16.1, 0.0625, 1.25],
			"rotation": {"angle": -22.5, "axis": "x", "origin": [15.3125, 2.5625, 0.75]},
			"faces": {
				"north": {"uv": [7, 3, 8, 4], "rotation": 270, "texture": "#1_0"},
				"east": {"uv": [8, 5, 7, 4], "rotation": 270, "texture": "#1_0"},
				"south": {"uv": [7, 2, 8, 3], "rotation": 90, "texture": "#1_0"},
				"west": {"uv": [6, 7, 5, 8], "rotation": 270, "texture": "#1_0"},
				"up": {"uv": [3, 7, 4, 8], "rotation": 90, "texture": "#1_0"},
				"down": {"uv": [4, 7, 5, 8], "rotation": 90, "texture": "#1_0"}
			}
		},
		{
			"from": [14.775, 0.0625, 20.25],
			"to": [16.35, 0.0625, 21.25],
			"rotation": {"angle": -22.5, "axis": "x", "origin": [15.5625, 2.5625, 20.75]},
			"faces": {
				"north": {"uv": [7, 3, 8, 4], "rotation": 270, "texture": "#1_0"},
				"east": {"uv": [8, 5, 7, 4], "rotation": 270, "texture": "#1_0"},
				"south": {"uv": [7, 2, 8, 3], "rotation": 90, "texture": "#1_0"},
				"west": {"uv": [6, 7, 5, 8], "rotation": 270, "texture": "#1_0"},
				"up": {"uv": [3, 7, 4, 8], "rotation": 90, "texture": "#1_0"},
				"down": {"uv": [4, 7, 5, 8], "rotation": 90, "texture": "#1_0"}
			}
		},
		{
			"from": [14.75, 0.0625, 20.25],
			"to": [16.375, 0.0625, 21.25],
			"rotation": {"angle": 0, "axis": "x", "origin": [15.5625, 2.5625, 20.75]},
			"faces": {
				"north": {"uv": [7, 3, 8, 4], "rotation": 270, "texture": "#1_0"},
				"east": {"uv": [8, 5, 7, 4], "rotation": 270, "texture": "#1_0"},
				"south": {"uv": [7, 2, 8, 3], "rotation": 90, "texture": "#1_0"},
				"west": {"uv": [6, 7, 5, 8], "rotation": 270, "texture": "#1_0"},
				"up": {"uv": [3, 7, 4, 8], "rotation": 90, "texture": "#1_0"},
				"down": {"uv": [4, 7, 5, 8], "rotation": 90, "texture": "#1_0"}
			}
		},
		{
			"from": [14.775, 0.0625, 20.25],
			"to": [16.35, 0.0625, 21.25],
			"rotation": {"angle": 22.5, "axis": "x", "origin": [15.5625, 2.5625, 20.75]},
			"faces": {
				"north": {"uv": [7, 3, 8, 4], "rotation": 270, "texture": "#1_0"},
				"east": {"uv": [8, 5, 7, 4], "rotation": 270, "texture": "#1_0"},
				"south": {"uv": [7, 2, 8, 3], "rotation": 90, "texture": "#1_0"},
				"west": {"uv": [6, 7, 5, 8], "rotation": 270, "texture": "#1_0"},
				"up": {"uv": [3, 7, 4, 8], "rotation": 90, "texture": "#1_0"},
				"down": {"uv": [4, 7, 5, 8], "rotation": 90, "texture": "#1_0"}
			}
		},
		{
			"from": [14.75, 0.0625, 20.25],
			"to": [16.375, 0.0625, 21.25],
			"rotation": {"angle": 45, "axis": "x", "origin": [15.5625, 2.5625, 20.75]},
			"faces": {
				"north": {"uv": [7, 3, 8, 4], "rotation": 270, "texture": "#1_0"},
				"east": {"uv": [8, 5, 7, 4], "rotation": 270, "texture": "#1_0"},
				"south": {"uv": [7, 2, 8, 3], "rotation": 90, "texture": "#1_0"},
				"west": {"uv": [6, 7, 5, 8], "rotation": 270, "texture": "#1_0"},
				"up": {"uv": [3, 7, 4, 8], "rotation": 90, "texture": "#1_0"},
				"down": {"uv": [4, 7, 5, 8], "rotation": 90, "texture": "#1_0"}
			}
		},
		{
			"from": [14.775, 2.0625, 18.25],
			"to": [16.35, 3.0625, 18.25],
			"rotation": {"angle": -22.5, "axis": "x", "origin": [15.5625, 2.5625, 20.75]},
			"faces": {
				"north": {"uv": [4, 7, 5, 8], "rotation": 270, "texture": "#1_0"},
				"east": {"uv": [8, 5, 7, 4], "rotation": 180, "texture": "#1_0"},
				"south": {"uv": [3, 7, 4, 8], "rotation": 90, "texture": "#1_0"},
				"west": {"uv": [6, 7, 5, 8], "texture": "#1_0"},
				"up": {"uv": [7, 3, 8, 4], "rotation": 90, "texture": "#1_0"},
				"down": {"uv": [7, 2, 8, 3], "rotation": 90, "texture": "#1_0"}
			}
		},
		{
			"from": [14.75, 2.0625, 18.25],
			"to": [16.375, 3.0625, 18.25],
			"rotation": {"angle": 0, "axis": "x", "origin": [15.5625, 2.5625, 20.75]},
			"faces": {
				"north": {"uv": [4, 7, 5, 8], "rotation": 270, "texture": "#1_0"},
				"east": {"uv": [8, 5, 7, 4], "rotation": 180, "texture": "#1_0"},
				"south": {"uv": [3, 7, 4, 8], "rotation": 90, "texture": "#1_0"},
				"west": {"uv": [6, 7, 5, 8], "texture": "#1_0"},
				"up": {"uv": [7, 3, 8, 4], "rotation": 90, "texture": "#1_0"},
				"down": {"uv": [7, 2, 8, 3], "rotation": 90, "texture": "#1_0"}
			}
		},
		{
			"from": [14.775, 2.0625, 18.25],
			"to": [16.35, 3.0625, 18.25],
			"rotation": {"angle": 22.5, "axis": "x", "origin": [15.5625, 2.5625, 20.75]},
			"faces": {
				"north": {"uv": [4, 7, 5, 8], "rotation": 270, "texture": "#1_0"},
				"east": {"uv": [8, 5, 7, 4], "rotation": 180, "texture": "#1_0"},
				"south": {"uv": [3, 7, 4, 8], "rotation": 90, "texture": "#1_0"},
				"west": {"uv": [6, 7, 5, 8], "texture": "#1_0"},
				"up": {"uv": [7, 3, 8, 4], "rotation": 90, "texture": "#1_0"},
				"down": {"uv": [7, 2, 8, 3], "rotation": 90, "texture": "#1_0"}
			}
		},
		{
			"from": [14.75, 5.0625, 20.25],
			"to": [16.375, 5.0625, 21.25],
			"rotation": {"angle": -45, "axis": "x", "origin": [15.5625, 2.5625, 20.75]},
			"faces": {
				"north": {"uv": [7, 2, 8, 3], "rotation": 270, "texture": "#1_0"},
				"east": {"uv": [8, 5, 7, 4], "rotation": 90, "texture": "#1_0"},
				"south": {"uv": [7, 3, 8, 4], "rotation": 90, "texture": "#1_0"},
				"west": {"uv": [6, 7, 5, 8], "rotation": 90, "texture": "#1_0"},
				"up": {"uv": [4, 7, 5, 8], "rotation": 90, "texture": "#1_0"},
				"down": {"uv": [3, 7, 4, 8], "rotation": 90, "texture": "#1_0"}
			}
		},
		{
			"from": [14.8125, 2.0625, 23.25],
			"to": [16.3125, 3.0625, 23.25],
			"rotation": {"angle": 0, "axis": "x", "origin": [15.5625, 2.5625, 20.75]},
			"faces": {
				"north": {"uv": [1, 2, 2, 3], "rotation": 270, "texture": "#1_0"},
				"east": {"uv": [4, 1, 3, 0], "rotation": 90, "texture": "#1_0"},
				"south": {"uv": [2, 2, 3, 3], "rotation": 90, "texture": "#1_0"},
				"west": {"uv": [2, 3, 1, 4], "rotation": 90, "texture": "#1_0"},
				"up": {"uv": [0, 3, 1, 4], "rotation": 90, "texture": "#1_0"},
				"down": {"uv": [2, 1, 3, 2], "rotation": 90, "texture": "#1_0"}
			}
		},
		{
			"from": [14.775, 2.0625, 23.25],
			"to": [16.35, 3.0625, 23.25],
			"rotation": {"angle": 22.5, "axis": "x", "origin": [15.5625, 2.5625, 20.75]},
			"faces": {
				"north": {"uv": [9, 4, 10, 5], "rotation": 270, "texture": "#1_0"},
				"east": {"uv": [10, 7, 9, 6], "rotation": 90, "texture": "#1_0"},
				"south": {"uv": [9, 5, 10, 6], "rotation": 90, "texture": "#1_0"},
				"west": {"uv": [8, 9, 7, 10], "rotation": 90, "texture": "#1_0"},
				"up": {"uv": [6, 9, 7, 10], "rotation": 90, "texture": "#1_0"},
				"down": {"uv": [5, 9, 6, 10], "rotation": 90, "texture": "#1_0"}
			}
		},
		{
			"from": [14.8125, 5.0625, 20.25],
			"to": [16.3125, 5.0625, 21.25],
			"rotation": {"angle": 0, "axis": "x", "origin": [15.5625, 2.5625, 20.75]},
			"faces": {
				"north": {"uv": [4, 4, 5, 5], "rotation": 270, "texture": "#1_0"},
				"east": {"uv": [6, 2, 5, 1], "rotation": 90, "texture": "#1_0"},
				"south": {"uv": [5, 0, 6, 1], "rotation": 90, "texture": "#1_0"},
				"west": {"uv": [3, 5, 2, 6], "rotation": 90, "texture": "#1_0"},
				"up": {"uv": [1, 5, 2, 6], "rotation": 90, "texture": "#1_0"},
				"down": {"uv": [0, 5, 1, 6], "rotation": 90, "texture": "#1_0"}
			}
		},
		{
			"from": [14.775, 5.0625, 20.25],
			"to": [16.35, 5.0625, 21.25],
			"rotation": {"angle": 22.5, "axis": "x", "origin": [15.5625, 2.5625, 20.75]},
			"faces": {
				"north": {"uv": [7, 5, 8, 6], "rotation": 270, "texture": "#1_0"},
				"east": {"uv": [1, 9, 0, 8], "rotation": 90, "texture": "#1_0"},
				"south": {"uv": [7, 6, 8, 7], "rotation": 90, "texture": "#1_0"},
				"west": {"uv": [9, 0, 8, 1], "rotation": 90, "texture": "#1_0"},
				"up": {"uv": [7, 7, 8, 8], "rotation": 90, "texture": "#1_0"},
				"down": {"uv": [6, 7, 7, 8], "rotation": 90, "texture": "#1_0"}
			}
		},
		{
			"from": [14.8125, 5.0625, 20.25],
			"to": [16.3125, 5.0625, 21.25],
			"rotation": {"angle": 45, "axis": "x", "origin": [15.5625, 2.5625, 20.75]},
			"faces": {
				"north": {"uv": [1, 4, 2, 5], "rotation": 270, "texture": "#1_0"},
				"east": {"uv": [4, 5, 3, 4], "rotation": 90, "texture": "#1_0"},
				"south": {"uv": [2, 4, 3, 5], "rotation": 90, "texture": "#1_0"},
				"west": {"uv": [5, 3, 4, 4], "rotation": 90, "texture": "#1_0"},
				"up": {"uv": [4, 2, 5, 3], "rotation": 90, "texture": "#1_0"},
				"down": {"uv": [4, 1, 5, 2], "rotation": 90, "texture": "#1_0"}
			}
		},
		{
			"from": [14.775, 5.0625, 20.25],
			"to": [16.35, 5.0625, 21.25],
			"rotation": {"angle": -22.5, "axis": "x", "origin": [15.5625, 2.5625, 20.75]},
			"faces": {
				"north": {"uv": [7, 2, 8, 3], "rotation": 270, "texture": "#1_0"},
				"east": {"uv": [8, 5, 7, 4], "rotation": 90, "texture": "#1_0"},
				"south": {"uv": [7, 3, 8, 4], "rotation": 90, "texture": "#1_0"},
				"west": {"uv": [6, 7, 5, 8], "rotation": 90, "texture": "#1_0"},
				"up": {"uv": [4, 7, 5, 8], "rotation": 90, "texture": "#1_0"},
				"down": {"uv": [3, 7, 4, 8], "rotation": 90, "texture": "#1_0"}
			}
		},
		{
			"from": [14.8125, 2.0625, 23.25],
			"to": [16.3125, 3.0625, 23.25],
			"rotation": {"angle": 45, "axis": "x", "origin": [15.5625, 2.5625, 20.75]},
			"faces": {
				"north": {"uv": [3, 1, 4, 2], "rotation": 270, "texture": "#1_0"},
				"east": {"uv": [1, 5, 0, 4], "rotation": 90, "texture": "#1_0"},
				"south": {"uv": [3, 2, 4, 3], "rotation": 90, "texture": "#1_0"},
				"west": {"uv": [5, 0, 4, 1], "rotation": 90, "texture": "#1_0"},
				"up": {"uv": [3, 3, 4, 4], "rotation": 90, "texture": "#1_0"},
				"down": {"uv": [2, 3, 3, 4], "rotation": 90, "texture": "#1_0"}
			}
		},
		{
			"from": [14.775, 2.0625, 23.25],
			"to": [16.35, 3.0625, 23.25],
			"rotation": {"angle": -22.5, "axis": "x", "origin": [15.5625, 2.5625, 20.75]},
			"faces": {
				"north": {"uv": [6, 6, 7, 7], "rotation": 270, "texture": "#1_0"},
				"east": {"uv": [8, 2, 7, 1], "rotation": 90, "texture": "#1_0"},
				"south": {"uv": [7, 0, 8, 1], "rotation": 90, "texture": "#1_0"},
				"west": {"uv": [3, 7, 2, 8], "rotation": 90, "texture": "#1_0"},
				"up": {"uv": [1, 7, 2, 8], "rotation": 90, "texture": "#1_0"},
				"down": {"uv": [0, 7, 1, 8], "rotation": 90, "texture": "#1_0"}
			}
		},
		{
			"from": [-0.35, 0.0625, 20.25],
			"to": [1.225, 0.0625, 21.25],
			"rotation": {"angle": -22.5, "axis": "x", "origin": [0.4375, 2.5625, 20.75]},
			"faces": {
				"north": {"uv": [7, 3, 8, 4], "rotation": 270, "texture": "#1_0"},
				"east": {"uv": [8, 5, 7, 4], "rotation": 270, "texture": "#1_0"},
				"south": {"uv": [7, 2, 8, 3], "rotation": 90, "texture": "#1_0"},
				"west": {"uv": [6, 7, 5, 8], "rotation": 270, "texture": "#1_0"},
				"up": {"uv": [3, 7, 4, 8], "rotation": 90, "texture": "#1_0"},
				"down": {"uv": [4, 7, 5, 8], "rotation": 90, "texture": "#1_0"}
			}
		},
		{
			"from": [-0.375, 0.0625, 20.25],
			"to": [1.25, 0.0625, 21.25],
			"rotation": {"angle": 0, "axis": "x", "origin": [0.4375, 2.5625, 20.75]},
			"faces": {
				"north": {"uv": [7, 3, 8, 4], "rotation": 270, "texture": "#1_0"},
				"east": {"uv": [8, 5, 7, 4], "rotation": 270, "texture": "#1_0"},
				"south": {"uv": [7, 2, 8, 3], "rotation": 90, "texture": "#1_0"},
				"west": {"uv": [6, 7, 5, 8], "rotation": 270, "texture": "#1_0"},
				"up": {"uv": [3, 7, 4, 8], "rotation": 90, "texture": "#1_0"},
				"down": {"uv": [4, 7, 5, 8], "rotation": 90, "texture": "#1_0"}
			}
		},
		{
			"from": [-0.35, 0.0625, 20.25],
			"to": [1.225, 0.0625, 21.25],
			"rotation": {"angle": 22.5, "axis": "x", "origin": [0.4375, 2.5625, 20.75]},
			"faces": {
				"north": {"uv": [7, 3, 8, 4], "rotation": 270, "texture": "#1_0"},
				"east": {"uv": [8, 5, 7, 4], "rotation": 270, "texture": "#1_0"},
				"south": {"uv": [7, 2, 8, 3], "rotation": 90, "texture": "#1_0"},
				"west": {"uv": [6, 7, 5, 8], "rotation": 270, "texture": "#1_0"},
				"up": {"uv": [3, 7, 4, 8], "rotation": 90, "texture": "#1_0"},
				"down": {"uv": [4, 7, 5, 8], "rotation": 90, "texture": "#1_0"}
			}
		},
		{
			"from": [-0.375, 0.0625, 20.25],
			"to": [1.25, 0.0625, 21.25],
			"rotation": {"angle": 45, "axis": "x", "origin": [0.4375, 2.5625, 20.75]},
			"faces": {
				"north": {"uv": [7, 3, 8, 4], "rotation": 270, "texture": "#1_0"},
				"east": {"uv": [8, 5, 7, 4], "rotation": 270, "texture": "#1_0"},
				"south": {"uv": [7, 2, 8, 3], "rotation": 90, "texture": "#1_0"},
				"west": {"uv": [6, 7, 5, 8], "rotation": 270, "texture": "#1_0"},
				"up": {"uv": [3, 7, 4, 8], "rotation": 90, "texture": "#1_0"},
				"down": {"uv": [4, 7, 5, 8], "rotation": 90, "texture": "#1_0"}
			}
		},
		{
			"from": [-0.35, 2.0625, 18.25],
			"to": [1.225, 3.0625, 18.25],
			"rotation": {"angle": -22.5, "axis": "x", "origin": [0.4375, 2.5625, 20.75]},
			"faces": {
				"north": {"uv": [4, 7, 5, 8], "rotation": 270, "texture": "#1_0"},
				"east": {"uv": [8, 5, 7, 4], "rotation": 180, "texture": "#1_0"},
				"south": {"uv": [3, 7, 4, 8], "rotation": 90, "texture": "#1_0"},
				"west": {"uv": [6, 7, 5, 8], "texture": "#1_0"},
				"up": {"uv": [7, 3, 8, 4], "rotation": 90, "texture": "#1_0"},
				"down": {"uv": [7, 2, 8, 3], "rotation": 90, "texture": "#1_0"}
			}
		},
		{
			"from": [-0.375, 2.0625, 18.25],
			"to": [1.25, 3.0625, 18.25],
			"rotation": {"angle": 0, "axis": "x", "origin": [0.4375, 2.5625, 20.75]},
			"faces": {
				"north": {"uv": [4, 7, 5, 8], "rotation": 270, "texture": "#1_0"},
				"east": {"uv": [8, 5, 7, 4], "rotation": 180, "texture": "#1_0"},
				"south": {"uv": [3, 7, 4, 8], "rotation": 90, "texture": "#1_0"},
				"west": {"uv": [6, 7, 5, 8], "texture": "#1_0"},
				"up": {"uv": [7, 3, 8, 4], "rotation": 90, "texture": "#1_0"},
				"down": {"uv": [7, 2, 8, 3], "rotation": 90, "texture": "#1_0"}
			}
		},
		{
			"from": [-0.35, 2.0625, 18.25],
			"to": [1.225, 3.0625, 18.25],
			"rotation": {"angle": 22.5, "axis": "x", "origin": [0.4375, 2.5625, 20.75]},
			"faces": {
				"north": {"uv": [4, 7, 5, 8], "rotation": 270, "texture": "#1_0"},
				"east": {"uv": [8, 5, 7, 4], "rotation": 180, "texture": "#1_0"},
				"south": {"uv": [3, 7, 4, 8], "rotation": 90, "texture": "#1_0"},
				"west": {"uv": [6, 7, 5, 8], "texture": "#1_0"},
				"up": {"uv": [7, 3, 8, 4], "rotation": 90, "texture": "#1_0"},
				"down": {"uv": [7, 2, 8, 3], "rotation": 90, "texture": "#1_0"}
			}
		},
		{
			"from": [-0.375, 5.0625, 20.25],
			"to": [1.25, 5.0625, 21.25],
			"rotation": {"angle": -45, "axis": "x", "origin": [0.4375, 2.5625, 20.75]},
			"faces": {
				"north": {"uv": [7, 2, 8, 3], "rotation": 270, "texture": "#1_0"},
				"east": {"uv": [8, 5, 7, 4], "rotation": 90, "texture": "#1_0"},
				"south": {"uv": [7, 3, 8, 4], "rotation": 90, "texture": "#1_0"},
				"west": {"uv": [6, 7, 5, 8], "rotation": 90, "texture": "#1_0"},
				"up": {"uv": [4, 7, 5, 8], "rotation": 90, "texture": "#1_0"},
				"down": {"uv": [3, 7, 4, 8], "rotation": 90, "texture": "#1_0"}
			}
		},
		{
			"from": [-0.3125, 2.0625, 23.25],
			"to": [1.1875, 3.0625, 23.25],
			"rotation": {"angle": 0, "axis": "x", "origin": [0.4375, 2.5625, 20.75]},
			"faces": {
				"north": {"uv": [1, 2, 2, 3], "rotation": 270, "texture": "#1_0"},
				"east": {"uv": [4, 1, 3, 0], "rotation": 90, "texture": "#1_0"},
				"south": {"uv": [2, 2, 3, 3], "rotation": 90, "texture": "#1_0"},
				"west": {"uv": [2, 3, 1, 4], "rotation": 90, "texture": "#1_0"},
				"up": {"uv": [0, 3, 1, 4], "rotation": 90, "texture": "#1_0"},
				"down": {"uv": [2, 1, 3, 2], "rotation": 90, "texture": "#1_0"}
			}
		},
		{
			"from": [-0.35, 2.0625, 23.25],
			"to": [1.225, 3.0625, 23.25],
			"rotation": {"angle": 22.5, "axis": "x", "origin": [0.4375, 2.5625, 20.75]},
			"faces": {
				"north": {"uv": [9, 4, 10, 5], "rotation": 270, "texture": "#1_0"},
				"east": {"uv": [10, 7, 9, 6], "rotation": 90, "texture": "#1_0"},
				"south": {"uv": [9, 5, 10, 6], "rotation": 90, "texture": "#1_0"},
				"west": {"uv": [8, 9, 7, 10], "rotation": 90, "texture": "#1_0"},
				"up": {"uv": [6, 9, 7, 10], "rotation": 90, "texture": "#1_0"},
				"down": {"uv": [5, 9, 6, 10], "rotation": 90, "texture": "#1_0"}
			}
		},
		{
			"from": [-0.3125, 5.0625, 20.25],
			"to": [1.1875, 5.0625, 21.25],
			"rotation": {"angle": 0, "axis": "x", "origin": [0.4375, 2.5625, 20.75]},
			"faces": {
				"north": {"uv": [4, 4, 5, 5], "rotation": 270, "texture": "#1_0"},
				"east": {"uv": [6, 2, 5, 1], "rotation": 90, "texture": "#1_0"},
				"south": {"uv": [5, 0, 6, 1], "rotation": 90, "texture": "#1_0"},
				"west": {"uv": [3, 5, 2, 6], "rotation": 90, "texture": "#1_0"},
				"up": {"uv": [1, 5, 2, 6], "rotation": 90, "texture": "#1_0"},
				"down": {"uv": [0, 5, 1, 6], "rotation": 90, "texture": "#1_0"}
			}
		},
		{
			"from": [-0.35, 5.0625, 20.25],
			"to": [1.225, 5.0625, 21.25],
			"rotation": {"angle": 22.5, "axis": "x", "origin": [0.4375, 2.5625, 20.75]},
			"faces": {
				"north": {"uv": [7, 5, 8, 6], "rotation": 270, "texture": "#1_0"},
				"east": {"uv": [1, 9, 0, 8], "rotation": 90, "texture": "#1_0"},
				"south": {"uv": [7, 6, 8, 7], "rotation": 90, "texture": "#1_0"},
				"west": {"uv": [9, 0, 8, 1], "rotation": 90, "texture": "#1_0"},
				"up": {"uv": [7, 7, 8, 8], "rotation": 90, "texture": "#1_0"},
				"down": {"uv": [6, 7, 7, 8], "rotation": 90, "texture": "#1_0"}
			}
		},
		{
			"from": [-0.3125, 5.0625, 20.25],
			"to": [1.1875, 5.0625, 21.25],
			"rotation": {"angle": 45, "axis": "x", "origin": [0.4375, 2.5625, 20.75]},
			"faces": {
				"north": {"uv": [1, 4, 2, 5], "rotation": 270, "texture": "#1_0"},
				"east": {"uv": [4, 5, 3, 4], "rotation": 90, "texture": "#1_0"},
				"south": {"uv": [2, 4, 3, 5], "rotation": 90, "texture": "#1_0"},
				"west": {"uv": [5, 3, 4, 4], "rotation": 90, "texture": "#1_0"},
				"up": {"uv": [4, 2, 5, 3], "rotation": 90, "texture": "#1_0"},
				"down": {"uv": [4, 1, 5, 2], "rotation": 90, "texture": "#1_0"}
			}
		},
		{
			"from": [-0.35, 5.0625, 20.25],
			"to": [1.225, 5.0625, 21.25],
			"rotation": {"angle": -22.5, "axis": "x", "origin": [0.4375, 2.5625, 20.75]},
			"faces": {
				"north": {"uv": [7, 2, 8, 3], "rotation": 270, "texture": "#1_0"},
				"east": {"uv": [8, 5, 7, 4], "rotation": 90, "texture": "#1_0"},
				"south": {"uv": [7, 3, 8, 4], "rotation": 90, "texture": "#1_0"},
				"west": {"uv": [6, 7, 5, 8], "rotation": 90, "texture": "#1_0"},
				"up": {"uv": [4, 7, 5, 8], "rotation": 90, "texture": "#1_0"},
				"down": {"uv": [3, 7, 4, 8], "rotation": 90, "texture": "#1_0"}
			}
		},
		{
			"from": [-0.3125, 2.0625, 23.25],
			"to": [1.1875, 3.0625, 23.25],
			"rotation": {"angle": 45, "axis": "x", "origin": [0.4375, 2.5625, 20.75]},
			"faces": {
				"north": {"uv": [3, 1, 4, 2], "rotation": 270, "texture": "#1_0"},
				"east": {"uv": [1, 5, 0, 4], "rotation": 90, "texture": "#1_0"},
				"south": {"uv": [3, 2, 4, 3], "rotation": 90, "texture": "#1_0"},
				"west": {"uv": [5, 0, 4, 1], "rotation": 90, "texture": "#1_0"},
				"up": {"uv": [3, 3, 4, 4], "rotation": 90, "texture": "#1_0"},
				"down": {"uv": [2, 3, 3, 4], "rotation": 90, "texture": "#1_0"}
			}
		},
		{
			"from": [-0.35, 2.0625, 23.25],
			"to": [1.225, 3.0625, 23.25],
			"rotation": {"angle": -22.5, "axis": "x", "origin": [0.4375, 2.5625, 20.75]},
			"faces": {
				"north": {"uv": [6, 6, 7, 7], "rotation": 270, "texture": "#1_0"},
				"east": {"uv": [8, 2, 7, 1], "rotation": 90, "texture": "#1_0"},
				"south": {"uv": [7, 0, 8, 1], "rotation": 90, "texture": "#1_0"},
				"west": {"uv": [3, 7, 2, 8], "rotation": 90, "texture": "#1_0"},
				"up": {"uv": [1, 7, 2, 8], "rotation": 90, "texture": "#1_0"},
				"down": {"uv": [0, 7, 1, 8], "rotation": 90, "texture": "#1_0"}
			}
		}
	],
	"display": {
		"thirdperson_righthand": {
			"rotation": [63.5, 0, 0],
			"translation": [0, 1.25, 0.75],
			"scale": [0.22, 0.22, 0.22]
		},
		"thirdperson_lefthand": {
			"rotation": [63.5, 0, 0],
			"translation": [0, 1.25, 0.75],
			"scale": [0.22, 0.22, 0.22]
		},
		"firstperson_righthand": {
			"rotation": [0, 109, 0],
			"translation": [0, 4.75, 0],
			"scale": [0.43, 0.43, 0.43]
		},
		"firstperson_lefthand": {
			"rotation": [0, 109, 0],
			"translation": [0, 4.75, 0],
			"scale": [0.43, 0.43, 0.43]
		},
		"ground": {
			"translation": [0, 0.75, 0],
			"scale": [0.28, 0.28, 0.28]
		},
		"gui": {
			"rotation": [45, -45, 0],
			"translation": [1.5, 1.5, 0],
			"scale": [0.43, 0.43, 0.43]
		},
		"head": {
			"translation": [0, -18.25, -16],
			"scale": [3.13, 3.13, 3.13]
		},
		"fixed": {
			"rotation": [-90, 0, 0],
			"translation": [0, -1.75, -4.5],
			"scale": [0.57, 0.57, 0.57]
		}
	},
	"groups": [
		0,
		1,
		2,
		3,
		4,
		5,
		6,
		7,
		8,
		9,
		10,
		11,
		12,
		13,
		14,
		15,
		16,
		17,
		18,
		19,
		20,
		21,
		22,
		23,
		24,
		25,
		26,
		27,
		28,
		29,
		30,
		31,
		32,
		33,
		34,
		35,
		36,
		37,
		38,
		39,
		40,
		41,
		42,
		43,
		44,
		45,
		46,
		47,
		48,
		49,
		50,
		51,
		52,
		{
			"name": "altreifen",
			"origin": [8, 8, 8],
			"color": 0,
			"children": [
				53,
				54,
				55,
				56,
				57,
				58,
				59,
				60,
				61,
				62,
				63,
				64,
				65,
				66,
				67,
				68,
				69,
				70,
				71,
				72,
				73,
				74,
				75,
				76,
				77,
				78,
				79,
				80,
				81,
				82,
				83,
				84,
				85,
				86,
				87,
				88,
				89,
				90,
				91,
				92,
				93,
				94,
				95,
				96,
				97,
				98,
				99,
				100,
				101,
				102,
				103,
				104,
				105,
				106,
				107,
				108,
				109,
				110,
				111,
				112,
				113,
				114,
				115,
				116
			]
		}
	]
}