{
	"format_version": "1.9.0",
	"textures": {
		"0": "item/warnschild",
		"1": "item/glass2",
		"particle": "item/warnschild"
	},
	"elements": [
		{
			"from": [5, 0, 5],
			"to": [11, 1.875, 11],
			"rotation": {"angle": 0, "axis": "y", "origin": [7, 0, 7]},
			"faces": {
				"north": {"uv": [6.75, 8.09375, 5.25, 8.875], "texture": "#0"},
				"east": {"uv": [6.75, 8.09375, 5.25, 8.875], "texture": "#0"},
				"south": {"uv": [6.75, 8.09375, 5.25, 8.875], "texture": "#0"},
				"west": {"uv": [6.75, 8.09375, 5.25, 8.875], "texture": "#0"},
				"up": {"uv": [6.75, 8.09375, 5.25, 8.875], "texture": "#0"},
				"down": {"uv": [6.75, 8.09375, 5.25, 8.875], "texture": "#0"}
			}
		},
		{
			"from": [5, -3, 4.9375],
			"to": [11, 0, 5.125],
			"rotation": {"angle": 0, "axis": "y", "origin": [7, 0, 6.9375]},
			"faces": {
				"north": {"uv": [0, 0, 16, 16], "texture": "#1"},
				"east": {"uv": [1, 0, 0, 6], "texture": "#1"},
				"south": {"uv": [16, 0, 0, 16], "texture": "#1"},
				"west": {"uv": [1, 0, 0, 7], "texture": "#1"},
				"up": {"uv": [0, 2, 6, 0], "texture": "#1"},
				"down": {"uv": [0, 0, 1, 5], "texture": "#1"}
			}
		},
		{
			"from": [5, -3, 4.9375],
			"to": [5.1875, 0, 6],
			"rotation": {"angle": 0, "axis": "y", "origin": [7, 0, 8.9375]},
			"faces": {
				"north": {"uv": [1, 0, 0, 6], "texture": "#1"},
				"east": {"uv": [16, 0, 0, 16], "texture": "#1"},
				"south": {"uv": [1, 0, 0, 7], "texture": "#1"},
				"west": {"uv": [0, 0, 16, 16], "texture": "#1"},
				"up": {"uv": [0, 2, 6, 0], "rotation": 270, "texture": "#1"},
				"down": {"uv": [0, 0, 1, 5], "rotation": 90, "texture": "#1"}
			}
		},
		{
			"from": [10.8125, -3, 4.9375],
			"to": [11, 0, 6],
			"rotation": {"angle": 0, "axis": "y", "origin": [12.8125, 0, 8.9375]},
			"faces": {
				"north": {"uv": [1, 0, 0, 6], "texture": "#1"},
				"east": {"uv": [16, 0, 0, 16], "texture": "#1"},
				"south": {"uv": [1, 0, 0, 7], "texture": "#1"},
				"west": {"uv": [0, 0, 16, 16], "texture": "#1"},
				"up": {"uv": [0, 2, 6, 0], "rotation": 270, "texture": "#1"},
				"down": {"uv": [0, 0, 1, 5], "rotation": 90, "texture": "#1"}
			}
		},
		{
			"from": [7, 0.375, 4.3125],
			"to": [9, 2.4375, 5],
			"rotation": {"angle": 0, "axis": "y", "origin": [7, -0.5625, 7]},
			"faces": {
				"north": {"uv": [3.96875, 7.53125, 2, 9.53125], "texture": "#0"},
				"east": {"uv": [6.75, 8.09375, 5.25, 8.875], "texture": "#0"},
				"south": {"uv": [6.75, 8.09375, 5.25, 8.875], "texture": "#0"},
				"west": {"uv": [6.75, 8.09375, 5.25, 8.875], "texture": "#0"},
				"up": {"uv": [6.75, 8.09375, 5.25, 8.875], "texture": "#0"},
				"down": {"uv": [6.75, 8.09375, 5.25, 8.875], "texture": "#0"}
			}
		},
		{
			"from": [5.25, 0, 3.75],
			"to": [10.75, 0.25, 5.0625],
			"rotation": {"angle": 0, "axis": "y", "origin": [7, 0, 7.75]},
			"faces": {
				"north": {"uv": [6.75, 8.09375, 5.25, 8.875], "texture": "#0"},
				"east": {"uv": [6.75, 8.09375, 5.25, 8.875], "texture": "#0"},
				"south": {"uv": [6.75, 8.09375, 5.25, 8.875], "texture": "#0"},
				"west": {"uv": [6.75, 8.09375, 5.25, 8.875], "texture": "#0"},
				"up": {"uv": [6.75, 8.09375, 5.25, 8.875], "texture": "#0"},
				"down": {"uv": [6.75, 8.09375, 5.25, 8.875], "texture": "#0"}
			}
		},
		{
			"from": [5.5, 0, 3.375],
			"to": [10.5, 0.25, 3.75],
			"rotation": {"angle": 0, "axis": "y", "origin": [7, 0, 7.75]},
			"faces": {
				"north": {"uv": [6.75, 8.09375, 5.25, 8.875], "texture": "#0"},
				"east": {"uv": [6.75, 8.09375, 5.25, 8.875], "texture": "#0"},
				"south": {"uv": [6.75, 8.09375, 5.25, 8.875], "texture": "#0"},
				"west": {"uv": [6.75, 8.09375, 5.25, 8.875], "texture": "#0"},
				"up": {"uv": [6.75, 8.09375, 5.25, 8.875], "texture": "#0"},
				"down": {"uv": [6.75, 8.09375, 5.25, 8.875], "texture": "#0"}
			}
		},
		{
			"from": [5.125, 1.875, 5.125],
			"to": [10.875, 2.1875, 10.875],
			"rotation": {"angle": 0, "axis": "y", "origin": [7, -1.125, 7]},
			"faces": {
				"north": {"uv": [6.75, 8.09375, 5.25, 8.875], "texture": "#0"},
				"east": {"uv": [6.75, 8.09375, 5.25, 8.875], "texture": "#0"},
				"south": {"uv": [6.75, 8.09375, 5.25, 8.875], "texture": "#0"},
				"west": {"uv": [6.75, 8.09375, 5.25, 8.875], "texture": "#0"},
				"up": {"uv": [6.75, 8.09375, 5.25, 8.875], "texture": "#0"},
				"down": {"uv": [6.75, 8.09375, 5.25, 8.875], "texture": "#0"}
			}
		},
		{
			"from": [5.4375, 2.1875, 5.4375],
			"to": [10.5625, 2.5, 10.5625],
			"rotation": {"angle": 0, "axis": "y", "origin": [7, -1.125, 7]},
			"faces": {
				"north": {"uv": [6.75, 8.09375, 5.25, 8.875], "texture": "#0"},
				"east": {"uv": [6.75, 8.09375, 5.25, 8.875], "texture": "#0"},
				"south": {"uv": [6.75, 8.09375, 5.25, 8.875], "texture": "#0"},
				"west": {"uv": [6.75, 8.09375, 5.25, 8.875], "texture": "#0"},
				"up": {"uv": [6.75, 8.09375, 5.25, 8.875], "texture": "#0"},
				"down": {"uv": [6.75, 8.09375, 5.25, 8.875], "texture": "#0"}
			}
		}
	],
	"display": {
		"thirdperson_righthand": {
			"rotation": [-17.25, 0, 0],
			"translation": [0, 8, 0],
			"scale": [1.07, 1.07, 1.07]
		},
		"thirdperson_lefthand": {
			"rotation": [-17.25, 0, 0],
			"translation": [0, 8, 0],
			"scale": [1.07, 1.07, 1.07]
		},
		"firstperson_righthand": {
			"rotation": [0, 74.25, 0],
			"translation": [0, 7, 0],
			"scale": [0.79, 0.79, 0.79]
		},
		"firstperson_lefthand": {
			"rotation": [0, 74.25, 0],
			"translation": [0, 7, 0],
			"scale": [0.79, 0.79, 0.79]
		},
		"ground": {
			"translation": [0, 2.75, 0]
		},
		"gui": {
			"rotation": [35, 150, 0],
			"translation": [0, 10.5, 0],
			"scale": [1.9, 1.9, 1.9]
		},
		"head": {
			"translation": [0, 21.25, 0],
			"scale": [2.59, 2.59, 2.59]
		},
		"fixed": {
			"rotation": [-90, 0, 0],
			"translation": [0, 0, -21],
			"scale": [2.61, 2.61, 2.61]
		}
	}
}