{
	"texture_size": [64, 64],
	"textures": {
		"0": "item/kleiderschrank",
		"particle": "item/kleiderschrank"
	},
	"elements": [
		{
			"from": [0, 0, 0],
			"to": [16, 32, 16],
			"rotation": {"angle": 0, "axis": "y", "origin": [14, 0, 0]},
			"faces": {
				"north": {"uv": [0, 0, 4, 8], "texture": "#0"},
				"east": {"uv": [4, 0, 8, 8], "texture": "#0"},
				"south": {"uv": [0, 8, 4, 16], "texture": "#0"},
				"west": {"uv": [8, 0, 12, 8], "texture": "#0"},
				"up": {"uv": [8, 12, 4, 8], "texture": "#0"},
				"down": {"uv": [12, 8, 8, 12], "texture": "#0"}
			}
		}
	],
	"display": {
		"thirdperson_righthand": {
			"rotation": [71.25, 0, 0],
			"scale": [0.19922, 0.16016, 0.17188]
		},
		"thirdperson_lefthand": {
			"rotation": [71.25, 0, 0],
			"scale": [0.19922, 0.16016, 0.17188]
		},
		"firstperson_righthand": {
			"rotation": [-180, 50.25, -180],
			"translation": [-1.25, 3.25, 2.75],
			"scale": [0.16445, 0.13, 0.23109]
		},
		"firstperson_lefthand": {
			"rotation": [-180, 50.25, -180],
			"translation": [-1.25, 3.25, 2.75],
			"scale": [0.16445, 0.13, 0.23109]
		},
		"ground": {
			"scale": [0.35, 0.39, 0.37]
		},
		"gui": {
			"rotation": [0, 180, 0],
			"translation": [0, -4.25, 1],
			"scale": [0.59, 0.54, 0.61]
		},
		"fixed": {
			"rotation": [-90, 0, 0],
			"translation": [0, 0, 18],
			"scale": [2.05664, 2.06055, 2.06836]
		}
	}
}