{
	"format_version": "1.9.0",
	"texture_size": [128, 128],
	"textures": {
		"0": "item/strobe2",
		"particle": "item/strobe2"
	},
	"elements": [
		{
			"from": [-16, 0, -16],
			"to": [32, 2, 32],
			"rotation": {"angle": 0, "axis": "y", "origin": [7, 0, 0]},
			"faces": {
				"north": {"uv": [0, 0, 1, 0.75], "texture": "#0"},
				"east": {"uv": [0, 0, 0.5, 0.75], "texture": "#0"},
				"south": {"uv": [0, 0, 1, 0.25], "texture": "#0"},
				"west": {"uv": [1.5, 0.25, 0, 0], "texture": "#0"},
				"up": {"uv": [16, 16, 0, 0], "texture": "#0"},
				"down": {"uv": [16, 0, 0, 16], "texture": "#0"}
			}
		}
	],
	"display": {
		"gui": {
			"rotation": [90, 0, 0],
			"scale": [0.34, 0.32, 0.33]
		},
		"fixed": {
			"rotation": [15.25, 0, 0],
			"translation": [0, 50.75, -80],
			"scale": [4, 4, 4]
		}
	}
}