{
	"model": {
		"type": "select",
		"property": "custom_model_data",
		"fallback": {
			"type": "model",
			"model": "block/carved_pumpkin"
		},
		"cases": [
		{
		"when": "tornado",
		"model": {
			"type": "model",
			"model": "item/desert_tornado"
		}
		},
		
		
		{
		"when": "blackhawk",
		"model": {
			"type": "model",
			"model": "item/blackhawk"
		}
		},
		
		{
		"when": "fedora",
		"model": {
			"type": "model",
			"model": "item/fedora"
		}
		},
		
		{
		"when": "mriya",
		"model": {
			"type": "model",
			"model": "item/mriya"
		}
		},
		
		{
		"when": "transall",
		"model": {
			"type": "model",
			"model": "item/transall"
		}
		},
		
		{
		"when": "tornado_desert",
		"model": {
			"type": "model",
			"model": "item/desert_tornado"
		}
		},
		
		{
		"when": "backofen",
		"model": {
			"type": "model",
			"model": "item/backofen"
		}
		},
		
		{
		"when": "devilz",
		"model": {
			"type": "model",
			"model": "item/280"
		}
		},
		
		{
		"when": "reifen",
		"model": {
			"type": "model",
			"model": "item/altreifen"
		}
		},
		{
		"when": "reifenstapel",
		"model": {
			"type": "model",
			"model": "item/altreifenstapel"
		}
		},
		{
		"when": "tools",
		"model": {
			"type": "model",
			"model": "item/werkzeugkasten"
		}
		},
		{
		"when": "cat_ears",
		"model": {
			"type": "model",
			"model": "item/cat_ears"
		}
		},
		
		{
		"when": "deskfan",
		"model": {
			"type": "model",
			"model": "item/deskfan"
		}
		},
		{
		"when": "fridge",
		"model": {
			"type": "model",
			"model": "item/fridge"
		}
		},
		{
		"when": "herobrine",
		"model": {
			"type": "model",
			"model": "item/herobrine"
		}
		},
		{
		"when": "kassierer",
		"model": {
			"type": "model",
			"model": "item/kassierer"
		}
		},
		
		{
		"when": "kebabmaschine",
		"model": {
			"type": "model",
			"model": "item/kebabmaschine"
		}
		},
		
		{
		"when": "mikrowelle",
		"model": {
			"type": "model",
			"model": "item/mikrowelle"
		}
		},
		
		{
		"when": "palme",
		"model": {
			"type": "model",
			"model": "item/palme"
		}
		},
		{
		"when": "rasenmaeher",
		"model": {
			"type": "model",
			"model": "item/rasenmaeher"
		}
		}, 
		
		{
		"when": "ratte",
		"model": {
			"type": "model",
			"model": "item/ratte"
		}
		},
		
		{
		"when": "unterschrank",
		"model": {
			"type": "model",
			"model": "item/unterschrank"
		}
		},
		{
		"when": "screen1",
		"model": {
			"type": "model",
			"model": "item/screen1"
		}
		},
		
		{
		"when": "screen2",
		"model": {
			"type": "model",
			"model": "item/fernseher"
		}
		},
		
		{
		"when": "waschbecken",
		"model": {
			"type": "model",
			"model": "item/waschbecken"
		}
		},
		
		{
		"when": "plattenspieler",
		"model": {
			"type": "model",
			"model": "item/plattenspieler"
		}
		},
		
		{
		"when": "sombrero",
		"model": {
			"type": "model",
			"model": "item/sombrero"
		}
		},
		
		{
		"when": "wandschrank",
		"model": {
			"type": "model",
			"model": "item/wandschrank"
		}
		},
		
		
		{
		"when": "poster",
		"model": {
			"type": "model",
			"model": "item/poster"
		}
		},
		
		{
		"when": "laptop",
		"model": {
			"type": "model",
			"model": "item/laptop"
		}
		},
		{
		"when": "kaffeemaschine",
		"model": {
			"type": "model",
			"model": "item/kaffeemaschine"
		}
		},
		{
		"when": "amogus",
		"model": {
			"type": "model",
			"model": "item/amongus"
		}
		},
		
		{
		"when": "hercules",
		"model": {
			"type": "model",
			"model": "item/hercules"
		}
		},
		{
		"when": "bierkiste",
		"model": {
			"type": "model",
			"model": "item/bierkiste"
		}
		},
		{
		"when": "bierkiste_voll",
		"model": {
			"type": "model",
			"model": "item/bierkiste_voll"
		}
		},
		
		{
		"when": "bogen",
		"model": {
			"type": "model",
			"model": "item/bogen"
		}
		},
		
		{
		"when": "bulli1",
		"model": {
			"type": "model",
			"model": "item/bulli"
		}
		},
		{
		"when": "bulli2",
		"model": {
			"type": "model",
			"model": "item/bullipickup"
		}
		},
		
		{
		"when": "police",
		"model": {
			"type": "model",
			"model": "item/police"
		}
		},
		
		{
		"when": "gasmask",
		"model": {
			"type": "model",
			"model": "item/gasmask"
		}
		},
		{
		"when": "flamingo",
		"model": {
			"type": "model",
			"model": "item/flamingo"
		}
		},
		{
		"when": "dc3",
		"model": {
			"type": "model",
			"model": "item/dc-3"
		}
		},
		{
		"when": "knilz",
		"model": {
			"type": "model",
			"model": "item/knilz"
		}
		},
		{
		"when": "kleiderschrank",
		"model": {
			"type": "model",
			"model": "item/kleiderschrank"
		}
		},
		{
		"when": "cessna",
		"model": {
			"type": "model",
			"model": "item/cessnuh"
		}
		},
		{
		"when": "hardy",
		"model": {
			"type": "model",
			"model": "item/Partybunkerwerbung1"
		}
		},
		{
		"when": "944",
		"model": {
			"type": "model",
			"model": "item/944"
		}
		},
		{
		"when": "944model",
		"model": {
			"type": "model",
			"model": "item/944_model"
		}
		},
		{
		"when": "shop1",
		"model": {
			"type": "model",
			"model": "item/shop_1"
		}
		},
		{
		"when": "shop2",
		"model": {
			"type": "model",
			"model": "item/shop_2"
		}
		},
		{
		"when": "phone",
		"model": {
			"type": "model",
			"model": "item/smartphone"
		}
		},
		{
		"when": "strobe1",
		"model": {
			"type": "model",
			"model": "item/strobe1"
		}
		},
		{
		"when": "strobe2",
		"model": {
			"type": "model",
			"model": "item/strobe2"
		}
		},
		{
		"when": "nebel",
		"model": {
			"type": "model",
			"model": "item/nebel"
		}
		},
		{
		"when": "twingo",
		"model": {
			"type": "model",
			"model": "item/twingo"
		}
		},
		{
		"when": "twingomodel",
		"model": {
			"type": "model",
			"model": "item/twingomodel"
		}
		},
		{
		"when": "mondeo",
		"model": {
			"type": "model",
			"model": "item/mondeo"
		}
		},
		{
		"when": "mondeomodel",
		"model": {
			"type": "model",
			"model": "item/mondeomodel"
		}
		},
		{
		"when": "strobe3",
		"model": {
			"type": "model",
			"model": "item/strobe3"
		}
		},
		{
		"when": "transall2",
		"model": {
			"type": "model",
			"model": "item/transall2"
		}
		},
		{
		"when": "cessnamodel",
		"model": {
			"type": "model",
			"model": "item/cessnuhmodel"
		}
		},
		{
		"when": "scienceglasses",
		"model": {
			"type": "model",
			"model": "item/scienceglasses"
		}
		},
		{
		"when": "sunglasses",
		"model": {
			"type": "model",
			"model": "item/sunglasses"
		}
		},
		{
		"when": "sunglasses2",
		"model": {
			"type": "model",
			"model": "item/sunglasses2"
		}
		},
		{
		"when": "sportpolice",
		"model": {
			"type": "model",
			"model": "item/sportpolice"
		}
		},
		{
		"when": "bauhelm",
		"model": {
			"type": "model",
			"model": "item/bauhelm"
		}
		},
		{
		"when": "td4",
		"model": {
			"type": "model",
			"model": "item/td4"
		}
		},
		{
		"when": "tornadowtd61",
		"model": {
			"type": "model",
			"model": "item/Tornado_WTD"
		}
		},
		{
		"when": "tornadoold",
		"model": {
			"type": "model",
			"model": "item/tornado"
		}
		}
		
		
		
		
		
		]
	}
}