{
 "parent": "item/handheld",
 "textures": {
  "layer0": "block/carved_pumpkin"

 },

 "overrides": [
  { "predicate": {"custom_model_data": 123452}, "model": "item/280"},{ "predicate": {"custom_model_data": 123453}, "model": "item/bullipickup"},{ "predicate": {"custom_model_data": 123455}, "model": "item/bulli"},{ "predicate": {"custom_model_data": 123456}, "model": "item/Tornado"},{ "predicate": {"custom_model_data": 123457}, "model": "item/Desert_Tornado"},{ "predicate": {"custom_model_data": 123458}, "model": "item/Tornado_WTD"},{ "predicate": {"custom_model_data": 123460}, "model": "item/transall"},{ "predicate": {"custom_model_data": 123461}, "model": "item/hercules"},{ "predicate": {"custom_model_data": 123462}, "model": "item/mriya"}

 ]

 
}