{
 "parent": "item/handheld",
 "textures": {
  "layer0": "item/ender_eye"

 },

 "overrides": [
  { "predicate": {"custom_model_data": 9}, "model": "item/rasenmaeher"},{ "predicate": {"custom_model_data": 10}, "model": "item/bierkiste"},{ "predicate": {"custom_model_data": 11}, "model": "item/bierkiste_voll"},{ "predicate": {"custom_model_data": 12}, "model": "item/laptop"},{ "predicate": {"custom_model_data": 13}, "model": "item/poland"},{ "predicate": {"custom_model_data": 14}, "model": "item/warnschild"},{ "predicate": {"custom_model_data": 15}, "model": "item/deskfan"},{ "predicate": {"custom_model_data": 16}, "model": "item/PL_Pictureframe"},{ "predicate": {"custom_model_data": 17}, "model": "item/poster"},{ "predicate": {"custom_model_data": 18}, "model": "item/palme"},{ "predicate": {"custom_model_data": 19}, "model": "item/bogen"},{ "predicate": {"custom_model_data": 20}, "model": "item/nikitri_waifupillow"},{ "predicate": {"custom_model_data": 21}, "model": "item/nikitri_waifupillow2"},{ "predicate": {"custom_model_data": 123459}, "model": "item/blackhawk"}

 ]

 
}