{
	"credit": "Made with Blockbench",
	"textures": {
		"0": "item/devilz",
		"1": "item/weiss",
		"particle": "item/devilz"
	},
	"elements": [
		{
			"from": [0, 0, -7.4375],
			"to": [16, 7, 29.4375],
			"rotation": {"angle": 0, "axis": "y", "origin": [7, 0, 7]},
			"faces": {
				"north": {"uv": [2, 5.75, 4, 6.625], "texture": "#0"},
				"east": {"uv": [4, 0, 8.60938, 0.875], "texture": "#0"},
				"south": {"uv": [6, 1.75, 8, 2.625], "texture": "#0"},
				"west": {"uv": [4, 0.875, 8.60938, 1.75], "texture": "#0"},
				"up": {"uv": [2, 4.60938, 0, 0], "texture": "#0"},
				"down": {"uv": [4, 0, 2, 4.60938], "texture": "#0"}
			}
		},
		{
			"from": [-0.125, 0.4375, 27.4375],
			"to": [16.125, 3.0625, 30],
			"rotation": {"angle": 22.5, "axis": "x", "origin": [7, 0, 30]},
			"faces": {
				"north": {"uv": [8, 4, 10.03125, 4.32813], "texture": "#0"},
				"east": {"uv": [1.5, 8, 1.82031, 8.32813], "texture": "#0"},
				"south": {"uv": [8, 4.375, 10.03125, 4.70313], "texture": "#0"},
				"west": {"uv": [5, 8.875, 5.32031, 9.20313], "texture": "#0"},
				"up": {"uv": [10.03125, 5.07031, 8, 4.75], "texture": "#0"},
				"down": {"uv": [10.03125, 5.125, 8, 5.44531], "texture": "#0"}
			}
		},
		{
			"from": [0, 4.625, 30.75],
			"to": [16, 7.4375, 31.25],
			"rotation": {"angle": 45, "axis": "x", "origin": [7, 6, 32.25]},
			"faces": {
				"north": {"uv": [8, 3.25, 10, 3.60156], "texture": "#0"},
				"east": {"uv": [3.875, 7.25, 3.9375, 7.60156], "texture": "#0"},
				"south": {"uv": [8, 3.625, 10, 3.97656], "texture": "#0"},
				"west": {"uv": [1.875, 7.375, 1.9375, 7.72656], "texture": "#0"},
				"up": {"uv": [10.625, 1.6875, 8.625, 1.625], "texture": "#0"},
				"down": {"uv": [10.75, 8, 8.75, 8.0625], "texture": "#0"}
			}
		},
		{
			"from": [0, 0.75, -12.1875],
			"to": [16, 4.6875, -7.375],
			"rotation": {"angle": 0, "axis": "y", "origin": [7, 0, 4.5]},
			"faces": {
				"north": {"uv": [1.875, 7.875, 3.875, 8.36719], "texture": "#0"},
				"east": {"uv": [3.375, 8.625, 3.97656, 9.11719], "texture": "#0"},
				"south": {"uv": [8, 1.75, 10, 2.24219], "texture": "#0"},
				"west": {"uv": [8.75, 5.5, 9.35156, 5.99219], "texture": "#0"},
				"up": {"uv": [8, 6.72656, 6, 6.125], "texture": "#0"},
				"down": {"uv": [6, 6.5, 4, 7.10156], "texture": "#0"}
			}
		},
		{
			"from": [0.0625, 1.0625, -12.1875],
			"to": [15.9375, 5.25, -6.125],
			"rotation": {"angle": -22.5, "axis": "x", "origin": [7, 3.1875, -11.0625]},
			"faces": {
				"north": {"uv": [6, 7.375, 7.98438, 7.89844], "texture": "#0"},
				"east": {"uv": [8.625, 0.75, 9.38281, 1.27344], "texture": "#0"},
				"south": {"uv": [3.875, 7.75, 5.85938, 8.27344], "texture": "#0"},
				"west": {"uv": [2.5, 8.625, 3.25781, 9.14844], "texture": "#0"},
				"up": {"uv": [7.98438, 3.38281, 6, 2.625], "texture": "#0"},
				"down": {"uv": [7.98438, 3.5, 6, 4.25781], "texture": "#0"}
			}
		},
		{
			"from": [0.0625, 1.1875, -12.1875],
			"to": [15.9375, 3.0625, -6.125],
			"rotation": {"angle": 22.5, "axis": "x", "origin": [7, 3.1875, -11.0625]},
			"faces": {
				"north": {"uv": [2.5, 8.375, 4.48438, 8.60938], "texture": "#0"},
				"east": {"uv": [8.625, 1.375, 9.38281, 1.60938], "texture": "#0"},
				"south": {"uv": [8.625, 0, 10.60938, 0.23438], "texture": "#0"},
				"west": {"uv": [8.75, 7.75, 9.50781, 7.98438], "texture": "#0"},
				"up": {"uv": [7.98438, 5.13281, 6, 4.375], "texture": "#0"},
				"down": {"uv": [7.98438, 5.25, 6, 6.00781], "texture": "#0"}
			}
		},
		{
			"from": [0, 7, 9.125],
			"to": [16, 11.625, 17],
			"rotation": {"angle": 0, "axis": "y", "origin": [7, 0, 7]},
			"faces": {
				"north": {"uv": [2, 6.625, 4, 7.20313], "texture": "#0"},
				"east": {"uv": [8.125, 8.125, 9.10938, 8.70313], "texture": "#0"},
				"south": {"uv": [0, 6.75, 2, 7.32813], "texture": "#0"},
				"west": {"uv": [1.5, 8.375, 2.48438, 8.95313], "texture": "#0"},
				"up": {"uv": [6, 6.48438, 4, 5.5], "texture": "#0"},
				"down": {"uv": [2, 5.75, 0, 6.73438], "texture": "#0"}
			}
		},
		{
			"from": [0.1875, 5.75, 2.6875],
			"to": [15.875, 9, 11.0625],
			"rotation": {"angle": -45, "axis": "x", "origin": [7, 8.125, 6.9375]},
			"faces": {
				"north": {"uv": [8, 2.25, 9.96094, 2.65625], "texture": "#0"},
				"east": {"uv": [4.5, 8.375, 5.54688, 8.78125], "texture": "#0"},
				"south": {"uv": [8, 2.75, 9.96094, 3.15625], "texture": "#0"},
				"west": {"uv": [8.625, 0.25, 9.67188, 0.65625], "texture": "#0"},
				"up": {"uv": [1.96094, 5.67188, 0, 4.625], "texture": "#0"},
				"down": {"uv": [3.96094, 4.625, 2, 5.67188], "texture": "#0"}
			}
		},
		{
			"from": [0.1875, 5.8125, 16.625],
			"to": [15.875, 10.375, 31.3125],
			"rotation": {"angle": 22.5, "axis": "x", "origin": [7, 9.5, 19.8125]},
			"faces": {
				"north": {"uv": [6, 6.75, 7.96094, 7.32031], "texture": "#0"},
				"east": {"uv": [2, 7.25, 3.83594, 7.82031], "texture": "#0"},
				"south": {"uv": [4, 7.125, 5.96094, 7.69531], "texture": "#0"},
				"west": {"uv": [0, 7.375, 1.83594, 7.94531], "texture": "#0"},
				"up": {"uv": [5.96094, 3.58594, 4, 1.75], "texture": "#0"},
				"down": {"uv": [5.96094, 3.625, 4, 5.46094], "texture": "#0"}
			}
		},
		{
			"from": [-0.5, -0.125, -7],
			"to": [1.5, 6, -1],
			"rotation": {"angle": 0, "axis": "y", "origin": [-0.5, 0, -7]},
			"faces": {
				"north": {"uv": [8.75, 6.875, 9, 7.64063], "texture": "#0"},
				"east": {"uv": [8, 6.375, 8.75, 7.14063], "texture": "#0"},
				"south": {"uv": [8.125, 8.75, 8.375, 9.51563], "texture": "#0"},
				"west": {"uv": [6.625, 8, 7.375, 8.76563], "texture": "#0"},
				"up": {"uv": [1.25, 9.625, 1, 8.875], "texture": "#0"},
				"down": {"uv": [1.5, 8.875, 1.25, 9.625], "texture": "#0"}
			}
		},
		{
			"from": [-0.5, -0.125, 17],
			"to": [1.5, 6, 23],
			"rotation": {"angle": 0, "axis": "y", "origin": [-0.5, 0, 17]},
			"faces": {
				"north": {"uv": [8.375, 8.75, 8.625, 9.51563], "texture": "#0"},
				"east": {"uv": [8, 7.25, 8.75, 8.01563], "texture": "#0"},
				"south": {"uv": [8.625, 8.75, 8.875, 9.51563], "texture": "#0"},
				"west": {"uv": [7.375, 8.125, 8.125, 8.89063], "texture": "#0"},
				"up": {"uv": [4.75, 9.625, 4.5, 8.875], "texture": "#0"},
				"down": {"uv": [5, 8.875, 4.75, 9.625], "texture": "#0"}
			}
		},
		{
			"from": [14.5, -0.125, 17],
			"to": [16.5, 6, 23],
			"rotation": {"angle": 0, "axis": "y", "origin": [14.5, 0, 17]},
			"faces": {
				"north": {"uv": [5.625, 8.375, 5.875, 9.14063], "texture": "#0"},
				"east": {"uv": [0, 8, 0.75, 8.76563], "texture": "#0"},
				"south": {"uv": [4, 8.625, 4.25, 9.39063], "texture": "#0"},
				"west": {"uv": [0.75, 8, 1.5, 8.76563], "texture": "#0"},
				"up": {"uv": [0.25, 9.625, 0, 8.875], "texture": "#0"},
				"down": {"uv": [0.5, 8.875, 0.25, 9.625], "texture": "#0"}
			}
		},
		{
			"from": [14.5, -0.125, -7],
			"to": [16.5, 6, -1],
			"rotation": {"angle": 0, "axis": "y", "origin": [14.5, 0, -7]},
			"faces": {
				"north": {"uv": [4.25, 8.625, 4.5, 9.39063], "texture": "#0"},
				"east": {"uv": [8, 5.5, 8.75, 6.26563], "texture": "#0"},
				"south": {"uv": [8.75, 6, 9, 6.76563], "texture": "#0"},
				"west": {"uv": [5.875, 8, 6.625, 8.76563], "texture": "#0"},
				"up": {"uv": [0.75, 9.625, 0.5, 8.875], "texture": "#0"},
				"down": {"uv": [1, 8.875, 0.75, 9.625], "texture": "#0"}
			}
		},
		{
			"from": [0, 6.3125, -0.125],
			"to": [0.25, 7.9375, 0.1875],
			"rotation": {"angle": 45, "axis": "z", "origin": [0, 7, 0]},
			"faces": {
				"north": {"uv": [0, 0, 1, 2], "texture": "#1"},
				"east": {"uv": [1, 0, 2, 2], "texture": "#1"},
				"south": {"uv": [0, 2, 1, 4], "texture": "#1"},
				"west": {"uv": [2, 0, 3, 2], "texture": "#1"},
				"up": {"uv": [6, 2, 5, 1], "texture": "#1"},
				"down": {"uv": [3, 5, 2, 6], "texture": "#1"}
			}
		},
		{
			"from": [-0.6875, 7.9375, -0.125],
			"to": [0.375, 8.8125, 0.1875],
			"rotation": {"angle": 45, "axis": "z", "origin": [0, 7, 0]},
			"faces": {
				"north": {"uv": [3, 4, 4, 5], "texture": "#1"},
				"east": {"uv": [4, 3, 5, 4], "texture": "#1"},
				"south": {"uv": [4, 4, 5, 5], "texture": "#1"},
				"west": {"uv": [0, 5, 1, 6], "texture": "#1"},
				"up": {"uv": [6, 1, 5, 0], "texture": "#1"},
				"down": {"uv": [2, 5, 1, 6], "texture": "#1"}
			}
		},
		{
			"from": [15.4375, 6.3125, -0.1875],
			"to": [15.6875, 7.9375, 0.125],
			"rotation": {"angle": -45, "axis": "z", "origin": [15.6875, 7, 0]},
			"faces": {
				"north": {"uv": [1, 2, 2, 4], "texture": "#1"},
				"east": {"uv": [2, 2, 3, 4], "texture": "#1"},
				"south": {"uv": [3, 0, 4, 2], "texture": "#1"},
				"west": {"uv": [3, 2, 4, 4], "texture": "#1"},
				"up": {"uv": [6, 3, 5, 2], "texture": "#1"},
				"down": {"uv": [4, 5, 3, 6], "texture": "#1"}
			}
		},
		{
			"from": [15.3125, 7.9375, -0.1875],
			"to": [16.375, 8.8125, 0.125],
			"rotation": {"angle": -45, "axis": "z", "origin": [15.6875, 7, 0]},
			"faces": {
				"north": {"uv": [0, 4, 1, 5], "texture": "#1"},
				"east": {"uv": [4, 0, 5, 1], "texture": "#1"},
				"south": {"uv": [1, 4, 2, 5], "texture": "#1"},
				"west": {"uv": [4, 1, 5, 2], "texture": "#1"},
				"up": {"uv": [3, 5, 2, 4], "texture": "#1"},
				"down": {"uv": [5, 2, 4, 3], "texture": "#1"}
			}
		}
	],
	"display": {
		"thirdperson_righthand": {
			"rotation": [50.5, 0, 0],
			"scale": [0.32617, 0.31055, 0.26953]
		},
		"thirdperson_lefthand": {
			"rotation": [50.5, 0, 0],
			"scale": [0.32617, 0.31055, 0.26953]
		},
		"firstperson_righthand": {
			"translation": [0, 4.5, 2],
			"scale": [0.25, 0.22, 0.19]
		},
		"firstperson_lefthand": {
			"translation": [0, 4.5, 2],
			"scale": [0.25, 0.22, 0.19]
		},
		"ground": {
			"translation": [0, 3, 0],
			"scale": [0.52, 0.47, 0.49]
		},
		"gui": {
			"rotation": [-141.61, -46.84, -149.61],
			"translation": [0.75, -0.5, 0],
			"scale": [0.53, 0.53, 0.48]
		},
		"head": {
			"translation": [0, -19.5, -15],
			"scale": [3.40719, 3.37523, 3.16188]
		},
		"fixed": {
			"rotation": [-90, 0, 0],
			"translation": [0, -0.5, -3.5],
			"scale": [0.51757, 0.44531, 0.42383]
		}
	}
}