{
	"credit": "Made with Blockbench",
	"texture_size": [128, 128],
	"textures": {
		"3": "item/mriya",
		"particle": "item/mriya"
	},
	"elements": [
		{
			"from": [6, 1.4375, -2.6875],
			"to": [10, 2.4375, 13.3125],
			"rotation": {"angle": 0, "axis": "y", "origin": [7, 0.4375, -2.6875]},
			"faces": {
				"north": {"uv": [9, 2.375, 9.5, 2.5], "texture": "#3"},
				"east": {"uv": [6.875, 6.625, 8.875, 6.75], "texture": "#3"},
				"south": {"uv": [9, 4.125, 9.5, 4.25], "texture": "#3"},
				"west": {"uv": [6.875, 6.75, 8.875, 6.875], "texture": "#3"},
				"up": {"uv": [1.75, 5.25, 1.25, 3.25], "texture": "#3"},
				"down": {"uv": [5.25, 4.125, 4.75, 6.125], "texture": "#3"}
			}
		},
		{
			"from": [5.1875, 1.875, -10],
			"to": [10.8125, 2.625, 14.5],
			"rotation": {"angle": 0, "axis": "y", "origin": [7, 1.4375, -2.6875]},
			"faces": {
				"north": {"uv": [8.625, 1.25, 9.375, 1.34375], "texture": "#3"},
				"east": {"uv": [6.875, 2.875, 9.65625, 2.96875], "texture": "#3"},
				"south": {"uv": [8.625, 8.375, 9.375, 8.46875], "texture": "#3"},
				"west": {"uv": [6.875, 4.5, 9.65625, 4.59375], "texture": "#3"},
				"up": {"uv": [2.5, 5.65625, 1.75, 2.875], "texture": "#3"},
				"down": {"uv": [3.25, 2.875, 2.5, 5.65625], "texture": "#3"}
			}
		},
		{
			"from": [6, 1.4375, -9.75],
			"to": [10, 2.625, -2.6875],
			"rotation": {"angle": 0, "axis": "y", "origin": [7, 0.4375, -18.6875]},
			"faces": {
				"north": {"uv": [8.5, 8.625, 9, 8.78125], "texture": "#3"},
				"east": {"uv": [8, 2.25, 8.89063, 2.40625], "texture": "#3"},
				"south": {"uv": [0, 8.75, 0.5, 8.90625], "texture": "#3"},
				"west": {"uv": [8.125, 3, 9.01563, 3.15625], "texture": "#3"},
				"up": {"uv": [4.5, 5.89063, 4, 5], "texture": "#3"},
				"down": {"uv": [4.5, 6, 4, 6.89063], "texture": "#3"}
			}
		},
		{
			"from": [8.9375, 0.1875, -6.9375],
			"to": [9.1875, 1.4375, -6.3125],
			"rotation": {"angle": 0, "axis": "y", "origin": [7.75, 0.4375, -16.6875]},
			"faces": {
				"north": {"uv": [6.75, 10, 6.78125, 10.15625], "texture": "#3"},
				"east": {"uv": [2.75, 9.75, 2.82813, 9.90625], "texture": "#3"},
				"south": {"uv": [7, 10, 7.03125, 10.15625], "texture": "#3"},
				"west": {"uv": [9.75, 3.625, 9.82813, 3.78125], "texture": "#3"},
				"up": {"uv": [3.90625, 7.95313, 3.875, 7.875], "texture": "#3"},
				"down": {"uv": [8.15625, 3.375, 8.125, 3.45313], "texture": "#3"}
			}
		},
		{
			"from": [5.0625, 2.625, -10.9375],
			"to": [10.9375, 6.125, 14.625],
			"rotation": {"angle": 0, "axis": "y", "origin": [7, 1.5, -18.6875]},
			"faces": {
				"north": {"uv": [3.75, 2.625, 4.5625, 3.0625], "texture": "#3"},
				"east": {"uv": [3.25, 3.125, 6.45313, 3.5625], "texture": "#3"},
				"south": {"uv": [4.625, 2.625, 5.4375, 3.0625], "texture": "#3"},
				"west": {"uv": [3.25, 3.625, 6.45313, 4.0625], "texture": "#3"},
				"up": {"uv": [0.8125, 3.20313, 0, 0], "texture": "#3"},
				"down": {"uv": [1.6875, 0, 0.875, 3.20313], "texture": "#3"}
			}
		},
		{
			"from": [5.625, 6.125, -7.75],
			"to": [10.375, 6.625, 14.625],
			"rotation": {"angle": 0, "axis": "y", "origin": [7, 5, -18.6875]},
			"faces": {
				"north": {"uv": [9, 5.25, 9.75, 5.3125], "texture": "#3"},
				"east": {"uv": [7.625, 7.25, 10.42188, 7.3125], "texture": "#3"},
				"south": {"uv": [9, 8.25, 9.75, 8.3125], "texture": "#3"},
				"west": {"uv": [7.625, 7.625, 10.42188, 7.6875], "texture": "#3"},
				"up": {"uv": [2.5, 2.79688, 1.75, 0], "texture": "#3"},
				"down": {"uv": [3.25, 0, 2.5, 2.79688], "texture": "#3"}
			}
		},
		{
			"from": [5.75, 6.125, -10.375],
			"to": [10.25, 6.3125, -7.125],
			"rotation": {"angle": 0, "axis": "y", "origin": [7, 5, -18.6875]},
			"faces": {
				"north": {"uv": [9.125, 3.625, 9.6875, 3.6875], "texture": "#3"},
				"east": {"uv": [9.25, 6.875, 9.70313, 6.9375], "texture": "#3"},
				"south": {"uv": [9.125, 3.75, 9.6875, 3.8125], "texture": "#3"},
				"west": {"uv": [7, 9.25, 7.45313, 9.3125], "texture": "#3"},
				"up": {"uv": [2.6875, 7.45313, 2.125, 7], "texture": "#3"},
				"down": {"uv": [7.5625, 4.625, 7, 5.07813], "texture": "#3"}
			}
		},
		{
			"from": [6.625, 6.125, -10.625],
			"to": [9.375, 6.3125, -10.375],
			"rotation": {"angle": 0, "axis": "y", "origin": [7, 5, -18.6875]},
			"faces": {
				"north": {"uv": [9.125, 3.625, 9.6875, 3.6875], "texture": "#3"},
				"east": {"uv": [9.25, 6.875, 9.70313, 6.9375], "texture": "#3"},
				"south": {"uv": [9.125, 3.75, 9.6875, 3.8125], "texture": "#3"},
				"west": {"uv": [7, 9.25, 7.45313, 9.3125], "texture": "#3"},
				"up": {"uv": [2.6875, 7.45313, 2.125, 7], "texture": "#3"},
				"down": {"uv": [7.5625, 4.625, 7, 5.07813], "texture": "#3"}
			}
		},
		{
			"from": [6.625, 6.0625, -10.875],
			"to": [9.375, 6.25, -10.625],
			"rotation": {"angle": 0, "axis": "y", "origin": [7, 4.9375, -18.9375]},
			"faces": {
				"north": {"uv": [9.125, 3.625, 9.6875, 3.6875], "texture": "#3"},
				"east": {"uv": [9.25, 6.875, 9.70313, 6.9375], "texture": "#3"},
				"south": {"uv": [9.125, 3.75, 9.6875, 3.8125], "texture": "#3"},
				"west": {"uv": [7, 9.25, 7.45313, 9.3125], "texture": "#3"},
				"up": {"uv": [2.6875, 7.45313, 2.125, 7], "texture": "#3"},
				"down": {"uv": [7.5625, 4.625, 7, 5.07813], "texture": "#3"}
			}
		},
		{
			"from": [6.625, 6, -11.125],
			"to": [9.375, 6.1875, -10.875],
			"rotation": {"angle": 0, "axis": "y", "origin": [7, 4.875, -19.1875]},
			"faces": {
				"north": {"uv": [9.125, 3.625, 9.6875, 3.6875], "texture": "#3"},
				"east": {"uv": [9.25, 6.875, 9.70313, 6.9375], "texture": "#3"},
				"south": {"uv": [9.125, 3.75, 9.6875, 3.8125], "texture": "#3"},
				"west": {"uv": [7, 9.25, 7.45313, 9.3125], "texture": "#3"},
				"up": {"uv": [2.6875, 7.45313, 2.125, 7], "texture": "#3"},
				"down": {"uv": [7.5625, 4.625, 7, 5.07813], "texture": "#3"}
			}
		},
		{
			"from": [6.625, 5.9375, -11.375],
			"to": [9.375, 6.125, -11.125],
			"rotation": {"angle": 0, "axis": "y", "origin": [7, 4.8125, -19.4375]},
			"faces": {
				"north": {"uv": [9.125, 3.625, 9.6875, 3.6875], "texture": "#3"},
				"east": {"uv": [9.25, 6.875, 9.70313, 6.9375], "texture": "#3"},
				"south": {"uv": [9.125, 3.75, 9.6875, 3.8125], "texture": "#3"},
				"west": {"uv": [7, 9.25, 7.45313, 9.3125], "texture": "#3"},
				"up": {"uv": [2.6875, 7.45313, 2.125, 7], "texture": "#3"},
				"down": {"uv": [7.5625, 4.625, 7, 5.07813], "texture": "#3"}
			}
		},
		{
			"from": [6.625, 5.875, -11.625],
			"to": [9.375, 6.0625, -11.375],
			"rotation": {"angle": 0, "axis": "y", "origin": [7, 4.75, -19.6875]},
			"faces": {
				"north": {"uv": [9.125, 3.625, 9.6875, 3.6875], "texture": "#3"},
				"east": {"uv": [9.25, 6.875, 9.70313, 6.9375], "texture": "#3"},
				"south": {"uv": [9.125, 3.75, 9.6875, 3.8125], "texture": "#3"},
				"west": {"uv": [7, 9.25, 7.45313, 9.3125], "texture": "#3"},
				"up": {"uv": [2.6875, 7.45313, 2.125, 7], "texture": "#3"},
				"down": {"uv": [7.5625, 4.625, 7, 5.07813], "texture": "#3"}
			}
		},
		{
			"from": [6.625, 5.8125, -11.875],
			"to": [9.375, 6, -11.625],
			"rotation": {"angle": 0, "axis": "y", "origin": [7, 4.6875, -19.9375]},
			"faces": {
				"north": {"uv": [9.125, 3.625, 9.6875, 3.6875], "texture": "#3"},
				"east": {"uv": [9.25, 6.875, 9.70313, 6.9375], "texture": "#3"},
				"south": {"uv": [9.125, 3.75, 9.6875, 3.8125], "texture": "#3"},
				"west": {"uv": [7, 9.25, 7.45313, 9.3125], "texture": "#3"},
				"up": {"uv": [2.6875, 7.45313, 2.125, 7], "texture": "#3"},
				"down": {"uv": [7.5625, 4.625, 7, 5.07813], "texture": "#3"}
			}
		},
		{
			"from": [6.625, 5.75, -12.125],
			"to": [9.375, 5.9375, -11.875],
			"rotation": {"angle": 0, "axis": "y", "origin": [7, 4.625, -20.1875]},
			"faces": {
				"north": {"uv": [9.125, 3.625, 9.6875, 3.6875], "texture": "#3"},
				"east": {"uv": [9.25, 6.875, 9.70313, 6.9375], "texture": "#3"},
				"south": {"uv": [9.125, 3.75, 9.6875, 3.8125], "texture": "#3"},
				"west": {"uv": [7, 9.25, 7.45313, 9.3125], "texture": "#3"},
				"up": {"uv": [2.6875, 7.45313, 2.125, 7], "texture": "#3"},
				"down": {"uv": [7.5625, 4.625, 7, 5.07813], "texture": "#3"}
			}
		},
		{
			"from": [6.625, 5.6875, -12.375],
			"to": [9.375, 5.875, -12.125],
			"rotation": {"angle": 0, "axis": "y", "origin": [7, 4.5625, -20.4375]},
			"faces": {
				"north": {"uv": [9.125, 3.625, 9.6875, 3.6875], "texture": "#3"},
				"east": {"uv": [9.25, 6.875, 9.70313, 6.9375], "texture": "#3"},
				"south": {"uv": [9.125, 3.75, 9.6875, 3.8125], "texture": "#3"},
				"west": {"uv": [7, 9.25, 7.45313, 9.3125], "texture": "#3"},
				"up": {"uv": [2.6875, 7.45313, 2.125, 7], "texture": "#3"},
				"down": {"uv": [7.5625, 4.625, 7, 5.07813], "texture": "#3"}
			}
		},
		{
			"from": [6.75, 5.625, -12.625],
			"to": [9.25, 5.8125, -12.375],
			"rotation": {"angle": 0, "axis": "y", "origin": [7, 4.5, -20.6875]},
			"faces": {
				"north": {"uv": [9.125, 3.625, 9.6875, 3.6875], "texture": "#3"},
				"east": {"uv": [9.25, 6.875, 9.70313, 6.9375], "texture": "#3"},
				"south": {"uv": [9.125, 3.75, 9.6875, 3.8125], "texture": "#3"},
				"west": {"uv": [7, 9.25, 7.45313, 9.3125], "texture": "#3"},
				"up": {"uv": [2.6875, 7.45313, 2.125, 7], "texture": "#3"},
				"down": {"uv": [7.5625, 4.625, 7, 5.07813], "texture": "#3"}
			}
		},
		{
			"from": [6.75, 5.5625, -12.875],
			"to": [9.25, 5.75, -12.625],
			"rotation": {"angle": 0, "axis": "y", "origin": [7, 4.4375, -20.9375]},
			"faces": {
				"north": {"uv": [9.125, 3.625, 9.6875, 3.6875], "texture": "#3"},
				"east": {"uv": [9.25, 6.875, 9.70313, 6.9375], "texture": "#3"},
				"south": {"uv": [9.125, 3.75, 9.6875, 3.8125], "texture": "#3"},
				"west": {"uv": [7, 9.25, 7.45313, 9.3125], "texture": "#3"},
				"up": {"uv": [2.6875, 7.45313, 2.125, 7], "texture": "#3"},
				"down": {"uv": [7.5625, 4.625, 7, 5.07813], "texture": "#3"}
			}
		},
		{
			"from": [6.75, 5.4375, -13.125],
			"to": [9.25, 5.6875, -12.875],
			"rotation": {"angle": 0, "axis": "y", "origin": [7, 4.375, -21.1875]},
			"faces": {
				"north": {"uv": [9.125, 3.625, 9.6875, 3.6875], "texture": "#3"},
				"east": {"uv": [9.25, 6.875, 9.70313, 6.9375], "texture": "#3"},
				"south": {"uv": [9.125, 3.75, 9.6875, 3.8125], "texture": "#3"},
				"west": {"uv": [7, 9.25, 7.45313, 9.3125], "texture": "#3"},
				"up": {"uv": [2.6875, 7.45313, 2.125, 7], "texture": "#3"},
				"down": {"uv": [7.5625, 4.625, 7, 5.07813], "texture": "#3"}
			}
		},
		{
			"from": [6.875, 5.375, -13.375],
			"to": [9.125, 5.625, -13.125],
			"rotation": {"angle": 0, "axis": "y", "origin": [7, 4.25, -21.4375]},
			"faces": {
				"north": {"uv": [9.125, 3.625, 9.6875, 3.6875], "texture": "#3"},
				"east": {"uv": [9.25, 6.875, 9.70313, 6.9375], "texture": "#3"},
				"south": {"uv": [9.125, 3.75, 9.6875, 3.8125], "texture": "#3"},
				"west": {"uv": [7, 9.25, 7.45313, 9.3125], "texture": "#3"},
				"up": {"uv": [2.6875, 7.45313, 2.125, 7], "texture": "#3"},
				"down": {"uv": [7.5625, 4.625, 7, 5.07813], "texture": "#3"}
			}
		},
		{
			"from": [7, 5.3125, -13.625],
			"to": [9, 5.5625, -13.375],
			"rotation": {"angle": 0, "axis": "y", "origin": [7, 4.1875, -21.6875]},
			"faces": {
				"north": {"uv": [9.125, 3.625, 9.6875, 3.6875], "texture": "#3"},
				"east": {"uv": [9.25, 6.875, 9.70313, 6.9375], "texture": "#3"},
				"south": {"uv": [9.125, 3.75, 9.6875, 3.8125], "texture": "#3"},
				"west": {"uv": [7, 9.25, 7.45313, 9.3125], "texture": "#3"},
				"up": {"uv": [2.6875, 7.45313, 2.125, 7], "texture": "#3"},
				"down": {"uv": [7.5625, 4.625, 7, 5.07813], "texture": "#3"}
			}
		},
		{
			"from": [7, 5.125, -13.875],
			"to": [9, 5.375, -13.625],
			"rotation": {"angle": 0, "axis": "y", "origin": [7, 4, -21.9375]},
			"faces": {
				"north": {"uv": [9.125, 3.625, 9.6875, 3.6875], "texture": "#3"},
				"east": {"uv": [9.25, 6.875, 9.70313, 6.9375], "texture": "#3"},
				"south": {"uv": [9.125, 3.75, 9.6875, 3.8125], "texture": "#3"},
				"west": {"uv": [7, 9.25, 7.45313, 9.3125], "texture": "#3"},
				"up": {"uv": [2.6875, 7.45313, 2.125, 7], "texture": "#3"},
				"down": {"uv": [7.5625, 4.625, 7, 5.07813], "texture": "#3"}
			}
		},
		{
			"from": [6, 6.3125, -10],
			"to": [10, 6.5625, -7.375],
			"rotation": {"angle": 0, "axis": "y", "origin": [7, 5, -18.6875]},
			"faces": {
				"north": {"uv": [9.125, 3.625, 9.6875, 3.6875], "texture": "#3"},
				"east": {"uv": [9.25, 6.875, 9.70313, 6.9375], "texture": "#3"},
				"south": {"uv": [9.125, 3.75, 9.6875, 3.8125], "texture": "#3"},
				"west": {"uv": [7, 9.25, 7.45313, 9.3125], "texture": "#3"},
				"up": {"uv": [2.6875, 7.45313, 2.125, 7], "texture": "#3"},
				"down": {"uv": [7.5625, 4.625, 7, 5.07813], "texture": "#3"}
			}
		},
		{
			"from": [6.25, 6.25, -9.5625],
			"to": [9.75, 6.75, 14.5625],
			"rotation": {"angle": 0, "axis": "y", "origin": [7, 5.4375, -18.6875]},
			"faces": {
				"north": {"uv": [9.75, 0.875, 10.21875, 0.90625], "texture": "#3"},
				"east": {"uv": [8.25, 0.25, 11.375, 0.28125], "texture": "#3"},
				"south": {"uv": [1, 9.75, 1.46875, 9.78125], "texture": "#3"},
				"west": {"uv": [8.375, 7.125, 11.5, 7.15625], "texture": "#3"},
				"up": {"uv": [0.46875, 6.375, 0, 3.25], "texture": "#3"},
				"down": {"uv": [3.71875, 0, 3.25, 3.125], "texture": "#3"}
			}
		},
		{
			"from": [6.75, 6.375, -9.375],
			"to": [9.25, 7.1875, 16.625],
			"rotation": {"angle": 0, "axis": "y", "origin": [7, 5.4375, -18.6875]},
			"faces": {
				"north": {"uv": [9.625, 5.5, 9.9375, 5.5625], "texture": "#3"},
				"east": {"uv": [7.5, 2.5, 10.79688, 2.5625], "texture": "#3"},
				"south": {"uv": [9.625, 5.625, 9.9375, 5.6875], "texture": "#3"},
				"west": {"uv": [7.5, 4, 10.79688, 4.0625], "texture": "#3"},
				"up": {"uv": [0.8125, 6.54688, 0.5, 3.25], "texture": "#3"},
				"down": {"uv": [1.1875, 3.25, 0.875, 6.54688], "texture": "#3"}
			}
		},
		{
			"from": [6.8125, 6.9375, -6.625],
			"to": [9.1875, 7.625, 13.5],
			"rotation": {"angle": 0, "axis": "y", "origin": [7, 5.625, -18.6875]},
			"faces": {
				"north": {"uv": [6.125, 3, 6.42188, 3.09375], "texture": "#3"},
				"east": {"uv": [6.875, 2.625, 9.6875, 2.71875], "texture": "#3"},
				"south": {"uv": [6.5, 4, 6.79688, 4.09375], "texture": "#3"},
				"west": {"uv": [6.875, 2.75, 9.6875, 2.84375], "texture": "#3"},
				"up": {"uv": [3.54688, 7.8125, 3.25, 5], "texture": "#3"},
				"down": {"uv": [3.92188, 5, 3.625, 7.8125], "texture": "#3"}
			}
		},
		{
			"from": [6.1875, 6.125, 14.5625],
			"to": [9.8125, 6.6875, 21.4375],
			"rotation": {"angle": 0, "axis": "y", "origin": [7, 5.4375, -18.6875]},
			"faces": {
				"north": {"uv": [9.125, 3, 9.57813, 3.07813], "texture": "#3"},
				"east": {"uv": [8.75, 3.375, 9.60938, 3.45313], "texture": "#3"},
				"south": {"uv": [9.125, 3.125, 9.57813, 3.20313], "texture": "#3"},
				"west": {"uv": [8.75, 3.5, 9.60938, 3.57813], "texture": "#3"},
				"up": {"uv": [6.57813, 0.85938, 6.125, 0], "texture": "#3"},
				"down": {"uv": [6.57813, 0.875, 6.125, 1.73438], "texture": "#3"}
			}
		},
		{
			"from": [7.25, 6.125, 21.4375],
			"to": [8.75, 6.6875, 28.0625],
			"rotation": {"angle": 0, "axis": "y", "origin": [7, 5.4375, -11.8125]},
			"faces": {
				"north": {"uv": [4.75, 8.5, 4.9375, 8.57813], "texture": "#3"},
				"east": {"uv": [9, 2.25, 9.82813, 2.32813], "texture": "#3"},
				"south": {"uv": [6.125, 8.5, 6.3125, 8.57813], "texture": "#3"},
				"west": {"uv": [2.375, 9, 3.20313, 9.07813], "texture": "#3"},
				"up": {"uv": [4.6875, 5.82813, 4.5, 5], "texture": "#3"},
				"down": {"uv": [4.0625, 8, 3.875, 8.82813], "texture": "#3"}
			}
		},
		{
			"from": [5.3125, 1.75, -11.4375],
			"to": [10.6875, 6.0625, -9.75],
			"rotation": {"angle": 0, "axis": "y", "origin": [7, 0.4375, -26.75]},
			"faces": {
				"north": {"uv": [6.125, 1.75, 6.79688, 2.29688], "texture": "#3"},
				"east": {"uv": [4.125, 8, 4.39063, 8.54688], "texture": "#3"},
				"south": {"uv": [6.125, 2.375, 6.79688, 2.92188], "texture": "#3"},
				"west": {"uv": [6.375, 8, 6.64063, 8.54688], "texture": "#3"},
				"up": {"uv": [7.54688, 7.89063, 6.875, 7.625], "texture": "#3"},
				"down": {"uv": [8.29688, 6.875, 7.625, 7.14063], "texture": "#3"}
			}
		},
		{
			"from": [5.6875, 1.8125, -11.9375],
			"to": [10.3125, 5.9375, -11.375],
			"rotation": {"angle": 0, "axis": "y", "origin": [7, 0.625, -27.125]},
			"faces": {
				"north": {"uv": [6.25, 5.625, 6.82813, 6.14063], "texture": "#3"},
				"east": {"uv": [5.25, 9.375, 5.29688, 9.89063], "texture": "#3"},
				"south": {"uv": [6.25, 6.25, 6.82813, 6.76563], "texture": "#3"},
				"west": {"uv": [5.375, 9.375, 5.42188, 9.89063], "texture": "#3"},
				"up": {"uv": [0.82813, 9.42188, 0.25, 9.375], "texture": "#3"},
				"down": {"uv": [9.95313, 1.25, 9.375, 1.29688], "texture": "#3"}
			}
		},
		{
			"from": [5.6875, 1.875, -12.3125],
			"to": [10.3125, 5.8125, -11.9375],
			"rotation": {"angle": 0, "axis": "y", "origin": [7, 0.6875, -27.1875]},
			"faces": {
				"north": {"uv": [6.875, 6.125, 7.45313, 6.59375], "texture": "#3"},
				"east": {"uv": [6.5, 9.375, 6.54688, 9.84375], "texture": "#3"},
				"south": {"uv": [6.5, 6.875, 7.07813, 7.34375], "texture": "#3"},
				"west": {"uv": [0.75, 9.5, 0.79688, 9.96875], "texture": "#3"},
				"up": {"uv": [2.07813, 9.42188, 1.5, 9.375], "texture": "#3"},
				"down": {"uv": [9.95313, 2, 9.375, 2.04688], "texture": "#3"}
			}
		},
		{
			"from": [5.8125, 2, -12.6875],
			"to": [10.1875, 5.6875, -12.3125],
			"rotation": {"angle": 0, "axis": "y", "origin": [7, 0.6875, -27.5625]},
			"faces": {
				"north": {"uv": [7.125, 3.5, 7.67188, 3.90625], "texture": "#3"},
				"east": {"uv": [6.625, 9.5, 6.67188, 9.90625], "texture": "#3"},
				"south": {"uv": [4.5, 7.125, 5.04688, 7.53125], "texture": "#3"},
				"west": {"uv": [6.75, 9.5, 6.79688, 9.90625], "texture": "#3"},
				"up": {"uv": [9.92188, 2.17188, 9.375, 2.125], "texture": "#3"},
				"down": {"uv": [2.92188, 9.375, 2.375, 9.42188], "texture": "#3"}
			}
		},
		{
			"from": [6.125, 2.0625, -13.0625],
			"to": [9.875, 5.5625, -12.6875],
			"rotation": {"angle": 0, "axis": "y", "origin": [7, 0.6875, -27.9375]},
			"faces": {
				"north": {"uv": [7.75, 0, 8.21875, 0.35938], "texture": "#3"},
				"east": {"uv": [9.625, 7.75, 9.67188, 8.10938], "texture": "#3"},
				"south": {"uv": [7.75, 3.5, 8.21875, 3.85938], "texture": "#3"},
				"west": {"uv": [8.25, 9.625, 8.29688, 9.98438], "texture": "#3"},
				"up": {"uv": [9.96875, 4.67188, 9.5, 4.625], "texture": "#3"},
				"down": {"uv": [9.96875, 6.375, 9.5, 6.42188], "texture": "#3"}
			}
		},
		{
			"from": [6.25, 2.1875, -13.4375],
			"to": [9.75, 5.4375, -13.0625],
			"rotation": {"angle": 0, "axis": "y", "origin": [7, 0.6875, -28.3125]},
			"faces": {
				"north": {"uv": [6.75, 8, 7.1875, 8.32813], "texture": "#3"},
				"east": {"uv": [9.125, 9.625, 9.17188, 9.95313], "texture": "#3"},
				"south": {"uv": [0, 8.125, 0.4375, 8.45313], "texture": "#3"},
				"west": {"uv": [9.25, 9.625, 9.29688, 9.95313], "texture": "#3"},
				"up": {"uv": [9.9375, 9.42188, 9.5, 9.375], "texture": "#3"},
				"down": {"uv": [9.9375, 9.5, 9.5, 9.54688], "texture": "#3"}
			}
		},
		{
			"from": [6.375, 2.375, -13.8125],
			"to": [9.625, 5.375, -13.4375],
			"rotation": {"angle": 0, "axis": "y", "origin": [7, 0.625, -28.6875]},
			"faces": {
				"north": {"uv": [5.875, 8.125, 6.28125, 8.40625], "texture": "#3"},
				"east": {"uv": [2.25, 9.75, 2.29688, 10.03125], "texture": "#3"},
				"south": {"uv": [7.625, 8.125, 8.03125, 8.40625], "texture": "#3"},
				"west": {"uv": [2.375, 9.75, 2.42188, 10.03125], "texture": "#3"},
				"up": {"uv": [10.03125, 5.79688, 9.625, 5.75], "texture": "#3"},
				"down": {"uv": [6.40625, 9.625, 6, 9.67188], "texture": "#3"}
			}
		},
		{
			"from": [6.5, 2.8125, -14.375],
			"to": [9.5, 4.875, -14.1875],
			"rotation": {"angle": 0, "axis": "y", "origin": [7, 0.6875, -29.0625]},
			"faces": {
				"north": {"uv": [3.25, 9, 3.625, 9.17188], "texture": "#3"},
				"east": {"uv": [6.625, 10, 6.65625, 10.17188], "texture": "#3"},
				"south": {"uv": [4.125, 9, 4.5, 9.17188], "texture": "#3"},
				"west": {"uv": [10, 6.625, 10.03125, 6.79688], "texture": "#3"},
				"up": {"uv": [10.125, 3.90625, 9.75, 3.875], "texture": "#3"},
				"down": {"uv": [4.75, 9.75, 4.375, 9.78125], "texture": "#3"}
			}
		},
		{
			"from": [6.625, 3, -14.5625],
			"to": [9.375, 4.75, -14.375],
			"rotation": {"angle": 0, "axis": "y", "origin": [7, 0.6875, -29.25]},
			"faces": {
				"north": {"uv": [9, 7.75, 9.34375, 7.89063], "texture": "#3"},
				"east": {"uv": [10, 7.75, 10.03125, 7.89063], "texture": "#3"},
				"south": {"uv": [9, 8, 9.34375, 8.14063], "texture": "#3"},
				"west": {"uv": [7.875, 10, 7.90625, 10.14063], "texture": "#3"},
				"up": {"uv": [10.09375, 4.53125, 9.75, 4.5], "texture": "#3"},
				"down": {"uv": [10.09375, 5.25, 9.75, 5.28125], "texture": "#3"}
			}
		},
		{
			"from": [6.875, 3.25, -14.75],
			"to": [9.125, 4.4375, -14.5625],
			"rotation": {"angle": 0, "axis": "y", "origin": [7, 0.6875, -29.4375]},
			"faces": {
				"north": {"uv": [8.125, 5, 8.40625, 5.07813], "texture": "#3"},
				"east": {"uv": [5.75, 8.375, 5.78125, 8.45313], "texture": "#3"},
				"south": {"uv": [9.5, 6.5, 9.78125, 6.57813], "texture": "#3"},
				"west": {"uv": [7.5, 8.375, 7.53125, 8.45313], "texture": "#3"},
				"up": {"uv": [10.15625, 2.28125, 9.875, 2.25], "texture": "#3"},
				"down": {"uv": [10.15625, 3.625, 9.875, 3.65625], "texture": "#3"}
			}
		},
		{
			"from": [6.4375, 2.5625, -14.1875],
			"to": [9.5625, 5.125, -13.8125],
			"rotation": {"angle": 0, "axis": "y", "origin": [7, 0.6875, -29.0625]},
			"faces": {
				"north": {"uv": [7.5, 8.5, 7.89063, 8.73438], "texture": "#3"},
				"east": {"uv": [9.75, 5.875, 9.79688, 6.10938], "texture": "#3"},
				"south": {"uv": [8, 8.5, 8.39063, 8.73438], "texture": "#3"},
				"west": {"uv": [6, 9.75, 6.04688, 9.98438], "texture": "#3"},
				"up": {"uv": [7.64063, 9.67188, 7.25, 9.625], "texture": "#3"},
				"down": {"uv": [8.14063, 9.625, 7.75, 9.67188], "texture": "#3"}
			}
		},
		{
			"from": [5.375, 1.4375, 13.3125],
			"to": [10.625, 2.4375, 17.3125],
			"rotation": {"angle": 0, "axis": "y", "origin": [7, 0.4375, 5.3125]},
			"faces": {
				"north": {"uv": [9, 4.25, 9.5, 4.375], "texture": "#3"},
				"east": {"uv": [9, 4.375, 9.5, 4.5], "texture": "#3"},
				"south": {"uv": [4.5, 9, 5, 9.125], "texture": "#3"},
				"west": {"uv": [9, 4.625, 9.5, 4.75], "texture": "#3"},
				"up": {"uv": [4.5, 7.5, 4, 7], "texture": "#3"},
				"down": {"uv": [5.625, 7, 5.125, 7.5], "texture": "#3"}
			}
		},
		{
			"from": [5.375, 1.5625, 17.3125],
			"to": [10.625, 6.125, 17.8125],
			"rotation": {"angle": 0, "axis": "y", "origin": [7, 0.75, 9.3125]},
			"faces": {
				"north": {"uv": [0.625, 6.625, 1.125, 7.17188], "texture": "#3"},
				"east": {"uv": [8, 9, 8.0625, 9.54688], "texture": "#3"},
				"south": {"uv": [6.625, 1, 7.125, 1.54688], "texture": "#3"},
				"west": {"uv": [8.125, 9, 8.1875, 9.54688], "texture": "#3"},
				"up": {"uv": [5, 9.1875, 4.5, 9.125], "texture": "#3"},
				"down": {"uv": [1, 9.25, 0.5, 9.3125], "texture": "#3"}
			}
		},
		{
			"from": [5.375, 1.8125, 17.8125],
			"to": [10.6875, 6.125, 18.3125],
			"rotation": {"angle": 0, "axis": "y", "origin": [7, 1.375, 9.8125]},
			"faces": {
				"north": {"uv": [1.125, 7, 1.625, 7.53125], "texture": "#3"},
				"east": {"uv": [1.25, 9.125, 1.3125, 9.65625], "texture": "#3"},
				"south": {"uv": [1.625, 7, 2.125, 7.53125], "texture": "#3"},
				"west": {"uv": [1.375, 9.125, 1.4375, 9.65625], "texture": "#3"},
				"up": {"uv": [9.75, 0.9375, 9.25, 0.875], "texture": "#3"},
				"down": {"uv": [9.75, 1, 9.25, 1.0625], "texture": "#3"}
			}
		},
		{
			"from": [5.5625, 1.8125, 18.3125],
			"to": [10.4375, 6.125, 18.8125],
			"rotation": {"angle": 0, "axis": "y", "origin": [7, 1.5625, 10.3125]},
			"faces": {
				"north": {"uv": [1.25, 5.25, 1.75, 5.75], "texture": "#3"},
				"east": {"uv": [3.125, 6.5, 3.1875, 7], "texture": "#3"},
				"south": {"uv": [2.75, 7, 3.25, 7.5], "texture": "#3"},
				"west": {"uv": [2, 7.625, 2.0625, 8.125], "texture": "#3"},
				"up": {"uv": [9.75, 1.1875, 9.25, 1.125], "texture": "#3"},
				"down": {"uv": [2.25, 9.25, 1.75, 9.3125], "texture": "#3"}
			}
		},
		{
			"from": [5.75, 1.9375, 18.8125],
			"to": [10.25, 6.125, 19.3125],
			"rotation": {"angle": 0, "axis": "y", "origin": [7, 1.75, 10.8125]},
			"faces": {
				"north": {"uv": [7, 5.125, 7.5, 5.60938], "texture": "#3"},
				"east": {"uv": [8.25, 9.125, 8.3125, 9.60938], "texture": "#3"},
				"south": {"uv": [0, 7.125, 0.5, 7.60938], "texture": "#3"},
				"west": {"uv": [8.375, 9.125, 8.4375, 9.60938], "texture": "#3"},
				"up": {"uv": [3.625, 9.3125, 3.125, 9.25], "texture": "#3"},
				"down": {"uv": [4.125, 9.25, 3.625, 9.3125], "texture": "#3"}
			}
		},
		{
			"from": [6, 2.6875, 20.8125],
			"to": [10, 6.125, 21.3125],
			"rotation": {"angle": 0, "axis": "y", "origin": [7, 2.4375, 12.8125]},
			"faces": {
				"north": {"uv": [7.625, 1, 8.125, 1.39063], "texture": "#3"},
				"east": {"uv": [3, 9.375, 3.0625, 9.76563], "texture": "#3"},
				"south": {"uv": [1.5, 7.625, 2, 8.01563], "texture": "#3"},
				"west": {"uv": [3.125, 9.375, 3.1875, 9.76563], "texture": "#3"},
				"up": {"uv": [9.75, 3.9375, 9.25, 3.875], "texture": "#3"},
				"down": {"uv": [4.625, 9.25, 4.125, 9.3125], "texture": "#3"}
			}
		},
		{
			"from": [6, 2.8125, 21.3125],
			"to": [10, 6.125, 21.8125],
			"rotation": {"angle": 0, "axis": "y", "origin": [7, 2.125, 13.3125]},
			"faces": {
				"north": {"uv": [7.5, 4.125, 8, 4.5], "texture": "#3"},
				"east": {"uv": [6.125, 4.625, 6.1875, 5], "texture": "#3"},
				"south": {"uv": [6.375, 7.625, 6.875, 8], "texture": "#3"},
				"west": {"uv": [1.125, 6.625, 1.1875, 7], "texture": "#3"},
				"up": {"uv": [5.125, 9.3125, 4.625, 9.25], "texture": "#3"},
				"down": {"uv": [5.625, 9.25, 5.125, 9.3125], "texture": "#3"}
			}
		},
		{
			"from": [6.125, 3, 21.8125],
			"to": [9.875, 6.125, 22.3125],
			"rotation": {"angle": 0, "axis": "y", "origin": [7, 2.75, 13.8125]},
			"faces": {
				"north": {"uv": [8, 1.875, 8.45313, 2.23438], "texture": "#3"},
				"east": {"uv": [5.125, 6.625, 5.1875, 6.98438], "texture": "#3"},
				"south": {"uv": [2.375, 8, 2.82813, 8.35938], "texture": "#3"},
				"west": {"uv": [1, 7.25, 1.0625, 7.60938], "texture": "#3"},
				"up": {"uv": [9.70313, 7.0625, 9.25, 7], "texture": "#3"},
				"down": {"uv": [9.70313, 7.375, 9.25, 7.4375], "texture": "#3"}
			}
		},
		{
			"from": [6.25, 3.1875, 22.3125],
			"to": [9.75, 6.125, 22.8125],
			"rotation": {"angle": 0, "axis": "y", "origin": [7, 2.9375, 14.3125]},
			"faces": {
				"north": {"uv": [8, 5.875, 8.45313, 6.20313], "texture": "#3"},
				"east": {"uv": [5, 7.625, 5.0625, 7.95313], "texture": "#3"},
				"south": {"uv": [8, 6.25, 8.45313, 6.57813], "texture": "#3"},
				"west": {"uv": [5.5, 8, 5.5625, 8.32813], "texture": "#3"},
				"up": {"uv": [7.95313, 9.3125, 7.5, 9.25], "texture": "#3"},
				"down": {"uv": [9.70313, 7.5, 9.25, 7.5625], "texture": "#3"}
			}
		},
		{
			"from": [6.3125, 3.375, 22.8125],
			"to": [9.6875, 6.125, 23.3125],
			"rotation": {"angle": 0, "axis": "y", "origin": [7, 3.125, 14.8125]},
			"faces": {
				"north": {"uv": [1, 8.125, 1.45313, 8.4375], "texture": "#3"},
				"east": {"uv": [2, 9.5, 2.0625, 9.8125], "texture": "#3"},
				"south": {"uv": [8.125, 1, 8.57813, 1.3125], "texture": "#3"},
				"west": {"uv": [2.875, 9.5, 2.9375, 9.8125], "texture": "#3"},
				"up": {"uv": [8.95313, 9.3125, 8.5, 9.25], "texture": "#3"},
				"down": {"uv": [9.45313, 9.25, 9, 9.3125], "texture": "#3"}
			}
		},
		{
			"from": [6.8125, 4.1875, 24.8125],
			"to": [9.1875, 6.125, 25.3125],
			"rotation": {"angle": 0, "axis": "y", "origin": [7, 3.8125, 16.8125]},
			"faces": {
				"north": {"uv": [8.75, 0, 9.07813, 0.21875], "texture": "#3"},
				"east": {"uv": [9.75, 1, 9.8125, 1.21875], "texture": "#3"},
				"south": {"uv": [0.875, 8.75, 1.20313, 8.96875], "texture": "#3"},
				"west": {"uv": [1.5, 9.75, 1.5625, 9.96875], "texture": "#3"},
				"up": {"uv": [9.95313, 1.4375, 9.625, 1.375], "texture": "#3"},
				"down": {"uv": [9.95313, 3, 9.625, 3.0625], "texture": "#3"}
			}
		},
		{
			"from": [6.8125, 4, 24.3125],
			"to": [9.1875, 6.125, 24.8125],
			"rotation": {"angle": 0, "axis": "y", "origin": [7, 3.625, 16.3125]},
			"faces": {
				"north": {"uv": [8.625, 7.375, 8.95313, 7.625], "texture": "#3"},
				"east": {"uv": [6, 8.75, 6.0625, 9], "texture": "#3"},
				"south": {"uv": [8.625, 8.125, 8.95313, 8.375], "texture": "#3"},
				"west": {"uv": [9, 9.625, 9.0625, 9.875], "texture": "#3"},
				"up": {"uv": [9.95313, 3.1875, 9.625, 3.125], "texture": "#3"},
				"down": {"uv": [9.95313, 3.25, 9.625, 3.3125], "texture": "#3"}
			}
		},
		{
			"from": [6.5625, 3.8125, 23.8125],
			"to": [9.4375, 6.125, 24.3125],
			"rotation": {"angle": 0, "axis": "y", "origin": [7, 3.4375, 15.8125]},
			"faces": {
				"north": {"uv": [8.5, 4.125, 8.89063, 4.39063], "texture": "#3"},
				"east": {"uv": [8.375, 9.625, 8.4375, 9.89063], "texture": "#3"},
				"south": {"uv": [8.5, 5, 8.89063, 5.26563], "texture": "#3"},
				"west": {"uv": [8.5, 9.625, 8.5625, 9.89063], "texture": "#3"},
				"up": {"uv": [3.64063, 9.4375, 3.25, 9.375], "texture": "#3"},
				"down": {"uv": [4.14063, 9.375, 3.75, 9.4375], "texture": "#3"}
			}
		},
		{
			"from": [6.5625, 3.5, 23.3125],
			"to": [9.4375, 6.125, 23.8125],
			"rotation": {"angle": 0, "axis": "y", "origin": [7, 2.8125, 15.3125]},
			"faces": {
				"north": {"uv": [4.5, 8.125, 4.89063, 8.42188], "texture": "#3"},
				"east": {"uv": [7, 9.625, 7.0625, 9.92188], "texture": "#3"},
				"south": {"uv": [8.125, 4.625, 8.51563, 4.92188], "texture": "#3"},
				"west": {"uv": [7.125, 9.625, 7.1875, 9.92188], "texture": "#3"},
				"up": {"uv": [4.64063, 9.4375, 4.25, 9.375], "texture": "#3"},
				"down": {"uv": [5.14063, 9.375, 4.75, 9.4375], "texture": "#3"}
			}
		},
		{
			"from": [7.3125, 5.125, 26.75],
			"to": [8.6875, 6.125, 27.25],
			"rotation": {"angle": 0, "axis": "y", "origin": [7, 4.5625, 18.75]},
			"faces": {
				"north": {"uv": [6.625, 1.625, 6.82813, 1.75], "texture": "#3"},
				"east": {"uv": [0.5, 7.125, 0.5625, 7.25], "texture": "#3"},
				"south": {"uv": [7.125, 1.5, 7.32813, 1.625], "texture": "#3"},
				"west": {"uv": [7.375, 1.5, 7.4375, 1.625], "texture": "#3"},
				"up": {"uv": [5.95313, 9.1875, 5.75, 9.125], "texture": "#3"},
				"down": {"uv": [5.20313, 9.5, 5, 9.5625], "texture": "#3"}
			}
		},
		{
			"from": [7.0625, 4.9375, 26.25],
			"to": [8.9375, 6.125, 26.75],
			"rotation": {"angle": 0, "axis": "y", "origin": [7, 4.375, 18.25]},
			"faces": {
				"north": {"uv": [2.375, 9.125, 2.64063, 9.28125], "texture": "#3"},
				"east": {"uv": [3.375, 9.875, 3.4375, 10.03125], "texture": "#3"},
				"south": {"uv": [2.75, 9.125, 3.01563, 9.28125], "texture": "#3"},
				"west": {"uv": [3.5, 9.875, 3.5625, 10.03125], "texture": "#3"},
				"up": {"uv": [9.89063, 8.1875, 9.625, 8.125], "texture": "#3"},
				"down": {"uv": [9.89063, 8.375, 9.625, 8.4375], "texture": "#3"}
			}
		},
		{
			"from": [7.0625, 4.75, 25.75],
			"to": [8.9375, 6.125, 26.25],
			"rotation": {"angle": 0, "axis": "y", "origin": [7, 4.1875, 17.75]},
			"faces": {
				"north": {"uv": [9.125, 1.5, 9.39063, 1.67188], "texture": "#3"},
				"east": {"uv": [6.125, 9.75, 6.1875, 9.92188], "texture": "#3"},
				"south": {"uv": [9.125, 1.75, 9.39063, 1.92188], "texture": "#3"},
				"west": {"uv": [9.75, 6.125, 9.8125, 6.29688], "texture": "#3"},
				"up": {"uv": [9.89063, 8.5625, 9.625, 8.5], "texture": "#3"},
				"down": {"uv": [8.89063, 9.625, 8.625, 9.6875], "texture": "#3"}
			}
		},
		{
			"from": [6.8125, 4.4375, 25.25],
			"to": [9.1875, 6.125, 25.75],
			"rotation": {"angle": 0, "axis": "y", "origin": [7, 3.5625, 17.25]},
			"faces": {
				"north": {"uv": [3.5, 8.75, 3.82813, 8.95313], "texture": "#3"},
				"east": {"uv": [2.5, 9.75, 2.5625, 9.95313], "texture": "#3"},
				"south": {"uv": [8.75, 3.625, 9.07813, 3.82813], "texture": "#3"},
				"west": {"uv": [2.625, 9.75, 2.6875, 9.95313], "texture": "#3"},
				"up": {"uv": [9.95313, 3.4375, 9.625, 3.375], "texture": "#3"},
				"down": {"uv": [9.95313, 3.5, 9.625, 3.5625], "texture": "#3"}
			}
		},
		{
			"from": [5.9375, 2.5625, 20.3125],
			"to": [10.0625, 6.125, 20.8125],
			"rotation": {"angle": 0, "axis": "y", "origin": [7, 2.25, 12.3125]},
			"faces": {
				"north": {"uv": [7.5, 1.5, 8, 1.92188], "texture": "#3"},
				"east": {"uv": [0.875, 9.375, 0.9375, 9.79688], "texture": "#3"},
				"south": {"uv": [7.5, 2, 8, 2.42188], "texture": "#3"},
				"west": {"uv": [2.125, 9.375, 2.1875, 9.79688], "texture": "#3"},
				"up": {"uv": [6.125, 9.3125, 5.625, 9.25], "texture": "#3"},
				"down": {"uv": [9.75, 5.875, 9.25, 5.9375], "texture": "#3"}
			}
		},
		{
			"from": [5.875, 2.375, 19.8125],
			"to": [10.125, 6.125, 20.3125],
			"rotation": {"angle": 0, "axis": "y", "origin": [7, 2.0625, 11.8125]},
			"faces": {
				"north": {"uv": [7.125, 6.875, 7.625, 7.3125], "texture": "#3"},
				"east": {"uv": [0, 9.375, 0.0625, 9.8125], "texture": "#3"},
				"south": {"uv": [7.25, 0, 7.75, 0.4375], "texture": "#3"},
				"west": {"uv": [0.125, 9.375, 0.1875, 9.8125], "texture": "#3"},
				"up": {"uv": [9.75, 6.0625, 9.25, 6], "texture": "#3"},
				"down": {"uv": [6.625, 9.25, 6.125, 9.3125], "texture": "#3"}
			}
		},
		{
			"from": [5.75, 2.125, 19.3125],
			"to": [10.25, 6.125, 19.8125],
			"rotation": {"angle": 0, "axis": "y", "origin": [7, 1.4375, 11.3125]},
			"faces": {
				"north": {"uv": [7.125, 1, 7.625, 1.46875], "texture": "#3"},
				"east": {"uv": [2.25, 9.25, 2.3125, 9.71875], "texture": "#3"},
				"south": {"uv": [7.125, 3, 7.625, 3.46875], "texture": "#3"},
				"west": {"uv": [6.875, 9.25, 6.9375, 9.71875], "texture": "#3"},
				"up": {"uv": [9.75, 6.1875, 9.25, 6.125], "texture": "#3"},
				"down": {"uv": [9.75, 6.25, 9.25, 6.3125], "texture": "#3"}
			}
		},
		{
			"from": [13.5, 6.8125, 0.625],
			"to": [25, 7.375, 6.875],
			"rotation": {"angle": -22.5, "axis": "y", "origin": [16.9375, 7.3125, 2.8125]},
			"faces": {
				"north": {"uv": [8.125, 1.375, 9.5625, 1.45313], "texture": "#3"},
				"east": {"uv": [9, 5, 9.78125, 5.07813], "texture": "#3"},
				"south": {"uv": [8.125, 3.25, 9.5625, 3.32813], "texture": "#3"},
				"west": {"uv": [9, 5.125, 9.78125, 5.20313], "texture": "#3"},
				"up": {"uv": [5.1875, 2.53125, 3.75, 1.75], "texture": "#3"},
				"down": {"uv": [4.6875, 4.125, 3.25, 4.90625], "texture": "#3"}
			}
		},
		{
			"from": [6.8125, 0.1875, -6.9375],
			"to": [7.0625, 1.4375, -6.3125],
			"rotation": {"angle": 0, "axis": "y", "origin": [8.25, 0.4375, -16.6875]},
			"faces": {
				"north": {"uv": [7.125, 10, 7.15625, 10.15625], "texture": "#3"},
				"east": {"uv": [3.75, 9.75, 3.82813, 9.90625], "texture": "#3"},
				"south": {"uv": [7.375, 10, 7.40625, 10.15625], "texture": "#3"},
				"west": {"uv": [3.875, 9.75, 3.95313, 9.90625], "texture": "#3"},
				"up": {"uv": [1.78125, 8.57813, 1.75, 8.5], "texture": "#3"},
				"down": {"uv": [0.90625, 8.625, 0.875, 8.70313], "texture": "#3"}
			}
		},
		{
			"from": [5.1875, 2.25, 14.5],
			"to": [10.8125, 6.125, 17.9375],
			"rotation": {"angle": 0, "axis": "y", "origin": [9, 0.4375, 5.3125]},
			"faces": {
				"north": {"uv": [6.5, 3, 7.125, 3.46875], "texture": "#3"},
				"east": {"uv": [7.5, 5.625, 7.9375, 6.09375], "texture": "#3"},
				"south": {"uv": [6.5, 3.5, 7.125, 3.96875], "texture": "#3"},
				"west": {"uv": [7.5, 6.125, 7.9375, 6.59375], "texture": "#3"},
				"up": {"uv": [7.5, 2.5625, 6.875, 2.125], "texture": "#3"},
				"down": {"uv": [7.5, 4, 6.875, 4.4375], "texture": "#3"}
			}
		},
		{
			"from": [7.625, 6.8125, -1.875],
			"to": [14.0625, 7.8125, 5.125],
			"rotation": {"angle": -22.5, "axis": "y", "origin": [11, 7.4375, 0.3125]},
			"faces": {
				"north": {"uv": [8.625, 0.625, 9.4375, 0.73438], "texture": "#3"},
				"east": {"uv": [8.5, 5.625, 9.375, 5.73438], "texture": "#3"},
				"south": {"uv": [8.625, 0.75, 9.4375, 0.85938], "texture": "#3"},
				"west": {"uv": [8.5, 5.75, 9.375, 5.85938], "texture": "#3"},
				"up": {"uv": [6.0625, 2.625, 5.25, 1.75], "texture": "#3"},
				"down": {"uv": [6.0625, 4.125, 5.25, 5], "texture": "#3"}
			}
		},
		{
			"from": [1.9375, 6.8125, -1.875],
			"to": [8.375, 7.8125, 5.125],
			"rotation": {"angle": 22.5, "axis": "y", "origin": [5, 7.4375, 0.3125]},
			"faces": {
				"north": {"uv": [8.5, 8.5, 9.3125, 8.60938], "texture": "#3"},
				"east": {"uv": [8.5, 5.375, 9.375, 5.48438], "texture": "#3"},
				"south": {"uv": [8.625, 0.5, 9.4375, 0.60938], "texture": "#3"},
				"west": {"uv": [8.5, 5.5, 9.375, 5.60938], "texture": "#3"},
				"up": {"uv": [6.0625, 0.875, 5.25, 0], "texture": "#3"},
				"down": {"uv": [6.0625, 0.875, 5.25, 1.75], "texture": "#3"}
			}
		},
		{
			"from": [-9, 6.8125, 0.625],
			"to": [2.5, 7.375, 6.875],
			"rotation": {"angle": 22.5, "axis": "y", "origin": [-0.9375, 7.3125, 2.8125]},
			"faces": {
				"north": {"uv": [7.75, 0.375, 9.1875, 0.45313], "texture": "#3"},
				"east": {"uv": [9, 4.75, 9.78125, 4.82813], "texture": "#3"},
				"south": {"uv": [7.75, 3.875, 9.1875, 3.95313], "texture": "#3"},
				"west": {"uv": [9, 4.875, 9.78125, 4.95313], "texture": "#3"},
				"up": {"uv": [5.1875, 0.78125, 3.75, 0], "texture": "#3"},
				"down": {"uv": [5.1875, 0.875, 3.75, 1.65625], "texture": "#3"}
			}
		},
		{
			"from": [-2.998, 6.31075, 27.0415],
			"to": [0.4535, 6.574, 29.557],
			"rotation": {"angle": 22.5, "axis": "y", "origin": [0.54125, 6.54475, 28.06525]},
			"faces": {
				"north": {"uv": [9.75, 0.5, 10.23438, 0.53125], "texture": "#3"},
				"east": {"uv": [9.75, 8, 10.09375, 8.03125], "texture": "#3"},
				"south": {"uv": [9.75, 0.625, 10.23438, 0.65625], "texture": "#3"},
				"west": {"uv": [9.75, 8.25, 10.09375, 8.28125], "texture": "#3"},
				"up": {"uv": [3.85938, 8.21875, 3.375, 7.875], "texture": "#3"},
				"down": {"uv": [8.48438, 1.5, 8, 1.84375], "texture": "#3"}
			}
		},
		{
			"from": [5.16275, 6.31075, 24.20425],
			"to": [8.1755, 6.60325, 27.48025],
			"rotation": {"angle": 22.5, "axis": "y", "origin": [6.596, 6.54475, 25.228]},
			"faces": {
				"north": {"uv": [4.25, 9.625, 4.67188, 9.67188], "texture": "#3"},
				"east": {"uv": [9.5, 6.625, 9.95313, 6.67188], "texture": "#3"},
				"south": {"uv": [4.75, 9.625, 5.17188, 9.67188], "texture": "#3"},
				"west": {"uv": [9.5, 6.75, 9.95313, 6.79688], "texture": "#3"},
				"up": {"uv": [8.04688, 3.45313, 7.625, 3], "texture": "#3"},
				"down": {"uv": [4.92188, 7.625, 4.5, 8.07813], "texture": "#3"}
			}
		},
		{
			"from": [15.5465, 6.31075, 27.0415],
			"to": [18.998, 6.574, 29.557],
			"rotation": {"angle": -22.5, "axis": "y", "origin": [15.45875, 6.54475, 28.06525]},
			"faces": {
				"north": {"uv": [9.375, 9.625, 9.85938, 9.65625], "texture": "#3"},
				"east": {"uv": [9.75, 6.875, 10.09375, 6.90625], "texture": "#3"},
				"south": {"uv": [0.25, 9.75, 0.73438, 9.78125], "texture": "#3"},
				"west": {"uv": [9.75, 7, 10.09375, 7.03125], "texture": "#3"},
				"up": {"uv": [8.10938, 8.09375, 7.625, 7.75], "texture": "#3"},
				"down": {"uv": [3.35938, 7.875, 2.875, 8.21875], "texture": "#3"}
			}
		},
		{
			"from": [10.60325, 6.31075, 25.37425],
			"to": [15.98525, 6.574, 28.29925],
			"rotation": {"angle": -22.5, "axis": "y", "origin": [12.18275, 6.54475, 26.398]},
			"faces": {
				"north": {"uv": [9.5, 0.75, 10.25, 0.78125], "texture": "#3"},
				"east": {"uv": [9.75, 2.625, 10.15625, 2.65625], "texture": "#3"},
				"south": {"uv": [9.5, 2.375, 10.25, 2.40625], "texture": "#3"},
				"west": {"uv": [9.75, 2.75, 10.15625, 2.78125], "texture": "#3"},
				"up": {"uv": [6.875, 4.53125, 6.125, 4.125], "texture": "#3"},
				"down": {"uv": [5.25, 6.125, 4.5, 6.53125], "texture": "#3"}
			}
		},
		{
			"from": [7.8245, 6.31075, 24.20425],
			"to": [10.83725, 6.60325, 27.48025],
			"rotation": {"angle": -22.5, "axis": "y", "origin": [9.404, 6.54475, 25.228]},
			"faces": {
				"north": {"uv": [9.625, 5.375, 10.04688, 5.42188], "texture": "#3"},
				"east": {"uv": [9.5, 9.125, 9.95313, 9.17188], "texture": "#3"},
				"south": {"uv": [5.5, 9.625, 5.92188, 9.67188], "texture": "#3"},
				"west": {"uv": [9.5, 9.25, 9.95313, 9.29688], "texture": "#3"},
				"up": {"uv": [8.04688, 5.07813, 7.625, 4.625], "texture": "#3"},
				"down": {"uv": [6.29688, 7.625, 5.875, 8.07813], "texture": "#3"}
			}
		},
		{
			"from": [17.92475, 4.88875, 28.09225],
			"to": [18.188, 8.0715, 31.28275],
			"rotation": {"angle": 0, "axis": "y", "origin": [18.15875, 3.84475, 29.809]},
			"faces": {
				"north": {"uv": [6.25, 9.75, 6.28125, 10.09375], "texture": "#3"},
				"east": {"uv": [8, 4.125, 8.4375, 4.46875], "texture": "#3"},
				"south": {"uv": [6.375, 9.75, 6.40625, 10.09375], "texture": "#3"},
				"west": {"uv": [5, 8, 5.4375, 8.34375], "texture": "#3"},
				"up": {"uv": [9.78125, 1.9375, 9.75, 1.5], "texture": "#3"},
				"down": {"uv": [1.65625, 9.75, 1.625, 10.1875], "texture": "#3"}
			}
		},
		{
			"from": [17.92475, 8.045, 28.76725],
			"to": [18.188, 9.69025, 31.4515],
			"rotation": {"angle": 0, "axis": "y", "origin": [18.15875, 7.33225, 29.809]},
			"faces": {
				"north": {"uv": [3.625, 9.875, 3.65625, 10.1875], "texture": "#3"},
				"east": {"uv": [5.875, 6.5, 6.25, 6.8125], "texture": "#3"},
				"south": {"uv": [4.375, 9.875, 4.40625, 10.1875], "texture": "#3"},
				"west": {"uv": [2.875, 7.5, 3.25, 7.8125], "texture": "#3"},
				"up": {"uv": [4.78125, 10.125, 4.75, 9.75], "texture": "#3"},
				"down": {"uv": [4.90625, 9.75, 4.875, 10.125], "texture": "#3"}
			}
		},
		{
			"from": [-2.188, 4.88875, 28.09225],
			"to": [-1.92475, 8.0715, 31.28275],
			"rotation": {"angle": 0, "axis": "y", "origin": [-2.15875, 3.84475, 29.809]},
			"faces": {
				"north": {"uv": [6.875, 9.75, 6.90625, 10.09375], "texture": "#3"},
				"east": {"uv": [8, 5.125, 8.4375, 5.46875], "texture": "#3"},
				"south": {"uv": [7.25, 9.75, 7.28125, 10.09375], "texture": "#3"},
				"west": {"uv": [8, 5.5, 8.4375, 5.84375], "texture": "#3"},
				"up": {"uv": [1.78125, 10.1875, 1.75, 9.75], "texture": "#3"},
				"down": {"uv": [1.90625, 9.75, 1.875, 10.1875], "texture": "#3"}
			}
		},
		{
			"from": [-2.188, 5.20125, 27.46725],
			"to": [-1.92475, 7.009, 28.09225],
			"rotation": {"angle": 0, "axis": "y", "origin": [-2.15875, 3.84475, 29.809]},
			"faces": {
				"north": {"uv": [6.875, 9.75, 6.90625, 10.09375], "texture": "#3"},
				"east": {"uv": [8, 5.125, 8.4375, 5.46875], "texture": "#3"},
				"south": {"uv": [7.25, 9.75, 7.28125, 10.09375], "texture": "#3"},
				"west": {"uv": [8, 5.5, 8.4375, 5.84375], "texture": "#3"},
				"up": {"uv": [1.78125, 10.1875, 1.75, 9.75], "texture": "#3"},
				"down": {"uv": [1.90625, 9.75, 1.875, 10.1875], "texture": "#3"}
			}
		},
		{
			"from": [17.92475, 5.20125, 27.46725],
			"to": [18.188, 7.009, 28.09225],
			"rotation": {"angle": 0, "axis": "y", "origin": [18.15875, 3.84475, 29.809]},
			"faces": {
				"north": {"uv": [6.25, 9.75, 6.28125, 10.09375], "texture": "#3"},
				"east": {"uv": [8, 4.125, 8.4375, 4.46875], "texture": "#3"},
				"south": {"uv": [6.375, 9.75, 6.40625, 10.09375], "texture": "#3"},
				"west": {"uv": [5, 8, 5.4375, 8.34375], "texture": "#3"},
				"up": {"uv": [9.78125, 1.9375, 9.75, 1.5], "texture": "#3"},
				"down": {"uv": [1.65625, 9.75, 1.625, 10.1875], "texture": "#3"}
			}
		},
		{
			"from": [17.92475, 9.67, 29.21725],
			"to": [18.188, 11.209, 31.54375],
			"rotation": {"angle": 0, "axis": "y", "origin": [18.15875, 10.03225, 29.809]},
			"faces": {
				"north": {"uv": [6, 10, 6.03125, 10.21875], "texture": "#3"},
				"east": {"uv": [8.75, 1.5, 9.07813, 1.71875], "texture": "#3"},
				"south": {"uv": [6.125, 10, 6.15625, 10.21875], "texture": "#3"},
				"west": {"uv": [8.75, 1.75, 9.07813, 1.96875], "texture": "#3"},
				"up": {"uv": [2.90625, 10.20313, 2.875, 9.875], "texture": "#3"},
				"down": {"uv": [3.03125, 9.875, 3, 10.20313], "texture": "#3"}
			}
		},
		{
			"from": [-2.188, 8.045, 28.76725],
			"to": [-1.92475, 9.69025, 31.4515],
			"rotation": {"angle": 0, "axis": "y", "origin": [-2.15875, 7.33225, 29.809]},
			"faces": {
				"north": {"uv": [4.5, 9.875, 4.53125, 10.1875], "texture": "#3"},
				"east": {"uv": [7.25, 8, 7.625, 8.3125], "texture": "#3"},
				"south": {"uv": [4.625, 9.875, 4.65625, 10.1875], "texture": "#3"},
				"west": {"uv": [1.5, 8.125, 1.875, 8.4375], "texture": "#3"},
				"up": {"uv": [5.78125, 10.125, 5.75, 9.75], "texture": "#3"},
				"down": {"uv": [5.90625, 9.75, 5.875, 10.125], "texture": "#3"}
			}
		},
		{
			"from": [-2.188, 9.67, 29.21725],
			"to": [-1.92475, 11.209, 31.54375],
			"rotation": {"angle": 0, "axis": "y", "origin": [-2.15875, 10.03225, 29.809]},
			"faces": {
				"north": {"uv": [10, 6.125, 10.03125, 6.34375], "texture": "#3"},
				"east": {"uv": [2.75, 8.75, 3.07813, 8.96875], "texture": "#3"},
				"south": {"uv": [10, 6.375, 10.03125, 6.59375], "texture": "#3"},
				"west": {"uv": [3.125, 8.75, 3.45313, 8.96875], "texture": "#3"},
				"up": {"uv": [3.15625, 10.20313, 3.125, 9.875], "texture": "#3"},
				"down": {"uv": [3.28125, 9.875, 3.25, 10.20313], "texture": "#3"}
			}
		},
		{
			"from": [-16, 6.8125, 4.9375],
			"to": [-8.125, 7.1875, 9.5625],
			"rotation": {"angle": 22.5, "axis": "y", "origin": [-7.9375, 7.3125, 6.375]},
			"faces": {
				"north": {"uv": [9.125, 0, 10.10938, 0.04688], "texture": "#3"},
				"east": {"uv": [9.125, 9, 9.79688, 9.04688], "texture": "#3"},
				"south": {"uv": [9.125, 0.125, 10.10938, 0.17188], "texture": "#3"},
				"west": {"uv": [9.25, 0.375, 9.92188, 0.42188], "texture": "#3"},
				"up": {"uv": [3.23438, 6.42188, 2.25, 5.75], "texture": "#3"},
				"down": {"uv": [6.23438, 5.75, 5.25, 6.42188], "texture": "#3"}
			}
		},
		{
			"from": [-0.12937, 4.63813, 0.40563],
			"to": [1.69938, 6.46688, 4.00313],
			"rotation": {"angle": 0, "axis": "y", "origin": [0.015, 5.45625, -13.02125]},
			"faces": {
				"north": {"uv": [7.5, 9, 7.73438, 9.23438], "texture": "#3"},
				"east": {"uv": [8.5, 2, 8.95313, 2.23438], "texture": "#3"},
				"south": {"uv": [7.75, 9, 7.98438, 9.23438], "texture": "#3"},
				"west": {"uv": [2.875, 8.5, 3.32813, 8.73438], "texture": "#3"},
				"up": {"uv": [8.73438, 3.82813, 8.5, 3.375], "texture": "#3"},
				"down": {"uv": [4.73438, 8.5, 4.5, 8.95313], "texture": "#3"}
			}
		},
		{
			"from": [7.0625, 0.1875, -6.9375],
			"to": [7.3125, 1.4375, -6.3125],
			"rotation": {"angle": 0, "axis": "y", "origin": [8.5, 0.4375, -16.6875]},
			"faces": {
				"north": {"uv": [10, 7.375, 10.03125, 7.53125], "texture": "#3"},
				"east": {"uv": [4, 9.75, 4.07813, 9.90625], "texture": "#3"},
				"south": {"uv": [7.5, 10, 7.53125, 10.15625], "texture": "#3"},
				"west": {"uv": [4.125, 9.75, 4.20313, 9.90625], "texture": "#3"},
				"up": {"uv": [2.78125, 8.70313, 2.75, 8.625], "texture": "#3"},
				"down": {"uv": [3.15625, 9.125, 3.125, 9.20313], "texture": "#3"}
			}
		},
		{
			"from": [10.375, 0, 10.5],
			"to": [10.875, 1.3125, 11.625],
			"rotation": {"angle": 0, "axis": "y", "origin": [9.3125, 0.3125, 1]},
			"faces": {
				"north": {"uv": [7.375, 9.75, 7.4375, 9.92188], "texture": "#3"},
				"east": {"uv": [9.375, 5.375, 9.51563, 5.54688], "texture": "#3"},
				"south": {"uv": [9.75, 7.375, 9.8125, 7.54688], "texture": "#3"},
				"west": {"uv": [5.5, 9.375, 5.64063, 9.54688], "texture": "#3"},
				"up": {"uv": [9.9375, 4.26563, 9.875, 4.125], "texture": "#3"},
				"down": {"uv": [9.9375, 4.75, 9.875, 4.89063], "texture": "#3"}
			}
		},
		{
			"from": [0.01475, 6.31075, 25.37425],
			"to": [5.39675, 6.574, 28.29925],
			"rotation": {"angle": 22.5, "axis": "y", "origin": [3.81725, 6.54475, 26.398]},
			"faces": {
				"north": {"uv": [4.25, 9.5, 5, 9.53125], "texture": "#3"},
				"east": {"uv": [9.75, 2.875, 10.15625, 2.90625], "texture": "#3"},
				"south": {"uv": [9.5, 4.375, 10.25, 4.40625], "texture": "#3"},
				"west": {"uv": [3.25, 9.75, 3.65625, 9.78125], "texture": "#3"},
				"up": {"uv": [7, 5.03125, 6.25, 4.625], "texture": "#3"},
				"down": {"uv": [7, 5.125, 6.25, 5.53125], "texture": "#3"}
			}
		},
		{
			"from": [7.1875, 0, -7.1875],
			"to": [7.6875, 1.3125, -6.0625],
			"rotation": {"angle": 0, "axis": "y", "origin": [8.75, 0.3125, -16.6875]},
			"faces": {
				"north": {"uv": [7.5, 9.75, 7.5625, 9.92188], "texture": "#3"},
				"east": {"uv": [9.375, 5.625, 9.51563, 5.79688], "texture": "#3"},
				"south": {"uv": [7.625, 9.75, 7.6875, 9.92188], "texture": "#3"},
				"west": {"uv": [5.75, 9.375, 5.89063, 9.54688], "texture": "#3"},
				"up": {"uv": [9.9375, 5.14063, 9.875, 5], "texture": "#3"},
				"down": {"uv": [9.9375, 5.875, 9.875, 6.01563], "texture": "#3"}
			}
		},
		{
			"from": [6.4375, 0, -7.1875],
			"to": [6.9375, 1.3125, -6.0625],
			"rotation": {"angle": 0, "axis": "y", "origin": [8, 0.3125, -16.6875]},
			"faces": {
				"north": {"uv": [7.5, 9.75, 7.5625, 9.92188], "texture": "#3"},
				"east": {"uv": [9.375, 5.625, 9.51563, 5.79688], "texture": "#3"},
				"south": {"uv": [7.625, 9.75, 7.6875, 9.92188], "texture": "#3"},
				"west": {"uv": [5.75, 9.375, 5.89063, 9.54688], "texture": "#3"},
				"up": {"uv": [9.9375, 5.14063, 9.875, 5], "texture": "#3"},
				"down": {"uv": [9.9375, 5.875, 9.875, 6.01563], "texture": "#3"}
			}
		},
		{
			"from": [8.6875, 0.1875, -6.9375],
			"to": [8.9375, 1.4375, -6.3125],
			"rotation": {"angle": 0, "axis": "y", "origin": [7.5, 0.4375, -16.6875]},
			"faces": {
				"north": {"uv": [7.625, 10, 7.65625, 10.15625], "texture": "#3"},
				"east": {"uv": [9.75, 4.125, 9.82813, 4.28125], "texture": "#3"},
				"south": {"uv": [7.75, 10, 7.78125, 10.15625], "texture": "#3"},
				"west": {"uv": [4.25, 9.75, 4.32813, 9.90625], "texture": "#3"},
				"up": {"uv": [9.90625, 3.82813, 9.875, 3.75], "texture": "#3"},
				"down": {"uv": [9.90625, 6.5, 9.875, 6.57813], "texture": "#3"}
			}
		},
		{
			"from": [5.125, 0, 5.1875],
			"to": [5.625, 1.3125, 6.3125],
			"rotation": {"angle": 0, "axis": "y", "origin": [6.6875, 0.3125, -4.3125]},
			"faces": {
				"north": {"uv": [7.75, 9.75, 7.8125, 9.92188], "texture": "#3"},
				"east": {"uv": [6, 9.375, 6.14063, 9.54688], "texture": "#3"},
				"south": {"uv": [9.75, 7.75, 9.8125, 7.92188], "texture": "#3"},
				"west": {"uv": [6.25, 9.375, 6.39063, 9.54688], "texture": "#3"},
				"up": {"uv": [9.9375, 6.26563, 9.875, 6.125], "texture": "#3"},
				"down": {"uv": [6.5625, 9.875, 6.5, 10.01563], "texture": "#3"}
			}
		},
		{
			"from": [8.3125, 0, -7.1875],
			"to": [8.8125, 1.3125, -6.0625],
			"rotation": {"angle": 0, "axis": "y", "origin": [7.25, 0.3125, -16.6875]},
			"faces": {
				"north": {"uv": [2, 9.875, 2.0625, 10.04688], "texture": "#3"},
				"east": {"uv": [4, 9.5, 4.14063, 9.67188], "texture": "#3"},
				"south": {"uv": [2.125, 9.875, 2.1875, 10.04688], "texture": "#3"},
				"west": {"uv": [9.5, 4.125, 9.64063, 4.29688], "texture": "#3"},
				"up": {"uv": [10.0625, 4.76563, 10, 4.625], "texture": "#3"},
				"down": {"uv": [10.0625, 4.875, 10, 5.01563], "texture": "#3"}
			}
		},
		{
			"from": [9.0625, 0, -7.1875],
			"to": [9.5625, 1.3125, -6.0625],
			"rotation": {"angle": 0, "axis": "y", "origin": [8, 0.3125, -16.6875]},
			"faces": {
				"north": {"uv": [2, 9.875, 2.0625, 10.04688], "texture": "#3"},
				"east": {"uv": [4, 9.5, 4.14063, 9.67188], "texture": "#3"},
				"south": {"uv": [2.125, 9.875, 2.1875, 10.04688], "texture": "#3"},
				"west": {"uv": [9.5, 4.125, 9.64063, 4.29688], "texture": "#3"},
				"up": {"uv": [10.0625, 4.76563, 10, 4.625], "texture": "#3"},
				"down": {"uv": [10.0625, 4.875, 10, 5.01563], "texture": "#3"}
			}
		},
		{
			"from": [5.125, 0, 6.5],
			"to": [5.625, 1.3125, 7.625],
			"rotation": {"angle": 0, "axis": "y", "origin": [6.6875, 0.3125, -3]},
			"faces": {
				"north": {"uv": [7.875, 9.75, 7.9375, 9.92188], "texture": "#3"},
				"east": {"uv": [7, 9.375, 7.14063, 9.54688], "texture": "#3"},
				"south": {"uv": [8, 9.75, 8.0625, 9.92188], "texture": "#3"},
				"west": {"uv": [7.25, 9.375, 7.39063, 9.54688], "texture": "#3"},
				"up": {"uv": [9.9375, 7.51563, 9.875, 7.375], "texture": "#3"},
				"down": {"uv": [9.9375, 7.75, 9.875, 7.89063], "texture": "#3"}
			}
		},
		{
			"from": [10.375, 0, 5.1875],
			"to": [10.875, 1.3125, 6.3125],
			"rotation": {"angle": 0, "axis": "y", "origin": [9.3125, 0.3125, -4.3125]},
			"faces": {
				"north": {"uv": [8.125, 9.75, 8.1875, 9.92188], "texture": "#3"},
				"east": {"uv": [7.5, 9.375, 7.64063, 9.54688], "texture": "#3"},
				"south": {"uv": [8.625, 9.75, 8.6875, 9.92188], "texture": "#3"},
				"west": {"uv": [7.75, 9.375, 7.89063, 9.54688], "texture": "#3"},
				"up": {"uv": [9.9375, 9.01563, 9.875, 8.875], "texture": "#3"},
				"down": {"uv": [9.0625, 9.875, 9, 10.01563], "texture": "#3"}
			}
		},
		{
			"from": [5.125, 0, 7.875],
			"to": [5.625, 1.3125, 9],
			"rotation": {"angle": 0, "axis": "y", "origin": [6.6875, 0.3125, -1.625]},
			"faces": {
				"north": {"uv": [8.75, 9.75, 8.8125, 9.92188], "texture": "#3"},
				"east": {"uv": [9.375, 7.75, 9.51563, 7.92188], "texture": "#3"},
				"south": {"uv": [8.875, 9.75, 8.9375, 9.92188], "texture": "#3"},
				"west": {"uv": [9.375, 8, 9.51563, 8.17188], "texture": "#3"},
				"up": {"uv": [9.9375, 9.76563, 9.875, 9.625], "texture": "#3"},
				"down": {"uv": [9.9375, 9.875, 9.875, 10.01563], "texture": "#3"}
			}
		},
		{
			"from": [9.375, 0.9375, 2.1875],
			"to": [11.1875, 2.25, 12.25],
			"rotation": {"angle": 0, "axis": "y", "origin": [9.3125, 1.25, -3]},
			"faces": {
				"north": {"uv": [1, 9.25, 1.17188, 9.42188], "texture": "#3"},
				"east": {"uv": [7.25, 0.5, 8.51563, 0.67188], "texture": "#3"},
				"south": {"uv": [9.25, 6.375, 9.42188, 6.54688], "texture": "#3"},
				"west": {"uv": [7.25, 0.75, 8.51563, 0.92188], "texture": "#3"},
				"up": {"uv": [5.79688, 8.26563, 5.625, 7], "texture": "#3"},
				"down": {"uv": [0.67188, 7.25, 0.5, 8.51563], "texture": "#3"}
			}
		},
		{
			"from": [5.125, 0, 9.1875],
			"to": [5.625, 1.3125, 10.3125],
			"rotation": {"angle": 0, "axis": "y", "origin": [6.6875, 0.3125, -0.3125]},
			"faces": {
				"north": {"uv": [9.375, 9.75, 9.4375, 9.92188], "texture": "#3"},
				"east": {"uv": [9.375, 8.375, 9.51563, 8.54688], "texture": "#3"},
				"south": {"uv": [9.5, 9.75, 9.5625, 9.92188], "texture": "#3"},
				"west": {"uv": [8.5, 9.375, 8.64063, 9.54688], "texture": "#3"},
				"up": {"uv": [0.8125, 10.14063, 0.75, 10], "texture": "#3"},
				"down": {"uv": [10.0625, 1, 10, 1.14063], "texture": "#3"}
			}
		},
		{
			"from": [10.375, 0, 7.875],
			"to": [10.875, 1.3125, 9],
			"rotation": {"angle": 0, "axis": "y", "origin": [9.3125, 0.3125, -1.625]},
			"faces": {
				"north": {"uv": [9.625, 9.75, 9.6875, 9.92188], "texture": "#3"},
				"east": {"uv": [8.75, 9.375, 8.89063, 9.54688], "texture": "#3"},
				"south": {"uv": [9.75, 9.75, 9.8125, 9.92188], "texture": "#3"},
				"west": {"uv": [9, 9.375, 9.14063, 9.54688], "texture": "#3"},
				"up": {"uv": [10.0625, 1.39063, 10, 1.25], "texture": "#3"},
				"down": {"uv": [1.5625, 10, 1.5, 10.14063], "texture": "#3"}
			}
		},
		{
			"from": [5.125, 0, 3.9375],
			"to": [5.625, 1.3125, 5.0625],
			"rotation": {"angle": 0, "axis": "y", "origin": [6.6875, 0.3125, -5.5625]},
			"faces": {
				"north": {"uv": [0, 9.875, 0.0625, 10.04688], "texture": "#3"},
				"east": {"uv": [9.25, 9.375, 9.39063, 9.54688], "texture": "#3"},
				"south": {"uv": [0.125, 9.875, 0.1875, 10.04688], "texture": "#3"},
				"west": {"uv": [0.25, 9.5, 0.39063, 9.67188], "texture": "#3"},
				"up": {"uv": [10.0625, 1.64063, 10, 1.5], "texture": "#3"},
				"down": {"uv": [10.0625, 1.75, 10, 1.89063], "texture": "#3"}
			}
		},
		{
			"from": [10.375, 0, 9.1875],
			"to": [10.875, 1.3125, 10.3125],
			"rotation": {"angle": 0, "axis": "y", "origin": [9.3125, 0.3125, -0.3125]},
			"faces": {
				"north": {"uv": [0.25, 9.875, 0.3125, 10.04688], "texture": "#3"},
				"east": {"uv": [0.5, 9.5, 0.64063, 9.67188], "texture": "#3"},
				"south": {"uv": [0.375, 9.875, 0.4375, 10.04688], "texture": "#3"},
				"west": {"uv": [9.5, 0.5, 9.64063, 0.67188], "texture": "#3"},
				"up": {"uv": [10.0625, 2.14063, 10, 2], "texture": "#3"},
				"down": {"uv": [2.5625, 10, 2.5, 10.14063], "texture": "#3"}
			}
		},
		{
			"from": [5.125, 0, 2.625],
			"to": [5.625, 1.3125, 3.75],
			"rotation": {"angle": 0, "axis": "y", "origin": [6.6875, 0.3125, -6.875]},
			"faces": {
				"north": {"uv": [0.5, 9.875, 0.5625, 10.04688], "texture": "#3"},
				"east": {"uv": [1, 9.5, 1.14063, 9.67188], "texture": "#3"},
				"south": {"uv": [0.625, 9.875, 0.6875, 10.04688], "texture": "#3"},
				"west": {"uv": [1.5, 9.5, 1.64063, 9.67188], "texture": "#3"},
				"up": {"uv": [2.6875, 10.14063, 2.625, 10], "texture": "#3"},
				"down": {"uv": [2.8125, 10, 2.75, 10.14063], "texture": "#3"}
			}
		},
		{
			"from": [10.375, 0, 3.9375],
			"to": [10.875, 1.3125, 5.0625],
			"rotation": {"angle": 0, "axis": "y", "origin": [9.3125, 0.3125, -5.5625]},
			"faces": {
				"north": {"uv": [0.875, 9.875, 0.9375, 10.04688], "texture": "#3"},
				"east": {"uv": [9.5, 1.5, 9.64063, 1.67188], "texture": "#3"},
				"south": {"uv": [1, 9.875, 1.0625, 10.04688], "texture": "#3"},
				"west": {"uv": [1.75, 9.5, 1.89063, 9.67188], "texture": "#3"},
				"up": {"uv": [10.0625, 3.14063, 10, 3], "texture": "#3"},
				"down": {"uv": [10.0625, 3.25, 10, 3.39063], "texture": "#3"}
			}
		},
		{
			"from": [5.125, 0, 10.5],
			"to": [5.625, 1.3125, 11.625],
			"rotation": {"angle": 0, "axis": "y", "origin": [6.6875, 0.3125, 1]},
			"faces": {
				"north": {"uv": [9.875, 1.5, 9.9375, 1.67188], "texture": "#3"},
				"east": {"uv": [3.5, 9.5, 3.64063, 9.67188], "texture": "#3"},
				"south": {"uv": [9.875, 1.75, 9.9375, 1.92188], "texture": "#3"},
				"west": {"uv": [3.75, 9.5, 3.89063, 9.67188], "texture": "#3"},
				"up": {"uv": [10.0625, 4.26563, 10, 4.125], "texture": "#3"},
				"down": {"uv": [4.3125, 10, 4.25, 10.14063], "texture": "#3"}
			}
		},
		{
			"from": [5.875, 0, 10.5],
			"to": [6.375, 1.3125, 11.625],
			"rotation": {"angle": 0, "axis": "y", "origin": [7.4375, 0.3125, 1]},
			"faces": {
				"north": {"uv": [9.875, 1.5, 9.9375, 1.67188], "texture": "#3"},
				"east": {"uv": [3.5, 9.5, 3.64063, 9.67188], "texture": "#3"},
				"south": {"uv": [9.875, 1.75, 9.9375, 1.92188], "texture": "#3"},
				"west": {"uv": [3.75, 9.5, 3.89063, 9.67188], "texture": "#3"},
				"up": {"uv": [10.0625, 4.26563, 10, 4.125], "texture": "#3"},
				"down": {"uv": [4.3125, 10, 4.25, 10.14063], "texture": "#3"}
			}
		},
		{
			"from": [5.875, 0, 9.1875],
			"to": [6.375, 1.3125, 10.3125],
			"rotation": {"angle": 0, "axis": "y", "origin": [7.4375, 0.3125, -0.3125]},
			"faces": {
				"north": {"uv": [9.375, 9.75, 9.4375, 9.92188], "texture": "#3"},
				"east": {"uv": [9.375, 8.375, 9.51563, 8.54688], "texture": "#3"},
				"south": {"uv": [9.5, 9.75, 9.5625, 9.92188], "texture": "#3"},
				"west": {"uv": [8.5, 9.375, 8.64063, 9.54688], "texture": "#3"},
				"up": {"uv": [0.8125, 10.14063, 0.75, 10], "texture": "#3"},
				"down": {"uv": [10.0625, 1, 10, 1.14063], "texture": "#3"}
			}
		},
		{
			"from": [5.875, 0, 7.875],
			"to": [6.375, 1.3125, 9],
			"rotation": {"angle": 0, "axis": "y", "origin": [7.4375, 0.3125, -1.625]},
			"faces": {
				"north": {"uv": [8.75, 9.75, 8.8125, 9.92188], "texture": "#3"},
				"east": {"uv": [9.375, 7.75, 9.51563, 7.92188], "texture": "#3"},
				"south": {"uv": [8.875, 9.75, 8.9375, 9.92188], "texture": "#3"},
				"west": {"uv": [9.375, 8, 9.51563, 8.17188], "texture": "#3"},
				"up": {"uv": [9.9375, 9.76563, 9.875, 9.625], "texture": "#3"},
				"down": {"uv": [9.9375, 9.875, 9.875, 10.01563], "texture": "#3"}
			}
		},
		{
			"from": [5.875, 0, 6.5],
			"to": [6.375, 1.3125, 7.625],
			"rotation": {"angle": 0, "axis": "y", "origin": [7.4375, 0.3125, -3]},
			"faces": {
				"north": {"uv": [7.875, 9.75, 7.9375, 9.92188], "texture": "#3"},
				"east": {"uv": [7, 9.375, 7.14063, 9.54688], "texture": "#3"},
				"south": {"uv": [8, 9.75, 8.0625, 9.92188], "texture": "#3"},
				"west": {"uv": [7.25, 9.375, 7.39063, 9.54688], "texture": "#3"},
				"up": {"uv": [9.9375, 7.51563, 9.875, 7.375], "texture": "#3"},
				"down": {"uv": [9.9375, 7.75, 9.875, 7.89063], "texture": "#3"}
			}
		},
		{
			"from": [5.875, 0, 5.1875],
			"to": [6.375, 1.3125, 6.3125],
			"rotation": {"angle": 0, "axis": "y", "origin": [7.4375, 0.3125, -4.3125]},
			"faces": {
				"north": {"uv": [7.75, 9.75, 7.8125, 9.92188], "texture": "#3"},
				"east": {"uv": [6, 9.375, 6.14063, 9.54688], "texture": "#3"},
				"south": {"uv": [9.75, 7.75, 9.8125, 7.92188], "texture": "#3"},
				"west": {"uv": [6.25, 9.375, 6.39063, 9.54688], "texture": "#3"},
				"up": {"uv": [9.9375, 6.26563, 9.875, 6.125], "texture": "#3"},
				"down": {"uv": [6.5625, 9.875, 6.5, 10.01563], "texture": "#3"}
			}
		},
		{
			"from": [5.875, 0, 3.9375],
			"to": [6.375, 1.3125, 5.0625],
			"rotation": {"angle": 0, "axis": "y", "origin": [7.4375, 0.3125, -5.5625]},
			"faces": {
				"north": {"uv": [0, 9.875, 0.0625, 10.04688], "texture": "#3"},
				"east": {"uv": [9.25, 9.375, 9.39063, 9.54688], "texture": "#3"},
				"south": {"uv": [0.125, 9.875, 0.1875, 10.04688], "texture": "#3"},
				"west": {"uv": [0.25, 9.5, 0.39063, 9.67188], "texture": "#3"},
				"up": {"uv": [10.0625, 1.64063, 10, 1.5], "texture": "#3"},
				"down": {"uv": [10.0625, 1.75, 10, 1.89063], "texture": "#3"}
			}
		},
		{
			"from": [5.875, 0, 2.625],
			"to": [6.375, 1.3125, 3.75],
			"rotation": {"angle": 0, "axis": "y", "origin": [7.4375, 0.3125, -6.875]},
			"faces": {
				"north": {"uv": [0.5, 9.875, 0.5625, 10.04688], "texture": "#3"},
				"east": {"uv": [1, 9.5, 1.14063, 9.67188], "texture": "#3"},
				"south": {"uv": [0.625, 9.875, 0.6875, 10.04688], "texture": "#3"},
				"west": {"uv": [1.5, 9.5, 1.64063, 9.67188], "texture": "#3"},
				"up": {"uv": [2.6875, 10.14063, 2.625, 10], "texture": "#3"},
				"down": {"uv": [2.8125, 10, 2.75, 10.14063], "texture": "#3"}
			}
		},
		{
			"from": [10.375, 0, 2.625],
			"to": [10.875, 1.3125, 3.75],
			"rotation": {"angle": 0, "axis": "y", "origin": [9.3125, 0.3125, -6.875]},
			"faces": {
				"north": {"uv": [9.875, 1, 9.9375, 1.17188], "texture": "#3"},
				"east": {"uv": [9.5, 1.75, 9.64063, 1.92188], "texture": "#3"},
				"south": {"uv": [1.125, 9.875, 1.1875, 10.04688], "texture": "#3"},
				"west": {"uv": [2.375, 9.5, 2.51563, 9.67188], "texture": "#3"},
				"up": {"uv": [3.8125, 10.14063, 3.75, 10], "texture": "#3"},
				"down": {"uv": [3.9375, 10, 3.875, 10.14063], "texture": "#3"}
			}
		},
		{
			"from": [4.8125, 0.9375, 2.1875],
			"to": [6.625, 2.25, 12.25],
			"rotation": {"angle": 0, "axis": "y", "origin": [6.6875, 1.25, -3]},
			"faces": {
				"north": {"uv": [6.625, 9.25, 6.79688, 9.42188], "texture": "#3"},
				"east": {"uv": [5.875, 7.375, 7.14063, 7.54688], "texture": "#3"},
				"south": {"uv": [9.25, 6.625, 9.42188, 6.79688], "texture": "#3"},
				"west": {"uv": [7.25, 7.375, 8.51563, 7.54688], "texture": "#3"},
				"up": {"uv": [0.92188, 8.51563, 0.75, 7.25], "texture": "#3"},
				"down": {"uv": [2.29688, 7.5, 2.125, 8.76563], "texture": "#3"}
			}
		},
		{
			"from": [10.375, 0, 6.5],
			"to": [10.875, 1.3125, 7.625],
			"rotation": {"angle": 0, "axis": "y", "origin": [9.3125, 0.3125, -3]},
			"faces": {
				"north": {"uv": [1.25, 9.875, 1.3125, 10.04688], "texture": "#3"},
				"east": {"uv": [2.625, 9.5, 2.76563, 9.67188], "texture": "#3"},
				"south": {"uv": [1.375, 9.875, 1.4375, 10.04688], "texture": "#3"},
				"west": {"uv": [3.25, 9.5, 3.39063, 9.67188], "texture": "#3"},
				"up": {"uv": [4.0625, 10.14063, 4, 10], "texture": "#3"},
				"down": {"uv": [4.1875, 10, 4.125, 10.14063], "texture": "#3"}
			}
		},
		{
			"from": [9.625, 0, 2.625],
			"to": [10.125, 1.3125, 3.75],
			"rotation": {"angle": 0, "axis": "y", "origin": [8.5625, 0.3125, -6.875]},
			"faces": {
				"north": {"uv": [9.875, 1, 9.9375, 1.17188], "texture": "#3"},
				"east": {"uv": [9.5, 1.75, 9.64063, 1.92188], "texture": "#3"},
				"south": {"uv": [1.125, 9.875, 1.1875, 10.04688], "texture": "#3"},
				"west": {"uv": [2.375, 9.5, 2.51563, 9.67188], "texture": "#3"},
				"up": {"uv": [3.8125, 10.14063, 3.75, 10], "texture": "#3"},
				"down": {"uv": [3.9375, 10, 3.875, 10.14063], "texture": "#3"}
			}
		},
		{
			"from": [9.625, 0, 3.9375],
			"to": [10.125, 1.3125, 5.0625],
			"rotation": {"angle": 0, "axis": "y", "origin": [8.5625, 0.3125, -5.5625]},
			"faces": {
				"north": {"uv": [0.875, 9.875, 0.9375, 10.04688], "texture": "#3"},
				"east": {"uv": [9.5, 1.5, 9.64063, 1.67188], "texture": "#3"},
				"south": {"uv": [1, 9.875, 1.0625, 10.04688], "texture": "#3"},
				"west": {"uv": [1.75, 9.5, 1.89063, 9.67188], "texture": "#3"},
				"up": {"uv": [10.0625, 3.14063, 10, 3], "texture": "#3"},
				"down": {"uv": [10.0625, 3.25, 10, 3.39063], "texture": "#3"}
			}
		},
		{
			"from": [9.625, 0, 5.1875],
			"to": [10.125, 1.3125, 6.3125],
			"rotation": {"angle": 0, "axis": "y", "origin": [8.5625, 0.3125, -4.3125]},
			"faces": {
				"north": {"uv": [8.125, 9.75, 8.1875, 9.92188], "texture": "#3"},
				"east": {"uv": [7.5, 9.375, 7.64063, 9.54688], "texture": "#3"},
				"south": {"uv": [8.625, 9.75, 8.6875, 9.92188], "texture": "#3"},
				"west": {"uv": [7.75, 9.375, 7.89063, 9.54688], "texture": "#3"},
				"up": {"uv": [9.9375, 9.01563, 9.875, 8.875], "texture": "#3"},
				"down": {"uv": [9.0625, 9.875, 9, 10.01563], "texture": "#3"}
			}
		},
		{
			"from": [9.625, 0, 6.5],
			"to": [10.125, 1.3125, 7.625],
			"rotation": {"angle": 0, "axis": "y", "origin": [8.5625, 0.3125, -3]},
			"faces": {
				"north": {"uv": [1.25, 9.875, 1.3125, 10.04688], "texture": "#3"},
				"east": {"uv": [2.625, 9.5, 2.76563, 9.67188], "texture": "#3"},
				"south": {"uv": [1.375, 9.875, 1.4375, 10.04688], "texture": "#3"},
				"west": {"uv": [3.25, 9.5, 3.39063, 9.67188], "texture": "#3"},
				"up": {"uv": [4.0625, 10.14063, 4, 10], "texture": "#3"},
				"down": {"uv": [4.1875, 10, 4.125, 10.14063], "texture": "#3"}
			}
		},
		{
			"from": [9.625, 0, 9.1875],
			"to": [10.125, 1.3125, 10.3125],
			"rotation": {"angle": 0, "axis": "y", "origin": [8.5625, 0.3125, -0.3125]},
			"faces": {
				"north": {"uv": [0.25, 9.875, 0.3125, 10.04688], "texture": "#3"},
				"east": {"uv": [0.5, 9.5, 0.64063, 9.67188], "texture": "#3"},
				"south": {"uv": [0.375, 9.875, 0.4375, 10.04688], "texture": "#3"},
				"west": {"uv": [9.5, 0.5, 9.64063, 0.67188], "texture": "#3"},
				"up": {"uv": [10.0625, 2.14063, 10, 2], "texture": "#3"},
				"down": {"uv": [2.5625, 10, 2.5, 10.14063], "texture": "#3"}
			}
		},
		{
			"from": [9.625, 0, 10.5],
			"to": [10.125, 1.3125, 11.625],
			"rotation": {"angle": 0, "axis": "y", "origin": [8.5625, 0.3125, 1]},
			"faces": {
				"north": {"uv": [7.375, 9.75, 7.4375, 9.92188], "texture": "#3"},
				"east": {"uv": [9.375, 5.375, 9.51563, 5.54688], "texture": "#3"},
				"south": {"uv": [9.75, 7.375, 9.8125, 7.54688], "texture": "#3"},
				"west": {"uv": [5.5, 9.375, 5.64063, 9.54688], "texture": "#3"},
				"up": {"uv": [9.9375, 4.26563, 9.875, 4.125], "texture": "#3"},
				"down": {"uv": [9.9375, 4.75, 9.875, 4.89063], "texture": "#3"}
			}
		},
		{
			"from": [9.625, 0, 7.875],
			"to": [10.125, 1.3125, 9],
			"rotation": {"angle": 0, "axis": "y", "origin": [8.5625, 0.3125, -1.625]},
			"faces": {
				"north": {"uv": [9.625, 9.75, 9.6875, 9.92188], "texture": "#3"},
				"east": {"uv": [8.75, 9.375, 8.89063, 9.54688], "texture": "#3"},
				"south": {"uv": [9.75, 9.75, 9.8125, 9.92188], "texture": "#3"},
				"west": {"uv": [9, 9.375, 9.14063, 9.54688], "texture": "#3"},
				"up": {"uv": [10.0625, 1.39063, 10, 1.25], "texture": "#3"},
				"down": {"uv": [1.5625, 10, 1.5, 10.14063], "texture": "#3"}
			}
		},
		{
			"from": [24.05063, 4.70063, 4.09313],
			"to": [25.87938, 6.52938, 7.69063],
			"rotation": {"angle": 0, "axis": "y", "origin": [25.735, 5.51875, -9.33375]},
			"faces": {
				"north": {"uv": [4.5, 5.875, 4.73438, 6.10938], "texture": "#3"},
				"east": {"uv": [0, 6.375, 0.45313, 6.60938], "texture": "#3"},
				"south": {"uv": [3.625, 9, 3.85938, 9.23438], "texture": "#3"},
				"west": {"uv": [8.125, 7.75, 8.57813, 7.98438], "texture": "#3"},
				"up": {"uv": [2.10938, 8.57813, 1.875, 8.125], "texture": "#3"},
				"down": {"uv": [8.35938, 8, 8.125, 8.45313], "texture": "#3"}
			}
		},
		{
			"from": [14.30063, 4.63813, 0.40563],
			"to": [16.12938, 6.46688, 4.00313],
			"rotation": {"angle": 0, "axis": "y", "origin": [15.985, 5.45625, -13.02125]},
			"faces": {
				"north": {"uv": [5, 9, 5.23438, 9.23438], "texture": "#3"},
				"east": {"uv": [8.25, 0, 8.70313, 0.23438], "texture": "#3"},
				"south": {"uv": [5.25, 9, 5.48438, 9.23438], "texture": "#3"},
				"west": {"uv": [2.875, 8.25, 3.32813, 8.48438], "texture": "#3"},
				"up": {"uv": [3.60938, 8.70313, 3.375, 8.25], "texture": "#3"},
				"down": {"uv": [8.48438, 3.375, 8.25, 3.82813], "texture": "#3"}
			}
		},
		{
			"from": [-9.87937, 4.70063, 4.09313],
			"to": [-8.05062, 6.52938, 7.69063],
			"rotation": {"angle": 0, "axis": "y", "origin": [-9.735, 5.51875, -9.33375]},
			"faces": {
				"north": {"uv": [6, 9, 6.23438, 9.23438], "texture": "#3"},
				"east": {"uv": [2.375, 8.375, 2.82813, 8.60938], "texture": "#3"},
				"south": {"uv": [6.25, 9, 6.48438, 9.23438], "texture": "#3"},
				"west": {"uv": [5, 8.375, 5.45313, 8.60938], "texture": "#3"},
				"up": {"uv": [3.85938, 8.70313, 3.625, 8.25], "texture": "#3"},
				"down": {"uv": [5.73438, 8.375, 5.5, 8.82813], "texture": "#3"}
			}
		},
		{
			"from": [19.23813, 4.70063, 2.09313],
			"to": [21.06688, 6.52938, 5.69063],
			"rotation": {"angle": 0, "axis": "y", "origin": [20.9225, 5.51875, -11.33375]},
			"faces": {
				"north": {"uv": [6.5, 9, 6.73438, 9.23438], "texture": "#3"},
				"east": {"uv": [6.75, 8.375, 7.20313, 8.60938], "texture": "#3"},
				"south": {"uv": [6.75, 9, 6.98438, 9.23438], "texture": "#3"},
				"west": {"uv": [8.375, 6.875, 8.82813, 7.10938], "texture": "#3"},
				"up": {"uv": [7.48438, 8.82813, 7.25, 8.375], "texture": "#3"},
				"down": {"uv": [8.60938, 8, 8.375, 8.45313], "texture": "#3"}
			}
		},
		{
			"from": [-5.06687, 4.70063, 2.09313],
			"to": [-3.23812, 6.52938, 5.69063],
			"rotation": {"angle": 0, "axis": "y", "origin": [-4.9225, 5.51875, -11.33375]},
			"faces": {
				"north": {"uv": [7, 9, 7.23438, 9.23438], "texture": "#3"},
				"east": {"uv": [0, 8.5, 0.45313, 8.73438], "texture": "#3"},
				"south": {"uv": [9, 7.375, 9.23438, 7.60938], "texture": "#3"},
				"west": {"uv": [1, 8.5, 1.45313, 8.73438], "texture": "#3"},
				"up": {"uv": [1.73438, 8.95313, 1.5, 8.5], "texture": "#3"},
				"down": {"uv": [8.73438, 1.5, 8.5, 1.95313], "texture": "#3"}
			}
		},
		{
			"from": [24.125, 6.8125, 4.9375],
			"to": [32, 7.1875, 9.5625],
			"rotation": {"angle": -22.5, "axis": "y", "origin": [23.9375, 7.3125, 6.375]},
			"faces": {
				"north": {"uv": [9, 8.625, 9.98438, 8.67188], "texture": "#3"},
				"east": {"uv": [8.75, 9.125, 9.42188, 9.17188], "texture": "#3"},
				"south": {"uv": [9, 8.75, 9.98438, 8.79688], "texture": "#3"},
				"west": {"uv": [9.125, 8.875, 9.79688, 8.92188], "texture": "#3"},
				"up": {"uv": [6.23438, 5.67188, 5.25, 5], "texture": "#3"},
				"down": {"uv": [2.23438, 5.75, 1.25, 6.42188], "texture": "#3"}
			}
		},
		{
			"from": [-10.1875, 4.4375, 2.3125],
			"to": [-7.8125, 6.8125, 4.0625],
			"rotation": {"angle": 0, "axis": "y", "origin": [-10, 5.5, -15.125]},
			"faces": {
				"north": {"uv": [0.5, 8.625, 0.79688, 8.92188], "texture": "#3"},
				"east": {"uv": [1.25, 8.75, 1.46875, 9.04688], "texture": "#3"},
				"south": {"uv": [8.625, 0.875, 8.92188, 1.17188], "texture": "#3"},
				"west": {"uv": [5.75, 8.75, 5.96875, 9.04688], "texture": "#3"},
				"up": {"uv": [7.79688, 8.96875, 7.5, 8.75], "texture": "#3"},
				"down": {"uv": [8.17188, 8.75, 7.875, 8.96875], "texture": "#3"}
			}
		},
		{
			"from": [-5.3125, 4.4375, 0.3125],
			"to": [-2.9375, 6.8125, 2.0625],
			"rotation": {"angle": 0, "axis": "y", "origin": [-5.125, 5.5, -17.125]},
			"faces": {
				"north": {"uv": [1.75, 8.625, 2.04688, 8.92188], "texture": "#3"},
				"east": {"uv": [8.25, 8.75, 8.46875, 9.04688], "texture": "#3"},
				"south": {"uv": [2.375, 8.625, 2.67188, 8.92188], "texture": "#3"},
				"west": {"uv": [2.125, 8.875, 2.34375, 9.17188], "texture": "#3"},
				"up": {"uv": [9.17188, 6.09375, 8.875, 5.875], "texture": "#3"},
				"down": {"uv": [9.17188, 6.125, 8.875, 6.34375], "texture": "#3"}
			}
		},
		{
			"from": [-0.4375, 4.4375, -1.25],
			"to": [1.9375, 6.8125, 0.5],
			"rotation": {"angle": 0, "axis": "y", "origin": [-0.25, 5.5, -18.6875]},
			"faces": {
				"north": {"uv": [4.75, 8.625, 5.04688, 8.92188], "texture": "#3"},
				"east": {"uv": [7.25, 8.875, 7.46875, 9.17188], "texture": "#3"},
				"south": {"uv": [5.125, 8.625, 5.42188, 8.92188], "texture": "#3"},
				"west": {"uv": [8.5, 8.875, 8.71875, 9.17188], "texture": "#3"},
				"up": {"uv": [9.17188, 7.09375, 8.875, 6.875], "texture": "#3"},
				"down": {"uv": [9.04688, 8.875, 8.75, 9.09375], "texture": "#3"}
			}
		},
		{
			"from": [14.0625, 4.4375, -1.25],
			"to": [16.4375, 6.8125, 0.5],
			"rotation": {"angle": 0, "axis": "y", "origin": [16.25, 5.5, -18.6875]},
			"faces": {
				"north": {"uv": [6.125, 8.625, 6.42188, 8.92188], "texture": "#3"},
				"east": {"uv": [0, 9, 0.21875, 9.29688], "texture": "#3"},
				"south": {"uv": [6.5, 8.625, 6.79688, 8.92188], "texture": "#3"},
				"west": {"uv": [0.25, 9, 0.46875, 9.29688], "texture": "#3"},
				"up": {"uv": [0.79688, 9.21875, 0.5, 9], "texture": "#3"},
				"down": {"uv": [1.17188, 9, 0.875, 9.21875], "texture": "#3"}
			}
		},
		{
			"from": [18.9375, 4.4375, 0.3125],
			"to": [21.3125, 6.8125, 2.0625],
			"rotation": {"angle": 0, "axis": "y", "origin": [21.125, 5.5, -17.125]},
			"faces": {
				"north": {"uv": [6.875, 8.625, 7.17188, 8.92188], "texture": "#3"},
				"east": {"uv": [9, 0.875, 9.21875, 1.17188], "texture": "#3"},
				"south": {"uv": [8.625, 7.75, 8.92188, 8.04688], "texture": "#3"},
				"west": {"uv": [1.5, 9, 1.71875, 9.29688], "texture": "#3"},
				"up": {"uv": [2.04688, 9.21875, 1.75, 9], "texture": "#3"},
				"down": {"uv": [9.29688, 2, 9, 2.21875], "texture": "#3"}
			}
		},
		{
			"from": [23.8125, 4.4375, 2.3125],
			"to": [26.1875, 6.8125, 4.0625],
			"rotation": {"angle": 0, "axis": "y", "origin": [26, 5.5, -15.125]},
			"faces": {
				"north": {"uv": [4.125, 8.625, 4.42188, 8.92188], "texture": "#3"},
				"east": {"uv": [3.875, 8.875, 4.09375, 9.17188], "texture": "#3"},
				"south": {"uv": [8.625, 4.625, 8.92188, 4.92188], "texture": "#3"},
				"west": {"uv": [5.5, 8.875, 5.71875, 9.17188], "texture": "#3"},
				"up": {"uv": [9.17188, 6.59375, 8.875, 6.375], "texture": "#3"},
				"down": {"uv": [9.17188, 6.625, 8.875, 6.84375], "texture": "#3"}
			}
		}
	],
	"display": {
		"thirdperson_righthand": {
			"translation": [0, 4, 1],
			"scale": [0.34, 0.33, 0.35]
		},
		"thirdperson_lefthand": {
			"translation": [0, 3, 2.25],
			"scale": [0.34, 0.31, 0.31]
		},
		"ground": {
			"translation": [0, 2.75, 0]
		},
		"gui": {
			"rotation": [90, -45, 0],
			"scale": [0.85742, 1, 0.63086]
		},
		"head": {
			"rotation": [51, 0, 0],
			"translation": [0, 12.25, 23.25],
			"scale": [4, 4, 4]
		},
		"fixed": {
			"rotation": [-90, 0, 0],
			"translation": [0, 0, -24],
			"scale": [3.1, 3.06, 3.06]
		}
	}
}