{
	"credit": "Made with Blockbench",
	"texture_size": [64, 64],
	"textures": {
		"0": "item/waschbecken",
		"particle": "item/waschbecken"
	},
	"elements": [
		{
			"from": [0, 12, 0],
			"to": [16, 16, 2],
			"rotation": {"angle": 0, "axis": "y", "origin": [7, 14, 0]},
			"faces": {
				"north": {"uv": [3, 0, 7, 1], "texture": "#0"},
				"east": {"uv": [12, 8.5, 12.5, 9.5], "texture": "#0"},
				"south": {"uv": [3, 1, 7, 2], "texture": "#0"},
				"west": {"uv": [12, 9.5, 12.5, 10.5], "texture": "#0"},
				"up": {"uv": [15, 4.5, 11, 4], "texture": "#0"},
				"down": {"uv": [15, 4.5, 11, 5], "texture": "#0"}
			}
		},
		{
			"from": [0, 12, 14],
			"to": [16, 16, 16],
			"rotation": {"angle": 0, "axis": "y", "origin": [7, 14, 14]},
			"faces": {
				"north": {"uv": [3, 2, 7, 3], "texture": "#0"},
				"east": {"uv": [7.5, 12.5, 8, 13.5], "texture": "#0"},
				"south": {"uv": [3, 3, 7, 4], "texture": "#0"},
				"west": {"uv": [8, 12.5, 8.5, 13.5], "texture": "#0"},
				"up": {"uv": [15, 5.5, 11, 5], "texture": "#0"},
				"down": {"uv": [15, 5.5, 11, 6], "texture": "#0"}
			}
		},
		{
			"from": [7.5, 16, 14.5],
			"to": [8.5, 20, 15.5],
			"rotation": {"angle": 0, "axis": "y", "origin": [7, 18, 14]},
			"faces": {
				"north": {"uv": [14, 0, 14.25, 1], "texture": "#0"},
				"east": {"uv": [14, 1, 14.25, 2], "texture": "#0"},
				"south": {"uv": [14, 2, 14.25, 3], "texture": "#0"},
				"west": {"uv": [14, 3, 14.25, 4], "texture": "#0"},
				"up": {"uv": [14.5, 10.25, 14.25, 10], "texture": "#0"},
				"down": {"uv": [14.5, 10.25, 14.25, 10.5], "texture": "#0"}
			}
		},
		{
			"from": [7.5, 21.25, 9.375],
			"to": [8.5, 22.3125, 10.4375],
			"rotation": {"angle": 0, "axis": "y", "origin": [8, 21.3125, 9.9375]},
			"faces": {
				"north": {"uv": [14.25, 8.5, 14.5, 8.75], "texture": "#0"},
				"east": {"uv": [14.25, 8.75, 14.5, 9], "texture": "#0"},
				"south": {"uv": [14.25, 9, 14.5, 9.25], "texture": "#0"},
				"west": {"uv": [14.25, 9.25, 14.5, 9.5], "texture": "#0"},
				"up": {"uv": [14.5, 9.75, 14.25, 9.5], "texture": "#0"},
				"down": {"uv": [14.5, 9.75, 14.25, 10], "texture": "#0"}
			}
		},
		{
			"from": [7.5625, 19.25, 13.875],
			"to": [8.4375, 23.25, 14.875],
			"rotation": {"angle": -22.5, "axis": "x", "origin": [7, 21.25, 13.375]},
			"faces": {
				"north": {"uv": [14, 8.5, 14.25, 9.5], "texture": "#0"},
				"east": {"uv": [14, 9.5, 14.25, 10.5], "texture": "#0"},
				"south": {"uv": [14, 10.5, 14.25, 11.5], "texture": "#0"},
				"west": {"uv": [14, 11.5, 14.25, 12.5], "texture": "#0"},
				"up": {"uv": [14.5, 10.75, 14.25, 10.5], "texture": "#0"},
				"down": {"uv": [14.5, 10.75, 14.25, 11], "texture": "#0"}
			}
		},
		{
			"from": [7.5625, 22.5625, 9],
			"to": [8.4375, 23.5, 10.0625],
			"rotation": {"angle": 22.5, "axis": "x", "origin": [7, 21.5625, 8.5625]},
			"faces": {
				"north": {"uv": [12.5, 14.25, 12.75, 14.5], "texture": "#0"},
				"east": {"uv": [12.75, 14.25, 13, 14.5], "texture": "#0"},
				"south": {"uv": [13, 14.25, 13.25, 14.5], "texture": "#0"},
				"west": {"uv": [13.25, 14.25, 13.5, 14.5], "texture": "#0"},
				"up": {"uv": [13.75, 14.5, 13.5, 14.25], "texture": "#0"},
				"down": {"uv": [14, 14.25, 13.75, 14.5], "texture": "#0"}
			}
		},
		{
			"from": [7.5, 22.625, 11.375],
			"to": [8.5, 23.75, 13],
			"rotation": {"angle": 22.5, "axis": "x", "origin": [7, 21.25, 13.375]},
			"faces": {
				"north": {"uv": [14.25, 11, 14.5, 11.25], "texture": "#0"},
				"east": {"uv": [14, 13.75, 14.5, 14], "texture": "#0"},
				"south": {"uv": [14.25, 11.25, 14.5, 11.5], "texture": "#0"},
				"west": {"uv": [14, 14, 14.5, 14.25], "texture": "#0"},
				"up": {"uv": [14.5, 0.5, 14.25, 0], "texture": "#0"},
				"down": {"uv": [14.5, 0.5, 14.25, 1], "texture": "#0"}
			}
		},
		{
			"from": [7.5625, 23.1875, 10.875],
			"to": [8.4375, 24.3125, 12.5],
			"rotation": {"angle": 0, "axis": "x", "origin": [7, 21.8125, 12.875]},
			"faces": {
				"north": {"uv": [14.25, 11.5, 14.5, 11.75], "texture": "#0"},
				"east": {"uv": [14.25, 1, 14.75, 1.25], "texture": "#0"},
				"south": {"uv": [14.25, 11.75, 14.5, 12], "texture": "#0"},
				"west": {"uv": [14.25, 1.25, 14.75, 1.5], "texture": "#0"},
				"up": {"uv": [14.5, 2, 14.25, 1.5], "texture": "#0"},
				"down": {"uv": [14.5, 2, 14.25, 2.5], "texture": "#0"}
			}
		},
		{
			"from": [7.5, 24.1875, 10.875],
			"to": [8.5, 25.3125, 12.5],
			"rotation": {"angle": -45, "axis": "x", "origin": [7, 22.8125, 12.875]},
			"faces": {
				"north": {"uv": [14.25, 12, 14.5, 12.25], "texture": "#0"},
				"east": {"uv": [14.25, 2.5, 14.75, 2.75], "texture": "#0"},
				"south": {"uv": [14.25, 12.25, 14.5, 12.5], "texture": "#0"},
				"west": {"uv": [14.25, 2.75, 14.75, 3], "texture": "#0"},
				"up": {"uv": [14.5, 3.5, 14.25, 3], "texture": "#0"},
				"down": {"uv": [14.5, 3.5, 14.25, 4], "texture": "#0"}
			}
		},
		{
			"from": [10.25, 16, 14.25],
			"to": [11.75, 17.25, 15.75],
			"rotation": {"angle": 0, "axis": "y", "origin": [10, 18, 14]},
			"faces": {
				"north": {"uv": [12.5, 14, 13, 14.25], "texture": "#0"},
				"east": {"uv": [14, 12.5, 14.5, 12.75], "texture": "#0"},
				"south": {"uv": [14, 12.75, 14.5, 13], "texture": "#0"},
				"west": {"uv": [13, 14, 13.5, 14.25], "texture": "#0"},
				"up": {"uv": [12.5, 11, 12, 10.5], "texture": "#0"},
				"down": {"uv": [13, 10.5, 12.5, 11], "texture": "#0"}
			}
		},
		{
			"from": [4.25, 16, 14.25],
			"to": [5.75, 17.25, 15.75],
			"rotation": {"angle": 0, "axis": "y", "origin": [4, 18, 14]},
			"faces": {
				"north": {"uv": [14, 13, 14.5, 13.25], "texture": "#0"},
				"east": {"uv": [14, 13.25, 14.5, 13.5], "texture": "#0"},
				"south": {"uv": [13.5, 14, 14, 14.25], "texture": "#0"},
				"west": {"uv": [14, 13.5, 14.5, 13.75], "texture": "#0"},
				"up": {"uv": [13.5, 11, 13, 10.5], "texture": "#0"},
				"down": {"uv": [14, 10.5, 13.5, 11], "texture": "#0"}
			}
		},
		{
			"from": [0, 12, 2],
			"to": [2, 16, 14],
			"rotation": {"angle": 0, "axis": "y", "origin": [7, 14, 14]},
			"faces": {
				"north": {"uv": [8.5, 12.5, 9, 13.5], "texture": "#0"},
				"east": {"uv": [0, 8, 3, 9], "texture": "#0"},
				"south": {"uv": [12.5, 8.5, 13, 9.5], "texture": "#0"},
				"west": {"uv": [3, 8, 6, 9], "texture": "#0"},
				"up": {"uv": [12.5, 15, 12, 12], "texture": "#0"},
				"down": {"uv": [0.5, 12.5, 0, 15.5], "texture": "#0"}
			}
		},
		{
			"from": [14, 12, 2],
			"to": [16, 16, 14],
			"rotation": {"angle": 0, "axis": "y", "origin": [21, 14, 14]},
			"faces": {
				"north": {"uv": [9, 12.5, 9.5, 13.5], "texture": "#0"},
				"east": {"uv": [6, 8, 9, 9], "texture": "#0"},
				"south": {"uv": [9.5, 12.5, 10, 13.5], "texture": "#0"},
				"west": {"uv": [8, 6, 11, 7], "texture": "#0"},
				"up": {"uv": [1, 15.5, 0.5, 12.5], "texture": "#0"},
				"down": {"uv": [1.5, 12.5, 1, 15.5], "texture": "#0"}
			}
		},
		{
			"from": [14, 8, 2],
			"to": [16, 12, 14],
			"rotation": {"angle": 0, "axis": "y", "origin": [21, 10, 14]},
			"faces": {
				"north": {"uv": [13, 8.5, 13.5, 9.5], "texture": "#0"},
				"east": {"uv": [3, 9, 6, 10], "texture": "#0"},
				"south": {"uv": [13, 9.5, 13.5, 10.5], "texture": "#0"},
				"west": {"uv": [6, 9, 9, 10], "texture": "#0"},
				"up": {"uv": [3, 15.5, 2.5, 12.5], "texture": "#0"},
				"down": {"uv": [3.5, 12.5, 3, 15.5], "texture": "#0"}
			}
		},
		{
			"from": [0, 8, 14],
			"to": [16, 12, 16],
			"rotation": {"angle": 0, "axis": "y", "origin": [7, 10, 14]},
			"faces": {
				"north": {"uv": [0, 6, 4, 7], "texture": "#0"},
				"east": {"uv": [11.5, 12.5, 12, 13.5], "texture": "#0"},
				"south": {"uv": [4, 6, 8, 7], "texture": "#0"},
				"west": {"uv": [12.5, 12, 13, 13], "texture": "#0"},
				"up": {"uv": [15, 7, 11, 6.5], "texture": "#0"},
				"down": {"uv": [15, 7, 11, 7.5], "texture": "#0"}
			}
		},
		{
			"from": [2, 8, 2],
			"to": [14, 12, 14],
			"rotation": {"angle": 0, "axis": "y", "origin": [7, 10, 12]},
			"faces": {
				"north": {"uv": [11, 1, 14, 2], "texture": "#0"},
				"east": {"uv": [11, 2, 14, 3], "texture": "#0"},
				"south": {"uv": [3, 11, 6, 12], "texture": "#0"},
				"west": {"uv": [11, 3, 14, 4], "texture": "#0"},
				"up": {"uv": [3, 3, 0, 0], "texture": "#0"},
				"down": {"uv": [3, 3, 0, 6], "texture": "#0"}
			}
		},
		{
			"from": [0, 8, 2],
			"to": [2, 12, 14],
			"rotation": {"angle": 0, "axis": "y", "origin": [7, 10, 14]},
			"faces": {
				"north": {"uv": [10.5, 12.5, 11, 13.5], "texture": "#0"},
				"east": {"uv": [8, 7, 11, 8], "texture": "#0"},
				"south": {"uv": [11, 12.5, 11.5, 13.5], "texture": "#0"},
				"west": {"uv": [0, 9, 3, 10], "texture": "#0"},
				"up": {"uv": [2, 15.5, 1.5, 12.5], "texture": "#0"},
				"down": {"uv": [2.5, 12.5, 2, 15.5], "texture": "#0"}
			}
		},
		{
			"from": [0, 8, 0],
			"to": [16, 12, 2],
			"rotation": {"angle": 0, "axis": "y", "origin": [7, 10, 0]},
			"faces": {
				"north": {"uv": [3, 4, 7, 5], "texture": "#0"},
				"east": {"uv": [12.5, 9.5, 13, 10.5], "texture": "#0"},
				"south": {"uv": [3, 5, 7, 6], "texture": "#0"},
				"west": {"uv": [10, 12.5, 10.5, 13.5], "texture": "#0"},
				"up": {"uv": [10, 11.5, 6, 11], "texture": "#0"},
				"down": {"uv": [15, 6, 11, 6.5], "texture": "#0"}
			}
		},
		{
			"from": [14, 4, 2],
			"to": [16, 8, 14],
			"rotation": {"angle": 0, "axis": "y", "origin": [21, 6, 14]},
			"faces": {
				"north": {"uv": [13.5, 8.5, 14, 9.5], "texture": "#0"},
				"east": {"uv": [0, 10, 3, 11], "texture": "#0"},
				"south": {"uv": [9, 13.5, 9.5, 14.5], "texture": "#0"},
				"west": {"uv": [3, 10, 6, 11], "texture": "#0"},
				"up": {"uv": [5, 15.5, 4.5, 12.5], "texture": "#0"},
				"down": {"uv": [5.5, 12.5, 5, 15.5], "texture": "#0"}
			}
		},
		{
			"from": [0, 4, 14],
			"to": [16, 8, 16],
			"rotation": {"angle": 0, "axis": "y", "origin": [7, 6, 14]},
			"faces": {
				"north": {"uv": [7, 1, 11, 2], "texture": "#0"},
				"east": {"uv": [8, 13.5, 8.5, 14.5], "texture": "#0"},
				"south": {"uv": [7, 2, 11, 3], "texture": "#0"},
				"west": {"uv": [8.5, 13.5, 9, 14.5], "texture": "#0"},
				"up": {"uv": [10, 12, 6, 11.5], "texture": "#0"},
				"down": {"uv": [14, 11.5, 10, 12], "texture": "#0"}
			}
		},
		{
			"from": [0, 4, 2],
			"to": [2, 8, 14],
			"rotation": {"angle": 0, "axis": "y", "origin": [7, 6, 14]},
			"faces": {
				"north": {"uv": [13, 13, 13.5, 14], "texture": "#0"},
				"east": {"uv": [9, 8, 12, 9], "texture": "#0"},
				"south": {"uv": [7.5, 13.5, 8, 14.5], "texture": "#0"},
				"west": {"uv": [9, 9, 12, 10], "texture": "#0"},
				"up": {"uv": [4, 15.5, 3.5, 12.5], "texture": "#0"},
				"down": {"uv": [4.5, 12.5, 4, 15.5], "texture": "#0"}
			}
		},
		{
			"from": [0, 4, 0],
			"to": [16, 8, 2],
			"rotation": {"angle": 0, "axis": "y", "origin": [7, 6, 0]},
			"faces": {
				"north": {"uv": [0, 7, 4, 8], "texture": "#0"},
				"east": {"uv": [13, 12, 13.5, 13], "texture": "#0"},
				"south": {"uv": [7, 0, 11, 1], "texture": "#0"},
				"west": {"uv": [12.5, 13, 13, 14], "texture": "#0"},
				"up": {"uv": [15, 8, 11, 7.5], "texture": "#0"},
				"down": {"uv": [14, 11, 10, 11.5], "texture": "#0"}
			}
		},
		{
			"from": [14, 0, 2],
			"to": [16, 4, 14],
			"rotation": {"angle": 0, "axis": "y", "origin": [21, 2, 14]},
			"faces": {
				"north": {"uv": [13.5, 12, 14, 13], "texture": "#0"},
				"east": {"uv": [0, 11, 3, 12], "texture": "#0"},
				"south": {"uv": [13.5, 13, 14, 14], "texture": "#0"},
				"west": {"uv": [11, 0, 14, 1], "texture": "#0"},
				"up": {"uv": [7, 15.5, 6.5, 12.5], "texture": "#0"},
				"down": {"uv": [7.5, 12.5, 7, 15.5], "texture": "#0"}
			}
		},
		{
			"from": [0, 0, 14],
			"to": [16, 4, 16],
			"rotation": {"angle": 0, "axis": "y", "origin": [7, 2, 14]},
			"faces": {
				"north": {"uv": [7, 4, 11, 5], "texture": "#0"},
				"east": {"uv": [11, 13.5, 11.5, 14.5], "texture": "#0"},
				"south": {"uv": [7, 5, 11, 6], "texture": "#0"},
				"west": {"uv": [11.5, 13.5, 12, 14.5], "texture": "#0"},
				"up": {"uv": [12, 12.5, 8, 12], "texture": "#0"},
				"down": {"uv": [16, 8, 12, 8.5], "texture": "#0"}
			}
		},
		{
			"from": [0, 0, 2],
			"to": [2, 4, 14],
			"rotation": {"angle": 0, "axis": "y", "origin": [7, 2, 14]},
			"faces": {
				"north": {"uv": [10, 13.5, 10.5, 14.5], "texture": "#0"},
				"east": {"uv": [6, 10, 9, 11], "texture": "#0"},
				"south": {"uv": [10.5, 13.5, 11, 14.5], "texture": "#0"},
				"west": {"uv": [9, 10, 12, 11], "texture": "#0"},
				"up": {"uv": [6, 15.5, 5.5, 12.5], "texture": "#0"},
				"down": {"uv": [6.5, 12.5, 6, 15.5], "texture": "#0"}
			}
		},
		{
			"from": [0, 0, 0],
			"to": [16, 4, 2],
			"rotation": {"angle": 0, "axis": "y", "origin": [7, 2, 0]},
			"faces": {
				"north": {"uv": [7, 3, 11, 4], "texture": "#0"},
				"east": {"uv": [9.5, 13.5, 10, 14.5], "texture": "#0"},
				"south": {"uv": [4, 7, 8, 8], "texture": "#0"},
				"west": {"uv": [13.5, 9.5, 14, 10.5], "texture": "#0"},
				"up": {"uv": [4, 12.5, 0, 12], "texture": "#0"},
				"down": {"uv": [8, 12, 4, 12.5], "texture": "#0"}
			}
		}
	],
	"display": {
		"thirdperson_righthand": {
			"rotation": [75, 45, 0],
			"translation": [0, 2.5, 0],
			"scale": [0.375, 0.375, 0.375]
		},
		"thirdperson_lefthand": {
			"rotation": [75, 45, 0],
			"translation": [0, 2.5, 0],
			"scale": [0.375, 0.375, 0.375]
		},
		"firstperson_righthand": {
			"rotation": [0, 45, 0],
			"scale": [0.4, 0.4, 0.4]
		},
		"firstperson_lefthand": {
			"rotation": [0, 225, 0],
			"scale": [0.4, 0.4, 0.4]
		},
		"ground": {
			"translation": [0, 3, 0],
			"scale": [0.25, 0.25, 0.25]
		},
		"fixed": {
			"translation": [0, 0.25, 18],
			"scale": [2.1, 2.1, 2.26602]
		}
	}
}