{
	"format_version": "1.21.6",
	"credit": "Made with Blockbench",
	"texture_size": [128, 128],
	"textures": {
		"1": "item/blackhawk",
		"2": "item/rotor",
		"particle": "item/rotor"
	},
	"elements": [
		{
			"from": [6.64904, 1.4603, -10.7623],
			"to": [12.96636, 5.32087, -9.18296],
			"rotation": {"angle": 0, "axis": "y", "origin": [7, 1.4603, -13.57]},
			"faces": {
				"north": {"uv": [5, 5.5, 6.625, 6.5], "texture": "#1"},
				"east": {"uv": [0.5, 9.5, 0.875, 10.5], "texture": "#1"},
				"south": {"uv": [0, 5.75, 1.625, 6.75], "texture": "#1"},
				"west": {"uv": [5.25, 9.5, 5.625, 10.5], "texture": "#1"},
				"up": {"uv": [10.375, 6.625, 8.75, 6.25], "texture": "#1"},
				"down": {"uv": [10.375, 6.75, 8.75, 7.125], "texture": "#1"}
			}
		},
		{
			"from": [6.82453, 1.4603, -11.81519],
			"to": [12.79089, 5.1454, -10.7623],
			"rotation": {"angle": 0, "axis": "y", "origin": [7, 1.4603, -16.3777]},
			"faces": {
				"north": {"uv": [6.5, 1.5, 8, 2.375], "texture": "#1"},
				"east": {"uv": [8.25, 9.75, 8.5, 10.625], "texture": "#1"},
				"south": {"uv": [6.5, 2.5, 8, 3.375], "texture": "#1"},
				"west": {"uv": [1.75, 10.5, 2, 11.375], "texture": "#1"},
				"up": {"uv": [11, 1, 9.5, 0.75], "texture": "#1"},
				"down": {"uv": [7.25, 9.5, 5.75, 9.75], "texture": "#1"}
			}
		},
		{
			"from": [7, 1.63578, -12.34164],
			"to": [12.6154, 4.96993, -11.81519],
			"rotation": {"angle": 0, "axis": "y", "origin": [7, 1.4603, -16.3777]},
			"faces": {
				"north": {"uv": [6, 6.5, 7.375, 7.375], "texture": "#1"},
				"east": {"uv": [4, 11, 4.125, 11.875], "texture": "#1"},
				"south": {"uv": [0, 6.75, 1.375, 7.625], "texture": "#1"},
				"west": {"uv": [4.25, 11, 4.375, 11.875], "texture": "#1"},
				"up": {"uv": [12.125, 4.625, 10.75, 4.5], "texture": "#1"},
				"down": {"uv": [12.125, 4.75, 10.75, 4.875], "texture": "#1"}
			}
		},
		{
			"from": [7.17549, 1.81126, -13.21904],
			"to": [12.43993, 4.61896, -12.34164],
			"rotation": {"angle": 0, "axis": "y", "origin": [-12.6539, 1.4603, -16.3777]},
			"faces": {
				"north": {"uv": [2.75, 7.5, 4.125, 8.25], "texture": "#1"},
				"east": {"uv": [6.5, 10.5, 6.75, 11.25], "texture": "#1"},
				"south": {"uv": [7.5, 3.5, 8.875, 4.25], "texture": "#1"},
				"west": {"uv": [8.5, 10.5, 8.75, 11.25], "texture": "#1"},
				"up": {"uv": [10.875, 7.5, 9.5, 7.25], "texture": "#1"},
				"down": {"uv": [10.875, 7.5, 9.5, 7.75], "texture": "#1"}
			}
		},
		{
			"from": [7.35096, 2.16223, -13.74547],
			"to": [12.26444, 4.09251, -12.86807],
			"rotation": {"angle": 0, "axis": "y", "origin": [-12.6539, 1.4603, -16.3777]},
			"faces": {
				"north": {"uv": [8, 3, 9.25, 3.5], "texture": "#1"},
				"east": {"uv": [1.5, 6.75, 1.75, 7.25], "texture": "#1"},
				"south": {"uv": [4.25, 8.75, 5.5, 9.25], "texture": "#1"},
				"west": {"uv": [1.25, 7.75, 1.5, 8.25], "texture": "#1"},
				"up": {"uv": [8.5, 9.75, 7.25, 9.5], "texture": "#1"},
				"down": {"uv": [10.75, 8.75, 9.5, 9], "texture": "#1"}
			}
		},
		{
			"from": [6.64904, 1.4603, -9.18296],
			"to": [12.96636, 2.16223, 7.83871],
			"rotation": {"angle": 0, "axis": "y", "origin": [7, 1.4603, -10.7623]},
			"faces": {
				"north": {"uv": [10.5, 6.25, 12.125, 6.375], "texture": "#1"},
				"east": {"uv": [9, 5, 13.25, 5.125], "texture": "#1"},
				"south": {"uv": [10.5, 6.5, 12.125, 6.625], "texture": "#1"},
				"west": {"uv": [9.25, 1.75, 13.5, 1.875], "texture": "#1"},
				"up": {"uv": [1.625, 4.25, 0, 0], "texture": "#1"},
				"down": {"uv": [3.375, 0, 1.75, 4.25], "texture": "#1"}
			}
		},
		{
			"from": [7.70193, 1.98674, 7.83871],
			"to": [11.91347, 6.90021, 13.6296],
			"rotation": {"angle": 0, "axis": "y", "origin": [7, 1.4603, 8.8916]},
			"faces": {
				"north": {"uv": [6.5, 3.5, 7.5, 4.75], "texture": "#1"},
				"east": {"uv": [5, 3, 6.5, 4.25], "texture": "#1"},
				"south": {"uv": [5, 6.5, 6, 7.75], "texture": "#1"},
				"west": {"uv": [5, 4.25, 6.5, 5.5], "texture": "#1"},
				"up": {"uv": [2.75, 7.25, 1.75, 5.75], "texture": "#1"},
				"down": {"uv": [7.5, 0, 6.5, 1.5], "texture": "#1"}
			}
		},
		{
			"from": [8.75481, 2.51319, 13.6296],
			"to": [10.86059, 6.19829, 17.66566],
			"rotation": {"angle": 0, "axis": "y", "origin": [7, 1.4603, -16.3777]},
			"faces": {
				"north": {"uv": [9.25, 9, 9.75, 9.875], "texture": "#1"},
				"east": {"uv": [8, 2, 9, 2.875], "texture": "#1"},
				"south": {"uv": [0, 9.5, 0.5, 10.375], "texture": "#1"},
				"west": {"uv": [8, 4.25, 9, 5.125], "texture": "#1"},
				"up": {"uv": [5.25, 10.25, 4.75, 9.25], "texture": "#1"},
				"down": {"uv": [9.75, 5.25, 9.25, 6.25], "texture": "#1"}
			}
		},
		{
			"from": [12.26444, 8.8305, -8.30556],
			"to": [12.6154, 12.51561, -7.9546],
			"rotation": {"angle": 45, "axis": "x", "origin": [7, 8.8305, -13.57]},
			"faces": {
				"north": {"uv": [4.5, 11, 4.625, 11.875], "texture": "#1"},
				"east": {"uv": [11, 7.25, 11.125, 8.125], "texture": "#1"},
				"south": {"uv": [11, 8.25, 11.125, 9.125], "texture": "#1"},
				"west": {"uv": [11, 9.25, 11.125, 10.125], "texture": "#1"},
				"up": {"uv": [12.375, 1.125, 12.25, 1], "texture": "#1"},
				"down": {"uv": [12.375, 1.5, 12.25, 1.625], "texture": "#1"}
			}
		},
		{
			"from": [10.50963, 8.8305, -8.30556],
			"to": [10.86059, 12.51561, -7.9546],
			"rotation": {"angle": 45, "axis": "x", "origin": [5.24519, 8.8305, -13.57]},
			"faces": {
				"north": {"uv": [9.75, 11, 9.875, 11.875], "texture": "#1"},
				"east": {"uv": [10, 11, 10.125, 11.875], "texture": "#1"},
				"south": {"uv": [10.25, 11, 10.375, 11.875], "texture": "#1"},
				"west": {"uv": [11, 10.75, 11.125, 11.625], "texture": "#1"},
				"up": {"uv": [2.125, 12.375, 2, 12.25], "texture": "#1"},
				"down": {"uv": [12.375, 2, 12.25, 2.125], "texture": "#1"}
			}
		},
		{
			"from": [7.17549, 8.8305, -8.30556],
			"to": [7.52645, 12.51561, -7.9546],
			"rotation": {"angle": 45, "axis": "x", "origin": [1.91105, 8.8305, -13.57]},
			"faces": {
				"north": {"uv": [11.25, 0, 11.375, 0.875], "texture": "#1"},
				"east": {"uv": [2, 11.25, 2.125, 12.125], "texture": "#1"},
				"south": {"uv": [11.25, 2, 11.375, 2.875], "texture": "#1"},
				"west": {"uv": [2.25, 11.25, 2.375, 12.125], "texture": "#1"},
				"up": {"uv": [2.375, 12.375, 2.25, 12.25], "texture": "#1"},
				"down": {"uv": [12.375, 2.25, 12.25, 2.375], "texture": "#1"}
			}
		},
		{
			"from": [8.9303, 8.8305, -8.30556],
			"to": [9.28125, 12.51561, -7.9546],
			"rotation": {"angle": 45, "axis": "x", "origin": [3.66586, 8.8305, -13.57]},
			"faces": {
				"north": {"uv": [2.5, 11.25, 2.625, 12.125], "texture": "#1"},
				"east": {"uv": [2.75, 11.25, 2.875, 12.125], "texture": "#1"},
				"south": {"uv": [11.25, 3.5, 11.375, 4.375], "texture": "#1"},
				"west": {"uv": [6.5, 11.25, 6.625, 12.125], "texture": "#1"},
				"up": {"uv": [2.625, 12.375, 2.5, 12.25], "texture": "#1"},
				"down": {"uv": [12.375, 2.5, 12.25, 2.625], "texture": "#1"}
			}
		},
		{
			"from": [12.79089, 1.98674, -9.18296],
			"to": [13.14185, 5.32087, -5.1469],
			"rotation": {"angle": 0, "axis": "y", "origin": [7, 1.4603, -7.9546]},
			"faces": {
				"north": {"uv": [11.25, 7.25, 11.375, 8.125], "texture": "#1"},
				"east": {"uv": [1.25, 8.25, 2.25, 9.125], "texture": "#1"},
				"south": {"uv": [11.25, 8.25, 11.375, 9.125], "texture": "#1"},
				"west": {"uv": [2.25, 8.25, 3.25, 9.125], "texture": "#1"},
				"up": {"uv": [1.125, 12, 1, 11], "texture": "#1"},
				"down": {"uv": [3.375, 11, 3.25, 12], "texture": "#1"}
			}
		},
		{
			"from": [6.47356, 1.98674, -9.18296],
			"to": [6.82453, 5.32087, -4.97143],
			"rotation": {"angle": 0, "axis": "y", "origin": [0.68268, 1.4603, -7.9546]},
			"faces": {
				"north": {"uv": [8.5, 11.25, 8.625, 12.125], "texture": "#1"},
				"east": {"uv": [3.25, 8.25, 4.25, 9.125], "texture": "#1"},
				"south": {"uv": [8.75, 11.25, 8.875, 12.125], "texture": "#1"},
				"west": {"uv": [8.25, 5.25, 9.25, 6.125], "texture": "#1"},
				"up": {"uv": [3.625, 12, 3.5, 11], "texture": "#1"},
				"down": {"uv": [3.875, 11, 3.75, 12], "texture": "#1"}
			}
		},
		{
			"from": [12.79089, 1.98674, -5.1469],
			"to": [13.14185, 5.32087, -0.4089],
			"rotation": {"angle": 0, "axis": "y", "origin": [7, 1.4603, -3.91852]},
			"faces": {
				"north": {"uv": [9, 11.25, 9.125, 12.125], "texture": "#1"},
				"east": {"uv": [6, 7.5, 7.125, 8.375], "texture": "#1"},
				"south": {"uv": [11.25, 9.25, 11.375, 10.125], "texture": "#1"},
				"west": {"uv": [7.5, 6.25, 8.625, 7.125], "texture": "#1"},
				"up": {"uv": [10.625, 11.875, 10.5, 10.75], "texture": "#1"},
				"down": {"uv": [10.875, 10.75, 10.75, 11.875], "texture": "#1"}
			}
		},
		{
			"from": [6.47356, 1.98674, -5.1469],
			"to": [6.82453, 5.32087, -0.23343],
			"rotation": {"angle": 0, "axis": "y", "origin": [0.68268, 1.4603, -3.91852]},
			"faces": {
				"north": {"uv": [11.25, 10.25, 11.375, 11.125], "texture": "#1"},
				"east": {"uv": [1.5, 7.25, 2.75, 8.125], "texture": "#1"},
				"south": {"uv": [11.25, 11.25, 11.375, 12.125], "texture": "#1"},
				"west": {"uv": [7.5, 0, 8.75, 0.875], "texture": "#1"},
				"up": {"uv": [7.125, 12, 7, 10.75], "texture": "#1"},
				"down": {"uv": [7.375, 10.75, 7.25, 12], "texture": "#1"}
			}
		},
		{
			"from": [12.79089, 1.98674, -0.4089],
			"to": [13.14185, 5.32087, 2.74976],
			"rotation": {"angle": 0, "axis": "y", "origin": [7, 1.4603, -1.81275]},
			"faces": {
				"north": {"uv": [11.5, 0, 11.625, 0.875], "texture": "#1"},
				"east": {"uv": [2.75, 5.75, 3.5, 6.625], "texture": "#1"},
				"south": {"uv": [1.25, 11.5, 1.375, 12.375], "texture": "#1"},
				"west": {"uv": [8.75, 0, 9.5, 0.875], "texture": "#1"},
				"up": {"uv": [11.625, 8.5, 11.5, 7.75], "texture": "#1"},
				"down": {"uv": [11.625, 8.5, 11.5, 9.25], "texture": "#1"}
			}
		},
		{
			"from": [6.47356, 1.98674, -0.4089],
			"to": [6.82453, 5.32087, 2.92524],
			"rotation": {"angle": 0, "axis": "y", "origin": [0.68268, 1.4603, -1.81275]},
			"faces": {
				"north": {"uv": [1.5, 11.5, 1.625, 12.375], "texture": "#1"},
				"east": {"uv": [8.5, 7.25, 9.375, 8.125], "texture": "#1"},
				"south": {"uv": [1.75, 11.5, 1.875, 12.375], "texture": "#1"},
				"west": {"uv": [7.5, 8.5, 8.375, 9.375], "texture": "#1"},
				"up": {"uv": [11.625, 2.875, 11.5, 2], "texture": "#1"},
				"down": {"uv": [3.125, 11.5, 3, 12.375], "texture": "#1"}
			}
		},
		{
			"from": [6.47356, 1.98674, 2.74976],
			"to": [6.82453, 5.32087, 7.48775],
			"rotation": {"angle": 0, "axis": "y", "origin": [0.68268, 1.4603, 4.50458]},
			"faces": {
				"north": {"uv": [11.5, 3.5, 11.625, 4.375], "texture": "#1"},
				"east": {"uv": [7.25, 7.5, 8.375, 8.375], "texture": "#1"},
				"south": {"uv": [4.75, 11.5, 4.875, 12.375], "texture": "#1"},
				"west": {"uv": [0, 7.75, 1.125, 8.625], "texture": "#1"},
				"up": {"uv": [0.125, 12.125, 0, 11], "texture": "#1"},
				"down": {"uv": [0.375, 11, 0.25, 12.125], "texture": "#1"}
			}
		},
		{
			"from": [12.79089, 1.98674, 2.74976],
			"to": [13.14185, 5.32087, 7.48775],
			"rotation": {"angle": 0, "axis": "y", "origin": [7, 1.4603, 4.50458]},
			"faces": {
				"north": {"uv": [5.25, 11.5, 5.375, 12.375], "texture": "#1"},
				"east": {"uv": [4.25, 7.75, 5.375, 8.625], "texture": "#1"},
				"south": {"uv": [11.5, 5.25, 11.625, 6.125], "texture": "#1"},
				"west": {"uv": [8, 1, 9.125, 1.875], "texture": "#1"},
				"up": {"uv": [0.625, 12.125, 0.5, 11], "texture": "#1"},
				"down": {"uv": [0.875, 11, 0.75, 12.125], "texture": "#1"}
			}
		},
		{
			"from": [12.6154, 5.32087, -5.67334],
			"to": [12.96636, 7.60214, -5.1469],
			"rotation": {"angle": 0, "axis": "y", "origin": [7, 1.4603, -9.70941]},
			"faces": {
				"north": {"uv": [11.75, 0, 11.875, 0.625], "texture": "#1"},
				"east": {"uv": [11.75, 2, 11.875, 2.625], "texture": "#1"},
				"south": {"uv": [11.75, 3.5, 11.875, 4.125], "texture": "#1"},
				"west": {"uv": [11.75, 5.25, 11.875, 5.875], "texture": "#1"},
				"up": {"uv": [2.875, 12.375, 2.75, 12.25], "texture": "#1"},
				"down": {"uv": [12.375, 3.5, 12.25, 3.625], "texture": "#1"}
			}
		},
		{
			"from": [6.82453, 7.60214, -7.25268],
			"to": [12.79089, 7.77763, 7.48775],
			"rotation": {"angle": 0, "axis": "y", "origin": [7, 1.4603, -9.70941]},
			"faces": {
				"north": {"uv": [9.75, 10.5, 11.25, 10.625], "texture": "#1"},
				"east": {"uv": [9.25, 3, 12.875, 3.125], "texture": "#1"},
				"south": {"uv": [3.25, 10.75, 4.75, 10.875], "texture": "#1"},
				"west": {"uv": [9.25, 3.25, 12.875, 3.375], "texture": "#1"},
				"up": {"uv": [5, 3.625, 3.5, 0], "texture": "#1"},
				"down": {"uv": [5, 3.75, 3.5, 7.375], "texture": "#1"}
			}
		},
		{
			"from": [6.64904, 5.32087, -5.67334],
			"to": [7, 7.60214, -5.1469],
			"rotation": {"angle": 0, "axis": "y", "origin": [0.85816, 1.4603, -9.70941]},
			"faces": {
				"north": {"uv": [7.5, 11.75, 7.625, 12.375], "texture": "#1"},
				"east": {"uv": [7.75, 11.75, 7.875, 12.375], "texture": "#1"},
				"south": {"uv": [11.75, 7.75, 11.875, 8.375], "texture": "#1"},
				"west": {"uv": [8, 11.75, 8.125, 12.375], "texture": "#1"},
				"up": {"uv": [12.375, 3.875, 12.25, 3.75], "texture": "#1"},
				"down": {"uv": [12.375, 4, 12.25, 4.125], "texture": "#1"}
			}
		},
		{
			"from": [12.6154, 5.1454, -1.63728],
			"to": [12.96636, 7.60214, 0.29301],
			"rotation": {"angle": 0, "axis": "y", "origin": [7, 1.4603, -4.2695]},
			"faces": {
				"north": {"uv": [8.25, 11.75, 8.375, 12.375], "texture": "#1"},
				"east": {"uv": [5.5, 7.75, 6, 8.375], "texture": "#1"},
				"south": {"uv": [11.75, 8.5, 11.875, 9.125], "texture": "#1"},
				"west": {"uv": [9.75, 5.25, 10.25, 5.875], "texture": "#1"},
				"up": {"uv": [4.375, 12.5, 4.25, 12], "texture": "#1"},
				"down": {"uv": [4.625, 12, 4.5, 12.5], "texture": "#1"}
			}
		},
		{
			"from": [6.64904, 5.1454, -1.63728],
			"to": [7, 7.60214, 0.29301],
			"rotation": {"angle": 0, "axis": "y", "origin": [0.85816, 1.4603, -4.2695]},
			"faces": {
				"north": {"uv": [11.75, 9.25, 11.875, 9.875], "texture": "#1"},
				"east": {"uv": [5.75, 9.75, 6.25, 10.375], "texture": "#1"},
				"south": {"uv": [11.75, 10, 11.875, 10.625], "texture": "#1"},
				"west": {"uv": [6.25, 9.75, 6.75, 10.375], "texture": "#1"},
				"up": {"uv": [12.125, 5.75, 12, 5.25], "texture": "#1"},
				"down": {"uv": [7.125, 12, 7, 12.5], "texture": "#1"}
			}
		},
		{
			"from": [6.64904, 5.1454, 1.69688],
			"to": [7, 7.60214, 2.22331],
			"rotation": {"angle": 0, "axis": "y", "origin": [0.85816, 1.4603, -2.3392]},
			"faces": {
				"north": {"uv": [11.75, 10.75, 11.875, 11.375], "texture": "#1"},
				"east": {"uv": [11, 11.75, 11.125, 12.375], "texture": "#1"},
				"south": {"uv": [11.5, 11.75, 11.625, 12.375], "texture": "#1"},
				"west": {"uv": [11.75, 11.5, 11.875, 12.125], "texture": "#1"},
				"up": {"uv": [12.375, 4.625, 12.25, 4.5], "texture": "#1"},
				"down": {"uv": [12.375, 4.75, 12.25, 4.875], "texture": "#1"}
			}
		},
		{
			"from": [12.6154, 5.1454, 1.69688],
			"to": [12.96636, 7.60214, 2.22331],
			"rotation": {"angle": 0, "axis": "y", "origin": [7, 1.4603, -2.3392]},
			"faces": {
				"north": {"uv": [12, 0, 12.125, 0.625], "texture": "#1"},
				"east": {"uv": [1, 12, 1.125, 12.625], "texture": "#1"},
				"south": {"uv": [12, 2, 12.125, 2.625], "texture": "#1"},
				"west": {"uv": [3.25, 12, 3.375, 12.625], "texture": "#1"},
				"up": {"uv": [5.125, 12.375, 5, 12.25], "texture": "#1"},
				"down": {"uv": [12.375, 5.25, 12.25, 5.375], "texture": "#1"}
			}
		},
		{
			"from": [6.64904, 5.1454, 3.62716],
			"to": [7, 7.60214, 7.13679],
			"rotation": {"angle": 0, "axis": "y", "origin": [0.85816, 1.4603, 0.99495]},
			"faces": {
				"north": {"uv": [3.5, 12, 3.625, 12.625], "texture": "#1"},
				"east": {"uv": [9.25, 1, 10.125, 1.625], "texture": "#1"},
				"south": {"uv": [12, 3.5, 12.125, 4.125], "texture": "#1"},
				"west": {"uv": [1.75, 9.25, 2.625, 9.875], "texture": "#1"},
				"up": {"uv": [5.625, 12.375, 5.5, 11.5], "texture": "#1"},
				"down": {"uv": [5.875, 11.5, 5.75, 12.375], "texture": "#1"}
			}
		},
		{
			"from": [12.6154, 5.1454, 3.62716],
			"to": [12.96636, 7.60214, 7.13679],
			"rotation": {"angle": 0, "axis": "y", "origin": [7, 1.4603, 0.99495]},
			"faces": {
				"north": {"uv": [3.75, 12, 3.875, 12.625], "texture": "#1"},
				"east": {"uv": [2.75, 9.25, 3.625, 9.875], "texture": "#1"},
				"south": {"uv": [4, 12, 4.125, 12.625], "texture": "#1"},
				"west": {"uv": [3.75, 9.25, 4.625, 9.875], "texture": "#1"},
				"up": {"uv": [6.125, 12.375, 6, 11.5], "texture": "#1"},
				"down": {"uv": [6.375, 11.5, 6.25, 12.375], "texture": "#1"}
			}
		},
		{
			"from": [6.64904, 2.16223, 7.13679],
			"to": [12.96636, 7.60214, 7.83871],
			"rotation": {"angle": 0, "axis": "y", "origin": [7, 1.4603, 6.0839]},
			"faces": {
				"north": {"uv": [0, 4.25, 1.625, 5.625], "texture": "#1"},
				"east": {"uv": [5, 10.75, 5.125, 12.125], "texture": "#1"},
				"south": {"uv": [1.75, 4.25, 3.375, 5.625], "texture": "#1"},
				"west": {"uv": [6.75, 10.75, 6.875, 12.125], "texture": "#1"},
				"up": {"uv": [12.125, 6.875, 10.5, 6.75], "texture": "#1"},
				"down": {"uv": [12.125, 7, 10.5, 7.125], "texture": "#1"}
			}
		},
		{
			"from": [8.9303, 3.03963, 17.66566],
			"to": [10.50963, 5.84733, 23.63203],
			"rotation": {"angle": 0, "axis": "y", "origin": [7, 1.4603, 14.507]},
			"faces": {
				"north": {"uv": [10.25, 3.5, 10.625, 4.25], "texture": "#1"},
				"east": {"uv": [6.5, 4.75, 8, 5.5], "texture": "#1"},
				"south": {"uv": [10.25, 4.25, 10.625, 5], "texture": "#1"},
				"west": {"uv": [6.75, 5.5, 8.25, 6.25], "texture": "#1"},
				"up": {"uv": [9.375, 5, 9, 3.5], "texture": "#1"},
				"down": {"uv": [8.875, 9, 8.5, 10.5], "texture": "#1"}
			}
		},
		{
			"from": [7, 7.77763, -1.98824],
			"to": [12.6154, 9.00599, 3.62716],
			"rotation": {"angle": 0, "axis": "y", "origin": [7, 7.0757, -5.1469]},
			"faces": {
				"north": {"uv": [9.5, 7.75, 10.875, 8], "texture": "#1"},
				"east": {"uv": [9.5, 8, 10.875, 8.25], "texture": "#1"},
				"south": {"uv": [9.5, 8.25, 10.875, 8.5], "texture": "#1"},
				"west": {"uv": [9.5, 8.5, 10.875, 8.75], "texture": "#1"},
				"up": {"uv": [6.375, 1.375, 5, 0], "texture": "#1"},
				"down": {"uv": [6.375, 1.5, 5, 2.875], "texture": "#1"}
			}
		},
		{
			"from": [7.70193, 7.77763, -5.49786],
			"to": [11.91347, 8.65502, -1.98824],
			"rotation": {"angle": 0, "axis": "y", "origin": [7, 7.0757, -10.7623]},
			"faces": {
				"north": {"uv": [7.5, 7.25, 8.5, 7.5], "texture": "#1"},
				"east": {"uv": [10.25, 5.75, 11.125, 6], "texture": "#1"},
				"south": {"uv": [9.75, 6, 10.75, 6.25], "texture": "#1"},
				"west": {"uv": [2, 10.5, 2.875, 10.75], "texture": "#1"},
				"up": {"uv": [6.5, 9.375, 5.5, 8.5], "texture": "#1"},
				"down": {"uv": [7.5, 8.5, 6.5, 9.375], "texture": "#1"}
			}
		},
		{
			"from": [7.70193, 7.77763, 3.62716],
			"to": [11.91347, 8.65502, 6.61034],
			"rotation": {"angle": 0, "axis": "y", "origin": [7, 7.0757, -2.16373]},
			"faces": {
				"north": {"uv": [10.25, 0.5, 11.25, 0.75], "texture": "#1"},
				"east": {"uv": [6.75, 6.25, 7.5, 6.5], "texture": "#1"},
				"south": {"uv": [10.25, 1.5, 11.25, 1.75], "texture": "#1"},
				"west": {"uv": [4.25, 7.5, 5, 7.75], "texture": "#1"},
				"up": {"uv": [9.5, 9, 8.5, 8.25], "texture": "#1"},
				"down": {"uv": [1, 8.75, 0, 9.5], "texture": "#1"}
			}
		},
		{
			"from": [9.28125, 9.00599, 0.56706],
			"to": [10.50963, 10.40984, 1.79543],
			"rotation": {"angle": 0, "axis": "y", "origin": [7, 7.0757, -1.7142]},
			"faces": {
				"north": {"uv": [9.25, 11.5, 9.5, 11.875], "texture": "#1"},
				"east": {"uv": [11.5, 9.25, 11.75, 9.625], "texture": "#1"},
				"south": {"uv": [9.5, 11.5, 9.75, 11.875], "texture": "#1"},
				"west": {"uv": [11.5, 9.75, 11.75, 10.125], "texture": "#1"},
				"up": {"uv": [8.25, 5.5, 8, 5.25], "texture": "#1"},
				"down": {"uv": [5.5, 9.25, 5.25, 9.5], "texture": "#1"}
			}
		},
		{
			"from": [8.75481, 10.40984, 0.04061],
			"to": [11.03608, 10.93629, 2.32188],
			"rotation": {"angle": 0, "axis": "y", "origin": [7, 8.47955, -1.7142]},
			"faces": {
				"north": {"uv": [11.75, 0.75, 12.375, 0.875], "texture": "#1"},
				"east": {"uv": [11.75, 2.75, 12.375, 2.875], "texture": "#1"},
				"south": {"uv": [11.75, 4.25, 12.375, 4.375], "texture": "#1"},
				"west": {"uv": [11.75, 6, 12.375, 6.125], "texture": "#1"},
				"up": {"uv": [3.375, 7.375, 2.75, 6.75], "texture": "#1"},
				"down": {"uv": [10.125, 0, 9.5, 0.625], "texture": "#1"}
			}
		},
		{
			"from": [5.77164, 7.77763, -2.51469],
			"to": [7, 9.00599, 6.61034],
			"rotation": {"angle": 0, "axis": "y", "origin": [7, 7.0757, -2.3392]},
			"faces": {
				"north": {"uv": [11.25, 5.75, 11.5, 6], "texture": "#1"},
				"east": {"uv": [9, 2, 11.25, 2.25], "texture": "#1"},
				"south": {"uv": [12, 5.75, 12.25, 6], "texture": "#1"},
				"west": {"uv": [9, 2.25, 11.25, 2.5], "texture": "#1"},
				"up": {"uv": [1.25, 11, 1, 8.75], "texture": "#1"},
				"down": {"uv": [9.25, 9, 9, 11.25], "texture": "#1"}
			}
		},
		{
			"from": [12.6154, 7.77763, -2.51469],
			"to": [13.84378, 9.00599, 6.61034],
			"rotation": {"angle": 0, "axis": "y", "origin": [13.84378, 7.0757, -2.3392]},
			"faces": {
				"north": {"uv": [7.25, 12, 7.5, 12.25], "texture": "#1"},
				"east": {"uv": [9, 2.5, 11.25, 2.75], "texture": "#1"},
				"south": {"uv": [12, 7.75, 12.25, 8], "texture": "#1"},
				"west": {"uv": [9, 2.75, 11.25, 3], "texture": "#1"},
				"up": {"uv": [1.5, 11.5, 1.25, 9.25], "texture": "#1"},
				"down": {"uv": [1.75, 9.25, 1.5, 11.5], "texture": "#1"}
			}
		},
		{
			"from": [8.9303, 3.91704, 23.63203],
			"to": [10.50963, 5.84733, 25.7378],
			"rotation": {"angle": 0, "axis": "y", "origin": [7, 4.268, 22.9301]},
			"faces": {
				"north": {"uv": [2, 10.75, 2.375, 11.25], "texture": "#1"},
				"east": {"uv": [7.5, 1, 8, 1.5], "texture": "#1"},
				"south": {"uv": [2.5, 10.75, 2.875, 11.25], "texture": "#1"},
				"west": {"uv": [7.5, 4.25, 8, 4.75], "texture": "#1"},
				"up": {"uv": [11.125, 4, 10.75, 3.5], "texture": "#1"},
				"down": {"uv": [11.125, 4, 10.75, 4.5], "texture": "#1"}
			}
		},
		{
			"from": [3.9303, 3.91704, 23.7378],
			"to": [15.50963, 4.84733, 27.6753],
			"rotation": {"angle": 0, "axis": "y", "origin": [7, 4.268, 22.9301]},
			"faces": {
				"north": {"uv": [2, 10.75, 2.375, 11.25], "texture": "#1"},
				"east": {"uv": [7.5, 1, 8, 1.5], "texture": "#1"},
				"south": {"uv": [2.5, 10.75, 2.875, 11.25], "texture": "#1"},
				"west": {"uv": [7.5, 4.25, 8, 4.75], "texture": "#1"},
				"up": {"uv": [11.125, 4, 10.75, 3.5], "texture": "#1"},
				"down": {"uv": [11.125, 4, 10.75, 4.5], "texture": "#1"}
			}
		},
		{
			"from": [9.28125, 5.84733, 23.45655],
			"to": [10.15866, 6.90021, 25.91329],
			"rotation": {"angle": 0, "axis": "y", "origin": [7, 6.19829, 23.10559]},
			"faces": {
				"north": {"uv": [12, 8, 12.25, 8.25], "texture": "#1"},
				"east": {"uv": [10.75, 5.25, 11.375, 5.5], "texture": "#1"},
				"south": {"uv": [12, 8.25, 12.25, 8.5], "texture": "#1"},
				"west": {"uv": [10.75, 5.5, 11.375, 5.75], "texture": "#1"},
				"up": {"uv": [7.75, 11.375, 7.5, 10.75], "texture": "#1"},
				"down": {"uv": [8, 10.75, 7.75, 11.375], "texture": "#1"}
			}
		},
		{
			"from": [9.28125, 6.90021, 23.80751],
			"to": [10.15866, 8.65502, 26.26425],
			"rotation": {"angle": 0, "axis": "y", "origin": [7, 7.25118, 23.10559]},
			"faces": {
				"north": {"uv": [11, 0, 11.25, 0.5], "texture": "#1"},
				"east": {"uv": [6.75, 9.75, 7.375, 10.25], "texture": "#1"},
				"south": {"uv": [11, 0.75, 11.25, 1.25], "texture": "#1"},
				"west": {"uv": [7.5, 9.75, 8.125, 10.25], "texture": "#1"},
				"up": {"uv": [8.25, 11.375, 8, 10.75], "texture": "#1"},
				"down": {"uv": [8.5, 10.75, 8.25, 11.375], "texture": "#1"}
			}
		},
		{
			"from": [9.28125, 8.65502, 24.15848],
			"to": [10.15866, 10.93629, 26.61521],
			"rotation": {"angle": 0, "axis": "y", "origin": [7, 9.00599, 23.10559]},
			"faces": {
				"north": {"uv": [10.75, 8.75, 11, 9.375], "texture": "#1"},
				"east": {"uv": [9.5, 3.5, 10.125, 4.125], "texture": "#1"},
				"south": {"uv": [9.25, 10.75, 9.5, 11.375], "texture": "#1"},
				"west": {"uv": [9.5, 4.25, 10.125, 4.875], "texture": "#1"},
				"up": {"uv": [9.75, 11.375, 9.5, 10.75], "texture": "#1"},
				"down": {"uv": [11, 9.5, 10.75, 10.125], "texture": "#1"}
			}
		},
		{
			"from": [8.22838, 10.93629, 24.50944],
			"to": [10.15866, 11.98916, 26.96618],
			"rotation": {"angle": 0, "axis": "y", "origin": [7, 11.28725, 23.10559]},
			"faces": {
				"north": {"uv": [10.75, 10.25, 11.25, 10.5], "texture": "#1"},
				"east": {"uv": [10.75, 6, 11.375, 6.25], "texture": "#1"},
				"south": {"uv": [11, 1.25, 11.5, 1.5], "texture": "#1"},
				"west": {"uv": [9.75, 10.75, 10.375, 11], "texture": "#1"},
				"up": {"uv": [10.25, 9.625, 9.75, 9], "texture": "#1"},
				"down": {"uv": [10.25, 9.75, 9.75, 10.375], "texture": "#1"}
			}
		},
		{
			"from": [9.8077, 11.28725, 25.7378],
			"to": [11.21155, 11.63821, 26.08876],
			"rotation": {"angle": 0, "axis": "y", "origin": [9.8077, 9.8834, 22.9301]},
			"faces": {
				"north": {"uv": [12, 11, 12.375, 11.125], "texture": "#1"},
				"east": {"uv": [12.25, 5.5, 12.375, 5.625], "texture": "#1"},
				"south": {"uv": [12, 11.25, 12.375, 11.375], "texture": "#1"},
				"west": {"uv": [12.25, 5.75, 12.375, 5.875], "texture": "#1"},
				"up": {"uv": [12.375, 11.625, 12, 11.5], "texture": "#1"},
				"down": {"uv": [12.375, 11.75, 12, 11.875], "texture": "#1"}
			}
		},
		{
			"from": [-6.726, 10.23436, -15.5625],
			"to": [26.9664, 10.40984, 17.7522],
			"rotation": {"angle": 0, "axis": "y", "origin": [7.3125, 12.6911, -1.9017]},
			"faces": {
				"north": {"uv": [0, 0, 0.9375, 0.5625], "texture": "#2"},
				"east": {"uv": [0, 0, 0.4375, 0.3125], "texture": "#2"},
				"south": {"uv": [0, 0, 0.6875, 0.3125], "texture": "#2"},
				"west": {"uv": [0, 0, 0.75, 0.3125], "texture": "#2"},
				"up": {"uv": [16, 16, 0, 0], "texture": "#2"},
				"down": {"uv": [16, 0, 0, 16], "texture": "#2"}
			}
		},
		{
			"from": [10.54326, 5.5122, 20.3375],
			"to": [10.71874, 17.2046, 31.6522],
			"rotation": {"angle": 0, "axis": "z", "origin": [10.6875, 11.1661, 24.9983]},
			"faces": {
				"north": {"uv": [0, 0, 0.6875, 0.5625], "rotation": 270, "texture": "#2"},
				"east": {"uv": [16, 16, 0, 0], "rotation": 90, "texture": "#2"},
				"south": {"uv": [0.5625, 0.4375, 0, 0], "rotation": 90, "texture": "#2"},
				"west": {"uv": [16, 0, 0, 16], "rotation": 90, "texture": "#2"},
				"up": {"uv": [0, 0, 0.5, 0.25], "rotation": 90, "texture": "#2"},
				"down": {"uv": [0, 0, 0.4375, 0.3125], "rotation": 90, "texture": "#2"}
			}
		},
		{
			"from": [12.43993, 0.75838, -7.9546],
			"to": [14.19474, 2.51319, -5.32237],
			"rotation": {"angle": 0, "axis": "y", "origin": [7, -1.69836, -7.60364]},
			"faces": {
				"north": {"uv": [4.75, 10.25, 5.25, 10.75], "texture": "#1"},
				"east": {"uv": [1.75, 10, 2.375, 10.5], "texture": "#1"},
				"south": {"uv": [10.25, 5.25, 10.75, 5.75], "texture": "#1"},
				"west": {"uv": [2.5, 10, 3.125, 10.5], "texture": "#1"},
				"up": {"uv": [3.75, 10.625, 3.25, 10], "texture": "#1"},
				"down": {"uv": [4.25, 10, 3.75, 10.625], "texture": "#1"}
			}
		},
		{
			"from": [5.42068, 0.75838, -7.9546],
			"to": [7.17549, 2.51319, -5.32237],
			"rotation": {"angle": 0, "axis": "y", "origin": [-0.01925, -1.69836, -7.60364]},
			"faces": {
				"north": {"uv": [6.75, 10.25, 7.25, 10.75], "texture": "#1"},
				"east": {"uv": [10.25, 0, 10.875, 0.5], "texture": "#1"},
				"south": {"uv": [7.25, 10.25, 7.75, 10.75], "texture": "#1"},
				"west": {"uv": [10.25, 1, 10.875, 1.5], "texture": "#1"},
				"up": {"uv": [4.75, 10.625, 4.25, 10], "texture": "#1"},
				"down": {"uv": [9.75, 10, 9.25, 10.625], "texture": "#1"}
			}
		},
		{
			"from": [6.29808, -0.99644, -6.72622],
			"to": [7.17549, -0.47, -3.39209],
			"rotation": {"angle": -45, "axis": "x", "origin": [0.85816, 1.28481, -7.60364]},
			"faces": {
				"north": {"uv": [12, 12, 12.25, 12.125], "texture": "#1"},
				"east": {"uv": [11.25, 1, 12.125, 1.125], "texture": "#1"},
				"south": {"uv": [0, 12.25, 0.25, 12.375], "texture": "#1"},
				"west": {"uv": [11.25, 1.5, 12.125, 1.625], "texture": "#1"},
				"up": {"uv": [3.25, 11.375, 3, 10.5], "texture": "#1"},
				"down": {"uv": [5.5, 10.5, 5.25, 11.375], "texture": "#1"}
			}
		},
		{
			"from": [8.9303, 0.93385, 15.91085],
			"to": [10.15866, 1.4603, 19.24499],
			"rotation": {"angle": 22.5, "axis": "x", "origin": [3.66586, -0.82096, 20.1224]},
			"faces": {
				"north": {"uv": [12.25, 0, 12.5, 0.125], "texture": "#1"},
				"east": {"uv": [11.5, 1.25, 12.375, 1.375], "texture": "#1"},
				"south": {"uv": [0.25, 12.25, 0.5, 12.375], "texture": "#1"},
				"west": {"uv": [11.5, 7.25, 12.375, 7.375], "texture": "#1"},
				"up": {"uv": [5.75, 11.375, 5.5, 10.5], "texture": "#1"},
				"down": {"uv": [6, 10.5, 5.75, 11.375], "texture": "#1"}
			}
		},
		{
			"from": [9.10577, 0.23193, 19.94693],
			"to": [10.15866, 3.39059, 20.64885],
			"rotation": {"angle": 0, "axis": "x", "origin": [11.56251, -0.82096, 14.85796]},
			"faces": {
				"north": {"uv": [8.75, 10.5, 9, 11.25], "texture": "#1"},
				"east": {"uv": [11.5, 10.25, 11.625, 11], "texture": "#1"},
				"south": {"uv": [4.75, 10.75, 5, 11.5], "texture": "#1"},
				"west": {"uv": [11.5, 11, 11.625, 11.75], "texture": "#1"},
				"up": {"uv": [12.5, 0.375, 12.25, 0.25], "texture": "#1"},
				"down": {"uv": [0.75, 12.25, 0.5, 12.375], "texture": "#1"}
			}
		},
		{
			"from": [12.6154, -0.99644, -6.72622],
			"to": [13.49281, -0.47, -3.39209],
			"rotation": {"angle": -45, "axis": "x", "origin": [6.82453, 1.28481, -7.60364]},
			"faces": {
				"north": {"uv": [12.25, 0.5, 12.5, 0.625], "texture": "#1"},
				"east": {"uv": [7.5, 11.5, 8.375, 11.625], "texture": "#1"},
				"south": {"uv": [0.75, 12.25, 1, 12.375], "texture": "#1"},
				"west": {"uv": [11.5, 7.5, 12.375, 7.625], "texture": "#1"},
				"up": {"uv": [6.25, 11.375, 6, 10.5], "texture": "#1"},
				"down": {"uv": [6.5, 10.5, 6.25, 11.375], "texture": "#1"}
			}
		},
		{
			"from": [12.96636, -0.47, -7.60364],
			"to": [13.66829, 1.63578, -5.49786],
			"rotation": {"angle": 0, "axis": "y", "origin": [8.05289, -3.2777, -11.81519]},
			"faces": {
				"north": {"uv": [12, 8.5, 12.125, 9], "texture": "#1"},
				"east": {"uv": [7.75, 10.25, 8.25, 10.75], "texture": "#1"},
				"south": {"uv": [12, 9, 12.125, 9.5], "texture": "#1"},
				"west": {"uv": [10.25, 9, 10.75, 9.5], "texture": "#1"},
				"up": {"uv": [9.375, 12.5, 9.25, 12], "texture": "#1"},
				"down": {"uv": [9.625, 12, 9.5, 12.5], "texture": "#1"}
			}
		},
		{
			"from": [5.94711, -0.47, -7.60364],
			"to": [6.64904, 1.63578, -5.49786],
			"rotation": {"angle": 0, "axis": "y", "origin": [1.03364, -3.2777, -11.81519]},
			"faces": {
				"north": {"uv": [12, 9.5, 12.125, 10], "texture": "#1"},
				"east": {"uv": [10.25, 9.5, 10.75, 10], "texture": "#1"},
				"south": {"uv": [9.75, 12, 9.875, 12.5], "texture": "#1"},
				"west": {"uv": [10.25, 10, 10.75, 10.5], "texture": "#1"},
				"up": {"uv": [10.125, 12.5, 10, 12], "texture": "#1"},
				"down": {"uv": [12.125, 10, 12, 10.5], "texture": "#1"}
			}
		},
		{
			"from": [9.28125, -0.47, 19.24499],
			"to": [9.98319, 1.63578, 21.35078],
			"rotation": {"angle": 0, "axis": "y", "origin": [4.36777, -3.2777, 15.03345]},
			"faces": {
				"north": {"uv": [10.25, 12, 10.375, 12.5], "texture": "#1"},
				"east": {"uv": [0, 10.5, 0.5, 11], "texture": "#1"},
				"south": {"uv": [10.5, 12, 10.625, 12.5], "texture": "#1"},
				"west": {"uv": [0.5, 10.5, 1, 11], "texture": "#1"},
				"up": {"uv": [12.125, 11, 12, 10.5], "texture": "#1"},
				"down": {"uv": [10.875, 12, 10.75, 12.5], "texture": "#1"}
			}
		}
	],
	"display": {
		"thirdperson_righthand": {
			"rotation": [4.5, 0, 0],
			"translation": [-0.75, 7.5, 4.25]
		},
		"ground": {
			"translation": [0, 5.5, 5]
		},
		"gui": {
			"rotation": [-167.54, -28.26, -177.52],
			"scale": [0.86523, 0.84766, 0.85547]
		},
		"head": {
			"translation": [-7.5, -4.5, 29.75],
			"scale": [4, 4, 4]
		},
		"fixed": {
			"rotation": [-90, -180, 0],
			"translation": [0, -0.5, -8.25]
		}
	},
	"groups": [
		{
			"name": "group",
			"origin": [7, 0, 1],
			"color": 0,
			"children": [
				0,
				1,
				2,
				3,
				4,
				5,
				6,
				7,
				8,
				9,
				10,
				11,
				12,
				13,
				14,
				15,
				16,
				17,
				18,
				19,
				20,
				21,
				22,
				23,
				24,
				25,
				26,
				27,
				28,
				29,
				30,
				31,
				32,
				33,
				34,
				35,
				36,
				37,
				38,
				39,
				40,
				41,
				42,
				43,
				44,
				45,
				46,
				47,
				48,
				49,
				50,
				51,
				52,
				53,
				54,
				55
			]
		}
	]
}