{
	"format_version": "1.21.6",
	"texture_size": [128, 128],
	"textures": {
		"0": "item/rotor",
		"1": "item/cessnuh",
		"particle": "item/rotor"
	},
	"elements": [
		{
			"from": [2, 10.5, 21.9375],
			"to": [14, 11, 30.25],
			"rotation": {"angle": 0, "axis": "y", "origin": [7, 10.5, 6.25]},
			"faces": {
				"north": {"uv": [7.125, 7.875, 8.625, 7.9375], "texture": "#1"},
				"east": {"uv": [8, 4.25, 9.03906, 4.3125], "texture": "#1"},
				"south": {"uv": [8, 2, 9.5, 2.0625], "texture": "#1"},
				"west": {"uv": [8, 4.375, 9.03906, 4.4375], "texture": "#1"},
				"up": {"uv": [5.5, 3.53906, 4, 2.5], "texture": "#1"},
				"down": {"uv": [5.5, 3.625, 4, 4.66406], "texture": "#1"}
			}
		},
		{
			"from": [14, 10.5, 22.9375],
			"to": [17, 11, 30.25],
			"rotation": {"angle": 0, "axis": "y", "origin": [7, 10.5, 6.25]},
			"faces": {
				"north": {"uv": [3.625, 8.25, 4, 8.3125], "texture": "#1"},
				"east": {"uv": [8.125, 0.75, 9.03906, 0.8125], "texture": "#1"},
				"south": {"uv": [4.125, 8.25, 4.5, 8.3125], "texture": "#1"},
				"west": {"uv": [8.125, 0.875, 9.03906, 0.9375], "texture": "#1"},
				"up": {"uv": [5.625, 7.78906, 5.25, 6.875], "texture": "#1"},
				"down": {"uv": [2.75, 7.125, 2.375, 8.03906], "texture": "#1"}
			}
		},
		{
			"from": [-1, 10.5, 22.9375],
			"to": [2, 11, 30.25],
			"rotation": {"angle": 0, "axis": "y", "origin": [-8, 10.5, 6.25]},
			"faces": {
				"north": {"uv": [4.5, 8.25, 4.875, 8.3125], "texture": "#1"},
				"east": {"uv": [8.125, 1, 9.03906, 1.0625], "texture": "#1"},
				"south": {"uv": [5.25, 8.25, 5.625, 8.3125], "texture": "#1"},
				"west": {"uv": [2.375, 8.125, 3.28906, 8.1875], "texture": "#1"},
				"up": {"uv": [3.125, 8.03906, 2.75, 7.125], "texture": "#1"},
				"down": {"uv": [3.5, 7.125, 3.125, 8.03906], "texture": "#1"}
			}
		},
		{
			"from": [-4, 10.5, 23.9375],
			"to": [-1, 11, 30.25],
			"rotation": {"angle": 0, "axis": "y", "origin": [-11, 10.5, 6.25]},
			"faces": {
				"north": {"uv": [6.75, 8.25, 7.125, 8.3125], "texture": "#1"},
				"east": {"uv": [6.75, 8.125, 7.53906, 8.1875], "texture": "#1"},
				"south": {"uv": [8.25, 6.75, 8.625, 6.8125], "texture": "#1"},
				"west": {"uv": [7.625, 8.125, 8.41406, 8.1875], "texture": "#1"},
				"up": {"uv": [7.5, 2.78906, 7.125, 2], "texture": "#1"},
				"down": {"uv": [7.5, 6.5, 7.125, 7.28906], "texture": "#1"}
			}
		},
		{
			"from": [17, 10.5, 23.9375],
			"to": [20, 11, 30.25],
			"rotation": {"angle": 0, "axis": "y", "origin": [10, 10.5, 6.25]},
			"faces": {
				"north": {"uv": [8.25, 6.875, 8.625, 6.9375], "texture": "#1"},
				"east": {"uv": [8.25, 1.125, 9.03906, 1.1875], "texture": "#1"},
				"south": {"uv": [8.25, 7, 8.625, 7.0625], "texture": "#1"},
				"west": {"uv": [8.25, 1.25, 9.03906, 1.3125], "texture": "#1"},
				"up": {"uv": [4.625, 8.03906, 4.25, 7.25], "texture": "#1"},
				"down": {"uv": [5, 7.25, 4.625, 8.03906], "texture": "#1"}
			}
		},
		{
			"from": [7.75, 11, 22.0625],
			"to": [8.25, 12.3125, 30.1875],
			"rotation": {"angle": 0, "axis": "y", "origin": [7, 9, 7]},
			"faces": {
				"north": {"uv": [7.25, 8.25, 7.3125, 8.41406], "texture": "#1"},
				"east": {"uv": [7.5, 3.25, 8.51563, 3.41406], "texture": "#1"},
				"south": {"uv": [7.375, 8.25, 7.4375, 8.41406], "texture": "#1"},
				"west": {"uv": [7.5, 6.5, 8.51563, 6.66406], "texture": "#1"},
				"up": {"uv": [6.3125, 8.89063, 6.25, 7.875], "texture": "#1"},
				"down": {"uv": [5.6875, 8, 5.625, 9.01563], "texture": "#1"}
			}
		},
		{
			"from": [7.75, 12.3125, 22.5625],
			"to": [8.25, 13.3125, 30.1875],
			"rotation": {"angle": 0, "axis": "y", "origin": [7, 13, 7]},
			"faces": {
				"north": {"uv": [7.625, 8.25, 7.6875, 8.375], "texture": "#1"},
				"east": {"uv": [7.5, 7.25, 8.45313, 7.375], "texture": "#1"},
				"south": {"uv": [7.75, 8.25, 7.8125, 8.375], "texture": "#1"},
				"west": {"uv": [7.625, 4.625, 8.57813, 4.75], "texture": "#1"},
				"up": {"uv": [6.5625, 8.95313, 6.5, 8], "texture": "#1"},
				"down": {"uv": [6.6875, 8, 6.625, 8.95313], "texture": "#1"}
			}
		},
		{
			"from": [7.75, 13.3125, 22.875],
			"to": [8.25, 14.3125, 30.1875],
			"rotation": {"angle": 0, "axis": "y", "origin": [7, 14, 7]},
			"faces": {
				"north": {"uv": [7.875, 8.25, 7.9375, 8.375], "texture": "#1"},
				"east": {"uv": [7.75, 7.375, 8.66406, 7.5], "texture": "#1"},
				"south": {"uv": [8, 8.25, 8.0625, 8.375], "texture": "#1"},
				"west": {"uv": [7.75, 7.5, 8.66406, 7.625], "texture": "#1"},
				"up": {"uv": [0.0625, 9.03906, 0, 8.125], "texture": "#1"},
				"down": {"uv": [0.1875, 8.125, 0.125, 9.03906], "texture": "#1"}
			}
		},
		{
			"from": [7.75, 14.3125, 23.25],
			"to": [8.25, 15.3125, 30.1875],
			"rotation": {"angle": 0, "axis": "y", "origin": [7, 15, 7]},
			"faces": {
				"north": {"uv": [8.25, 8, 8.3125, 8.125], "texture": "#1"},
				"east": {"uv": [7.75, 7.625, 8.61719, 7.75], "texture": "#1"},
				"south": {"uv": [8.125, 8.25, 8.1875, 8.375], "texture": "#1"},
				"west": {"uv": [7.75, 7.75, 8.61719, 7.875], "texture": "#1"},
				"up": {"uv": [0.3125, 8.99219, 0.25, 8.125], "texture": "#1"},
				"down": {"uv": [1.5625, 8.125, 1.5, 8.99219], "texture": "#1"}
			}
		},
		{
			"from": [7.75, 15.3125, 23.6875],
			"to": [8.25, 16.3125, 30.1875],
			"rotation": {"angle": 0, "axis": "y", "origin": [7, 16, 7]},
			"faces": {
				"north": {"uv": [8.25, 8.25, 8.3125, 8.375], "texture": "#1"},
				"east": {"uv": [5.25, 7.875, 6.0625, 8], "texture": "#1"},
				"south": {"uv": [8.375, 1.375, 8.4375, 1.5], "texture": "#1"},
				"west": {"uv": [7.875, 6.125, 8.6875, 6.25], "texture": "#1"},
				"up": {"uv": [1.6875, 8.9375, 1.625, 8.125], "texture": "#1"},
				"down": {"uv": [1.8125, 8.125, 1.75, 8.9375], "texture": "#1"}
			}
		},
		{
			"from": [7.75, 16.3125, 24.3125],
			"to": [8.25, 17.3125, 30.1875],
			"rotation": {"angle": 0, "axis": "y", "origin": [7, 17, 7]},
			"faces": {
				"north": {"uv": [8.375, 1.5, 8.4375, 1.625], "texture": "#1"},
				"east": {"uv": [5.625, 7.75, 6.35938, 7.875], "texture": "#1"},
				"south": {"uv": [8.375, 1.625, 8.4375, 1.75], "texture": "#1"},
				"west": {"uv": [8, 2.375, 8.73438, 2.5], "texture": "#1"},
				"up": {"uv": [1.9375, 8.85938, 1.875, 8.125], "texture": "#1"},
				"down": {"uv": [4.0625, 8.125, 4, 8.85938], "texture": "#1"}
			}
		},
		{
			"from": [7.75, 17.3125, 24.8125],
			"to": [8.25, 18.3125, 30.1875],
			"rotation": {"angle": 0, "axis": "y", "origin": [7, 18, 7]},
			"faces": {
				"north": {"uv": [8.375, 1.75, 8.4375, 1.875], "texture": "#1"},
				"east": {"uv": [8, 3.75, 8.67188, 3.875], "texture": "#1"},
				"south": {"uv": [8.375, 1.875, 8.4375, 2], "texture": "#1"},
				"west": {"uv": [8, 3.875, 8.67188, 4], "texture": "#1"},
				"up": {"uv": [2.9375, 8.92188, 2.875, 8.25], "texture": "#1"},
				"down": {"uv": [3.0625, 8.25, 3, 8.92188], "texture": "#1"}
			}
		},
		{
			"from": [7.75, 18.3125, 25.375],
			"to": [8.25, 19.3125, 30.1875],
			"rotation": {"angle": 0, "axis": "y", "origin": [7, 19, 7]},
			"faces": {
				"north": {"uv": [3.625, 8.375, 3.6875, 8.5], "texture": "#1"},
				"east": {"uv": [8, 4, 8.60156, 4.125], "texture": "#1"},
				"south": {"uv": [3.75, 8.375, 3.8125, 8.5], "texture": "#1"},
				"west": {"uv": [8, 4.125, 8.60156, 4.25], "texture": "#1"},
				"up": {"uv": [3.1875, 8.85156, 3.125, 8.25], "texture": "#1"},
				"down": {"uv": [3.3125, 8.25, 3.25, 8.85156], "texture": "#1"}
			}
		},
		{
			"from": [7.75, 19.3125, 26.25],
			"to": [8.25, 20.3125, 30.1875],
			"rotation": {"angle": 0, "axis": "y", "origin": [7, 20, 7]},
			"faces": {
				"north": {"uv": [3.875, 8.375, 3.9375, 8.5], "texture": "#1"},
				"east": {"uv": [8, 4.5, 8.49219, 4.625], "texture": "#1"},
				"south": {"uv": [4.125, 8.375, 4.1875, 8.5], "texture": "#1"},
				"west": {"uv": [8, 5.75, 8.49219, 5.875], "texture": "#1"},
				"up": {"uv": [3.4375, 8.74219, 3.375, 8.25], "texture": "#1"},
				"down": {"uv": [3.5625, 8.25, 3.5, 8.74219], "texture": "#1"}
			}
		},
		{
			"from": [4, 8, -11],
			"to": [12, 11, 16.25],
			"rotation": {"angle": 0, "axis": "y", "origin": [7, 9, 7]},
			"faces": {
				"north": {"uv": [4.25, 6.875, 5.25, 7.25], "texture": "#1"},
				"east": {"uv": [5.5, 0, 8.90625, 0.375], "texture": "#1"},
				"south": {"uv": [6.875, 6.125, 7.875, 6.5], "texture": "#1"},
				"west": {"uv": [5.5, 0.375, 8.90625, 0.75], "texture": "#1"},
				"up": {"uv": [1, 5.90625, 0, 2.5], "texture": "#1"},
				"down": {"uv": [2, 2.5, 1, 5.90625], "texture": "#1"}
			}
		},
		{
			"from": [4.5, 8, -13.5],
			"to": [11.5, 10, -8],
			"rotation": {"angle": 0, "axis": "y", "origin": [7, 9, 7]},
			"faces": {
				"north": {"uv": [7.375, 1.125, 8.25, 1.375], "texture": "#1"},
				"east": {"uv": [7.5, 2.75, 8.1875, 3], "texture": "#1"},
				"south": {"uv": [6.375, 7.375, 7.25, 7.625], "texture": "#1"},
				"west": {"uv": [7.5, 3, 8.1875, 3.25], "texture": "#1"},
				"up": {"uv": [0.875, 6.6875, 0, 6], "texture": "#1"},
				"down": {"uv": [1.75, 6, 0.875, 6.6875], "texture": "#1"}
			}
		},
		{
			"from": [5.25, 10, -12.75],
			"to": [10.75, 10.6875, -8],
			"rotation": {"angle": 0, "axis": "y", "origin": [7, 9.9375, 7]},
			"faces": {
				"north": {"uv": [6.75, 8, 7.4375, 8.08594], "texture": "#1"},
				"east": {"uv": [3.375, 8.125, 3.96875, 8.21094], "texture": "#1"},
				"south": {"uv": [7.5, 8, 8.1875, 8.08594], "texture": "#1"},
				"west": {"uv": [4.25, 8.125, 4.84375, 8.21094], "texture": "#1"},
				"up": {"uv": [7.0625, 7.34375, 6.375, 6.75], "texture": "#1"},
				"down": {"uv": [4.1875, 6.875, 3.5, 7.46875], "texture": "#1"}
			}
		},
		{
			"from": [5, 6.4375, -12.8125],
			"to": [11, 8, -8],
			"rotation": {"angle": 0, "axis": "y", "origin": [7, 9, 7]},
			"faces": {
				"north": {"uv": [7.5, 6.75, 8.25, 6.94531], "texture": "#1"},
				"east": {"uv": [7.75, 1.75, 8.35156, 1.94531], "texture": "#1"},
				"south": {"uv": [7.5, 7, 8.25, 7.19531], "texture": "#1"},
				"west": {"uv": [7.75, 4.75, 8.35156, 4.94531], "texture": "#1"},
				"up": {"uv": [3.5, 7.10156, 2.75, 6.5], "texture": "#1"},
				"down": {"uv": [6.375, 6.75, 5.625, 7.35156], "texture": "#1"}
			}
		},
		{
			"from": [7.4375, 8.5, -14.75],
			"to": [8.4375, 9.5, -13.5],
			"rotation": {"angle": 0, "axis": "y", "origin": [7, 9, 7]},
			"faces": {
				"north": {"uv": [4.75, 8.375, 4.8125, 8.4375], "texture": "#1"},
				"east": {"uv": [1.75, 6.375, 2, 6.4375], "texture": "#1"},
				"south": {"uv": [5, 8.375, 5.0625, 8.4375], "texture": "#1"},
				"west": {"uv": [6.875, 6.5, 7.125, 6.5625], "texture": "#1"},
				"up": {"uv": [7.1875, 7.875, 7.125, 7.625], "texture": "#1"},
				"down": {"uv": [7.1875, 8.25, 7.125, 8.5], "texture": "#1"}
			}
		},
		{
			"from": [3, 4, -14.5],
			"to": [13, 14, -14.5],
			"rotation": {"angle": 0, "axis": "y", "origin": [7, 9, 7]},
			"faces": {
				"north": {"uv": [0, 0, 16, 16], "texture": "#0"},
				"east": {"uv": [7.625, 0.75, 7.875, 10.75], "texture": "#0"},
				"south": {"uv": [0, 0, 16, 16], "texture": "#0"},
				"west": {"uv": [7.0625, 0.5, 7.3125, 10.5], "texture": "#0"},
				"up": {"uv": [0, 8.5625, 10, 8.8125], "texture": "#0"},
				"down": {"uv": [0, 8.5, 10, 8.75], "texture": "#0"}
			}
		},
		{
			"from": [4, 11, -1.25],
			"to": [12, 15.5, 6],
			"rotation": {"angle": 0, "axis": "y", "origin": [7, 9, 7]},
			"faces": {
				"north": {"uv": [4.625, 6.25, 5.625, 6.8125], "texture": "#1"},
				"east": {"uv": [1.75, 6.5, 2.65625, 7.0625], "texture": "#1"},
				"south": {"uv": [6.375, 0.75, 7.375, 1.3125], "texture": "#1"},
				"west": {"uv": [6.5, 2.875, 7.40625, 3.4375], "texture": "#1"},
				"up": {"uv": [6.5, 3.90625, 5.5, 3], "texture": "#1"},
				"down": {"uv": [6.75, 4, 5.75, 4.90625], "texture": "#1"}
			}
		},
		{
			"from": [4.25, 1, -1.25],
			"to": [5, 6.5, -0.5],
			"rotation": {"angle": -22.5, "axis": "z", "origin": [4.5, 6.5, -1]},
			"faces": {
				"north": {"uv": [2, 7.75, 2.09375, 8.4375], "texture": "#1"},
				"east": {"uv": [2.125, 7.75, 2.21875, 8.4375], "texture": "#1"},
				"south": {"uv": [2.25, 7.75, 2.34375, 8.4375], "texture": "#1"},
				"west": {"uv": [6.125, 7.875, 6.21875, 8.5625], "texture": "#1"},
				"up": {"uv": [6.46875, 2.96875, 6.375, 2.875], "texture": "#1"},
				"down": {"uv": [5.71875, 6.625, 5.625, 6.71875], "texture": "#1"}
			}
		},
		{
			"from": [6.75, 0.5, 19.5],
			"to": [7.75, 3.5, 22.25],
			"rotation": {"angle": 0, "axis": "z", "origin": [7.75, 7.5, 20.75]},
			"faces": {
				"north": {"uv": [1.75, 6, 1.875, 6.375], "texture": "#1"},
				"east": {"uv": [7.625, 3.5, 7.96875, 3.875], "texture": "#1"},
				"south": {"uv": [1.875, 6, 2, 6.375], "texture": "#1"},
				"west": {"uv": [7.625, 3.875, 7.96875, 4.25], "texture": "#1"},
				"up": {"uv": [5, 8.46875, 4.875, 8.125], "texture": "#1"},
				"down": {"uv": [8.375, 1.375, 8.25, 1.71875], "texture": "#1"}
			}
		},
		{
			"from": [1.75, 0.5, -2.25],
			"to": [2.75, 3.5, 0.5],
			"rotation": {"angle": 0, "axis": "z", "origin": [2.75, 7.5, -1]},
			"faces": {
				"north": {"uv": [5.625, 6.25, 5.75, 6.625], "texture": "#1"},
				"east": {"uv": [7.625, 4.25, 7.96875, 4.625], "texture": "#1"},
				"south": {"uv": [1.5, 7.375, 1.625, 7.75], "texture": "#1"},
				"west": {"uv": [6.375, 7.625, 6.71875, 8], "texture": "#1"},
				"up": {"uv": [2.5, 8.59375, 2.375, 8.25], "texture": "#1"},
				"down": {"uv": [2.625, 8.25, 2.5, 8.59375], "texture": "#1"}
			}
		},
		{
			"from": [13.0625, 0.5, -2.25],
			"to": [14.0625, 3.5, 0.5],
			"rotation": {"angle": 0, "axis": "z", "origin": [14.0625, 7.5, -1]},
			"faces": {
				"north": {"uv": [1.625, 7.375, 1.75, 7.75], "texture": "#1"},
				"east": {"uv": [6.75, 7.625, 7.09375, 8], "texture": "#1"},
				"south": {"uv": [4, 7.5, 4.125, 7.875], "texture": "#1"},
				"west": {"uv": [0, 7.75, 0.34375, 8.125], "texture": "#1"},
				"up": {"uv": [2.75, 8.59375, 2.625, 8.25], "texture": "#1"},
				"down": {"uv": [2.875, 8.25, 2.75, 8.59375], "texture": "#1"}
			}
		},
		{
			"from": [7.5, 1.75, 20.5],
			"to": [8.25, 7.5, 21.25],
			"rotation": {"angle": 0, "axis": "z", "origin": [7.75, 7.5, 20.75]},
			"faces": {
				"north": {"uv": [4.125, 7.5, 4.21875, 8.21875], "texture": "#1"},
				"east": {"uv": [0.375, 7.75, 0.46875, 8.46875], "texture": "#1"},
				"south": {"uv": [0.5, 7.75, 0.59375, 8.46875], "texture": "#1"},
				"west": {"uv": [0.625, 7.75, 0.71875, 8.46875], "texture": "#1"},
				"up": {"uv": [8.34375, 7.21875, 8.25, 7.125], "texture": "#1"},
				"down": {"uv": [7.59375, 8.25, 7.5, 8.34375], "texture": "#1"}
			}
		},
		{
			"from": [11, 1.25, -1.25],
			"to": [11.75, 6.5, -0.5],
			"rotation": {"angle": 22.5, "axis": "z", "origin": [11.25, 6.5, -1]},
			"faces": {
				"north": {"uv": [5.75, 8, 5.84375, 8.65625], "texture": "#1"},
				"east": {"uv": [5.875, 8, 5.96875, 8.65625], "texture": "#1"},
				"south": {"uv": [6, 8, 6.09375, 8.65625], "texture": "#1"},
				"west": {"uv": [6.375, 8, 6.46875, 8.65625], "texture": "#1"},
				"up": {"uv": [6.96875, 6.71875, 6.875, 6.625], "texture": "#1"},
				"down": {"uv": [7.09375, 6.625, 7, 6.71875], "texture": "#1"}
			}
		},
		{
			"from": [-14, 15.5, -2.25],
			"to": [30, 15.75, 8.5],
			"rotation": {"angle": 0, "axis": "y", "origin": [7, 9, 7]},
			"faces": {
				"north": {"uv": [7.5, 2.5, 13, 2.53125], "texture": "#1"},
				"east": {"uv": [8.25, 2.75, 9.46875, 2.78125], "texture": "#1"},
				"south": {"uv": [7.5, 2.625, 13, 2.65625], "texture": "#1"},
				"west": {"uv": [8.25, 2.875, 9.46875, 2.90625], "texture": "#1"},
				"up": {"uv": [5.5, 1.21875, 0, 0], "texture": "#1"},
				"down": {"uv": [5.5, 1.25, 0, 2.46875], "texture": "#1"}
			}
		},
		{
			"from": [21, 1.25, -1.3125],
			"to": [27.9375, 1.5, -0.5625],
			"rotation": {"angle": 45, "axis": "z", "origin": [5, -5.25, 7.1875]},
			"faces": {
				"north": {"uv": [7.5, 2.5, 13, 2.53125], "texture": "#1"},
				"east": {"uv": [8.25, 2.75, 9.46875, 2.78125], "texture": "#1"},
				"south": {"uv": [7.5, 2.625, 13, 2.65625], "texture": "#1"},
				"west": {"uv": [8.25, 2.875, 9.46875, 2.90625], "texture": "#1"},
				"up": {"uv": [5.5, 1.21875, 0, 0], "texture": "#1"},
				"down": {"uv": [5.5, 1.25, 0, 2.46875], "texture": "#1"}
			}
		},
		{
			"from": [13.5625, 20.125, -1.3125],
			"to": [13.8125, 27.0625, -0.5625],
			"rotation": {"angle": 45, "axis": "z", "origin": [20.3125, 4.125, 7.1875]},
			"faces": {
				"north": {"uv": [7.5, 2.5, 13, 2.53125], "rotation": 90, "texture": "#1"},
				"east": {"uv": [5.5, 1.25, 0, 2.46875], "rotation": 270, "texture": "#1"},
				"south": {"uv": [7.5, 2.625, 13, 2.65625], "rotation": 270, "texture": "#1"},
				"west": {"uv": [5.5, 1.21875, 0, 0], "rotation": 270, "texture": "#1"},
				"up": {"uv": [8.25, 2.75, 9.46875, 2.78125], "rotation": 270, "texture": "#1"},
				"down": {"uv": [8.25, 2.875, 9.46875, 2.90625], "rotation": 270, "texture": "#1"}
			}
		},
		{
			"from": [30, 15.5, -1.25],
			"to": [32, 15.75, 7.5],
			"rotation": {"angle": 0, "axis": "y", "origin": [7, 9, 7]},
			"faces": {
				"north": {"uv": [4.25, 8.375, 4.5, 8.40625], "texture": "#1"},
				"east": {"uv": [8.25, 3, 9.34375, 3.03125], "texture": "#1"},
				"south": {"uv": [4.5, 8.375, 4.75, 8.40625], "texture": "#1"},
				"west": {"uv": [8.25, 3.125, 9.34375, 3.15625], "texture": "#1"},
				"up": {"uv": [5.25, 8.34375, 5, 7.25], "texture": "#1"},
				"down": {"uv": [1, 7.375, 0.75, 8.46875], "texture": "#1"}
			}
		},
		{
			"from": [-16, 15.5, -1.25],
			"to": [-14, 15.75, 7.5],
			"rotation": {"angle": 0, "axis": "y", "origin": [-39, 9, 7]},
			"faces": {
				"north": {"uv": [8.375, 4.75, 8.625, 4.78125], "texture": "#1"},
				"east": {"uv": [8.25, 5.875, 9.34375, 5.90625], "texture": "#1"},
				"south": {"uv": [8.375, 4.875, 8.625, 4.90625], "texture": "#1"},
				"west": {"uv": [8.25, 6, 9.34375, 6.03125], "texture": "#1"},
				"up": {"uv": [1.25, 8.46875, 1, 7.375], "texture": "#1"},
				"down": {"uv": [1.5, 7.375, 1.25, 8.46875], "texture": "#1"}
			}
		},
		{
			"from": [-14, 15.75, -2.25],
			"to": [30, 16.0625, 0.1875],
			"rotation": {"angle": 0, "axis": "y", "origin": [7, 9.25, 7]},
			"faces": {
				"north": {"uv": [7.5, 2.5, 13, 2.53125], "texture": "#1"},
				"east": {"uv": [8.25, 2.75, 9.46875, 2.78125], "texture": "#1"},
				"south": {"uv": [7.5, 2.625, 13, 2.65625], "texture": "#1"},
				"west": {"uv": [8.25, 2.875, 9.46875, 2.90625], "texture": "#1"},
				"up": {"uv": [5.5, 1.21875, 0, 0], "texture": "#1"},
				"down": {"uv": [5.5, 1.25, 0, 2.46875], "texture": "#1"}
			}
		},
		{
			"from": [30, 15.75, -1.25],
			"to": [32, 16, 0.1875],
			"rotation": {"angle": 0, "axis": "y", "origin": [7, 9.25, 7]},
			"faces": {
				"north": {"uv": [4.25, 8.375, 4.5, 8.40625], "texture": "#1"},
				"east": {"uv": [8.25, 3, 9.34375, 3.03125], "texture": "#1"},
				"south": {"uv": [4.5, 8.375, 4.75, 8.40625], "texture": "#1"},
				"west": {"uv": [8.25, 3.125, 9.34375, 3.15625], "texture": "#1"},
				"up": {"uv": [5.25, 8.34375, 5, 7.25], "texture": "#1"},
				"down": {"uv": [1, 7.375, 0.75, 8.46875], "texture": "#1"}
			}
		},
		{
			"from": [-16, 15.75, -1.25],
			"to": [-14, 16, 0.1875],
			"rotation": {"angle": 0, "axis": "y", "origin": [-39, 9.25, 7]},
			"faces": {
				"north": {"uv": [8.375, 4.75, 8.625, 4.78125], "texture": "#1"},
				"east": {"uv": [8.25, 5.875, 9.34375, 5.90625], "texture": "#1"},
				"south": {"uv": [8.375, 4.875, 8.625, 4.90625], "texture": "#1"},
				"west": {"uv": [8.25, 6, 9.34375, 6.03125], "texture": "#1"},
				"up": {"uv": [1.25, 8.46875, 1, 7.375], "texture": "#1"},
				"down": {"uv": [1.5, 7.375, 1.25, 8.46875], "texture": "#1"}
			}
		},
		{
			"from": [-14, 15.75, 2.625],
			"to": [30, 16, 5.0625],
			"rotation": {"angle": 0, "axis": "y", "origin": [7, 9.25, 11.875]},
			"faces": {
				"north": {"uv": [7.5, 2.5, 13, 2.53125], "texture": "#1"},
				"east": {"uv": [8.25, 2.75, 9.46875, 2.78125], "texture": "#1"},
				"south": {"uv": [7.5, 2.625, 13, 2.65625], "texture": "#1"},
				"west": {"uv": [8.25, 2.875, 9.46875, 2.90625], "texture": "#1"},
				"up": {"uv": [5.5, 1.21875, 0, 0], "texture": "#1"},
				"down": {"uv": [5.5, 1.25, 0, 2.46875], "texture": "#1"}
			}
		},
		{
			"from": [30, 15.75, 2.625],
			"to": [32, 16, 4.0625],
			"rotation": {"angle": 0, "axis": "y", "origin": [7, 9.25, 10.875]},
			"faces": {
				"north": {"uv": [4.25, 8.375, 4.5, 8.40625], "texture": "#1"},
				"east": {"uv": [8.25, 3, 9.34375, 3.03125], "texture": "#1"},
				"south": {"uv": [4.5, 8.375, 4.75, 8.40625], "texture": "#1"},
				"west": {"uv": [8.25, 3.125, 9.34375, 3.15625], "texture": "#1"},
				"up": {"uv": [5.25, 8.34375, 5, 7.25], "texture": "#1"},
				"down": {"uv": [1, 7.375, 0.75, 8.46875], "texture": "#1"}
			}
		},
		{
			"from": [-16, 15.75, 2.625],
			"to": [-14, 16, 4.0625],
			"rotation": {"angle": 0, "axis": "y", "origin": [-39, 9.25, 10.875]},
			"faces": {
				"north": {"uv": [8.375, 4.75, 8.625, 4.78125], "texture": "#1"},
				"east": {"uv": [8.25, 5.875, 9.34375, 5.90625], "texture": "#1"},
				"south": {"uv": [8.375, 4.875, 8.625, 4.90625], "texture": "#1"},
				"west": {"uv": [8.25, 6, 9.34375, 6.03125], "texture": "#1"},
				"up": {"uv": [1.25, 8.46875, 1, 7.375], "texture": "#1"},
				"down": {"uv": [1.5, 7.375, 1.25, 8.46875], "texture": "#1"}
			}
		},
		{
			"from": [-16, 15.75, 0.1875],
			"to": [-14, 16.125, 2.625],
			"rotation": {"angle": 0, "axis": "y", "origin": [-39, 9.25, 7]},
			"faces": {
				"north": {"uv": [8.375, 4.75, 8.625, 4.78125], "texture": "#1"},
				"east": {"uv": [8.25, 5.875, 9.34375, 5.90625], "texture": "#1"},
				"south": {"uv": [8.375, 4.875, 8.625, 4.90625], "texture": "#1"},
				"west": {"uv": [8.25, 6, 9.34375, 6.03125], "texture": "#1"},
				"up": {"uv": [1.25, 8.46875, 1, 7.375], "texture": "#1"},
				"down": {"uv": [1.5, 7.375, 1.25, 8.46875], "texture": "#1"}
			}
		},
		{
			"from": [30, 15.75, 0.1875],
			"to": [32, 16.125, 2.625],
			"rotation": {"angle": 0, "axis": "y", "origin": [7, 9.25, 7]},
			"faces": {
				"north": {"uv": [4.25, 8.375, 4.5, 8.40625], "texture": "#1"},
				"east": {"uv": [8.25, 3, 9.34375, 3.03125], "texture": "#1"},
				"south": {"uv": [4.5, 8.375, 4.75, 8.40625], "texture": "#1"},
				"west": {"uv": [8.25, 3.125, 9.34375, 3.15625], "texture": "#1"},
				"up": {"uv": [5.25, 8.34375, 5, 7.25], "texture": "#1"},
				"down": {"uv": [1, 7.375, 0.75, 8.46875], "texture": "#1"}
			}
		},
		{
			"from": [-14, 15.75, 0.1875],
			"to": [30, 16.3125, 2.625],
			"rotation": {"angle": 0, "axis": "y", "origin": [7, 9.25, 9.4375]},
			"faces": {
				"north": {"uv": [7.5, 2.5, 13, 2.53125], "texture": "#1"},
				"east": {"uv": [8.25, 2.75, 9.46875, 2.78125], "texture": "#1"},
				"south": {"uv": [7.5, 2.625, 13, 2.65625], "texture": "#1"},
				"west": {"uv": [8.25, 2.875, 9.46875, 2.90625], "texture": "#1"},
				"up": {"uv": [5.5, 1.21875, 0, 0], "texture": "#1"},
				"down": {"uv": [5.5, 1.25, 0, 2.46875], "texture": "#1"}
			}
		},
		{
			"from": [4.5, 7, 3.5],
			"to": [11.5, 11.25, 15.25],
			"rotation": {"angle": 22.5, "axis": "x", "origin": [7, 8, 15.25]},
			"faces": {
				"north": {"uv": [0, 6.75, 0.875, 7.28125], "texture": "#1"},
				"east": {"uv": [5.75, 5.5, 7.21875, 6.03125], "texture": "#1"},
				"south": {"uv": [0.875, 6.75, 1.75, 7.28125], "texture": "#1"},
				"west": {"uv": [2, 5.875, 3.46875, 6.40625], "texture": "#1"},
				"up": {"uv": [4.875, 6.21875, 4, 4.75], "texture": "#1"},
				"down": {"uv": [5.75, 4.75, 4.875, 6.21875], "texture": "#1"}
			}
		},
		{
			"from": [4.5, 11.5, -7.5],
			"to": [11.5, 15.75, 1],
			"rotation": {"angle": -45, "axis": "x", "origin": [7, 12.5, -0.25]},
			"faces": {
				"north": {"uv": [6.75, 3.5, 7.625, 4.03125], "texture": "#1"},
				"east": {"uv": [5.75, 6.125, 6.8125, 6.65625], "texture": "#1"},
				"south": {"uv": [6.75, 4.125, 7.625, 4.65625], "texture": "#1"},
				"west": {"uv": [3.5, 6.25, 4.5625, 6.78125], "texture": "#1"},
				"up": {"uv": [6.375, 1.8125, 5.5, 0.75], "texture": "#1"},
				"down": {"uv": [6.375, 1.875, 5.5, 2.9375], "texture": "#1"}
			}
		},
		{
			"from": [4.375, 6, -10],
			"to": [11.625, 8, 16.25],
			"rotation": {"angle": 0, "axis": "y", "origin": [7, 9, 7]},
			"faces": {
				"north": {"uv": [6.75, 4.75, 7.65625, 5], "texture": "#1"},
				"east": {"uv": [5.75, 5, 9.03125, 5.25], "texture": "#1"},
				"south": {"uv": [7.25, 5.875, 8.15625, 6.125], "texture": "#1"},
				"west": {"uv": [5.75, 5.25, 9.03125, 5.5], "texture": "#1"},
				"up": {"uv": [2.90625, 5.78125, 2, 2.5], "texture": "#1"},
				"down": {"uv": [3.90625, 2.5, 3, 5.78125], "texture": "#1"}
			}
		},
		{
			"from": [5.5, 6.75, 16.25],
			"to": [10.5, 8, 21],
			"rotation": {"angle": 0, "axis": "y", "origin": [7, 9, 7]},
			"faces": {
				"north": {"uv": [3.5, 7.875, 4.125, 8.03125], "texture": "#1"},
				"east": {"uv": [8, 2.125, 8.59375, 2.28125], "texture": "#1"},
				"south": {"uv": [7.875, 6.25, 8.5, 6.40625], "texture": "#1"},
				"west": {"uv": [8, 3.5, 8.59375, 3.65625], "texture": "#1"},
				"up": {"uv": [7.75, 1.96875, 7.125, 1.375], "texture": "#1"},
				"down": {"uv": [2.375, 7.125, 1.75, 7.71875], "texture": "#1"}
			}
		},
		{
			"from": [5, 8, 16.25],
			"to": [11, 11, 22],
			"rotation": {"angle": 0, "axis": "y", "origin": [7, 9, 7]},
			"faces": {
				"north": {"uv": [7.25, 5.5, 8, 5.875], "texture": "#1"},
				"east": {"uv": [7.375, 0.75, 8.09375, 1.125], "texture": "#1"},
				"south": {"uv": [0, 7.375, 0.75, 7.75], "texture": "#1"},
				"west": {"uv": [5.625, 7.375, 6.34375, 7.75], "texture": "#1"},
				"up": {"uv": [7.125, 2.09375, 6.375, 1.375], "texture": "#1"},
				"down": {"uv": [7.125, 2.125, 6.375, 2.84375], "texture": "#1"}
			}
		},
		{
			"from": [6, 8, 22.0625],
			"to": [10, 10.5, 25.25],
			"rotation": {"angle": 0, "axis": "y", "origin": [7, 9, 7]},
			"faces": {
				"north": {"uv": [3.5, 5.875, 4, 6.1875], "texture": "#1"},
				"east": {"uv": [7.75, 1.375, 8.14844, 1.6875], "texture": "#1"},
				"south": {"uv": [3.5, 7.5, 4, 7.8125], "texture": "#1"},
				"west": {"uv": [1.5, 7.75, 1.89844, 8.0625], "texture": "#1"},
				"up": {"uv": [7.75, 7.77344, 7.25, 7.375], "texture": "#1"},
				"down": {"uv": [8, 2, 7.5, 2.39844], "texture": "#1"}
			}
		},
		{
			"from": [7, 9, 25.25],
			"to": [9, 10.5, 28],
			"rotation": {"angle": 0, "axis": "y", "origin": [7, 9, 7]},
			"faces": {
				"north": {"uv": [6.5, 3.5, 6.75, 3.6875], "texture": "#1"},
				"east": {"uv": [5.25, 8, 5.59375, 8.1875], "texture": "#1"},
				"south": {"uv": [6.5, 3.75, 6.75, 3.9375], "texture": "#1"},
				"west": {"uv": [8, 5.5, 8.34375, 5.6875], "texture": "#1"},
				"up": {"uv": [5.75, 4.34375, 5.5, 4], "texture": "#1"},
				"down": {"uv": [5.75, 4.375, 5.5, 4.71875], "texture": "#1"}
			}
		}
	],
	"display": {
		"gui": {
			"rotation": [46, -35.5, 0],
			"translation": [0, -1.25, 0],
			"scale": [0.49, 0.48, 0.47]
		},
		"head": {
			"rotation": [56, 0, 0],
			"translation": [0, -17, 9],
			"scale": [3.01, 2.97, 2.95]
		},
		"fixed": {
			"rotation": [-90, 0, 0],
			"translation": [0, 0, -30],
			"scale": [4, 4, 4]
		}
	}
}