{
	"texture_size": [32, 32],
	"textures": {
		"0": "item/walther_p30",
		"particle": "item/walther_p30"
	},
	"elements": [
		{
			"from": [3.625, 0.25, 5],
			"to": [5.75, 1.75, 6.4375],
			"rotation": {"angle": 0, "axis": "y", "origin": [4, 0, 4]},
			"faces": {
				"north": {"uv": [4.5, 1, 5.5, 1.75], "texture": "#0"},
				"east": {"uv": [2, 6, 2.75, 6.75], "texture": "#0"},
				"south": {"uv": [4.5, 2, 5.5, 2.75], "texture": "#0"},
				"west": {"uv": [3, 6, 3.75, 6.75], "texture": "#0"},
				"up": {"uv": [5.5, 4.75, 4.5, 4], "texture": "#0"},
				"down": {"uv": [1, 5, 0, 5.75], "texture": "#0"}
			}
		},
		{
			"from": [3.375, 0.25, 3.5625],
			"to": [5.625, 1.75, 5],
			"rotation": {"angle": 0, "axis": "y", "origin": [4, 0, 2.5625]},
			"faces": {
				"north": {"uv": [0, 4, 1.25, 4.75], "texture": "#0"},
				"east": {"uv": [5, 6, 5.75, 6.75], "texture": "#0"},
				"south": {"uv": [4, 0, 5.25, 0.75], "texture": "#0"},
				"west": {"uv": [6, 5, 6.75, 5.75], "texture": "#0"},
				"up": {"uv": [2.75, 4.75, 1.5, 4], "texture": "#0"},
				"down": {"uv": [4.25, 4, 3, 4.75], "texture": "#0"}
			}
		},
		{
			"from": [3.6875, 0.25, 6.4375],
			"to": [6, 1.75, 8],
			"rotation": {"angle": 0, "axis": "y", "origin": [4, 0, 6]},
			"faces": {
				"north": {"uv": [3, 1, 4.25, 1.75], "texture": "#0"},
				"east": {"uv": [0, 6, 0.75, 6.75], "texture": "#0"},
				"south": {"uv": [2, 3, 3.25, 3.75], "texture": "#0"},
				"west": {"uv": [1, 6, 1.75, 6.75], "texture": "#0"},
				"up": {"uv": [4.25, 2.75, 3, 2], "texture": "#0"},
				"down": {"uv": [4.75, 3, 3.5, 3.75], "texture": "#0"}
			}
		},
		{
			"from": [5, 0, 8],
			"to": [7, 2, 10],
			"rotation": {"angle": 0, "axis": "y", "origin": [5, 0, 8]},
			"faces": {
				"north": {"uv": [0, 0, 1, 1], "texture": "#0"},
				"east": {"uv": [0, 1, 1, 2], "texture": "#0"},
				"south": {"uv": [1, 0, 2, 1], "texture": "#0"},
				"west": {"uv": [1, 1, 2, 2], "texture": "#0"},
				"up": {"uv": [1, 3, 0, 2], "texture": "#0"},
				"down": {"uv": [3, 0, 2, 1], "texture": "#0"}
			}
		},
		{
			"from": [5, 1.3125, 10],
			"to": [5.5625, 1.5, 10.5],
			"rotation": {"angle": 0, "axis": "y", "origin": [5, 0, 8]},
			"faces": {
				"north": {"uv": [1.5, 8, 1.75, 8.25], "texture": "#0"},
				"east": {"uv": [2, 8, 2.25, 8.25], "texture": "#0"},
				"south": {"uv": [8, 2, 8.25, 2.25], "texture": "#0"},
				"west": {"uv": [2.5, 8, 2.75, 8.25], "texture": "#0"},
				"up": {"uv": [8.25, 2.75, 8, 2.5], "texture": "#0"},
				"down": {"uv": [3.25, 8, 3, 8.25], "texture": "#0"}
			}
		},
		{
			"from": [5, 0.375, 10],
			"to": [5.5625, 0.5625, 10.5],
			"rotation": {"angle": 0, "axis": "y", "origin": [5, -0.9375, 8]},
			"faces": {
				"north": {"uv": [8, 3, 8.25, 3.25], "texture": "#0"},
				"east": {"uv": [3.5, 8, 3.75, 8.25], "texture": "#0"},
				"south": {"uv": [8, 3.5, 8.25, 3.75], "texture": "#0"},
				"west": {"uv": [4, 8, 4.25, 8.25], "texture": "#0"},
				"up": {"uv": [8.25, 4.25, 8, 4], "texture": "#0"},
				"down": {"uv": [4.75, 8, 4.5, 8.25], "texture": "#0"}
			}
		},
		{
			"from": [3.5625, 0.125, 8],
			"to": [5, 1.875, 9.625],
			"rotation": {"angle": 0, "axis": "y", "origin": [3, 0, 8]},
			"faces": {
				"north": {"uv": [1, 5, 1.75, 6], "texture": "#0"},
				"east": {"uv": [2, 5, 2.75, 6], "texture": "#0"},
				"south": {"uv": [3, 5, 3.75, 6], "texture": "#0"},
				"west": {"uv": [5, 3, 5.75, 4], "texture": "#0"},
				"up": {"uv": [6.75, 3.75, 6, 3], "texture": "#0"},
				"down": {"uv": [4.75, 6, 4, 6.75], "texture": "#0"}
			}
		},
		{
			"from": [7, 0.125, 8],
			"to": [9, 1.875, 9],
			"rotation": {"angle": 0, "axis": "y", "origin": [7, 0, 8]},
			"faces": {
				"north": {"uv": [1, 2, 2, 3], "texture": "#0"},
				"east": {"uv": [6, 6, 6.5, 7], "texture": "#0"},
				"south": {"uv": [2, 1, 3, 2], "texture": "#0"},
				"west": {"uv": [6.5, 0, 7, 1], "texture": "#0"},
				"up": {"uv": [7.5, 1.5, 6.5, 1], "texture": "#0"},
				"down": {"uv": [7.5, 1.5, 6.5, 2], "texture": "#0"}
			}
		},
		{
			"from": [7.5, 0.5, 6.5],
			"to": [8, 1.5, 8],
			"rotation": {"angle": 0, "axis": "y", "origin": [6, 0, 6]},
			"faces": {
				"north": {"uv": [7.5, 7, 7.75, 7.5], "texture": "#0"},
				"east": {"uv": [7, 4, 7.75, 4.5], "texture": "#0"},
				"south": {"uv": [7.5, 7.5, 7.75, 8], "texture": "#0"},
				"west": {"uv": [4.5, 7, 5.25, 7.5], "texture": "#0"},
				"up": {"uv": [7.75, 5.25, 7.5, 4.5], "texture": "#0"},
				"down": {"uv": [5.25, 7.5, 5, 8.25], "texture": "#0"}
			}
		},
		{
			"from": [6.5, 0.5, 7],
			"to": [7, 1.5, 8],
			"rotation": {"angle": 0, "axis": "y", "origin": [5, 0, 6]},
			"faces": {
				"north": {"uv": [0.5, 8, 0.75, 8.5], "texture": "#0"},
				"east": {"uv": [7.5, 1, 8, 1.5], "texture": "#0"},
				"south": {"uv": [8, 0.5, 8.25, 1], "texture": "#0"},
				"west": {"uv": [1.5, 7.5, 2, 8], "texture": "#0"},
				"up": {"uv": [1.25, 8.5, 1, 8], "texture": "#0"},
				"down": {"uv": [8.25, 1, 8, 1.5], "texture": "#0"}
			}
		},
		{
			"from": [6, 0.5, 6.5],
			"to": [7.5, 1.5, 6.75],
			"rotation": {"angle": 0, "axis": "y", "origin": [6, 0, 6]},
			"faces": {
				"north": {"uv": [7, 5.5, 7.75, 6], "texture": "#0"},
				"east": {"uv": [0, 8, 0.25, 8.5], "texture": "#0"},
				"south": {"uv": [0.5, 7.5, 1.25, 8], "texture": "#0"},
				"west": {"uv": [8, 0, 8.25, 0.5], "texture": "#0"},
				"up": {"uv": [8.25, 6.25, 7.5, 6], "texture": "#0"},
				"down": {"uv": [8.25, 6.5, 7.5, 6.75], "texture": "#0"}
			}
		},
		{
			"from": [9, 0.125, 8],
			"to": [11, 1.875, 9],
			"rotation": {"angle": 0, "axis": "y", "origin": [9, 0, 8]},
			"faces": {
				"north": {"uv": [2, 2, 3, 3], "texture": "#0"},
				"east": {"uv": [6.5, 2, 7, 3], "texture": "#0"},
				"south": {"uv": [0, 3, 1, 4], "texture": "#0"},
				"west": {"uv": [6.5, 4, 7, 5], "texture": "#0"},
				"up": {"uv": [7.5, 6.5, 6.5, 6], "texture": "#0"},
				"down": {"uv": [7.5, 6.5, 6.5, 7], "texture": "#0"}
			}
		},
		{
			"from": [11, 0.125, 8],
			"to": [13, 1.875, 9],
			"rotation": {"angle": 0, "axis": "y", "origin": [11, 0, 8]},
			"faces": {
				"north": {"uv": [3, 0, 4, 1], "texture": "#0"},
				"east": {"uv": [0, 7, 0.5, 8], "texture": "#0"},
				"south": {"uv": [1, 3, 2, 4], "texture": "#0"},
				"west": {"uv": [7, 0, 7.5, 1], "texture": "#0"},
				"up": {"uv": [1.5, 7.5, 0.5, 7], "texture": "#0"},
				"down": {"uv": [2.5, 7, 1.5, 7.5], "texture": "#0"}
			}
		},
		{
			"from": [11, 0.25, 9],
			"to": [13, 1.75, 10],
			"rotation": {"angle": 0, "axis": "y", "origin": [11, 0, 9]},
			"faces": {
				"north": {"uv": [5.5, 2, 6.5, 2.75], "texture": "#0"},
				"east": {"uv": [7, 7, 7.5, 7.75], "texture": "#0"},
				"south": {"uv": [5.5, 4, 6.5, 4.75], "texture": "#0"},
				"west": {"uv": [7.5, 0, 8, 0.75], "texture": "#0"},
				"up": {"uv": [4.5, 7.5, 3.5, 7], "texture": "#0"},
				"down": {"uv": [8, 3.5, 7, 4], "texture": "#0"}
			}
		},
		{
			"from": [11, 0.9375, 10],
			"to": [13, 1.0625, 10.3125],
			"rotation": {"angle": 0, "axis": "y", "origin": [11, 0, 9]},
			"faces": {
				"north": {"uv": [7.5, 1.5, 8.5, 1.75], "texture": "#0"},
				"east": {"uv": [8, 4.5, 8.25, 4.75], "texture": "#0"},
				"south": {"uv": [2, 7.5, 3, 7.75], "texture": "#0"},
				"west": {"uv": [8, 5, 8.25, 5.25], "texture": "#0"},
				"up": {"uv": [4, 7.75, 3, 7.5], "texture": "#0"},
				"down": {"uv": [5, 7.5, 4, 7.75], "texture": "#0"}
			}
		},
		{
			"from": [9, 0.25, 9],
			"to": [11, 1.75, 10],
			"rotation": {"angle": 0, "axis": "y", "origin": [9, 0, 9]},
			"faces": {
				"north": {"uv": [5.5, 0, 6.5, 0.75], "texture": "#0"},
				"east": {"uv": [6, 7, 6.5, 7.75], "texture": "#0"},
				"south": {"uv": [5.5, 1, 6.5, 1.75], "texture": "#0"},
				"west": {"uv": [6.5, 7, 7, 7.75], "texture": "#0"},
				"up": {"uv": [8, 3, 7, 2.5], "texture": "#0"},
				"down": {"uv": [8, 3, 7, 3.5], "texture": "#0"}
			}
		},
		{
			"from": [7, 0.25, 9],
			"to": [9, 1.75, 10],
			"rotation": {"angle": 0, "axis": "y", "origin": [7, 0, 9]},
			"faces": {
				"north": {"uv": [4, 5, 5, 5.75], "texture": "#0"},
				"east": {"uv": [7, 4.5, 7.5, 5.25], "texture": "#0"},
				"south": {"uv": [5, 5, 6, 5.75], "texture": "#0"},
				"west": {"uv": [5.5, 7, 6, 7.75], "texture": "#0"},
				"up": {"uv": [8, 2.5, 7, 2], "texture": "#0"},
				"down": {"uv": [3.5, 7, 2.5, 7.5], "texture": "#0"}
			}
		},
		{
			"from": [3.4375, 0.75, 8.875],
			"to": [4.5, 1.25, 9.6875],
			"rotation": {"angle": 0, "axis": "y", "origin": [3, 0, 9]},
			"faces": {
				"north": {"uv": [4, 5, 5, 5.75], "texture": "#0"},
				"east": {"uv": [7, 4.5, 7.5, 5.25], "texture": "#0"},
				"south": {"uv": [5, 5, 6, 5.75], "texture": "#0"},
				"west": {"uv": [5.5, 7, 6, 7.75], "texture": "#0"},
				"up": {"uv": [8, 2.5, 7, 2], "texture": "#0"},
				"down": {"uv": [3.5, 7, 2.5, 7.5], "texture": "#0"}
			}
		}
	],
	"display": {
		"thirdperson_righthand": {
			"rotation": [-90, 0, 90],
			"translation": [-6.75, 0.75, -1]
		},
		"thirdperson_lefthand": {
			"rotation": [-90, 0, -90],
			"translation": [7.25, 0.75, -1]
		},
		"firstperson_righthand": {
			"rotation": [-93.8, -1.12, 79.4],
			"translation": [-3, 1.5, -3]
		},
		"firstperson_lefthand": {
			"rotation": [-91, 4, -82],
			"translation": [5.25, 1.75, -3]
		},
		"ground": {
			"translation": [0, 6, 0]
		},
		"gui": {
			"rotation": [-90, -34, 0],
			"translation": [0, 0.75, 0],
			"scale": [1.31, 1.22, 1.34]
		},
		"head": {
			"rotation": [-90, 0, 90],
			"translation": [-28.75, -0.75, -12.25],
			"scale": [4, 4, 4]
		},
		"fixed": {
			"rotation": [-90, 0, 0],
			"translation": [0, 0, -10.75],
			"scale": [1.37305, 1.35742, 1.26758]
		}
	}
}