{
	"credit": "Made with Blockbench",
	"texture_size": [8, 8],
	"textures": {
		"3": "item/bierflasche",
		"particle": "item/bierkiste"
	},
	"elements": [
		{
			"from": [5.76785, 3.5, 8.099],
			"to": [7.45222, 7.94063, 9.78338],
			"rotation": {"angle": 45, "axis": "y", "origin": [6.61875, 5.9375, 6.63437]},
			"faces": {
				"north": {"uv": [4, 0, 5, 4], "texture": "#3"},
				"east": {"uv": [0, 0, 1, 4], "texture": "#3"},
				"south": {"uv": [2, 0, 3, 4], "texture": "#3"},
				"west": {"uv": [0, 4, 1, 8], "texture": "#3"},
				"up": {"uv": [7, 5, 6, 4], "rotation": 90, "texture": "#3"},
				"down": {"uv": [7, 6, 6, 7], "rotation": 270, "texture": "#3"}
			}
		},
		{
			"from": [6.22722, 7.94063, 8.55838],
			"to": [6.99285, 9.16563, 9.324],
			"rotation": {"angle": 45, "axis": "y", "origin": [6.61875, 5.9375, 6.63437]},
			"faces": {
				"north": {"uv": [2, 6, 3, 7], "texture": "#3"},
				"east": {"uv": [2, 4, 3, 5], "texture": "#3"},
				"south": {"uv": [4, 4, 5, 5], "texture": "#3"},
				"west": {"uv": [6, 0, 7, 1], "texture": "#3"},
				"up": {"uv": [7, 3, 6, 2], "rotation": 90, "texture": "#3"},
				"down": {"uv": [5, 6, 4, 7], "rotation": 270, "texture": "#3"}
			}
		}
	],
	"display": {
		"thirdperson_righthand": {
			"rotation": [53.5, 0, 0],
			"translation": [0, 3, 3.25],
			"scale": [1.24172, 1.15711, 1.17516]
		},
		"thirdperson_lefthand": {
			"rotation": [53.5, 0, 0],
			"translation": [0, 3, 3.25],
			"scale": [1.24172, 1.15711, 1.17516]
		},
		"firstperson_righthand": {
			"rotation": [86.06, -22.97, 69.75],
			"translation": [-2.75, 5.75, 0.5],
			"scale": [2.39, 2.34, 2.34]
		},
		"firstperson_lefthand": {
			"rotation": [86.06, -22.97, 69.75],
			"translation": [-2.75, 5.75, 0.5],
			"scale": [2.39, 2.34, 2.34]
		},
		"ground": {
			"rotation": [22.75, 0, 0],
			"translation": [0, 6.75, 3.25],
			"scale": [1.24172, 1.15711, 1.17516]
		},
		"gui": {
			"rotation": [0, 0, -40.5],
			"translation": [3.75, 3.75, 0],
			"scale": [2.63086, 2.91211, 1]
		},
		"head": {
			"rotation": [96, 0, 0],
			"translation": [0, -4.5, 0],
			"scale": [2.32, 2.34, 2.34]
		},
		"fixed": {
			"rotation": [-90, 0, 0],
			"translation": [0, 0, -13.5],
			"scale": [2.80273, 3.22266, 2.74805]
		}
	}
}