{
	"credit": "Made with Blockbench",
	"texture_size": [32, 32],
	"textures": {
		"0": "item/palmbark",
		"particle": "item/palmbark"
	},
	"elements": [
		{
			"from": [4.5625, 0, 3.5625],
			"to": [11.4375, 0.375, 10.4375],
			"rotation": {"angle": 0, "axis": "y", "origin": [7, 0, 6]},
			"faces": {
				"north": {"uv": [9, 4, 12.5, 4.25], "texture": "#0"},
				"east": {"uv": [9, 4.5, 12.5, 4.75], "texture": "#0"},
				"south": {"uv": [9, 5, 12.5, 5.25], "texture": "#0"},
				"west": {"uv": [9, 5.5, 12.5, 5.75], "texture": "#0"},
				"up": {"uv": [3.5, 3.5, 0, 0], "texture": "#0"},
				"down": {"uv": [3.5, 3.5, 0, 7], "texture": "#0"}
			}
		},
		{
			"from": [4.5625, 0, 1.5],
			"to": [11.4375, 0.375, 3.5625],
			"rotation": {"angle": 0, "axis": "y", "origin": [7, 0, 6]},
			"faces": {
				"north": {"uv": [9, 6, 12.5, 6.25], "texture": "#0"},
				"east": {"uv": [9.5, 3.5, 10.5, 3.75], "texture": "#0"},
				"south": {"uv": [9, 6.5, 12.5, 6.75], "texture": "#0"},
				"west": {"uv": [7, 10.5, 8, 10.75], "texture": "#0"},
				"up": {"uv": [7, 1, 3.5, 0], "texture": "#0"},
				"down": {"uv": [7, 1, 3.5, 2], "texture": "#0"}
			}
		},
		{
			"from": [4.5625, 0, 10.4375],
			"to": [11.4375, 0.375, 12.5],
			"rotation": {"angle": 0, "axis": "y", "origin": [7, 0, 14.9375]},
			"faces": {
				"north": {"uv": [9, 7, 12.5, 7.25], "texture": "#0"},
				"east": {"uv": [8, 10.5, 9, 10.75], "texture": "#0"},
				"south": {"uv": [9, 7.5, 12.5, 7.75], "texture": "#0"},
				"west": {"uv": [9, 10.5, 10, 10.75], "texture": "#0"},
				"up": {"uv": [7, 3, 3.5, 2], "texture": "#0"},
				"down": {"uv": [7, 3, 3.5, 4], "texture": "#0"}
			}
		},
		{
			"from": [2.5, 0, 3.5625],
			"to": [4.5625, 0.375, 10.4375],
			"rotation": {"angle": 0, "axis": "y", "origin": [0.0625, 0, 6]},
			"faces": {
				"north": {"uv": [10.5, 9.5, 11.5, 9.75], "texture": "#0"},
				"east": {"uv": [9, 8, 12.5, 8.25], "texture": "#0"},
				"south": {"uv": [10, 10.5, 11, 10.75], "texture": "#0"},
				"west": {"uv": [9, 8.5, 12.5, 8.75], "texture": "#0"},
				"up": {"uv": [4.5, 7.5, 3.5, 4], "texture": "#0"},
				"down": {"uv": [5.5, 4, 4.5, 7.5], "texture": "#0"}
			}
		},
		{
			"from": [11.4375, 0, 3.5625],
			"to": [13.5, 0.375, 10.4375],
			"rotation": {"angle": 0, "axis": "y", "origin": [9, 0, 6]},
			"faces": {
				"north": {"uv": [10.5, 10, 11.5, 10.25], "texture": "#0"},
				"east": {"uv": [9, 9, 12.5, 9.25], "texture": "#0"},
				"south": {"uv": [0, 11, 1, 11.25], "texture": "#0"},
				"west": {"uv": [9.5, 0, 13, 0.25], "texture": "#0"},
				"up": {"uv": [6.5, 7.5, 5.5, 4], "texture": "#0"},
				"down": {"uv": [7.5, 4, 6.5, 7.5], "texture": "#0"}
			}
		},
		{
			"from": [11.4375, 0, 10.4375],
			"to": [12.6875, 0.375, 11.6875],
			"rotation": {"angle": 0, "axis": "y", "origin": [9, 0, 6]},
			"faces": {
				"north": {"uv": [2, 11, 2.625, 11.25], "texture": "#0"},
				"east": {"uv": [11, 2, 11.625, 2.25], "texture": "#0"},
				"south": {"uv": [11, 2.5, 11.625, 2.75], "texture": "#0"},
				"west": {"uv": [3, 11, 3.625, 11.25], "texture": "#0"},
				"up": {"uv": [10.125, 3.125, 9.5, 2.5], "texture": "#0"},
				"down": {"uv": [6.125, 9.5, 5.5, 10.125], "texture": "#0"}
			}
		},
		{
			"from": [11.4375, 0, 2.3125],
			"to": [12.6875, 0.375, 3.5625],
			"rotation": {"angle": 0, "axis": "y", "origin": [9, 0, -2.125]},
			"faces": {
				"north": {"uv": [11, 3, 11.625, 3.25], "texture": "#0"},
				"east": {"uv": [11, 3.5, 11.625, 3.75], "texture": "#0"},
				"south": {"uv": [7, 11, 7.625, 11.25], "texture": "#0"},
				"west": {"uv": [8, 11, 8.625, 11.25], "texture": "#0"},
				"up": {"uv": [7.125, 10.125, 6.5, 9.5], "texture": "#0"},
				"down": {"uv": [8.125, 9.5, 7.5, 10.125], "texture": "#0"}
			}
		},
		{
			"from": [3.3125, 0, 2.3125],
			"to": [4.5625, 0.375, 3.5625],
			"rotation": {"angle": 0, "axis": "y", "origin": [0.875, 0, -2.125]},
			"faces": {
				"north": {"uv": [0, 11.5, 0.625, 11.75], "texture": "#0"},
				"east": {"uv": [1, 11.5, 1.625, 11.75], "texture": "#0"},
				"south": {"uv": [2, 11.5, 2.625, 11.75], "texture": "#0"},
				"west": {"uv": [3, 11.5, 3.625, 11.75], "texture": "#0"},
				"up": {"uv": [10.625, 1.125, 10, 0.5], "texture": "#0"},
				"down": {"uv": [10.625, 1.5, 10, 2.125], "texture": "#0"}
			}
		},
		{
			"from": [3.3125, 0, 10.4375],
			"to": [4.5625, 0.375, 11.6875],
			"rotation": {"angle": 0, "axis": "y", "origin": [0.875, 0, 6]},
			"faces": {
				"north": {"uv": [9, 11, 9.625, 11.25], "texture": "#0"},
				"east": {"uv": [10, 11, 10.625, 11.25], "texture": "#0"},
				"south": {"uv": [11, 10.5, 11.625, 10.75], "texture": "#0"},
				"west": {"uv": [11, 11, 11.625, 11.25], "texture": "#0"},
				"up": {"uv": [9.125, 10.125, 8.5, 9.5], "texture": "#0"},
				"down": {"uv": [10.125, 9.5, 9.5, 10.125], "texture": "#0"}
			}
		},
		{
			"from": [6.5, 0.25, 5.5],
			"to": [9.5, 4, 8.5],
			"rotation": {"angle": 0, "axis": "y", "origin": [7, 1, 6]},
			"faces": {
				"north": {"uv": [0, 7, 1.5, 8.875], "texture": "#0"},
				"east": {"uv": [7, 0, 8.5, 1.875], "texture": "#0"},
				"south": {"uv": [1.5, 7, 3, 8.875], "texture": "#0"},
				"west": {"uv": [7, 2, 8.5, 3.875], "texture": "#0"},
				"up": {"uv": [4.5, 9, 3, 7.5], "texture": "#0"},
				"down": {"uv": [9, 4, 7.5, 5.5], "texture": "#0"}
			}
		},
		{
			"from": [7, 0.25, 8.5],
			"to": [8.9375, 3.6875, 9.0625],
			"rotation": {"angle": 0, "axis": "y", "origin": [7, 1, 9]},
			"faces": {
				"north": {"uv": [8.5, 0, 9.5, 1.75], "texture": "#0"},
				"east": {"uv": [3, 9, 3.25, 10.75], "texture": "#0"},
				"south": {"uv": [8.5, 2, 9.5, 3.75], "texture": "#0"},
				"west": {"uv": [3.5, 9, 3.75, 10.75], "texture": "#0"},
				"up": {"uv": [12, 0.75, 11, 0.5], "texture": "#0"},
				"down": {"uv": [2, 11, 1, 11.25], "texture": "#0"}
			}
		},
		{
			"from": [7, 0.25, 4.9375],
			"to": [8.9375, 3.5625, 5.5],
			"rotation": {"angle": 0, "axis": "y", "origin": [7, 1, 5.4375]},
			"faces": {
				"north": {"uv": [0, 9, 1, 10.625], "texture": "#0"},
				"east": {"uv": [4.5, 9.5, 4.75, 11.125], "texture": "#0"},
				"south": {"uv": [1, 9, 2, 10.625], "texture": "#0"},
				"west": {"uv": [5, 9.5, 5.25, 11.125], "texture": "#0"},
				"up": {"uv": [12, 1.25, 11, 1], "texture": "#0"},
				"down": {"uv": [12, 1.5, 11, 1.75], "texture": "#0"}
			}
		},
		{
			"from": [9.5, 0.25, 5.9375],
			"to": [10.0625, 3.5625, 8.0625],
			"rotation": {"angle": 0, "axis": "y", "origin": [7, 1, 6]},
			"faces": {
				"north": {"uv": [4, 9, 4.25, 10.625], "texture": "#0"},
				"east": {"uv": [6, 7.5, 7.125, 9.125], "texture": "#0"},
				"south": {"uv": [9.5, 0.5, 9.75, 2.125], "texture": "#0"},
				"west": {"uv": [7.5, 7.5, 8.625, 9.125], "texture": "#0"},
				"up": {"uv": [10.75, 3.625, 10.5, 2.5], "texture": "#0"},
				"down": {"uv": [5.75, 10.5, 5.5, 11.625], "texture": "#0"}
			}
		},
		{
			"from": [5.9375, 0.25, 5.9375],
			"to": [6.5, 3.75, 8.0625],
			"rotation": {"angle": 0, "axis": "y", "origin": [3.4375, 1, 6]},
			"faces": {
				"north": {"uv": [2, 9, 2.25, 10.75], "texture": "#0"},
				"east": {"uv": [4.5, 7.5, 5.625, 9.25], "texture": "#0"},
				"south": {"uv": [2.5, 9, 2.75, 10.75], "texture": "#0"},
				"west": {"uv": [7.5, 5.5, 8.625, 7.25], "texture": "#0"},
				"up": {"uv": [6.25, 11.625, 6, 10.5], "texture": "#0"},
				"down": {"uv": [6.75, 10.5, 6.5, 11.625], "texture": "#0"}
			}
		}
	],
	"display": {
		"thirdperson_righthand": {
			"rotation": [-30.82, 31.4, -10.43],
			"translation": [1.75, 9.75, -1.5],
			"scale": [1.11, 1.18, 1.1]
		},
		"thirdperson_lefthand": {
			"rotation": [-30.82, 31.4, -10.43],
			"translation": [1.75, 9.75, -1.5],
			"scale": [1.11, 1.18, 1.1]
		},
		"firstperson_righthand": {
			"translation": [0, 10.25, 0]
		},
		"firstperson_lefthand": {
			"translation": [0, 10.25, 0]
		},
		"ground": {
			"translation": [0, 5, 0]
		},
		"gui": {
			"rotation": [37.51, -40.06, 8.49],
			"translation": [-3, 7.25, 0],
			"scale": [1.91211, 1.35938, 2.01758]
		},
		"head": {
			"translation": [0, 29.75, 4.25],
			"scale": [4, 3, 4]
		},
		"fixed": {
			"rotation": [-90, 0, 0],
			"translation": [0, 4.5, -31],
			"scale": [4, 4, 4]
		}
	}
}